{"type":"FeatureCollection", "features": [
{"type":"Feature","geometry":{"type":"Polygon","coordinates":[[[-112.126194,42.285229],[-112.113323,42.269345],[-112.098293,42.26994],[-112.08342600000002,42.245963],[-112.070959,42.238263],[-112.070266,42.16964600000001],[-112.109271,42.169911],[-112.109443425513,41.9977448322096],[-111.844856,41.998672],[-111.507805977738,41.9995407981441],[-111.515292,42.06853],[-111.595743,42.09421],[-111.587205,42.141976],[-111.607963,42.154119],[-111.626104,42.207542],[-111.613607,42.22777],[-111.614485,42.245683],[-111.591235,42.262917],[-111.566628,42.273574],[-111.586462,42.287916],[-111.582128,42.31001400000001],[-111.589039,42.324751],[-111.568767,42.334436],[-111.559008,42.363794],[-111.599139,42.390754],[-111.599227,42.415395],[-111.711043,42.41589],[-111.716006,42.430569],[-111.733742,42.430635],[-111.73839600000001,42.41616],[-111.875636,42.41615800000001],[-111.89532,42.416193],[-111.895062,42.329021],[-111.896728,42.256276],[-111.983916,42.256486],[-111.983848,42.28555],[-112.126194,42.285229]]]},"properties":{"district_id":"US:16041","name":"Franklin"}},
{"type":"Feature","geometry":{"type":"Polygon","coordinates":[[[-112.99509100000002,44.234126],[-112.99518900000001,44.059596],[-112.99432300000001,43.972362],[-112.695242,43.971941],[-112.694744,44.058464],[-112.321632,44.057936],[-112.155935,44.05778],[-112.034317,44.057358],[-112.033664,44.144049],[-111.913601,44.144337],[-111.913744,44.18779],[-111.857851,44.187759],[-111.852457,44.231441],[-111.852276,44.316996],[-111.791541,44.317021],[-111.791624,44.40161],[-111.617437,44.401254],[-111.617299725144,44.5502806204968],[-111.704152,44.559648],[-111.715648,44.543369],[-111.74640100000002,44.540766],[-111.785451,44.523598],[-111.804786,44.523671],[-111.82153,44.508941],[-111.842295,44.526173],[-111.870365,44.563531],[-111.899638,44.557553],[-111.948909,44.556301],[-111.977455,44.535837],[-112.032707,44.546642],[-112.03238600000002,44.528725],[-112.069583,44.536901],[-112.101564,44.52084700000001],[-112.126239,44.52883],[-112.137075,44.539767],[-112.164648,44.541533],[-112.183937,44.53306700000001],[-112.221698,44.543519],[-112.22934200000002,44.564108],[-112.256946,44.571301],[-112.286041,44.568605],[-112.312899,44.553536],[-112.31919800000001,44.53911],[-112.35421,44.535638],[-112.35891700000002,44.528847],[-112.3566,44.493127],[-112.370043,44.465684],[-112.386297,44.447808],[-112.416451,44.453255],[-112.473946,44.479169],[-112.48503,44.470867],[-112.549346,44.484487],[-112.58485,44.481107],[-112.601955,44.490705],[-112.66357,44.486249],[-112.68863,44.498173],[-112.71911,44.504344],[-112.739289,44.491049],[-112.779844,44.484613],[-112.79758000000001,44.461893],[-112.828402,44.440298],[-112.839362,44.423777],[-112.821896,44.407436],[-112.813804186466,44.3761865074476],[-112.813792,44.230281],[-112.93470100000002,44.230246],[-112.99509100000002,44.234126]]]},"properties":{"district_id":"US:16033","name":"Clark"}},
{"type":"Feature","geometry":{"type":"Polygon","coordinates":[[[-116.04910896171602,47.9773352748329],[-116.06213200000002,47.995549],[-116.087353,48.002353],[-116.10412100000002,48.02311],[-116.13077200000001,48.026735],[-116.16186299999998,48.02157700000001],[-116.21251300000002,48.051841],[-116.23311300000002,48.06889],[-116.28223600000001,48.059386],[-116.329601,48.017722000000006],[-116.329538,47.890393],[-116.329476,47.732719],[-116.329406,47.414011],[-116.329418,47.02191500000001],[-116.329436,46.934669],[-115.82700599999998,46.934158],[-115.63616600000002,46.933363],[-114.95927531033301,46.9328693979985],[-114.983115,46.949282],[-115.001274,46.971901],[-115.050201,46.98123],[-115.067301,46.994989],[-115.07172800000001,47.025855],[-115.087602,47.045789],[-115.10261900000002,47.047419],[-115.13113399999999,47.068956],[-115.144341,47.101977],[-115.17217499999998,47.107151],[-115.185987,47.129402000000006],[-115.221893,47.148995],[-115.243106,47.150729],[-115.26242200000002,47.181687],[-115.28684900000002,47.183485],[-115.30122599999999,47.193452],[-115.29157899999998,47.210001],[-115.298784,47.225504],[-115.316402,47.233293],[-115.323517,47.256321],[-115.359219,47.259643],[-115.38511900000002,47.26766],[-115.41207899999999,47.264602],[-115.425967,47.280278],[-115.457255,47.278321],[-115.46669099999998,47.287173],[-115.52851100000001,47.299314],[-115.54907400000002,47.347205],[-115.575047,47.355875],[-115.57763900000002,47.367404],[-115.619277,47.382313],[-115.642921,47.377367],[-115.65730400000001,47.400208],[-115.721435,47.425714],[-115.759304,47.423862],[-115.74793299999999,47.441675],[-115.69192500000001,47.457082],[-115.676437,47.453079],[-115.640133,47.459714],[-115.629974,47.479633],[-115.66027600000001,47.477962],[-115.686264,47.48494],[-115.711211,47.523274],[-115.75179300000002,47.541987],[-115.754337,47.5526],[-115.688416,47.595606],[-115.697217,47.603741],[-115.69444399999999,47.623761],[-115.730393,47.642331],[-115.73649699999999,47.654738],[-115.72278900000002,47.694725],[-115.73173,47.705204],[-115.784258,47.729963000000005],[-115.780853,47.742472],[-115.803984,47.758247],[-115.82499300000002,47.752373],[-115.847487,47.785227],[-115.84508200000002,47.814903],[-115.88202799999999,47.849395],[-115.901401,47.843097],[-115.91929100000002,47.857406],[-115.96542,47.910852],[-115.98305799999999,47.91629],[-116.03038700000002,47.97261900000001],[-116.04910896171602,47.9773352748329]]]},"properties":{"district_id":"US:16079","name":"Shoshone"}},
{"type":"Feature","geometry":{"type":"Polygon","coordinates":[[[-117.026624495654,43.6808035152354],[-117.026701376309,43.3152915591549],[-117.02665199999998,43.025128],[-117.026253,42.807447],[-117.026665,42.624878],[-117.026551,42.378557],[-117.02619500000002,42.166404],[-117.026197,41.99989],[-117.01820851419902,41.9993463578912],[-116.62677,41.99775],[-116.368478,41.996281],[-116.332763,41.997283],[-116.06599100000001,41.997462],[-115.941634,41.9965],[-115.62591399999998,41.997415],[-115.31387700000002,41.996103],[-115.038157180221,41.9960123074291],[-115.037841,42.245605],[-115.03750899999999,42.579122],[-115.037697,42.768414],[-115.45422400000001,42.767936],[-115.45405300000002,42.85111],[-115.441414,42.851105],[-115.441522,42.931127],[-115.49493,42.926429],[-115.530388,42.942688],[-115.56063,42.934684],[-115.60443,42.93769700000001],[-115.622852,42.955698],[-115.647668,42.953246],[-115.69447400000001,42.939357],[-115.77150499999999,42.938664],[-115.79675500000002,42.951603],[-115.794484,42.973047],[-115.8647,42.974781],[-115.878432,42.98891],[-115.906719,42.982283],[-115.926,43.001326],[-115.961652,42.988871],[-115.97211000000001,42.970485],[-115.96185300000002,42.956304],[-115.978582,42.947582],[-116.01282600000002,42.950206],[-116.03216900000001,42.961878],[-116.050082,42.985314],[-116.09074300000002,42.987883],[-116.11554,43.010829],[-116.145817,43.013416],[-116.14158400000001,43.034124],[-116.20174000000002,43.04893],[-116.206359,43.070686],[-116.191672,43.082473],[-116.20598099999998,43.09323200000001],[-116.237384,43.094464],[-116.26620700000001,43.112269],[-116.29994500000001,43.119216],[-116.336044,43.161372],[-116.35588700000001,43.167351],[-116.385955,43.193577],[-116.38435200000002,43.217108],[-116.376059,43.23108800000001],[-116.38858500000002,43.253172],[-116.403329,43.262982],[-116.410247,43.284421],[-116.433042,43.29624700000001],[-116.48408200000002,43.289271],[-116.511897,43.29052],[-116.52183199999999,43.297906],[-116.57916699999998,43.306178],[-116.60716,43.351332],[-116.622569,43.370009],[-116.667349,43.386601],[-116.676417,43.400234],[-116.72762500000002,43.435777],[-116.744726,43.45554],[-116.78133600000001,43.478633],[-116.781819,43.529258],[-116.80018200000002,43.548317],[-116.811934,43.57395700000001],[-116.844978,43.5944],[-116.86895100000001,43.591845],[-116.907933,43.600425],[-116.923333,43.619223],[-116.955309,43.635676],[-116.963745,43.661231],[-116.98024800000002,43.672055],[-117.026624495654,43.6808035152354]]]},"properties":{"district_id":"US:16073","name":"Owyhee"}},
{"type":"Feature","geometry":{"type":"Polygon","coordinates":[[[-116.456098,46.629097],[-116.455888,46.556629],[-116.446898,46.498441],[-116.36931099999998,46.500492],[-116.369122,46.466923],[-116.31998000000002,46.437543],[-116.30862100000002,46.412998],[-116.197113,46.413102],[-116.182684,46.40185700000001],[-116.17027200000001,46.371588],[-116.148782,46.369565],[-116.131623,46.354158000000005],[-116.11339300000002,46.363983],[-116.07608800000001,46.361988],[-116.03865699999999,46.34689],[-115.999035,46.306232],[-115.957268,46.288931],[-115.900648,46.290973],[-115.84316,46.27782],[-115.81314900000001,46.266444],[-115.77883100000001,46.267351],[-115.77594900000001,46.277976],[-115.74870200000001,46.296657],[-115.75418400000001,46.309509],[-115.730982,46.340766],[-115.733462,46.363517],[-115.714129,46.381617],[-115.68108399999998,46.39423],[-115.67450199999999,46.406998],[-115.65048,46.421189],[-115.63669499999999,46.44599],[-115.628957,46.473618],[-114.84414500000001,46.595833],[-114.594490940697,46.6337754400838],[-114.61415,46.639059],[-114.621023,46.657982],[-114.635779,46.659476],[-114.641664,46.679191],[-114.623169,46.691638],[-114.62463600000001,46.711791],[-114.64681800000001,46.730876],[-114.67494198664902,46.7368334719963],[-114.700022,46.733735],[-114.71076600000002,46.717297],[-114.739773,46.711941],[-114.75256,46.69715600000001],[-114.78814600000001,46.712122],[-114.76998199999998,46.735027],[-114.76519,46.758254],[-114.80796000000001,46.782214],[-114.82961300000001,46.782967],[-114.865779,46.814529],[-114.88711300000001,46.809457],[-114.92073100000002,46.82708300000001],[-114.92885299999999,46.854935],[-114.94833899999999,46.861057],[-114.931608,46.876799],[-114.936724,46.897329],[-114.92529499999999,46.918749],[-114.95927531033301,46.9328693979985],[-115.63616600000002,46.933363],[-115.82700599999998,46.934158],[-116.329436,46.934669],[-116.32954000000001,46.627957],[-116.456098,46.629097]]]},"properties":{"district_id":"US:16035","name":"Clearwater"}},
{"type":"Feature","geometry":{"type":"Polygon","coordinates":[[[-113.516144,45.938814],[-113.535109,45.913198],[-113.53237,45.878405],[-113.579328,45.872892],[-113.595942,45.850877],[-113.622542,45.841305],[-113.712522,45.838384000000005],[-113.729448,45.819538],[-113.74404600000001,45.81507400000001],[-113.778374,45.792003],[-113.804353,45.763062],[-113.830242,45.750718],[-113.84926,45.752631],[-113.854917,45.773141],[-113.870281,45.781656],[-113.895939,45.768465],[-113.914574,45.74425],[-113.904361,45.730997],[-113.909511,45.71534100000001],[-113.938205954506,45.6954435301779],[-113.91948,45.65786],[-113.895237,45.643391],[-113.903684,45.621591],[-113.885748,45.617435],[-113.861232,45.623589],[-113.843008,45.61239],[-113.807405,45.602783],[-113.797133,45.582115],[-113.817457,45.56069],[-113.834082,45.520526],[-113.802849,45.523159],[-113.772669,45.514255],[-113.75998600000001,45.480735],[-113.783556,45.455682],[-113.77415300000001,45.406547],[-113.749116,45.402831],[-113.734402,45.392353],[-113.729651,45.355717],[-113.740172,45.343993],[-113.738056,45.328372],[-113.718704,45.3158],[-113.710035,45.301015],[-113.680834,45.279304],[-113.692485,45.26344],[-113.657772,45.24138],[-113.637042,45.212939],[-113.591911,45.18418700000001],[-113.594254,45.16677],[-113.579956,45.148354],[-113.57663200000002,45.131518],[-113.550071,45.113043],[-113.513244,45.116837],[-113.505924,45.109159],[-113.522637,45.09268],[-113.487097,45.074652],[-113.48530800000002,45.063547],[-113.452044,45.059174],[-113.443949,44.960165],[-113.46521000000001,44.947866],[-113.498373,44.941685],[-113.491542,44.924541],[-113.471948,44.909456],[-113.477988,44.895222],[-113.4612,44.886754],[-113.455071,44.865424],[-113.42875,44.854213],[-113.421579,44.837554],[-113.384335,44.837503],[-113.356062,44.819798],[-113.340003,44.784842],[-113.30086,44.79951200000001],[-113.279933,44.812073],[-113.246481,44.822665],[-113.23771100000002,44.813874],[-113.209171,44.809032],[-113.179538,44.787165],[-113.131831,44.773038],[-113.137704,44.760109],[-113.101597,44.729388],[-113.101279,44.706221],[-113.081406,44.683372],[-113.067761,44.678786],[-113.065589,44.649253],[-113.051504,44.63695],[-113.057122,44.618609],[-113.07467,44.613982],[-113.087542,44.59951],[-113.067168,44.579062],[-113.037792,44.56508300000001],[-113.047765,44.548283],[-113.025493,44.53800600000001],[-113.015578,44.516203],[-113.026499,44.496166],[-113.006702,44.471651],[-113.00505900000002,44.45372],[-112.951109,44.417442],[-112.93057,44.413312],[-112.902662,44.399101],[-112.88152,44.379629],[-112.845176,44.357962],[-112.813804186466,44.3761865074476],[-112.821896,44.407436],[-112.839362,44.423777],[-112.828402,44.440298],[-112.79758000000001,44.461893],[-112.779844,44.484613],[-112.739289,44.491049],[-112.71911,44.504344],[-112.68863,44.498173],[-112.66357,44.486249],[-112.601955,44.490705],[-112.58485,44.481107],[-112.549346,44.484487],[-112.48503,44.470867],[-112.473946,44.479169],[-112.416451,44.453255],[-112.386297,44.447808],[-112.370043,44.465684],[-112.3566,44.493127],[-112.35891700000002,44.528847],[-112.35421,44.535638],[-112.31919800000001,44.53911],[-112.312899,44.553536],[-112.286041,44.568605],[-112.256946,44.571301],[-112.22934200000002,44.564108],[-112.221698,44.543519],[-112.183937,44.53306700000001],[-112.164648,44.541533],[-112.137075,44.539767],[-112.126239,44.52883],[-112.101564,44.52084700000001],[-112.069583,44.536901],[-112.03238600000002,44.528725],[-112.032707,44.546642],[-111.977455,44.535837],[-111.948909,44.556301],[-111.899638,44.557553],[-111.870365,44.563531],[-111.842295,44.526173],[-111.82153,44.508941],[-111.804786,44.523671],[-111.785451,44.523598],[-111.74640100000002,44.540766],[-111.715648,44.543369],[-111.704152,44.559648],[-111.617299725144,44.5502806204968],[-111.586507,44.56265700000001],[-111.523594,44.547864],[-111.51527000000002,44.537016],[-111.479745,44.54209],[-111.481378,44.555946],[-111.507408,44.562079],[-111.525198,44.60520000000001],[-111.50248900000001,44.62682000000001],[-111.495275,44.644323],[-111.472255,44.66689600000001],[-111.489894,44.700559],[-111.474880236007,44.7085555454992],[-111.537351,44.708023],[-111.781099,44.708845],[-111.78115700000001,44.781027],[-112.025141,44.782112],[-112.065797,44.783475],[-112.065678,44.825985],[-112.167108,44.826738],[-112.166986,44.91258700000001],[-112.190634,44.912735],[-112.191187,45.000512],[-112.334248,45.000519],[-112.333899,45.088423],[-112.456854,45.088509],[-112.458062,45.34991],[-112.464636,45.34991],[-112.464317,45.393911],[-112.505568,45.443009],[-112.53891,45.446394],[-112.577233,45.429838000000004],[-112.600477,45.430013],[-112.62814100000001,45.44046],[-112.63461,45.451221],[-112.673148,45.472477],[-112.69285,45.488795],[-112.688931,45.50724],[-112.704848,45.533232],[-112.694053,45.542756],[-112.686839,45.569503],[-112.687054,45.624854],[-112.696719,45.633615],[-112.692273,45.656407],[-112.701192,45.67654],[-112.736315,45.686198],[-112.73628500000001,45.704386],[-112.753649,45.71146],[-112.74775400000001,45.72942100000001],[-112.759339,45.748209],[-112.799207,45.75876],[-112.823566,45.774252],[-112.866371,45.77726],[-112.884734,45.789258],[-112.900814,45.78026],[-112.933674,45.802628],[-112.942706,45.799426],[-113.000827,45.808253],[-113.024696,45.829739],[-113.085517,45.860648],[-113.100273,45.881717],[-113.179791,45.885009],[-113.228838,45.866457],[-113.24997800000001,45.839614],[-113.275418,45.817973],[-113.298169,45.81861],[-113.308299,45.806389],[-113.335912,45.81324],[-113.347268,45.804601],[-113.364429,45.771036],[-113.362945,45.758021],[-113.396903,45.76765],[-113.430741,45.800433000000005],[-113.429665,45.83108],[-113.444217,45.85921900000001],[-113.486684,45.913951],[-113.495527,45.936184],[-113.516144,45.938814]]]},"properties":{"district_id":"US:30001","name":"Beaverhead"}},
{"type":"Feature","geometry":{"type":"Polygon","coordinates":[[[-107.179812009792,48.9999246229784],[-107.179823,48.912668],[-107.206032,48.91271],[-107.206316,48.56817],[-107.192709,48.568113000000004],[-107.192691,48.509402],[-107.217443,48.50757],[-107.233025,48.51551500000001],[-107.25803,48.514821],[-107.257944,48.480989],[-107.301721,48.480943],[-107.301073,48.394],[-107.260279,48.39408],[-107.260458,48.304768],[-107.369252,48.305163],[-107.36973,48.218373],[-107.404513,48.21844000000001],[-107.40467600000001,47.870509],[-107.4144,47.870513],[-107.414886,47.691734],[-107.360231,47.691218],[-107.33175700000001,47.680685],[-107.284283,47.680446],[-107.249,47.661566],[-107.175088,47.66191],[-107.158817,47.667788],[-107.114109,47.669026],[-107.070514,47.662396],[-107.011358,47.66311100000001],[-106.998527,47.673964],[-106.925557,47.66947],[-106.87968,47.678952],[-106.86991,47.702268],[-106.879223,47.718095],[-106.861668,47.737372],[-106.834171,47.743398],[-106.7857,47.742507],[-106.760188,47.731453],[-106.734453,47.734156],[-106.710823,47.758037],[-106.711969,47.772113],[-106.658317,47.775041],[-106.652096,47.790791000000006],[-106.621789,47.790855],[-106.610188,47.804905],[-106.571003,47.812933],[-106.557488,47.828581],[-106.56322,47.840718],[-106.529265,47.850023],[-106.541872,47.869983],[-106.510062,47.891155],[-106.53081,47.90356200000001],[-106.49625400000001,47.916522],[-106.4887,47.932577],[-106.509478,47.94997],[-106.490126,47.962287],[-106.452414,47.970419],[-106.41862,47.957457],[-106.414291,47.972816],[-106.42987,48.018282],[-106.417795,48.04292],[-106.394163,48.064726],[-106.373618,48.062353],[-106.364455,48.046828],[-106.338655,48.046077],[-106.32143900000001,48.05544],[-106.300974,48.04137600000001],[-106.275605,48.046578000000004],[-106.229302,48.026416],[-106.17530400000001,48.027796],[-106.131861,48.032486],[-106.119878,48.004067],[-106.095538,48.010575],[-106.088733,48.029983],[-106.058262,48.028909],[-106.044121,48.008469],[-106.011137,48.011253],[-106.025102,48.026087],[-106.006176,48.033689],[-105.974602,48.015859000000006],[-105.935226,48.013338],[-105.919548,48.003898],[-105.877243,48.021441],[-105.843891,48.010289],[-105.843823,48.219034],[-105.804599,48.219037],[-105.804436,48.563358],[-106.01982,48.563221],[-106.021035,48.566848],[-106.021251,48.823975],[-106.151908,48.823927],[-106.15193,48.910637],[-106.11200300000002,48.910647],[-106.1120637647,48.9992794389196],[-106.479609,48.999372],[-106.83164989272701,48.9997458206418],[-107.179812009792,48.9999246229784]]]},"properties":{"district_id":"US:30105","name":"Valley"}},
{"type":"Feature","geometry":{"type":"Polygon","coordinates":[[[-124.479636362958,42.9543325389089],[-124.50014100000001,42.917502],[-124.53647999999998,42.86235400000001],[-124.55929800000001,42.834298],[-124.536073,42.814175],[-124.52443900000002,42.789793],[-124.513602,42.745827],[-124.473864,42.732671],[-124.44748700000001,42.68474],[-124.45074,42.675798],[-124.413119,42.657934],[-124.40117699999999,42.62719200000001],[-124.400031,42.59192600000001],[-124.389977,42.574758],[-124.39982900000001,42.53828],[-124.422195,42.496427],[-124.42203800000001,42.461226],[-124.43589199999998,42.43718],[-124.42549900000002,42.409373],[-124.427222,42.33488],[-124.43306299999999,42.323976],[-124.411815,42.307393],[-124.40821500000001,42.280354],[-124.41098200000002,42.250547],[-124.377762,42.218809],[-124.373264,42.195752],[-124.361009,42.180752],[-124.36683200000002,42.15845],[-124.35178400000001,42.134965],[-124.35712199999999,42.118016],[-124.342669,42.094295],[-124.328858,42.085405],[-124.29964900000002,42.051736],[-124.270464,42.045553],[-124.21160500000002,41.99846],[-123.999248,41.996138],[-123.82203789199801,41.9956172960188],[-123.838592,42.015304],[-123.836151,42.029292],[-123.84895200000001,42.043009000000005],[-123.821973,42.086567],[-123.832155,42.107914],[-123.858487,42.134858],[-123.84023200000001,42.152913],[-123.815726,42.166047],[-123.81891500000002,42.2036],[-123.793144,42.22111],[-123.81499699999999,42.262603],[-123.847483,42.303538],[-123.839496,42.312202],[-123.86958200000001,42.322796],[-123.877852,42.344851],[-123.892651,42.353293],[-123.92040799999998,42.346469],[-123.93467,42.355761],[-124.026947,42.359199],[-124.041579,42.385912],[-124.035718,42.401762],[-124.01334499999999,42.412677],[-124.014517,42.434189],[-124.00185100000002,42.44602],[-123.99878000000001,42.499962],[-123.971991,42.495392],[-123.94594300000001,42.501334],[-123.928109,42.494563],[-123.890393,42.500666],[-123.875164,42.513244],[-123.878488,42.524647],[-123.85478500000002,42.550614],[-123.860305,42.563091],[-123.84955800000002,42.583718],[-123.83031500000001,42.595067],[-123.821526,42.619743],[-123.83126400000002,42.632313],[-123.75726300000001,42.720584],[-123.733021,42.768945],[-123.71649200000002,42.784061],[-123.73231500000001,42.780131],[-123.783304,42.799426],[-123.81155300000002,42.788837],[-123.849858,42.788994],[-123.86849100000002,42.77484],[-123.925717,42.774514],[-123.925942,42.73971],[-123.937288,42.729097],[-123.957026,42.729051],[-123.95698500000002,42.714569],[-123.97663100000001,42.714558],[-123.976677,42.700118],[-123.996296,42.7001],[-123.99629100000001,42.685651],[-124.089872,42.685454],[-124.13874799999999,42.671115],[-124.13865500000001,42.739956],[-124.15996600000001,42.739947],[-124.160163,42.790087],[-124.164889,42.817825],[-124.141185,42.828475],[-124.14637700000002,42.862081],[-124.16207399999999,42.86973],[-124.16130800000002,42.88349900000001],[-124.214201,42.904006],[-124.219623,42.933782],[-124.239394,42.933751],[-124.258388,42.954946],[-124.479636362958,42.9543325389089]]]},"properties":{"district_id":"US:41015","name":"Curry"}},
{"type":"Feature","geometry":{"type":"Polygon","coordinates":[[[-118.232214,44.256129],[-118.228843,44.21255],[-118.227645,44.039862],[-118.228107,43.779195],[-118.231731,43.779216],[-118.23239200000002,43.612266],[-118.23201100000001,43.348959],[-118.22806899999999,43.348964],[-118.22861800000001,43.096791],[-118.22879300000001,42.914625],[-118.216832,42.914703],[-118.216384,42.80590200000001],[-118.214698,42.275891],[-118.195281,42.275813],[-118.19736921592802,41.9969940811635],[-117.87346700000002,41.998335],[-117.62597300000002,41.998102],[-117.197798,42.00038],[-117.026197,41.99989],[-117.02619500000002,42.166404],[-117.026551,42.378557],[-117.026665,42.624878],[-117.026253,42.807447],[-117.02665199999998,43.025128],[-117.026701376309,43.3152915591549],[-117.026624495654,43.6808035152354],[-117.026634,43.80811],[-117.03288100000002,43.830025],[-117.010701,43.849754],[-117.02003499999998,43.858956],[-116.98415200000001,43.866794],[-116.98371442608001,43.8801032140428],[-116.97611400000001,43.894759],[-116.97958,43.915253],[-116.96261500000001,43.91748],[-116.96764100000001,43.934792],[-116.95980800000001,43.963815],[-116.97618000000001,43.974719],[-116.938195,43.98459],[-116.94374199999999,44.003189],[-116.93448500000001,44.021249],[-116.94336100000001,44.035645],[-116.972504,44.048771],[-116.97735100000001,44.085364],[-116.94313199999999,44.09406],[-116.91423600000002,44.127304],[-116.897846346997,44.1526558411174],[-116.895757,44.17126700000001],[-116.925392,44.19154400000001],[-116.971675,44.197256],[-116.975905,44.242844],[-117.031862,44.248635],[-117.05651000000002,44.230874],[-117.089503,44.258234],[-117.10420799999999,44.27994],[-117.121037,44.27758500000001],[-117.138523,44.25937],[-117.17034200000002,44.25889],[-117.21697400000001,44.288357],[-117.220060553639,44.3014040000001],[-117.48701399999999,44.300317],[-117.486744,44.387246],[-117.50921399999999,44.387143],[-117.50920199999999,44.401461],[-117.52940800000002,44.401329],[-117.52936000000001,44.415722],[-117.569664,44.415678],[-117.56962000000001,44.430062],[-117.590858,44.430130000000005],[-117.590849,44.444573],[-117.87228,44.443511],[-117.971787,44.443849],[-117.971947,44.429296],[-118.011402,44.429615],[-118.01148500000001,44.415169],[-118.031671,44.415192],[-118.03180800000001,44.389953],[-118.051956,44.390032],[-118.051902,44.372004],[-118.071916,44.372009],[-118.08701600000002,44.35764600000001],[-118.092122,44.328734],[-118.112068,44.328754],[-118.112092,44.314271],[-118.132347,44.31431],[-118.132141,44.299483],[-118.152456,44.299509],[-118.15294499999999,44.270684],[-118.193405,44.270708],[-118.193345,44.2562],[-118.232214,44.256129]]]},"properties":{"district_id":"US:41045","name":"Malheur"}},
{"type":"Feature","geometry":{"type":"Polygon","coordinates":[[[-118.244662,44.958396],[-118.245043,44.945198],[-118.223449,44.93691],[-118.237399,44.90838500000001],[-118.224904,44.875568],[-118.236861,44.86166],[-118.267786,44.869386],[-118.295659,44.863043],[-118.293566,44.853018000000006],[-118.31870000000002,44.836274],[-118.296269,44.816164],[-118.299459,44.796442],[-118.28311000000001,44.77072],[-118.285439,44.750975],[-118.32578300000002,44.74162],[-118.367621,44.747213],[-118.395839,44.726005],[-118.44345599999998,44.724173],[-118.461528,44.707521],[-118.492404,44.713621],[-118.516452,44.702462],[-118.517591,44.69007400000001],[-118.504437,44.669929],[-118.446366,44.650054],[-118.42516799999999,44.654838],[-118.410214,44.64302500000001],[-118.375037,44.646102000000006],[-118.34368400000001,44.631821],[-118.34193400000001,44.616775],[-118.31943100000001,44.605442],[-118.30577800000002,44.58881],[-118.31729599999998,44.567896],[-118.34016799999999,44.565014],[-118.359224,44.536041],[-118.37153,44.531191],[-118.374563,44.507891],[-118.357986,44.484385],[-118.375367,44.459231],[-118.422173,44.448984],[-118.41845699999999,44.43246800000001],[-118.435954,44.401907],[-118.41331400000001,44.373543],[-118.43037399999999,44.369882],[-118.440356,44.350936000000004],[-118.46887,44.334584],[-118.49732,44.277036],[-118.49749900000002,44.255248],[-118.232214,44.256129],[-118.193345,44.2562],[-118.193405,44.270708],[-118.15294499999999,44.270684],[-118.152456,44.299509],[-118.132141,44.299483],[-118.132347,44.31431],[-118.112092,44.314271],[-118.112068,44.328754],[-118.092122,44.328734],[-118.08701600000002,44.35764600000001],[-118.071916,44.372009],[-118.051902,44.372004],[-118.051956,44.390032],[-118.03180800000001,44.389953],[-118.031671,44.415192],[-118.01148500000001,44.415169],[-118.011402,44.429615],[-117.971947,44.429296],[-117.971787,44.443849],[-117.87228,44.443511],[-117.590849,44.444573],[-117.590858,44.430130000000005],[-117.56962000000001,44.430062],[-117.569664,44.415678],[-117.52936000000001,44.415722],[-117.52940800000002,44.401329],[-117.50920199999999,44.401461],[-117.50921399999999,44.387143],[-117.486744,44.387246],[-117.48701399999999,44.300317],[-117.220060553639,44.3014040000001],[-117.203323,44.313024000000006],[-117.18976899999998,44.336585],[-117.196149,44.346362],[-117.23511700000002,44.373853000000004],[-117.242675,44.396548],[-117.22698,44.405583],[-117.21507200000002,44.427162],[-117.214637,44.44803],[-117.225932,44.479389],[-117.19431700000001,44.499884],[-117.18158300000002,44.52296],[-117.161033,44.525166],[-117.14416100000001,44.545647],[-117.146032,44.568603],[-117.12475399999998,44.583834],[-117.120522,44.614658],[-117.09822100000001,44.640689],[-117.095868,44.664737],[-117.08102200000002,44.673685],[-117.07912,44.692175],[-117.06179899999998,44.706654],[-117.062273,44.727143],[-117.044217,44.745140000000006],[-117.013802,44.756841],[-116.99890300000001,44.756382],[-116.966801,44.775181],[-116.9347,44.783881],[-116.933699,44.798781],[-116.899640878328,44.8406075080495],[-116.89580500000001,44.855752],[-116.865338,44.870599],[-116.852427,44.887577],[-116.83570200000001,44.940633],[-116.850737,44.958113],[-116.856754,44.984298],[-116.84462500000001,45.001435],[-116.847944,45.022602],[-116.797329,45.060267],[-116.783771926572,45.078265731912],[-117.02267300000001,45.079167],[-117.266005,45.08057],[-117.56348600000001,45.079446],[-117.56403300000001,44.992866],[-117.77750400000001,44.992161],[-117.781825,45.013583],[-117.793418,45.025795],[-117.818062,45.025909],[-117.84343,45.058477],[-117.885361,45.056709],[-117.906142,45.030232],[-117.96878900000002,44.995881],[-118.00333,44.99484],[-118.06955,45.016873000000004],[-118.09213000000001,45.041238],[-118.13035099999999,45.045024],[-118.14236700000001,45.027725],[-118.161428,45.015658],[-118.19490099999999,45.017329],[-118.21246000000001,45.005306],[-118.213869,44.989174],[-118.244662,44.958396]]]},"properties":{"district_id":"US:41001","name":"Baker"}},
{"type":"Feature","geometry":{"type":"Polygon","coordinates":[[[-123.20189100000002,47.085059],[-123.200887,47.010407],[-123.20310100000002,46.996973],[-123.15836400000002,46.995871],[-123.160637,46.909678],[-123.160588,46.793383],[-123.160909,46.76433],[-122.993009,46.764534],[-122.80324100000001,46.763336],[-122.68709400000002,46.763737],[-122.61578699999998,46.762155],[-122.481245,46.76305],[-122.20311500000001,46.763061],[-122.236099,46.77293100000001],[-122.269624,46.766796],[-122.312522,46.795966],[-122.302473,46.809020000000004],[-122.30357600000002,46.828117],[-122.318576,46.828363],[-122.37119,46.845408],[-122.41131900000002,46.846114],[-122.45174,46.852648],[-122.46661599999999,46.86599],[-122.49088799999998,46.867452],[-122.497796,46.908843],[-122.566199,46.939829],[-122.577785,46.975868],[-122.611602,46.967213],[-122.63739599999998,46.977097],[-122.630302,46.998339],[-122.67161100000001,47.01485000000001],[-122.677316,47.043278],[-122.70811199999999,47.077608],[-122.692704406404,47.101315725262],[-122.713173,47.093479],[-122.78625999999998,47.127074],[-122.79327599999999,47.152549],[-122.821513,47.176573],[-122.82773899999998,47.160953],[-122.828214,47.125549],[-122.84660200000002,47.13596],[-122.84176200000002,47.163215],[-122.85835458792899,47.1678396002367],[-122.87995,47.158333],[-122.903521,47.157533],[-122.911341,47.175956],[-122.94704600000001,47.185641],[-122.95281900000002,47.170103],[-123.00243500000002,47.151302],[-123.02135900000002,47.118094000000006],[-123.060583,47.114025],[-123.074736,47.104449],[-123.07502600000001,47.084787],[-123.20189100000002,47.085059]]]},"properties":{"district_id":"US:53067","name":"Thurston"}},
{"type":"Feature","geometry":{"type":"MultiPolygon","coordinates":[[[[-122.40547365478298,48.2519780903618],[-122.466803,48.269604],[-122.47449399999999,48.255227000000005],[-122.499648,48.25661100000001],[-122.530996,48.249821],[-122.53846,48.20271],[-122.53722,48.183745],[-122.513537,48.148361],[-122.51203100000001,48.133931],[-122.48673599999998,48.12095],[-122.4675,48.130353],[-122.44311300000001,48.107022],[-122.423703,48.102941],[-122.39341300000001,48.078472],[-122.377114,48.057568],[-122.356824,48.056758],[-122.379481,48.087384],[-122.42313700000001,48.122326],[-122.442383,48.130841],[-122.47580300000001,48.166792],[-122.478535,48.188087],[-122.45492999999999,48.196639],[-122.442051,48.20935],[-122.45371,48.228859],[-122.43057799999998,48.236237],[-122.415272,48.226577],[-122.394677705179,48.229867488358],[-122.40547365478298,48.2519780903618]]],[[[-122.76993899999998,48.227548],[-122.76304199999998,48.215342],[-122.73503,48.199964],[-122.71150800000001,48.19357300000001],[-122.68662599999999,48.174653],[-122.67674100000002,48.154049],[-122.64608100000001,48.164037],[-122.612713,48.155903],[-122.602109,48.135249],[-122.598301,48.110616],[-122.614028,48.072788],[-122.59492200000001,48.056318],[-122.59666300000002,48.025762],[-122.58178,48.010386],[-122.560018,48.006502000000005],[-122.54156399999998,47.992998],[-122.546824,47.967215],[-122.521219,47.972997],[-122.501257,47.987089],[-122.478826,47.98981],[-122.446682,47.963155],[-122.445519,47.930226],[-122.43069499999999,47.917657],[-122.39042,47.905696],[-122.358812,47.93742],[-122.350741,47.953235],[-122.354268,47.984477],[-122.369161,47.995295],[-122.37625900000002,48.034457],[-122.40341,48.036737],[-122.448419,48.054323],[-122.491104,48.094242],[-122.525422,48.096537],[-122.51108100000002,48.075301],[-122.51607,48.05342100000001],[-122.50965200000002,48.039756],[-122.517971,48.022432],[-122.53671300000002,48.02616600000001],[-122.53895300000002,48.050232],[-122.54887,48.053739],[-122.554559,48.077392],[-122.571853,48.102143],[-122.557664,48.117884],[-122.56793600000002,48.148624],[-122.580956,48.159598],[-122.585778,48.18235200000001],[-122.604868,48.206382],[-122.628352,48.222467],[-122.692971,48.222241],[-122.72118700000001,48.213792],[-122.72831800000002,48.23247800000001],[-122.67721699999998,48.238652],[-122.658678,48.244509],[-122.65263900000001,48.265081],[-122.62587799999999,48.27141],[-122.618466,48.294159],[-122.57487200000001,48.294903],[-122.55833200000001,48.282061],[-122.53097600000001,48.282445],[-122.510697,48.29356],[-122.506568,48.310041],[-122.551334,48.342138],[-122.59759400000002,48.35755600000001],[-122.580243,48.37161],[-122.58503800000001,48.395166],[-122.609715,48.411565],[-122.62429300000001,48.40048800000001],[-122.664659,48.401508],[-122.664928,48.374823],[-122.673731,48.354683],[-122.72258999999998,48.30426800000001],[-122.732022,48.279425],[-122.75256300000001,48.260061],[-122.76993899999998,48.227548]]]]},"properties":{"district_id":"US:53029","name":"Island"}},
{"type":"Feature","geometry":{"type":"Polygon","coordinates":[[[-116.15702200000001,44.49892800000001],[-116.152418,44.498832],[-116.152295,44.324519],[-116.21291000000001,44.32437300000001],[-116.21387100000001,44.151387],[-116.15572200000001,44.151351],[-116.11249000000001,44.147839],[-116.120379,44.169709000000005],[-116.106704,44.209525],[-116.10307199999998,44.236409],[-116.036908,44.235538],[-115.52028700000001,44.235356],[-115.506206,44.243285],[-115.457305,44.242953],[-115.416548,44.267013],[-115.40140800000002,44.259623],[-115.386173,44.289459],[-115.35353700000002,44.303858],[-115.34922900000001,44.349281],[-115.330885,44.351695],[-115.29461400000001,44.339445],[-115.285063,44.345477],[-115.246486,44.387859],[-115.24758,44.39672600000001],[-115.228222,44.423521],[-115.235211,44.470045],[-115.226432,44.475418],[-115.23827099999998,44.510978],[-115.28054800000001,44.518568],[-115.30504199999999,44.579592],[-115.280531,44.611468],[-115.234738,44.621846],[-115.22200000000001,44.630704],[-115.197165,44.63073],[-115.16799800000001,44.647618],[-115.15263,44.677223],[-115.14918,44.7012],[-115.13975499999998,44.71312400000001],[-115.15193700000002,44.728592000000006],[-115.13647899999998,44.743145],[-115.09192200000001,44.766726],[-115.03865500000002,44.750652],[-115.018601,44.731506],[-115.01161299999998,44.714261],[-114.97954600000001,44.730008],[-114.95611599999998,44.720982],[-114.92764099999998,44.733857],[-114.91362700000002,44.75755],[-114.81240699999998,44.808346],[-114.794459,44.834324],[-114.76762500000001,44.841677],[-114.76165900000001,44.858618],[-114.768911,44.872444],[-114.73196,44.880946],[-114.72673100000002,44.900179],[-114.735905,44.925044],[-114.723272,44.934387],[-114.73480100000002,44.948962],[-114.735476,44.972309],[-114.72311500000002,45.005278],[-114.72760100000002,45.025966],[-114.722527,45.041704],[-114.733191,45.09449],[-114.721482,45.121023],[-114.73227000000001,45.151155],[-114.71604800000001,45.187683],[-114.69400100000001,45.197182],[-115.56150100000002,45.196211],[-115.90043899999999,45.196053],[-115.975787,45.195282],[-115.96507000000001,45.203516],[-115.974483,45.219651],[-116.02716999999998,45.179263],[-116.07568900000001,45.154712],[-116.11503399999998,45.159694],[-116.136481,45.137096],[-116.144386,45.107651],[-116.140115,45.078323],[-116.112722,45.074454],[-116.089118,45.06361700000001],[-116.10129499999998,45.052153],[-116.104704,45.030778000000005],[-116.12801900000001,45.014923],[-116.13498100000001,45.000791],[-116.11295599999998,44.975969],[-116.13068400000002,44.941914],[-116.15554499999999,44.942101],[-116.161903,44.901813],[-116.18643199999998,44.887736],[-116.19701100000002,44.864216],[-116.20246399999999,44.795945],[-116.211211,44.780872],[-116.20628399999998,44.766973],[-116.17656200000002,44.745238],[-116.183488,44.726153],[-116.157413,44.70296],[-116.16974099999999,44.65701800000001],[-116.17755699999998,44.645936],[-116.170135,44.624413],[-116.184176,44.585652],[-116.16533299999999,44.539749],[-116.164247,44.513305],[-116.15702200000001,44.49892800000001]]]},"properties":{"district_id":"US:16085","name":"Valley"}},
{"type":"Feature","geometry":{"type":"Polygon","coordinates":[[[-113.320609,44.233164],[-113.416525,44.233364],[-113.416272,44.059338],[-113.457816,44.059528],[-113.454656,43.99085],[-113.44605400000002,43.983504],[-113.445632,43.914569],[-113.458938,43.884139],[-113.45398500000002,43.873908],[-113.410567,43.860200000000006],[-113.391086,43.839618],[-113.377877,43.8097],[-113.412744,43.816713],[-113.442841,43.808709],[-113.448329,43.775285],[-113.481431,43.750238],[-113.485887,43.741271],[-113.514443,43.734134],[-113.528097,43.718922],[-113.551662,43.715196],[-113.572012,43.700876],[-113.598398,43.695378],[-113.64171200000001,43.672635],[-113.68038,43.659808],[-113.707774,43.637009],[-113.76117,43.621194],[-113.784558,43.580198],[-113.798441,43.569217],[-113.77713,43.566853],[-113.752859,43.575242],[-113.748347,43.587204],[-113.727656,43.59014],[-113.701153,43.584553],[-113.687013,43.553112],[-113.685263,43.532314],[-113.653631,43.49373],[-113.634325,43.497474],[-113.63523,43.367546],[-113.36191,43.36716],[-113.361958,43.284678],[-113.007318,43.284778],[-112.947016,43.284821],[-112.94700900000001,43.367339],[-112.936902,43.367346000000005],[-112.936835,43.449386],[-112.816704,43.449164],[-112.816278,43.535949],[-112.758291,43.540142],[-112.698891,43.540052],[-112.697122,43.62314],[-112.696915,43.79789],[-112.694966,43.797913],[-112.695242,43.971941],[-112.99432300000001,43.972362],[-112.99518900000001,44.059596],[-112.99509100000002,44.234126],[-113.320609,44.233164]]]},"properties":{"district_id":"US:16023","name":"Butte"}},
{"type":"Feature","geometry":{"type":"Polygon","coordinates":[[[-113.007712,43.110933],[-113.24347800000001,43.110946],[-113.24372,42.848207],[-113.237016,42.848157],[-113.236943,42.762212],[-113.17887700000001,42.762355],[-113.178633,42.67546],[-113.236841,42.675308],[-113.236968,42.625254],[-113.195692,42.633887],[-113.175182,42.627273],[-113.175678,42.589464],[-113.002792,42.588003],[-113.001574,42.501814],[-113.001673,42.327431],[-112.999965,42.327427],[-112.654028,42.328872],[-112.653989,42.416169],[-112.497849,42.415998],[-112.498139,42.502967],[-112.419825,42.503038],[-112.41984500000001,42.557301],[-112.41555600000001,42.568187],[-112.391028,42.568179],[-112.389418,42.624382],[-112.37967000000002,42.646273],[-112.418042,42.646234],[-112.418027,42.675126],[-112.437514,42.675077],[-112.437936,42.696782],[-112.457519,42.696761],[-112.457753,42.732965],[-112.49691000000001,42.733013],[-112.497227,42.790727],[-112.516739,42.790824],[-112.515519,42.909975],[-112.532093,42.929873],[-112.546775,42.936155],[-112.54989700000002,42.954604],[-112.592741,42.973313],[-112.601848,42.960021],[-112.617962,42.960911],[-112.643896,42.94196],[-112.698034,42.937761],[-112.702152,42.925953],[-112.733442,42.912237],[-112.743983,42.928565],[-112.732226,42.938226],[-112.750562,42.951528],[-112.76612600000001,42.934308],[-112.761214,42.923614],[-112.779202,42.913831],[-112.783624,42.887531],[-112.807138,42.88258700000001],[-112.816578,42.863231],[-113.00776,42.863051000000006],[-113.007712,43.110933]]]},"properties":{"district_id":"US:16077","name":"Power"}},
{"type":"Feature","geometry":{"type":"Polygon","coordinates":[[[-113.466485,47.600057],[-113.466424,47.346305],[-113.46645,47.179186],[-113.302943,47.179643],[-113.302903,46.832159],[-113.291406,46.806932],[-113.264129,46.824878000000005],[-113.241937,46.813826],[-113.242508,46.80143700000001],[-113.228386,46.783566],[-113.17929,46.760979],[-113.181341,46.733831],[-113.132541,46.725991],[-113.115614,46.713387],[-113.061522,46.731348],[-113.038702,46.73554000000001],[-113.03833,46.483774],[-113.036347,46.483772],[-113.036825,46.266826],[-112.890852,46.265936],[-112.558599,46.265821],[-112.562167,46.288428],[-112.572403,46.296639],[-112.533625,46.330898],[-112.503954,46.330196],[-112.498557,46.342062],[-112.449521,46.334098],[-112.451363,46.34999800000001],[-112.426005,46.357464],[-112.426093,46.36898],[-112.403784,46.386566],[-112.35006,46.385068],[-112.336737,46.404067],[-112.31057300000002,46.421171],[-112.320961,46.443545],[-112.304536,46.450097],[-112.301847,46.489877],[-112.30629,46.510393],[-112.293709,46.531128],[-112.307773,46.549338],[-112.316705,46.574923],[-112.293205,46.605089],[-112.300466,46.62757400000001],[-112.320871,46.655927],[-112.410638,46.656011],[-112.410846,46.699505],[-112.535597,46.699482],[-112.535748,46.834234],[-112.668245,46.834151],[-112.668246,46.831613],[-112.795642,46.831665],[-112.79609,46.96253],[-112.795808,47.177004],[-113.049424,47.177133],[-113.059053,47.17957],[-113.059199,47.488599],[-113.09172,47.48063],[-113.11455,47.490409],[-113.123098,47.51573],[-113.124661,47.55797],[-113.11774600000001,47.570473],[-113.144368,47.595507],[-113.325845,47.595507],[-113.325845,47.60016100000001],[-113.466485,47.600057]]]},"properties":{"district_id":"US:30077","name":"Powell"}},
{"type":"Feature","geometry":{"type":"Polygon","coordinates":[[[-111.805259,45.798306],[-111.80538,45.786748],[-111.763324,45.78682800000001],[-111.763273,45.772554],[-111.721847,45.772369],[-111.721683,45.743278],[-111.659738,45.743344],[-111.659742,45.728834],[-111.639745,45.728825],[-111.639717,45.714305],[-111.619036,45.714363],[-111.619037,45.699863],[-111.598318,45.699962000000006],[-111.598239,45.685121],[-111.577687,45.685251],[-111.577698,45.670771],[-111.557006,45.670995],[-111.556969,45.656427],[-111.536316,45.656833],[-111.536241,45.642257],[-111.35138,45.641938],[-111.35003000000002,45.350548],[-111.37303,45.350521],[-111.372666,45.157179],[-111.37222200000001,44.911796],[-111.377483,44.911794],[-111.37714906651901,44.7511577867496],[-111.355153,44.727195],[-111.337355,44.73317],[-111.296038,44.702053],[-111.26721,44.664643],[-111.220102,44.622071],[-111.23999400000001,44.614847],[-111.227504,44.577172],[-111.18103,44.569231],[-111.180747,44.554883],[-111.150571,44.534971],[-111.131382,44.532429],[-111.13861800000001,44.516854],[-111.130659,44.500131],[-111.100918,44.487783],[-111.052434,44.478411],[-111.053610326574,44.6662669770011],[-111.05455600000002,45.000955],[-111.045066048714,45.0009308540398],[-111.04661,45.176327],[-111.038613,45.176379],[-111.038169,45.351391],[-110.917899,45.351273],[-110.9175,45.438644],[-110.919222,45.524861],[-110.858252,45.524879],[-110.857382,45.59065],[-110.794774,45.590682],[-110.795885,45.685694],[-110.795264,45.786319],[-110.789399,45.786308000000005],[-110.788478,45.904921],[-110.792404,45.988779],[-110.790539,46.046948],[-110.790767,46.141846],[-110.784031,46.14182600000001],[-110.783833,46.192699],[-111.061956,46.192834],[-111.159545,46.192829],[-111.159544,46.187767],[-111.34665200000002,46.187785],[-111.349372,46.122607],[-111.378628,46.113302],[-111.391238,46.092087],[-111.405801,46.085097],[-111.423831,46.061951],[-111.419618,45.996322],[-111.463608,45.989881],[-111.464145,45.963635000000004],[-111.49542800000002,45.934429],[-111.53474,45.924144],[-111.548723,45.909842],[-111.587696,45.906682],[-111.608522,45.888663],[-111.612906,45.87451500000001],[-111.650467,45.850933],[-111.660057,45.8335],[-111.680834,45.821582],[-111.705467,45.795738],[-111.726992,45.793468],[-111.75585500000001,45.804233],[-111.78821000000002,45.792512],[-111.805259,45.798306]]]},"properties":{"district_id":"US:30031","name":"Gallatin"}},
{"type":"Feature","geometry":{"type":"Polygon","coordinates":[[[-111.658132,46.913423],[-111.602722,46.891391],[-111.609279,46.87742],[-111.642219,46.86539],[-111.645739,46.843361],[-111.603153,46.809949],[-111.572301,46.810106],[-111.532301,46.80438300000001],[-111.523814,46.817074],[-111.496029,46.790273],[-111.498095,46.762502],[-111.464901,46.751691],[-111.455397,46.742533],[-111.453078,46.71335800000001],[-111.443418,46.690633],[-111.415274,46.674311],[-111.411512,46.64064],[-111.379025,46.646317],[-111.367561,46.63574],[-111.330351,46.63333800000001],[-111.325303,46.615776],[-111.334881,46.60708400000001],[-111.32018100000002,46.569401],[-111.338881,46.538968],[-111.291743,46.52743],[-111.277782,46.518521],[-111.26992,46.49781],[-111.257378,46.498485],[-111.246519,46.438109],[-111.227893,46.428747],[-111.188044,46.430527],[-111.172816,46.446836],[-111.149468,46.450742],[-111.097939,46.432764],[-111.056996,46.398122],[-111.073357,46.370072],[-111.075525,46.346946],[-111.094805,46.343611],[-111.117839,46.31733200000001],[-111.126849,46.273105],[-111.108563,46.259071],[-111.078184,46.248263],[-111.061757,46.220743],[-111.061956,46.192834],[-110.783833,46.192699],[-110.409271,46.192065],[-110.409283,46.184368],[-110.281916,46.184397],[-110.281971,46.220605],[-110.281471,46.489826],[-110.272998,46.48983],[-110.273337,46.710509],[-110.326525,46.675901],[-110.375292,46.692912],[-110.410275,46.68472],[-110.436554,46.686507],[-110.454566,46.679545],[-110.480108,46.68914000000001],[-110.483057,46.70147],[-110.506319,46.712774],[-110.524345,46.712788],[-110.564334,46.738864],[-110.557697,46.763584],[-110.577467,46.769764],[-110.620687,46.772216],[-110.649524,46.801473],[-110.652877,46.823626],[-110.678922,46.824774],[-110.698301,46.845035],[-110.716737,46.838176],[-110.752108,46.859553],[-110.760819,46.896596],[-110.805504,46.90177400000001],[-110.825002,46.914867],[-110.857257,46.922691],[-110.85901,46.94606],[-110.886804,46.957509],[-110.913035,46.980559],[-110.995825,47.005076],[-111.013141,47.002783],[-111.055003,47.00907],[-111.072278,47.005663],[-111.102689,47.02966700000001],[-111.076802,47.045283],[-111.083856,47.072528],[-111.080918,47.088033],[-111.158559,47.088301],[-111.158386,47.011771],[-111.285208,47.011746],[-111.285268,47.001026],[-111.539373,47.000559],[-111.539214,46.913371],[-111.658132,46.913423]]]},"properties":{"district_id":"US:30059","name":"Meagher"}},
{"type":"Feature","geometry":{"type":"Polygon","coordinates":[[[-116.04899435832398,48.2161284423458],[-116.04910896171602,47.9773352748329],[-116.03038700000002,47.97261900000001],[-115.98305799999999,47.91629],[-115.96542,47.910852],[-115.91929100000002,47.857406],[-115.901401,47.843097],[-115.88202799999999,47.849395],[-115.84508200000002,47.814903],[-115.847487,47.785227],[-115.82499300000002,47.752373],[-115.803984,47.758247],[-115.780853,47.742472],[-115.784258,47.729963000000005],[-115.73173,47.705204],[-115.72278900000002,47.694725],[-115.73649699999999,47.654738],[-115.730393,47.642331],[-115.69444399999999,47.623761],[-115.697217,47.603741],[-115.688416,47.595606],[-115.754337,47.5526],[-115.75179300000002,47.541987],[-115.711211,47.523274],[-115.686264,47.48494],[-115.66027600000001,47.477962],[-115.629974,47.479633],[-115.56633200000002,47.471053],[-115.52909300000002,47.477267],[-115.50873999999999,47.494323],[-115.48449199999999,47.471659],[-115.44853700000002,47.466316],[-115.40167600000001,47.484904],[-115.354394,47.480118],[-115.34268699999998,47.470913],[-115.305978,47.471432],[-115.28218100000001,47.486923],[-115.249057,47.480416000000005],[-115.212804,47.46245],[-115.19385500000001,47.461075],[-115.157386,47.447809],[-115.14949100000001,47.432934],[-115.121167,47.419977],[-115.087872,47.427136],[-115.04858100000001,47.409386],[-115.02763699999998,47.41443100000001],[-115.01405900000002,47.400682],[-114.982265,47.396804],[-114.96905600000001,47.37405],[-114.968978,47.312625],[-114.90601399999998,47.312482],[-114.90604600000002,47.29797],[-114.842453,47.297943],[-114.842324,47.268847],[-114.797204,47.268916],[-114.76119299999999,47.259931],[-114.737165,47.262758],[-114.708847,47.254689],[-114.68721000000001,47.274335],[-114.631423,47.268458],[-114.59345800000001,47.257089],[-114.563737,47.254611000000004],[-114.49132,47.220205],[-114.469089,47.21934000000001],[-114.452238,47.208144],[-114.423858,47.210091],[-114.381271,47.188048],[-114.354234,47.189195],[-114.346111,47.176235000000005],[-114.35398,47.160587],[-114.292695,47.128129],[-114.254478,47.120717],[-114.236088,47.134301],[-114.212098,47.12770900000001],[-114.18717000000001,47.138191],[-114.187062,47.181889],[-114.203119,47.181908],[-114.20302600000001,47.355746],[-114.288557,47.355875],[-114.324081,47.365058],[-114.35308,47.38985],[-114.34304600000002,47.40780300000001],[-114.342575,47.436401000000004],[-114.326635,47.451859],[-114.326169,47.467144],[-114.293768,47.462416],[-114.284781,47.478493],[-114.296156,47.49477],[-114.350356,47.496695],[-114.382738,47.481693],[-114.364242,47.520819],[-114.362605,47.541157000000005],[-114.331006,47.554801],[-114.339571,47.585027],[-114.350364,47.602142],[-114.58376,47.601718],[-114.58445400000001,47.746355],[-114.604857,47.746421],[-114.60446200000001,47.789871],[-114.604584,47.875605],[-114.86112100000001,47.87578],[-114.861117,47.87280200000001],[-114.989344,47.872807],[-114.98943300000002,48.003141],[-115.010678,48.003139],[-115.01067200000001,48.017621],[-115.154527,48.017692],[-115.150757,47.995478],[-115.13633900000002,47.984183],[-115.14813,47.963501],[-115.17382200000002,47.97186],[-115.18027100000002,47.932031],[-115.225139,47.908297],[-115.24871500000002,47.914916],[-115.28155999999998,47.890278],[-115.301794,47.912467],[-115.31924,47.92157],[-115.381172,47.904189],[-115.399455,47.912442],[-115.39981700000001,47.936117],[-115.42145200000002,47.933768],[-115.42858000000001,47.910988],[-115.46170399999998,47.920333],[-115.49962100000002,47.909175],[-115.525402,47.909004],[-115.546534,47.922079],[-115.55813900000001,47.942291],[-115.539747,47.97989700000001],[-115.553628,48.010048],[-115.58443499999998,48.02176],[-115.611611,48.049223],[-115.609285,48.060105],[-115.637036,48.074646],[-115.632231,48.088622],[-115.64576800000002,48.134142],[-115.696111,48.177474],[-115.672359,48.206394],[-115.693415,48.224568],[-115.709824,48.248427],[-115.743185,48.262148],[-115.771401,48.259064],[-115.80017200000002,48.222818],[-115.83154499999999,48.211318],[-115.883084,48.20255],[-115.908505,48.182608],[-115.936899,48.184063],[-115.95725100000001,48.149042],[-116.009237,48.159669],[-116.021947,48.186463],[-116.016723,48.206217],[-116.04899435832398,48.2161284423458]]]},"properties":{"district_id":"US:30089","name":"Sanders"}},
{"type":"Feature","geometry":{"type":"Polygon","coordinates":[[[-111.787949,46.569465],[-111.786278,46.485782],[-111.786418,46.136277],[-111.784565,46.049813],[-111.660422,46.049192],[-111.660057,45.8335],[-111.650467,45.850933],[-111.612906,45.87451500000001],[-111.608522,45.888663],[-111.587696,45.906682],[-111.548723,45.909842],[-111.53474,45.924144],[-111.49542800000002,45.934429],[-111.464145,45.963635000000004],[-111.463608,45.989881],[-111.419618,45.996322],[-111.423831,46.061951],[-111.405801,46.085097],[-111.391238,46.092087],[-111.378628,46.113302],[-111.349372,46.122607],[-111.34665200000002,46.187785],[-111.159544,46.187767],[-111.159545,46.192829],[-111.061956,46.192834],[-111.061757,46.220743],[-111.078184,46.248263],[-111.108563,46.259071],[-111.126849,46.273105],[-111.117839,46.31733200000001],[-111.094805,46.343611],[-111.075525,46.346946],[-111.073357,46.370072],[-111.056996,46.398122],[-111.097939,46.432764],[-111.149468,46.450742],[-111.172816,46.446836],[-111.188044,46.430527],[-111.227893,46.428747],[-111.246519,46.438109],[-111.257378,46.498485],[-111.26992,46.49781],[-111.277782,46.518521],[-111.291743,46.52743],[-111.338881,46.538968],[-111.32018100000002,46.569401],[-111.334881,46.60708400000001],[-111.325303,46.615776],[-111.330351,46.63333800000001],[-111.367561,46.63574],[-111.379025,46.646317],[-111.411512,46.64064],[-111.415274,46.674311],[-111.443418,46.690633],[-111.453078,46.71335800000001],[-111.455397,46.742533],[-111.464901,46.751691],[-111.498095,46.762502],[-111.508887,46.759565],[-111.587,46.781852],[-111.61006000000002,46.77278],[-111.624978,46.746337],[-111.639261,46.73818],[-111.639864,46.5824],[-111.631906,46.569972],[-111.787949,46.569465]]]},"properties":{"district_id":"US:30007","name":"Broadwater"}},
{"type":"Feature","geometry":{"type":"Polygon","coordinates":[[[-113.036825,46.266826],[-113.03681800000001,46.22333],[-113.284532,46.222783],[-113.285039,46.135788],[-113.274364,46.135798],[-113.27435900000002,46.059326],[-113.278012,46.045268],[-113.328238,46.015502],[-113.335804,46.005384],[-113.363841,46.007548],[-113.378961,46.018589],[-113.39697300000002,46.013921],[-113.399267,46.000469],[-113.44202300000002,45.980985],[-113.458363,45.984064],[-113.45940800000001,45.962159],[-113.480172,45.939683],[-113.499843,45.948439],[-113.51740900000001,45.940089],[-113.516144,45.938814],[-113.495527,45.936184],[-113.486684,45.913951],[-113.444217,45.85921900000001],[-113.429665,45.83108],[-113.430741,45.800433000000005],[-113.396903,45.76765],[-113.362945,45.758021],[-113.364429,45.771036],[-113.347268,45.804601],[-113.335912,45.81324],[-113.308299,45.806389],[-113.298169,45.81861],[-113.275418,45.817973],[-113.24997800000001,45.839614],[-113.228838,45.866457],[-113.179791,45.885009],[-113.100273,45.881717],[-113.085517,45.860648],[-113.06077700000002,45.869716],[-113.024083,45.871393],[-113.013564,45.88391500000001],[-112.965254,45.90554],[-112.96021,45.922587],[-112.92400200000002,45.933866],[-112.938401,45.968412],[-112.939033,45.993016],[-112.921975,46.004276],[-112.884016,45.998117],[-112.868124,46.010334],[-112.870103,46.028215],[-112.852763,46.048434],[-112.777717,46.048313],[-112.77712,46.135826],[-112.681004,46.135672],[-112.656229,46.152864],[-112.640138,46.17434],[-112.61522700000002,46.165391],[-112.577106,46.178981],[-112.582112,46.198686],[-112.573573,46.211809],[-112.594404,46.227982],[-112.558599,46.265821],[-112.890852,46.265936],[-113.036825,46.266826]]]},"properties":{"district_id":"US:30023","name":"Deer Lodge"}},
{"type":"Feature","geometry":{"type":"Polygon","coordinates":[[[-121.799426,44.25828],[-121.78964800000001,44.249326],[-121.77790500000002,44.218877],[-121.78563100000001,44.207811],[-121.77340700000002,44.185623],[-121.771647,44.167583],[-121.78402,44.148462],[-121.77273500000001,44.139831],[-121.76806999999998,44.115245],[-121.772481,44.091034],[-121.802225,44.052691],[-121.835193,44.037024],[-121.82201600000002,44.012359],[-121.827099,43.99759],[-121.857063,43.965248],[-121.869385,43.911859],[-121.905856,43.913363],[-121.928213,43.909181],[-121.932415,43.894213],[-121.972931,43.861156],[-121.97779899999999,43.828526],[-121.961437,43.763745],[-121.981248,43.74296400000001],[-121.96717900000002,43.704254],[-121.986267,43.661708],[-121.980509,43.639685],[-122.00009500000002,43.626357],[-122.00236199999999,43.615498],[-121.60001800000002,43.616443],[-121.33296900000002,43.616645],[-120.97497500000001,43.617437],[-120.87180200000002,43.615538],[-120.37775200000002,43.615946],[-120.37771,43.611489],[-119.89658099999998,43.611164],[-119.897434,43.6982],[-120.237934,43.697376],[-120.25777700000002,43.698762],[-120.258386,43.785297],[-120.37810700000001,43.785429],[-120.37874,43.872362],[-120.747848,43.871331],[-120.74824899999999,43.95731],[-120.986587,43.960852],[-120.987271,44.134026],[-121.102773,44.138125],[-121.102938,44.218487],[-121.10853699999998,44.218519],[-121.10753399999999,44.3906],[-121.22928900000001,44.390646],[-121.2293,44.393036],[-121.473293,44.393464],[-121.63600100000001,44.392413],[-121.67369900000001,44.393383],[-121.843138,44.39263],[-121.83738,44.358276],[-121.83719,44.303011],[-121.841105,44.289461],[-121.82469299999998,44.282624],[-121.819172,44.26195],[-121.799426,44.25828]]]},"properties":{"district_id":"US:41017","name":"Deschutes"}},
{"type":"Feature","geometry":{"type":"Polygon","coordinates":[[[-123.06827099999998,45.074864],[-123.068975,45.041493],[-123.075577,45.014513],[-123.06541500000002,44.990718],[-123.037677,44.983664],[-123.044433,44.944231],[-123.07148300000001,44.928197],[-123.10972500000001,44.930863],[-123.10879200000001,44.917505],[-123.12528699999999,44.909273],[-123.144973,44.877305],[-123.149402,44.861254],[-123.18078,44.85747800000001],[-123.17944200000001,44.835818],[-123.16647199999998,44.828733],[-123.126252,44.826079],[-123.09333500000001,44.814044],[-123.102131,44.797542],[-123.122064,44.793774],[-123.145812,44.770231],[-123.143843,44.748914],[-123.122329,44.751355],[-123.061853,44.738869],[-123.042037,44.737595],[-123.01386600000001,44.714894],[-123.018679,44.700354],[-123.00684700000001,44.686898],[-122.975862,44.697578],[-122.957256,44.72109400000001],[-122.93408,44.71578],[-122.897648,44.744958],[-122.8471,44.767536],[-122.825426,44.771708],[-122.80012100000002,44.791659],[-122.765303,44.793174],[-122.74802699999998,44.787738],[-122.71963100000002,44.789338],[-122.69160699999999,44.775376],[-122.620463,44.789213],[-122.599469,44.778181],[-122.56440200000002,44.768072],[-122.53104200000001,44.766805000000005],[-122.503151,44.749763],[-122.480122,44.755819],[-122.41943299999998,44.753528],[-122.325742,44.758759],[-122.29289700000001,44.753979],[-122.273067,44.735506],[-122.24758199999998,44.720745],[-122.231438,44.698465],[-122.21841299999998,44.693239000000005],[-122.138702,44.725179],[-122.118702,44.710977],[-122.033006,44.685691],[-121.980176,44.693635],[-121.96380500000001,44.683888],[-121.79956200000001,44.683915],[-121.800965,44.703863],[-121.79161,44.746259],[-121.772321,44.759964],[-121.78496100000001,44.771856],[-121.81239100000002,44.782844],[-121.82027800000002,44.800134],[-121.81222099999998,44.811574],[-121.764831,44.820267],[-121.75299399999999,44.829919],[-121.741864,44.847398],[-121.75106900000002,44.856706],[-121.73422299999999,44.88572],[-122.257482,44.88572],[-122.40102100000001,44.88572],[-122.39955399999998,44.904077],[-122.441487,44.903958],[-122.45850000000002,44.915212],[-122.48619,44.922659],[-122.499167,44.917781],[-122.52966000000002,44.935035],[-122.55975700000002,44.965195],[-122.567385,44.982564],[-122.59247200000001,44.988875],[-122.59552000000001,45.01962],[-122.658507,45.035877],[-122.669637,45.046532],[-122.69464,45.054055],[-122.74631700000002,45.102757],[-122.78549300000002,45.127566],[-122.782884,45.14385200000001],[-122.75688300000002,45.172802],[-122.74539899999999,45.215953],[-122.75194799999998,45.242542],[-122.73898800000002,45.259532],[-122.784756,45.259562],[-122.78490000000001,45.274069],[-122.834576,45.274058],[-122.849925,45.259697],[-122.86717900000001,45.252972],[-122.899528,45.256719],[-122.91450500000002,45.266903],[-122.94731700000001,45.267485],[-122.964021,45.284894],[-123.001562,45.256605],[-122.99926,45.224097],[-123.039311,45.22194],[-123.051144,45.21068],[-123.04132099999998,45.198918000000006],[-123.01891399999998,45.196716],[-123.007346,45.159498],[-123.02767700000001,45.161618000000004],[-123.02813600000002,45.141313],[-122.99643000000002,45.118068],[-123.018118,45.100961],[-123.03612099999998,45.097729],[-123.06827099999998,45.074864]]]},"properties":{"district_id":"US:41047","name":"Marion"}},
{"type":"Feature","geometry":{"type":"Polygon","coordinates":[[[-123.37095000000001,46.792129],[-123.37044500000002,46.734721],[-123.36483,46.627671],[-123.365024,46.562955],[-123.359509,46.562644],[-123.357651,46.48475],[-123.35833400000001,46.384025],[-123.259068,46.383458],[-123.21795,46.385617],[-123.114228,46.388043],[-122.95510499999999,46.387413],[-122.69805300000002,46.387111],[-122.573904,46.387846],[-122.363705,46.387345],[-122.34567400000002,46.385623],[-122.240966,46.385361],[-121.989898,46.388626],[-121.522324,46.388224],[-121.39655499999999,46.388235],[-121.38655700000001,46.410601],[-121.40729800000001,46.429903],[-121.41558,46.4598],[-121.43657,46.478213],[-121.42997800000002,46.498392],[-121.45562500000001,46.513266],[-121.45096600000001,46.533894],[-121.419838,46.544749],[-121.41271,46.558668],[-121.42460100000001,46.57001],[-121.405711,46.582344],[-121.40758900000002,46.601475],[-121.38681800000002,46.620832],[-121.38638300000001,46.636041],[-121.41374100000002,46.648714],[-121.413217,46.675868],[-121.398949,46.68808],[-121.37667999999998,46.686486],[-121.375866,46.705276],[-121.35812999999999,46.712181],[-121.368838,46.726169],[-121.40802799999999,46.72826200000001],[-121.43117,46.741887],[-121.455218,46.783797],[-121.758799,46.783571],[-121.77637,46.776586],[-121.817399,46.747287],[-121.83327300000002,46.729569],[-121.871389,46.730175],[-121.931452,46.740733],[-121.952922,46.754672],[-121.973969,46.745772],[-122.008101,46.752567000000006],[-122.023265,46.742322],[-122.082298,46.75222000000001],[-122.11556000000002,46.748901],[-122.12902999999999,46.754663],[-122.17787699999998,46.755202],[-122.20311500000001,46.763061],[-122.481245,46.76305],[-122.61578699999998,46.762155],[-122.68709400000002,46.763737],[-122.80324100000001,46.763336],[-122.993009,46.764534],[-123.160909,46.76433],[-123.160588,46.793383],[-123.35139100000002,46.79350900000001],[-123.37095000000001,46.792129]]]},"properties":{"district_id":"US:53041","name":"Lewis"}},
{"type":"Feature","geometry":{"type":"Polygon","coordinates":[[[-118.19737505245901,49.0004067514245],[-118.219029,48.994964],[-118.21778900000001,48.97347],[-118.20724,48.963082],[-118.221669,48.937098],[-118.20116999999999,48.914818],[-118.21448299999999,48.888161],[-118.198481,48.86727],[-118.195508,48.840725],[-118.179317,48.837639],[-118.16092299999998,48.808958],[-118.157404,48.790971000000006],[-118.13277,48.77693500000001],[-118.13364,48.757412],[-118.11934499999998,48.718869],[-118.12095600000002,48.70227],[-118.10496,48.65350300000001],[-118.12844499999999,48.604818],[-118.12544500000001,48.584515],[-118.13792399999998,48.565532],[-118.147049,48.521657],[-118.179119,48.516801],[-118.189206,48.481597],[-118.206507,48.470296],[-118.212007,48.449995],[-118.20290599999998,48.442195],[-118.20350500000002,48.409694],[-118.189704,48.391494],[-118.18020300000002,48.363694],[-118.175602,48.319492],[-118.15450000000001,48.295892],[-118.14000199999998,48.268327],[-118.154498,48.237891],[-118.19490000000002,48.212489],[-118.19129799999999,48.158588],[-118.20749900000001,48.138287],[-118.24260300000002,48.135476],[-118.25439199999998,48.12853],[-118.2511,48.110786],[-118.23109800000002,48.088285],[-118.233198,48.065285],[-118.25789200000001,48.059778],[-118.275476,48.040567],[-118.31610000000002,48.041648],[-118.358905,48.049427],[-118.396607,48.031682],[-118.401107,48.022882],[-118.37535400000002,47.999882],[-118.370645,47.985569],[-118.34873999999999,47.971782],[-118.356089,47.929317],[-118.34093799999998,47.894316],[-118.317163,47.908775],[-118.25997800000002,47.934782],[-118.251093,47.942878],[-118.20624400000001,47.942247],[-118.200031,47.928384],[-118.14376899999999,47.884711],[-118.12061700000001,47.851883],[-118.117812,47.832631],[-118.099259,47.823624],[-118.078182,47.800062000000004],[-118.04619000000001,47.79517],[-118.01340300000001,47.805582],[-117.989057,47.834682],[-117.935279,47.823208],[-117.912904,47.835218],[-117.88630600000002,47.838335],[-117.880451,47.847739],[-117.82830500000001,47.833318],[-117.820947,47.825775],[-117.79045900000001,47.811356],[-117.781162,47.826453],[-117.753012,47.826822],[-117.69777400000001,47.856278],[-117.69220700000001,47.883421],[-117.67275499999998,47.888669],[-117.660887,47.843634],[-117.63006500000002,47.834225],[-117.600119,47.803019],[-117.578921,47.79343300000001],[-117.551649,47.801546],[-117.5338,47.795181],[-117.537069,48.047865],[-117.43699300000002,48.047207],[-117.43762900000002,48.134688],[-117.50237100000001,48.134708],[-117.50223800000002,48.223362],[-117.500143,48.238115],[-117.500999,48.571667000000005],[-117.49997499999999,48.65618700000001],[-117.629241,48.655852],[-117.62942099999998,48.742634],[-117.563811,48.742961],[-117.56385800000001,48.836671],[-117.498496,48.8369],[-117.49895700000002,48.923159],[-117.430377,48.923168],[-117.429968,49.0003644833648],[-117.8761,49.000546],[-118.19737505245901,49.0004067514245]]]},"properties":{"district_id":"US:53065","name":"Stevens"}},
{"type":"Feature","geometry":{"type":"Polygon","coordinates":[[[-119.87059499999998,47.960455],[-119.85973400000002,47.941942],[-119.915059,47.901372],[-119.90842800000001,47.879405],[-119.91929400000001,47.862323],[-119.96012700000001,47.845806],[-119.96468400000002,47.826193],[-119.992679,47.78315],[-120.09363700000002,47.763524],[-120.130914,47.776601],[-120.19140500000002,47.759504],[-120.207717,47.750058],[-120.222858,47.723314],[-120.205219,47.702059],[-120.199048,47.682276],[-120.216776,47.66368],[-120.23693499999999,47.631779],[-120.23358400000001,47.59763],[-120.25943800000002,47.55849],[-120.292814,47.538172],[-120.30293100000002,47.520059],[-120.318084,47.457748],[-120.308941,47.433267],[-120.28653,47.393111],[-120.253081,47.381635],[-120.201613,47.376503],[-120.165577,47.367706],[-120.129973,47.366251],[-120.083274,47.33369],[-120.090305,47.319245],[-120.086046,47.300299],[-120.09446000000001,47.262159],[-120.092209,47.242332],[-120.07759400000002,47.226981],[-120.019088,47.226645],[-120.007074,47.220133],[-120.00439,47.245959],[-120.00470400000002,47.319994],[-119.983125,47.320428],[-119.98323400000001,47.334623],[-119.961823,47.334952],[-119.961341,47.348779],[-119.94044200000002,47.349435],[-119.94023600000001,47.364359],[-119.91891500000001,47.364475],[-119.918746,47.393449],[-119.897383,47.393472],[-119.897173,47.407969],[-119.87582199999999,47.408305],[-119.87576,47.437492],[-119.601306,47.441075],[-119.533618,47.441205],[-119.532889,47.527756],[-119.51169099999998,47.527633],[-119.512092,47.54204],[-119.49046699999998,47.54202000000001],[-119.490098,47.556541],[-119.469099,47.57076],[-119.447682,47.570455],[-119.4478,47.584899],[-119.40519600000002,47.612636],[-119.34176699999999,47.612388],[-119.341485,47.626748],[-119.320304,47.626797],[-119.320144,47.670232],[-119.29884300000002,47.670403],[-119.29864900000001,47.728328],[-119.27723800000001,47.728238],[-119.277167,47.742603],[-119.25578300000001,47.742514],[-119.25586199999998,47.771687],[-119.234166,47.771981],[-119.23390000000002,47.800662],[-119.21241,47.800695],[-119.212225,47.887708],[-119.190631,47.887812],[-119.19055200000001,47.902465],[-119.147399,47.90265000000001],[-119.14740000000002,47.917388],[-119.125904,47.917301],[-119.125581,47.946803],[-119.103966,47.946693],[-119.103873,47.961763],[-118.982234,47.962025],[-118.965943,47.982981],[-118.95078199999999,48.018884],[-118.97885700000002,48.036873],[-119.00472499999998,48.044278],[-119.01879399999999,48.069784],[-119.029537,48.114193],[-119.05841400000001,48.137493],[-119.10508399999999,48.139451],[-119.126521,48.150555000000004],[-119.15098299999998,48.146067],[-119.177023,48.128286],[-119.20018600000002,48.125197],[-119.252553,48.102586],[-119.29858500000002,48.115485],[-119.327521,48.09665600000001],[-119.327934,48.070274000000005],[-119.34352300000002,48.04943200000001],[-119.40223300000001,48.050418],[-119.43625700000001,48.076688000000004],[-119.500994,48.082429],[-119.517571,48.062615],[-119.595103,48.020856],[-119.620724,47.996782],[-119.658403,48.002565],[-119.693712,48.032056],[-119.67046599999999,48.067921],[-119.683716,48.093026],[-119.70087500000001,48.084023],[-119.72506500000001,48.083761],[-119.749852,48.103057],[-119.773439,48.104467],[-119.77679799999999,48.089013],[-119.81092999999998,48.086719],[-119.884017,48.05908],[-119.89535000000001,48.050044],[-119.86920400000001,48.018316],[-119.86708399999999,48.007051],[-119.88393499999998,47.972957],[-119.87059499999998,47.960455]]]},"properties":{"district_id":"US:53017","name":"Douglas"}},
{"type":"Feature","geometry":{"type":"Polygon","coordinates":[[[-114.81240699999998,44.808346],[-114.797714,44.79433],[-114.81431800000001,44.766438],[-114.81899000000001,44.744617],[-114.801734,44.718887],[-114.78412500000002,44.713921],[-114.75735300000001,44.694786],[-114.73683499999999,44.669949],[-114.735955,44.653783],[-114.71277,44.650385],[-114.662886,44.662151],[-114.629153,44.65286],[-114.596168,44.621663],[-114.601618,44.594316],[-114.562772,44.575624],[-114.540419,44.582654],[-114.515363,44.604027],[-114.485147,44.594119],[-114.451366,44.612187],[-114.448386,44.631488],[-114.435269,44.651293],[-114.408739,44.656378],[-114.386147,44.672967],[-114.375335,44.709067],[-114.406633,44.719466],[-114.392781,44.747353000000004],[-114.37982100000002,44.743485],[-114.35293,44.758713],[-114.339196,44.793594],[-114.299989,44.819599],[-114.278152,44.82312300000001],[-114.262285,44.849858],[-114.238867,44.861738],[-114.197218,44.862823],[-114.198872,44.844629],[-114.190913,44.826024],[-114.206354,44.787615],[-114.206024,44.770795],[-114.217286,44.74782400000001],[-114.169502,44.741303],[-114.15376300000001,44.745025],[-114.140656,44.731666],[-114.093695,44.754742],[-114.075937,44.745578],[-114.05088,44.711489],[-114.048193,44.691427],[-114.021647,44.652186],[-113.980367,44.618207],[-113.96653,44.614254],[-113.943944,44.586187],[-113.92002,44.565899],[-113.899399,44.558391],[-113.844346,44.52340600000001],[-113.816215,44.493963],[-113.78796,44.494008],[-113.745427,44.480705],[-113.706703,44.47453500000001],[-113.654292,44.449666],[-113.589263,44.44358],[-113.553221,44.42642],[-113.502065,44.422098],[-113.477446,44.447969],[-113.451832,44.454936],[-113.410549,44.400201],[-113.404779,44.382518000000005],[-113.363088,44.347469000000004],[-113.352945,44.325483],[-113.34082100000002,44.318165],[-113.336739,44.293463],[-113.326052,44.272363],[-113.33481,44.259795],[-113.320609,44.233164],[-112.99509100000002,44.234126],[-112.93470100000002,44.230246],[-112.813792,44.230281],[-112.813804186466,44.3761865074476],[-112.845176,44.357962],[-112.88152,44.379629],[-112.902662,44.399101],[-112.93057,44.413312],[-112.951109,44.417442],[-113.00505900000002,44.45372],[-113.006702,44.471651],[-113.026499,44.496166],[-113.015578,44.516203],[-113.025493,44.53800600000001],[-113.047765,44.548283],[-113.037792,44.56508300000001],[-113.067168,44.579062],[-113.087542,44.59951],[-113.07467,44.613982],[-113.057122,44.618609],[-113.051504,44.63695],[-113.065589,44.649253],[-113.067761,44.678786],[-113.081406,44.683372],[-113.101279,44.706221],[-113.101597,44.729388],[-113.137704,44.760109],[-113.131831,44.773038],[-113.179538,44.787165],[-113.209171,44.809032],[-113.23771100000002,44.813874],[-113.246481,44.822665],[-113.279933,44.812073],[-113.30086,44.79951200000001],[-113.340003,44.784842],[-113.356062,44.819798],[-113.384335,44.837503],[-113.421579,44.837554],[-113.42875,44.854213],[-113.455071,44.865424],[-113.4612,44.886754],[-113.477988,44.895222],[-113.471948,44.909456],[-113.491542,44.924541],[-113.498373,44.941685],[-113.46521000000001,44.947866],[-113.443949,44.960165],[-113.452044,45.059174],[-113.48530800000002,45.063547],[-113.487097,45.074652],[-113.522637,45.09268],[-113.505924,45.109159],[-113.513244,45.116837],[-113.550071,45.113043],[-113.57663200000002,45.131518],[-113.579956,45.148354],[-113.594254,45.16677],[-113.591911,45.18418700000001],[-113.637042,45.212939],[-113.657772,45.24138],[-113.692485,45.26344],[-113.680834,45.279304],[-113.710035,45.301015],[-113.718704,45.3158],[-113.738056,45.328372],[-113.740172,45.343993],[-113.729651,45.355717],[-113.734402,45.392353],[-113.749116,45.402831],[-113.77415300000001,45.406547],[-113.783556,45.455682],[-113.75998600000001,45.480735],[-113.772669,45.514255],[-113.802849,45.523159],[-113.834082,45.520526],[-113.817457,45.56069],[-113.797133,45.582115],[-113.807405,45.602783],[-113.843008,45.61239],[-113.861232,45.623589],[-113.885748,45.617435],[-113.903684,45.621591],[-113.895237,45.643391],[-113.91948,45.65786],[-113.938205954506,45.6954435301779],[-113.96188000000001,45.689718],[-113.971507,45.702712],[-113.993976,45.703223],[-114.01903,45.692751],[-114.027399,45.675753],[-114.015327,45.663421],[-114.066962,45.627967],[-114.081563,45.611073],[-114.082269,45.59676300000001],[-114.097788,45.586761],[-114.121607,45.584319],[-114.136182,45.557019],[-114.180652,45.550695],[-114.20366500000002,45.53557],[-114.227176,45.545858],[-114.248354,45.545408],[-114.247064,45.525156],[-114.260673,45.496708],[-114.27897,45.480087],[-114.334402,45.459094],[-114.344184,45.459683],[-114.366138,45.490982],[-114.418038,45.509698],[-114.430574,45.52951],[-114.463942,45.545365],[-114.46525900000002,45.560517],[-114.49826,45.555488],[-114.52756,45.570824],[-114.564974,45.557807],[-114.595445,45.534166],[-114.631996,45.519177],[-114.65064900000002,45.486141],[-114.66622299999999,45.471325],[-114.680626,45.484147],[-114.70523000000001,45.492555],[-114.73415000000001,45.489897],[-114.76744700000002,45.511463],[-114.788246,45.512489],[-114.79861000000001,45.476255],[-114.790378,45.466178],[-114.793207,45.43633400000001],[-114.77097,45.434438],[-114.760131,45.412049],[-114.73449600000001,45.395371],[-114.71794600000001,45.396338],[-114.699914,45.377791],[-114.67454800000002,45.362562],[-114.66999300000002,45.342932],[-114.64078599999999,45.319149],[-114.60394000000001,45.295826],[-114.60747000000002,45.281253],[-114.62402000000002,45.274785],[-114.65953400000001,45.248584],[-114.68448300000001,45.218345],[-114.69400100000001,45.197182],[-114.71604800000001,45.187683],[-114.73227000000001,45.151155],[-114.721482,45.121023],[-114.733191,45.09449],[-114.722527,45.041704],[-114.72760100000002,45.025966],[-114.72311500000002,45.005278],[-114.735476,44.972309],[-114.73480100000002,44.948962],[-114.723272,44.934387],[-114.735905,44.925044],[-114.72673100000002,44.900179],[-114.73196,44.880946],[-114.768911,44.872444],[-114.76165900000001,44.858618],[-114.76762500000001,44.841677],[-114.794459,44.834324],[-114.81240699999998,44.808346]]]},"properties":{"district_id":"US:16059","name":"Lemhi"}},
{"type":"Feature","geometry":{"type":"Polygon","coordinates":[[[-117.03981207463,46.4259041232579],[-117.034696,46.418318],[-117.04691500000001,46.379577],[-117.06278500000002,46.365287],[-117.05598299999998,46.345531],[-117.02384400000001,46.335976],[-117.020663,46.314793],[-116.98462999999998,46.292705],[-116.991134,46.276342],[-116.97029800000001,46.261233],[-116.95603100000001,46.225976],[-116.962966,46.19968],[-116.94172400000001,46.185034],[-116.922648,46.160744],[-116.93437999999999,46.154229],[-116.93583300000002,46.135684],[-116.950276,46.123464],[-116.959548,46.099058],[-116.982498,46.091347],[-116.978938,46.080007],[-116.95737200000002,46.075449],[-116.942656,46.061],[-116.915989,45.995413],[-116.892861,45.976373],[-116.89091000000002,45.96001],[-116.87597999999998,45.95441],[-116.866544,45.916958],[-116.84355000000001,45.892273],[-116.814142,45.877551000000004],[-116.79445497532701,45.85614063987621],[-116.750235,45.869287],[-116.73033400000001,45.894533],[-116.75715400000001,45.940175],[-116.748695,45.961518],[-116.719539,45.987575],[-116.70181900000001,45.996381],[-116.70254299999999,46.237792],[-116.683395,46.242955],[-116.702674,46.291699],[-116.713818,46.308584],[-116.71349599999999,46.325527],[-116.489671,46.325586],[-116.492509,46.338772],[-116.46887400000001,46.350985],[-116.42209000000001,46.342796],[-116.401996,46.346826],[-116.368801,46.343217],[-116.36063699999998,46.361079],[-116.36794700000002,46.416374000000005],[-116.402847,46.441576],[-116.410373,46.468422],[-116.369122,46.466923],[-116.36931099999998,46.500492],[-116.446898,46.498441],[-116.455888,46.556629],[-116.456098,46.629097],[-116.58203400000001,46.62848],[-116.61174000000001,46.631245],[-116.65864700000002,46.61209],[-116.70546800000001,46.574006],[-116.719085,46.542874],[-117.039656800448,46.5417092336369],[-117.03981207463,46.4259041232579]]]},"properties":{"district_id":"US:16069","name":"Nez Perce"}},
{"type":"Feature","geometry":{"type":"Polygon","coordinates":[[[-123.54765900000001,46.259109],[-123.548156,46.249018],[-123.619512,46.21531],[-123.66675099999999,46.218228],[-123.674178,46.198203],[-123.69343000000002,46.189812],[-123.718149,46.188989],[-123.757589,46.213001],[-123.78320400000001,46.19854],[-123.82183400000001,46.190293],[-123.846209,46.19268],[-123.85991100000001,46.180379],[-123.84364399999998,46.17154500000001],[-123.85480100000001,46.157342],[-123.902501,46.168704],[-123.905277,46.180690000000006],[-123.972942,46.212678],[-124.00021199999999,46.236416],[-124.010344,46.223514],[-123.97412399999999,46.168798],[-123.94753100000001,46.116131],[-123.933366,46.071672],[-123.927891,46.009564],[-123.937471,45.977306],[-123.969991,45.969139],[-123.97499799999999,45.956129],[-123.99370300000001,45.946431],[-123.96762999999999,45.907807],[-123.961544,45.837101],[-123.96907862136601,45.783078947698804],[-123.71984000000002,45.783218],[-123.720001,45.77308],[-123.48508599999998,45.775657],[-123.48513000000001,45.780021],[-123.36162199999998,45.779579],[-123.358826,45.836657],[-123.360627,45.866592],[-123.35961399999998,46.039372],[-123.367438,46.039528],[-123.363743140809,46.1463246103232],[-123.390404,46.154428],[-123.43098700000002,46.181571],[-123.427629,46.229348],[-123.447592,46.249832],[-123.479644,46.269131],[-123.50124499999998,46.271004],[-123.54765900000001,46.259109]]]},"properties":{"district_id":"US:41007","name":"Clatsop"}},
{"type":"Feature","geometry":{"type":"Polygon","coordinates":[[[-124.114043752426,44.2769899702691],[-124.10894500000002,44.265475],[-124.117006,44.171913],[-124.127758,44.122027],[-124.123975,44.105834],[-124.13694100000001,44.023007],[-124.138326,43.995325],[-124.15872814593399,43.8637200341693],[-124.06458500000001,43.862277],[-123.94629400000001,43.862737],[-123.92547899999998,43.865947],[-123.92591699999998,43.898476],[-123.902391,43.896281],[-123.872399,43.916733],[-123.85260200000002,43.920553],[-123.82700399999999,43.944837],[-123.7038,43.944319],[-123.70362799999998,43.937399],[-123.658767,43.936474],[-123.65890900000001,43.921672],[-123.61901200000001,43.921117],[-123.61957399999999,43.891672],[-123.57958000000002,43.891057],[-123.57968900000002,43.868291],[-123.52900500000001,43.86833],[-123.52915299999998,43.830061],[-123.470251,43.831183],[-123.470371,43.810056],[-123.34820000000002,43.809212],[-123.348246,43.78017],[-123.137319,43.77967],[-123.137211,43.605906],[-123.107318,43.605889000000005],[-123.107475,43.540013],[-122.987626,43.538988],[-122.932533,43.544357],[-122.741845,43.544654],[-122.741716,43.437395],[-122.622946,43.438458],[-122.508441,43.441275],[-122.27067000000001,43.441628],[-122.13203400000002,43.440221],[-122.138621,43.45514],[-122.128721,43.496887],[-122.132474,43.510434],[-122.149534,43.520693],[-122.131009,43.557284],[-122.09351300000002,43.579215],[-122.08259999999999,43.577615],[-122.038966,43.601615],[-122.00236199999999,43.615498],[-122.00009500000002,43.626357],[-121.980509,43.639685],[-121.986267,43.661708],[-121.96717900000002,43.704254],[-121.981248,43.74296400000001],[-121.961437,43.763745],[-121.97779899999999,43.828526],[-121.972931,43.861156],[-121.932415,43.894213],[-121.928213,43.909181],[-121.905856,43.913363],[-121.869385,43.911859],[-121.857063,43.965248],[-121.827099,43.99759],[-121.82201600000002,44.012359],[-121.835193,44.037024],[-121.802225,44.052691],[-121.772481,44.091034],[-121.76806999999998,44.115245],[-121.77273500000001,44.139831],[-121.78402,44.148462],[-121.771647,44.167583],[-121.77340700000002,44.185623],[-121.78563100000001,44.207811],[-121.77790500000002,44.218877],[-121.78964800000001,44.249326],[-121.799426,44.25828],[-121.96012600000002,44.257313],[-122.027996,44.253818],[-122.26452700000002,44.253847],[-122.32715,44.252841],[-122.327313,44.231189],[-122.367197,44.20938],[-122.38456100000002,44.217063],[-122.46562800000001,44.22303900000001],[-122.503182,44.22167],[-122.535382,44.23486],[-122.56733899999999,44.229347],[-122.593471,44.244427],[-122.63969899999998,44.249263],[-122.646812,44.266618],[-122.66891500000001,44.268902],[-122.76273499999999,44.290537],[-122.776319,44.283816],[-122.835135,44.283455],[-122.865465,44.287317],[-122.86554500000001,44.25898],[-122.903999,44.25912900000001],[-122.905755,44.200736],[-123.165428,44.200071],[-123.15034,44.226627],[-123.178971,44.252329],[-123.174054,44.266608],[-123.18038800000001,44.283725],[-123.371408,44.283725],[-123.371411,44.281021],[-123.59329000000001,44.281915],[-123.593513,44.276699],[-123.715377,44.280267],[-123.775598,44.283547],[-123.936319,44.282853],[-123.94107200000002,44.277375],[-124.114043752426,44.2769899702691]]]},"properties":{"district_id":"US:41039","name":"Lane"}},
{"type":"Feature","geometry":{"type":"Polygon","coordinates":[[[-122.92914599999999,45.721482],[-122.929128,45.635313],[-122.90907800000001,45.635228],[-122.908992,45.620763],[-122.887837,45.620466],[-122.887963,45.606352],[-122.867495,45.606226],[-122.86759200000002,45.591878],[-122.846849,45.591836],[-122.84697800000001,45.577516],[-122.82634200000001,45.577521],[-122.826005,45.563041],[-122.80548100000001,45.562911],[-122.784771,45.5484],[-122.78423200000002,45.533982],[-122.76446400000002,45.519562],[-122.74386200000001,45.519509],[-122.74372100000001,45.433294],[-122.648725,45.432718],[-122.66097900000001,45.457819],[-122.64158000000002,45.461482],[-122.41445700000001,45.461579],[-122.085981,45.46058],[-121.821956,45.460226],[-121.819587,45.461675],[-121.850403,45.48650200000001],[-121.874665,45.515751],[-121.906688,45.520828],[-121.91644,45.543205],[-121.901879,45.55619],[-121.918386,45.585484],[-121.92202885217199,45.6491618990508],[-121.95573399999999,45.643559],[-121.963547,45.632784],[-122.00369,45.61593],[-122.044374,45.609516],[-122.101675,45.583516],[-122.14075,45.584508],[-122.18369500000001,45.577696],[-122.20170000000002,45.564141000000006],[-122.248911947664,45.5477731000169],[-122.294901,45.543541],[-122.33150200000001,45.548241],[-122.35280200000001,45.569441],[-122.380302,45.575941],[-122.43867400000002,45.563585],[-122.47465900000002,45.578305],[-122.548149,45.596768],[-122.60260600000001,45.607639000000006],[-122.64390700000001,45.609739],[-122.675008,45.618039],[-122.71330900000001,45.637438],[-122.76380999999999,45.657138],[-122.77451099999999,45.680437],[-122.762189526428,45.7285767375573],[-122.784735,45.720946],[-122.92914599999999,45.721482]]]},"properties":{"district_id":"US:41051","name":"Multnomah"}},
{"type":"Feature","geometry":{"type":"Polygon","coordinates":[[[-122.28273,42.996499],[-122.283792,42.910926],[-122.283449,42.707455],[-122.284689,42.4745],[-122.287818,42.4745],[-122.28717700000001,42.288838],[-122.28747,42.127168],[-122.289341,42.105006],[-122.289748006076,42.0081011637255],[-122.163511,42.007264],[-121.939829,42.003808],[-121.591106,41.99916400000001],[-121.447537949131,41.9974692924328],[-121.34491099999998,41.996214],[-121.174152,41.997228],[-121.02211399999999,41.993308],[-120.87992597722898,41.9937643415584],[-120.88050100000001,42.428587],[-120.882106,42.486559],[-120.883327,42.744214],[-120.996696,42.743688],[-120.996685,42.746349],[-121.34967899999998,42.746644],[-121.349358,42.833905],[-121.35130000000001,42.919989],[-121.349315,43.089928],[-121.34847099999999,43.356753],[-121.332413,43.356663],[-121.33296900000002,43.616645],[-121.60001800000002,43.616443],[-122.00236199999999,43.615498],[-122.038966,43.601615],[-122.08259999999999,43.577615],[-122.09351300000002,43.579215],[-122.131009,43.557284],[-122.149534,43.520693],[-122.132474,43.510434],[-122.128721,43.496887],[-122.138621,43.45514],[-122.13203400000002,43.440221],[-122.11176500000002,43.429089],[-122.08467799999998,43.422579],[-122.06415500000001,43.406547],[-122.05622099999998,43.381459],[-122.02180299999999,43.362042],[-122.00820800000001,43.337374],[-122.015941,43.324152],[-121.999293,43.308993],[-122.00846699999998,43.30118],[-122.00133200000002,43.281696],[-121.980554,43.26518],[-122.003126,43.23423],[-122.02817399999999,43.219886],[-122.03896200000001,43.191598],[-122.05416999999998,43.172116],[-122.053544,43.157965],[-122.067115,43.149964],[-122.065175,43.135701],[-122.077287,43.1177],[-122.093776,43.076257],[-122.07626100000002,43.067744],[-122.282585,43.067719],[-122.28273,42.996499]]]},"properties":{"district_id":"US:41035","name":"Klamath"}},
{"type":"Feature","geometry":{"type":"Polygon","coordinates":[[[-120.915795173154,45.641301218792],[-120.903975,45.617145],[-120.91167499999999,45.605245],[-120.895397,45.589342],[-120.908459,45.558241],[-120.88265600000001,45.527564],[-120.86407300000002,45.528746000000005],[-120.83877200000002,45.515946],[-120.835571,45.471246],[-120.85657099999999,45.461546],[-120.86856900000001,45.401146],[-120.920371,45.359344],[-120.923671,45.347345],[-120.956471,45.310345],[-120.973089,45.320315],[-120.990473,45.309344],[-121.01569,45.307148],[-121.02487599999999,45.275176],[-121.02429400000001,45.219531],[-120.98736399999999,45.19891700000001],[-120.915516,45.198189],[-120.88935700000002,45.202305],[-120.85827400000001,45.195112],[-120.826779,45.175965],[-120.76907,45.155435],[-120.739885,45.134805],[-120.72316599999999,45.130522],[-120.71809899999998,45.111056],[-120.72979200000002,45.083731],[-120.50373299999998,45.083477],[-120.51005,45.10135],[-120.45844900000002,45.11945],[-120.46954900000001,45.16494],[-120.48555200000001,45.17955],[-120.48165300000001,45.19335],[-120.50625400000001,45.19615],[-120.540955,45.209949],[-120.54165600000002,45.231949],[-120.554457,45.252749],[-120.534457,45.25585],[-120.548158,45.298349],[-120.525558,45.305749],[-120.53395800000001,45.344149],[-120.532059,45.371249],[-120.506259,45.407749],[-120.489258,45.416849],[-120.48155900000002,45.456549],[-120.49035900000001,45.468949],[-120.45441,45.485194],[-120.421449,45.468017],[-120.422581,45.50051],[-120.364955,45.49725],[-120.359976,45.50803400000001],[-120.380486,45.523731],[-120.377466,45.537535],[-120.40766300000001,45.559754],[-120.402654,45.569936],[-120.41169899999998,45.596067],[-120.432693,45.598438],[-120.446592,45.613944],[-120.46795,45.619321],[-120.488689,45.654794],[-120.53101299999999,45.671899],[-120.54736399999999,45.669048],[-120.56946500000001,45.693748],[-120.602466,45.702847],[-120.61856700000001,45.721447],[-120.646068,45.723946],[-120.6535343441,45.7372486812962],[-120.68937,45.715847],[-120.78887200000001,45.686246],[-120.85567400000001,45.671545],[-120.895575,45.642945],[-120.915795173154,45.641301218792]]]},"properties":{"district_id":"US:41055","name":"Sherman"}},
{"type":"Feature","geometry":{"type":"Polygon","coordinates":[[[-120.6535343441,45.7372486812962],[-120.646068,45.723946],[-120.61856700000001,45.721447],[-120.602466,45.702847],[-120.56946500000001,45.693748],[-120.54736399999999,45.669048],[-120.53101299999999,45.671899],[-120.488689,45.654794],[-120.46795,45.619321],[-120.446592,45.613944],[-120.432693,45.598438],[-120.41169899999998,45.596067],[-120.402654,45.569936],[-120.40766300000001,45.559754],[-120.377466,45.537535],[-120.380486,45.523731],[-120.359976,45.50803400000001],[-120.364955,45.49725],[-120.422581,45.50051],[-120.421449,45.468017],[-120.45441,45.485194],[-120.49035900000001,45.468949],[-120.48155900000002,45.456549],[-120.489258,45.416849],[-120.506259,45.407749],[-120.532059,45.371249],[-120.53395800000001,45.344149],[-120.525558,45.305749],[-120.548158,45.298349],[-120.534457,45.25585],[-120.554457,45.252749],[-120.54165600000002,45.231949],[-120.540955,45.209949],[-120.50625400000001,45.19615],[-120.48165300000001,45.19335],[-120.48555200000001,45.17955],[-120.46954900000001,45.16494],[-120.45844900000002,45.11945],[-120.51005,45.10135],[-120.50373299999998,45.083477],[-120.49516000000001,45.068279],[-120.13192600000002,45.067354],[-120.12866100000001,45.065453],[-120.028785,45.065224],[-119.79069899999999,45.067823],[-119.79083100000001,45.081253000000004],[-119.76073100000002,45.081278],[-119.75975899999999,45.169211],[-119.883914,45.169152],[-119.88234600000001,45.256916],[-120.006555,45.257706],[-120.00476199999999,45.517513],[-119.999242,45.517539],[-119.998161,45.687968],[-119.99950117611199,45.8124817188485],[-120.07015,45.785152],[-120.14135200000001,45.773152],[-120.170453,45.761951],[-120.21075400000001,45.725951],[-120.282156,45.72125],[-120.329057,45.71105],[-120.40396,45.699249],[-120.482362,45.694449],[-120.50586300000002,45.70004800000001],[-120.559465,45.738348],[-120.59116600000002,45.746547],[-120.634968,45.745847],[-120.6535343441,45.7372486812962]]]},"properties":{"district_id":"US:41021","name":"Gilliam"}},
{"type":"Feature","geometry":{"type":"Polygon","coordinates":[[[-112.063023,43.022364],[-112.05288300000001,42.991044],[-112.063849,42.97988],[-112.08870600000002,42.973477],[-112.082053,42.950425],[-112.10274200000002,42.951641],[-112.127424,42.94449800000001],[-112.133913,42.912678],[-112.149835,42.895558],[-112.136244,42.879651],[-112.133321,42.843204],[-112.120335,42.831008],[-112.126501,42.810461],[-112.138892,42.810391],[-112.145089,42.790664],[-112.13739,42.751265],[-112.114292,42.72523300000001],[-112.10588,42.699203],[-112.08493,42.698165],[-112.057274,42.718033],[-111.969449,42.718039],[-111.968239,42.697022],[-111.946381,42.674685],[-111.946466,42.63554],[-111.926874,42.635556],[-111.91692700000002,42.617264],[-111.916298,42.524277],[-111.896726,42.524125000000005],[-111.895002,42.488818],[-111.885372,42.488808],[-111.885188,42.445233],[-111.875475,42.4453],[-111.875636,42.41615800000001],[-111.73839600000001,42.41616],[-111.733742,42.430635],[-111.716006,42.430569],[-111.711043,42.41589],[-111.599227,42.415395],[-111.582742,42.44636],[-111.603844,42.486188],[-111.610232,42.509789],[-111.621822,42.51838],[-111.634519,42.570342],[-111.603122,42.590274],[-111.36806200000001,42.590294],[-111.338396,42.582367],[-111.341752,42.571036],[-111.318685,42.561287],[-111.279388,42.552861],[-111.253876,42.587754],[-111.222382,42.572643],[-111.236714,42.509112],[-111.248946,42.495291],[-111.236089,42.47975900000001],[-111.202034,42.480823],[-111.163585,42.476044],[-111.159373,42.490612],[-111.130892,42.481404],[-111.109793,42.491571],[-111.090988,42.490212],[-111.062858,42.500817000000005],[-111.046710501596,42.5139239264854],[-111.043564,42.722624],[-111.044142896217,43.019408000000006],[-111.235399,43.020541],[-111.58948900000001,43.020052],[-111.947212,43.021012],[-112.063023,43.022364]]]},"properties":{"district_id":"US:16029","name":"Caribou"}},
{"type":"Feature","geometry":{"type":"Polygon","coordinates":[[[-108.645325,45.464073],[-108.682223,45.433132],[-108.685733,45.391854],[-108.69962,45.348946],[-108.699616,45.217709],[-108.098054,45.220517],[-108.122184,45.216317],[-108.13645,45.20463500000001],[-108.151694,45.169477],[-108.174051,45.158217],[-108.169872,45.132748],[-108.181629,45.124464],[-108.18913,45.099679],[-108.21751800000001,45.09411500000001],[-108.22020200000001,45.078342],[-108.249798,45.031645000000005],[-108.256949,45.006491],[-108.249411984913,44.9999033618024],[-107.911518281902,45.0006726254715],[-107.62579200000002,45.000652],[-107.483747,45.001426],[-107.127418,44.999837],[-107.084886,44.9966],[-106.884756995133,44.9959543955228],[-106.57091784358,44.99485985032],[-106.263715096083,44.9937884502354],[-106.26368400000001,45.17972300000001],[-106.279709,45.179728000000004],[-106.39888,45.179746],[-106.398922,45.177281],[-106.666648,45.177653],[-106.768014,45.179728000000004],[-106.768676,45.352826],[-106.72954300000002,45.35148],[-106.729571,45.67285],[-106.727573,45.676469],[-106.846476,45.676587],[-106.846491,45.683828],[-106.912959,45.683915],[-106.9128,45.788221],[-106.877116,45.788217],[-106.877217,45.831714000000005],[-106.939077,45.831608],[-106.939095,45.870041],[-107.052159,45.87005200000001],[-107.051946,45.913489],[-107.17636,45.913323],[-107.17635800000001,45.956761],[-107.425128,45.956674],[-107.424929,46.043374],[-107.511534,46.043403],[-107.674454,46.04361000000001],[-107.674468,45.985759],[-107.798753,45.98568],[-107.798821,45.956723],[-107.84038,45.956812],[-107.840375,45.928018],[-107.881873,45.928149],[-107.88184600000001,45.899233],[-108.047352,45.899316],[-108.047559,45.783476],[-108.069572,45.783507],[-108.069752,45.518535],[-108.193205,45.518538],[-108.193191,45.489526],[-108.316245,45.489503],[-108.316374,45.46050900000001],[-108.44523,45.460449],[-108.445304,45.464433],[-108.645325,45.464073]]]},"properties":{"district_id":"US:30003","name":"Big Horn"}},
{"type":"Feature","geometry":{"type":"Polygon","coordinates":[[[-114.332661751706,46.6605807312884],[-114.32111800000001,46.647514],[-114.322537,46.611284],[-114.343812,46.589736],[-114.331209,46.572501],[-114.347221,46.552421],[-114.351919,46.507744],[-114.399919,46.502193],[-114.401199,46.479094],[-114.379799,46.460719],[-114.37234,46.44281],[-114.384899,46.42755],[-114.38503,46.411229],[-114.422212,46.387331],[-114.41049300000002,46.365143],[-114.414259,46.33548300000001],[-114.432796,46.3061],[-114.42730900000001,46.28362400000001],[-114.47072,46.266041],[-114.466492,46.247075],[-114.451852,46.240673],[-114.443215,46.202943],[-114.445948,46.173901],[-114.475953,46.160606],[-114.48890900000002,46.167536],[-114.515626,46.166129],[-114.527096,46.146218],[-114.520513,46.12491],[-114.47517800000001,46.113179],[-114.460475,46.09779],[-114.469438,46.06183],[-114.493475,46.052402],[-114.507419,46.031861],[-114.480505,46.030424],[-114.473474,46.013057],[-114.487783,46.003646],[-114.4741,45.992247],[-114.411755,45.97787],[-114.402524,45.957944],[-114.431396,45.93604],[-114.413168,45.911479],[-114.395088,45.900783],[-114.388557,45.882189],[-114.403921,45.871876],[-114.409617,45.852343],[-114.438348,45.862555],[-114.470045,45.851478],[-114.509303,45.84553100000001],[-114.5144,45.827131],[-114.566465,45.77331000000001],[-114.5441,45.758447],[-114.546527,45.742991],[-114.52665400000001,45.727634],[-114.504175,45.721659],[-114.495385,45.703055],[-114.499576,45.669604],[-114.523058,45.649352],[-114.540257,45.650272],[-114.563497,45.632298],[-114.538534,45.607772000000004],[-114.55832500000001,45.584278],[-114.564974,45.557807],[-114.52756,45.570824],[-114.49826,45.555488],[-114.46525900000002,45.560517],[-114.463942,45.545365],[-114.430574,45.52951],[-114.418038,45.509698],[-114.366138,45.490982],[-114.344184,45.459683],[-114.334402,45.459094],[-114.27897,45.480087],[-114.260673,45.496708],[-114.247064,45.525156],[-114.248354,45.545408],[-114.227176,45.545858],[-114.20366500000002,45.53557],[-114.180652,45.550695],[-114.136182,45.557019],[-114.121607,45.584319],[-114.097788,45.586761],[-114.082269,45.59676300000001],[-114.081563,45.611073],[-114.066962,45.627967],[-114.015327,45.663421],[-114.027399,45.675753],[-114.01903,45.692751],[-113.993976,45.703223],[-113.971507,45.702712],[-113.96188000000001,45.689718],[-113.938205954506,45.6954435301779],[-113.909511,45.71534100000001],[-113.904361,45.730997],[-113.914574,45.74425],[-113.895939,45.768465],[-113.870281,45.781656],[-113.854917,45.773141],[-113.84926,45.752631],[-113.830242,45.750718],[-113.804353,45.763062],[-113.778374,45.792003],[-113.74404600000001,45.81507400000001],[-113.729448,45.819538],[-113.712522,45.838384000000005],[-113.622542,45.841305],[-113.595942,45.850877],[-113.579328,45.872892],[-113.53237,45.878405],[-113.535109,45.913198],[-113.516144,45.938814],[-113.51740900000001,45.940089],[-113.554618,45.947146],[-113.56330200000001,45.941987],[-113.60886800000002,45.94984],[-113.61608,45.970278],[-113.64869,45.965246],[-113.66384,45.980528],[-113.668773,46.002834],[-113.690819,46.025953],[-113.68725,46.035236],[-113.73200200000001,46.038439],[-113.755517,46.044158],[-113.760772,46.030053],[-113.803677,46.03767500000001],[-113.787455,46.074444],[-113.771185,46.086289],[-113.753246,46.11280000000001],[-113.780361,46.144489],[-113.795249,46.15261400000001],[-113.785534,46.179809],[-113.82378,46.202149],[-113.817675,46.215486],[-113.775082,46.228396],[-113.750527,46.272146000000006],[-113.785795,46.288077],[-113.771959,46.321301],[-113.78550300000002,46.339099],[-113.782032,46.359518],[-113.825811,46.410076],[-113.85833600000001,46.420185],[-113.849222,46.448043000000006],[-113.874651,46.508329],[-113.850029,46.514832],[-113.844968,46.547206],[-113.828724,46.571518000000005],[-113.83626,46.581939],[-113.809694,46.594276],[-113.80322400000001,46.629914],[-113.81765,46.637306],[-113.827743,46.660896],[-114.170755,46.660389],[-114.332661751706,46.6605807312884]]]},"properties":{"district_id":"US:30081","name":"Ravalli"}},
{"type":"Feature","geometry":{"type":"Polygon","coordinates":[[[-108.236362223928,48.9995299383905],[-108.236357,48.91352],[-108.25937200000001,48.913592],[-108.259384,48.742225],[-108.319119,48.742209],[-108.319011,48.568431],[-108.346193,48.56845],[-108.346292,48.422795],[-108.411186,48.444981],[-108.411363,48.219554],[-108.433848,48.219551],[-108.43398,47.976553],[-108.569564,47.981272],[-108.607579,47.990997],[-108.623259,47.957242],[-108.625587,47.920411],[-108.671694,47.923256],[-108.888316,47.922722],[-108.891069,47.870608],[-108.891115,47.734456],[-108.821449,47.709084],[-108.78406,47.682104],[-108.78982,47.662943],[-108.771619,47.645523],[-108.727883,47.649887],[-108.70208,47.629851],[-108.6714,47.619556],[-108.631376,47.61952500000001],[-108.610972,47.624329],[-108.572422,47.609483],[-108.538516,47.61394000000001],[-108.527063,47.621103],[-108.50922700000001,47.601199],[-108.47576700000002,47.597639],[-108.456908,47.615726],[-108.43934200000001,47.602479],[-108.400487,47.595186],[-108.356267,47.580207],[-108.350385,47.567444],[-108.326383,47.570761],[-108.313048,47.58365],[-108.28237500000002,47.579615],[-108.25131200000001,47.587784],[-108.23797400000001,47.582369],[-108.19957,47.589725],[-108.178548,47.580064],[-108.147544,47.583642],[-108.137272,47.592428],[-108.079585,47.592012],[-108.065418,47.598294],[-108.04661300000001,47.588483],[-108.013184,47.581361],[-107.98898700000001,47.588853],[-107.96158,47.56987500000001],[-107.931105,47.569073],[-107.930208,47.544324],[-107.91918400000002,47.520588],[-107.898107,47.510071],[-107.909119,47.488011],[-107.90912,47.450692],[-107.863544,47.456052],[-107.866219,47.482543],[-107.850475,47.491947],[-107.865489,47.512898],[-107.842235,47.52490600000001],[-107.822031,47.545179],[-107.785171,47.552057],[-107.732268,47.571874],[-107.731521,47.58541],[-107.709522,47.60026],[-107.69507300000001,47.62100100000001],[-107.671173,47.629892],[-107.646679,47.629444],[-107.638985,47.649626],[-107.612383,47.644724],[-107.59425,47.649731],[-107.56757200000001,47.642964],[-107.520788,47.642919],[-107.499344,47.624005],[-107.451508,47.622141],[-107.434698,47.631407],[-107.43717000000001,47.649711],[-107.419745,47.662295],[-107.428528,47.676526],[-107.414886,47.691734],[-107.4144,47.870513],[-107.40467600000001,47.870509],[-107.404513,48.21844000000001],[-107.36973,48.218373],[-107.369252,48.305163],[-107.260458,48.304768],[-107.260279,48.39408],[-107.301073,48.394],[-107.301721,48.480943],[-107.257944,48.480989],[-107.25803,48.514821],[-107.233025,48.51551500000001],[-107.217443,48.50757],[-107.192691,48.509402],[-107.192709,48.568113000000004],[-107.206316,48.56817],[-107.206032,48.91271],[-107.179823,48.912668],[-107.179812009792,48.9999246229784],[-107.44101700000002,48.999363],[-107.972301683312,48.9996998287643],[-108.236362223928,48.9995299383905]]]},"properties":{"district_id":"US:30071","name":"Phillips"}},
{"type":"Feature","geometry":{"type":"Polygon","coordinates":[[[-109.489553083702,49.0006056734615],[-109.489627,48.913968],[-109.505514,48.913911],[-109.50533300000001,48.56791],[-109.49688200000001,48.567914],[-109.496881,48.525207],[-109.464318,48.52526],[-109.464318,48.452638],[-109.49673,48.45273],[-109.497028,48.394739],[-109.51878,48.394726],[-109.51908,48.293457],[-109.55164400000001,48.293479],[-109.551758,48.221373],[-109.533938,48.221317],[-109.534295,48.134564],[-109.532919,47.871083],[-109.538663,47.871021],[-109.538677,47.738864],[-109.522816,47.745983],[-109.464006,47.725093],[-109.411506,47.724617],[-109.38567,47.742937],[-109.31283800000001,47.758383],[-109.282886,47.776041],[-109.274171,47.793239],[-109.229905,47.794923],[-109.190276,47.790903],[-109.160341,47.77981],[-109.132768,47.781122],[-109.0659,47.801067],[-109.044797,47.793292],[-109.000719,47.803119],[-108.97402,47.801469],[-108.942745,47.791824],[-108.945661,47.77289700000001],[-108.92248600000002,47.75288200000001],[-108.91940700000002,47.735396],[-108.891115,47.734456],[-108.891069,47.870608],[-108.888316,47.922722],[-108.671694,47.923256],[-108.625587,47.920411],[-108.623259,47.957242],[-108.607579,47.990997],[-108.569564,47.981272],[-108.43398,47.976553],[-108.433848,48.219551],[-108.411363,48.219554],[-108.411186,48.444981],[-108.346292,48.422795],[-108.346193,48.56845],[-108.319011,48.568431],[-108.319119,48.742209],[-108.259384,48.742225],[-108.25937200000001,48.913592],[-108.236357,48.91352],[-108.236362223928,48.9995299383905],[-108.488063,48.999368],[-109.000708,48.999234],[-109.489553083702,49.0006056734615]]]},"properties":{"district_id":"US:30005","name":"Blaine"}},
{"type":"Feature","geometry":{"type":"Polygon","coordinates":[[[-105.804436,48.563358],[-105.804599,48.219037],[-105.843823,48.219034],[-105.843891,48.010289],[-105.800149,48.025538],[-105.781876,48.042547000000006],[-105.750561,48.025397],[-105.720805,48.03195],[-105.694541,48.053536],[-105.666202,48.057048],[-105.643437,48.051097],[-105.639652,48.066001],[-105.595027,48.08178],[-105.568481,48.08355],[-105.540483,48.066439],[-105.51858,48.088258],[-105.498036,48.097903],[-105.454941,48.089544],[-105.383523,48.092925],[-105.36452800000002,48.088752],[-105.33130500000001,48.092638],[-105.317563,48.079016],[-105.262551,48.089062],[-105.22899,48.089284],[-105.218691,48.064104],[-105.194783,48.066617],[-105.173367,48.081855],[-105.142334,48.072988],[-105.113233,48.078379],[-105.08487,48.064299],[-105.057163,48.077671],[-105.03709400000001,48.063416],[-105.013845,48.069332],[-105.006225,48.085365],[-104.974812,48.084466],[-104.974058,48.103307],[-104.938251,48.095852],[-104.925837,48.11048],[-104.923002,48.136192],[-104.892006,48.150548],[-104.871887,48.143831],[-104.853055,48.125019],[-104.822581,48.118945],[-104.789218,48.128259],[-104.760735,48.126382],[-104.747636,48.111448],[-104.697921,48.118818],[-104.681633,48.103323],[-104.626098,48.11196],[-104.626687,48.129489],[-104.595081,48.134769],[-104.584407,48.107656],[-104.544517,48.126553],[-104.511696,48.109894],[-104.487092,48.121875],[-104.459967,48.119605],[-104.443255,48.095029],[-104.395056,48.076923],[-104.360398,48.068699],[-104.353237,48.048684],[-104.320674,48.045136],[-104.29044,48.050927],[-104.245936,48.031005],[-104.200698,48.0373],[-104.1883,48.048998],[-104.167221,48.035501],[-104.132903,48.055054],[-104.098921,48.000019],[-104.066179,48.003402],[-104.04412,47.996107],[-104.045498,48.176249],[-104.04691062511802,48.3892985761957],[-104.259751,48.389396],[-104.62776,48.389362],[-104.627726,48.476349],[-104.757643,48.476556],[-104.757619,48.563127],[-104.973354,48.56319],[-105.431738,48.563141],[-105.804436,48.563358]]]},"properties":{"district_id":"US:30085","name":"Roosevelt"}},
{"type":"Feature","geometry":{"type":"Polygon","coordinates":[[[-105.234771,47.790502],[-105.235016,47.703581],[-104.97809,47.703293],[-104.97855300000002,47.616272],[-104.593664,47.616294],[-104.594046,47.529335],[-104.513049,47.529442],[-104.51329200000002,47.354719],[-104.420347,47.354435],[-104.385293,47.35346],[-104.131863,47.353901],[-104.131508,47.397403],[-104.045065376246,47.3970661515231],[-104.043242,47.747106],[-104.041662,47.862282],[-104.044120308422,47.9960829798085],[-104.04412,47.996107],[-104.066179,48.003402],[-104.098921,48.000019],[-104.132903,48.055054],[-104.167221,48.035501],[-104.1883,48.048998],[-104.200698,48.0373],[-104.245936,48.031005],[-104.29044,48.050927],[-104.320674,48.045136],[-104.353237,48.048684],[-104.360398,48.068699],[-104.395056,48.076923],[-104.443255,48.095029],[-104.459967,48.119605],[-104.487092,48.121875],[-104.511696,48.109894],[-104.544517,48.126553],[-104.584407,48.107656],[-104.595081,48.134769],[-104.626687,48.129489],[-104.626098,48.11196],[-104.681633,48.103323],[-104.697921,48.118818],[-104.747636,48.111448],[-104.760735,48.126382],[-104.789218,48.128259],[-104.822581,48.118945],[-104.853055,48.125019],[-104.871887,48.143831],[-104.892006,48.150548],[-104.923002,48.136192],[-104.925837,48.11048],[-104.938251,48.095852],[-104.974058,48.103307],[-104.974812,48.084466],[-105.006225,48.085365],[-105.013845,48.069332],[-105.03709400000001,48.063416],[-105.057163,48.077671],[-105.08487,48.064299],[-105.113233,48.078379],[-105.142334,48.072988],[-105.173367,48.081855],[-105.194783,48.066617],[-105.195122,47.868081000000004],[-105.234651,47.868057],[-105.234771,47.790502]]]},"properties":{"district_id":"US:30083","name":"Richland"}},
{"type":"Feature","geometry":{"type":"Polygon","coordinates":[[[-114.81240699999998,44.808346],[-114.91362700000002,44.75755],[-114.92764099999998,44.733857],[-114.95611599999998,44.720982],[-114.97954600000001,44.730008],[-115.01161299999998,44.714261],[-115.018601,44.731506],[-115.03865500000002,44.750652],[-115.09192200000001,44.766726],[-115.13647899999998,44.743145],[-115.15193700000002,44.728592000000006],[-115.13975499999998,44.71312400000001],[-115.14918,44.7012],[-115.15263,44.677223],[-115.16799800000001,44.647618],[-115.197165,44.63073],[-115.22200000000001,44.630704],[-115.234738,44.621846],[-115.280531,44.611468],[-115.30504199999999,44.579592],[-115.28054800000001,44.518568],[-115.23827099999998,44.510978],[-115.226432,44.475418],[-115.235211,44.470045],[-115.228222,44.423521],[-115.24758,44.39672600000001],[-115.246486,44.387859],[-115.285063,44.345477],[-115.29461400000001,44.339445],[-115.28772,44.324685],[-115.240295,44.305321],[-115.21267999999999,44.303959],[-115.197919,44.282799],[-115.17896399999998,44.296521],[-115.168795,44.283057],[-115.167514,44.25782900000001],[-115.15686799999999,44.245065],[-115.174831,44.235464],[-115.16276500000001,44.213706],[-115.167684,44.20284],[-115.14366900000002,44.190311],[-115.13046400000002,44.192208],[-115.10919,44.17579],[-115.08236100000002,44.17616000000001],[-115.065768,44.164176],[-115.02418099999998,44.155478],[-115.01714600000001,44.141349],[-115.02811999999999,44.127395],[-115.046725,44.11997100000001],[-115.020525,44.098386],[-114.99666300000001,44.096996],[-115.01071800000001,44.077188],[-115.02331800000002,44.078284],[-115.04772000000001,44.050655],[-115.048135,44.037803],[-115.03235300000001,44.019492],[-114.985997,44.01023300000001],[-114.98490000000001,43.988844],[-114.967343,43.982088],[-114.990777,43.949723],[-114.971351,43.938308],[-114.942381,43.950678],[-114.921467,43.97440100000001],[-114.873372,43.992949],[-114.813873,43.992941],[-114.81379000000001,43.927772],[-114.681168,43.927705],[-114.644414,43.914255],[-114.62518599999999,43.898023],[-114.606151,43.89362],[-114.583469,43.875103],[-114.581992,43.85145],[-114.56235000000001,43.844368],[-114.528447,43.845662],[-114.516146,43.8547],[-114.519673,43.87167900000001],[-114.507778,43.89909],[-114.485066,43.904504],[-114.474541,43.896517],[-114.427482,43.891509],[-114.410002,43.895651],[-114.35929300000001,43.874177],[-114.341624,43.889609],[-114.292484,43.887062],[-114.278814,43.878849],[-114.283485,43.861064],[-114.275725,43.831138],[-114.195425,43.789586],[-114.180502,43.790068],[-114.160124,43.774529],[-114.14240700000002,43.774368],[-114.137707,43.756291],[-114.116996,43.740347],[-114.070019,43.734696],[-114.053128,43.74646],[-114.05345800000002,43.760831],[-114.03315,43.766961],[-114.004151,43.764994],[-113.985696,43.73718],[-113.974222,43.707825],[-113.961675,43.704076],[-113.933516,43.679365000000004],[-113.911904,43.671724],[-113.904918,43.649719],[-113.875329,43.650504],[-113.843889,43.624972],[-113.835607,43.604909],[-113.813355,43.600059],[-113.8071,43.572747],[-113.798441,43.569217],[-113.784558,43.580198],[-113.76117,43.621194],[-113.707774,43.637009],[-113.68038,43.659808],[-113.64171200000001,43.672635],[-113.598398,43.695378],[-113.572012,43.700876],[-113.551662,43.715196],[-113.528097,43.718922],[-113.514443,43.734134],[-113.485887,43.741271],[-113.481431,43.750238],[-113.448329,43.775285],[-113.442841,43.808709],[-113.412744,43.816713],[-113.377877,43.8097],[-113.391086,43.839618],[-113.410567,43.860200000000006],[-113.45398500000002,43.873908],[-113.458938,43.884139],[-113.445632,43.914569],[-113.44605400000002,43.983504],[-113.454656,43.99085],[-113.457816,44.059528],[-113.416272,44.059338],[-113.416525,44.233364],[-113.320609,44.233164],[-113.33481,44.259795],[-113.326052,44.272363],[-113.336739,44.293463],[-113.34082100000002,44.318165],[-113.352945,44.325483],[-113.363088,44.347469000000004],[-113.404779,44.382518000000005],[-113.410549,44.400201],[-113.451832,44.454936],[-113.477446,44.447969],[-113.502065,44.422098],[-113.553221,44.42642],[-113.589263,44.44358],[-113.654292,44.449666],[-113.706703,44.47453500000001],[-113.745427,44.480705],[-113.78796,44.494008],[-113.816215,44.493963],[-113.844346,44.52340600000001],[-113.899399,44.558391],[-113.92002,44.565899],[-113.943944,44.586187],[-113.96653,44.614254],[-113.980367,44.618207],[-114.021647,44.652186],[-114.048193,44.691427],[-114.05088,44.711489],[-114.075937,44.745578],[-114.093695,44.754742],[-114.140656,44.731666],[-114.15376300000001,44.745025],[-114.169502,44.741303],[-114.217286,44.74782400000001],[-114.206024,44.770795],[-114.206354,44.787615],[-114.190913,44.826024],[-114.198872,44.844629],[-114.197218,44.862823],[-114.238867,44.861738],[-114.262285,44.849858],[-114.278152,44.82312300000001],[-114.299989,44.819599],[-114.339196,44.793594],[-114.35293,44.758713],[-114.37982100000002,44.743485],[-114.392781,44.747353000000004],[-114.406633,44.719466],[-114.375335,44.709067],[-114.386147,44.672967],[-114.408739,44.656378],[-114.435269,44.651293],[-114.448386,44.631488],[-114.451366,44.612187],[-114.485147,44.594119],[-114.515363,44.604027],[-114.540419,44.582654],[-114.562772,44.575624],[-114.601618,44.594316],[-114.596168,44.621663],[-114.629153,44.65286],[-114.662886,44.662151],[-114.71277,44.650385],[-114.735955,44.653783],[-114.73683499999999,44.669949],[-114.75735300000001,44.694786],[-114.78412500000002,44.713921],[-114.801734,44.718887],[-114.81899000000001,44.744617],[-114.81431800000001,44.766438],[-114.797714,44.79433],[-114.81240699999998,44.808346]]]},"properties":{"district_id":"US:16037","name":"Custer"}},
{"type":"Feature","geometry":{"type":"Polygon","coordinates":[[[-116.21387100000001,44.151387],[-116.27306900000002,44.151227],[-116.27402199999999,43.80736],[-116.282019,43.807365],[-116.159825,43.718603],[-115.98027700000002,43.585946],[-115.97571900000001,43.591438],[-115.935128,43.608236],[-115.929883,43.595567],[-115.897201,43.598803],[-115.87592699999999,43.591265],[-115.847213,43.607992],[-115.82931600000002,43.605645],[-115.80021500000001,43.627669],[-115.782024,43.64837],[-115.74453300000002,43.646465],[-115.721589,43.66391],[-115.690425,43.671903],[-115.65375200000001,43.701493],[-115.645802,43.70026],[-115.628011,43.733672],[-115.62754900000002,43.754907],[-115.61554899999999,43.780662],[-115.599296,43.7935],[-115.57886200000002,43.797193],[-115.547538,43.792667],[-115.52966699999999,43.816504],[-115.53708500000002,43.854062],[-115.500374,43.889902],[-115.470985,43.894029],[-115.425201,43.909395],[-115.390759,43.916074],[-115.373466,43.924352],[-115.355811,43.919426],[-115.28653400000002,43.935879],[-115.27594200000001,43.960692],[-115.25189800000001,43.995724],[-115.23424100000001,44.00682],[-115.21588999999999,44.032599],[-115.20985299999998,44.056278],[-115.19706700000002,44.068552],[-115.20727300000001,44.083298],[-115.181931,44.090533],[-115.164384,44.075854],[-115.14912400000001,44.04116400000001],[-115.147842,44.002842],[-115.13620899999998,43.983859],[-115.092575,43.960563],[-115.074481,43.944036],[-115.03128700000002,43.954019],[-114.990777,43.949723],[-114.967343,43.982088],[-114.98490000000001,43.988844],[-114.985997,44.01023300000001],[-115.03235300000001,44.019492],[-115.048135,44.037803],[-115.04772000000001,44.050655],[-115.02331800000002,44.078284],[-115.01071800000001,44.077188],[-114.99666300000001,44.096996],[-115.020525,44.098386],[-115.046725,44.11997100000001],[-115.02811999999999,44.127395],[-115.01714600000001,44.141349],[-115.02418099999998,44.155478],[-115.065768,44.164176],[-115.08236100000002,44.17616000000001],[-115.10919,44.17579],[-115.13046400000002,44.192208],[-115.14366900000002,44.190311],[-115.167684,44.20284],[-115.16276500000001,44.213706],[-115.174831,44.235464],[-115.15686799999999,44.245065],[-115.167514,44.25782900000001],[-115.168795,44.283057],[-115.17896399999998,44.296521],[-115.197919,44.282799],[-115.21267999999999,44.303959],[-115.240295,44.305321],[-115.28772,44.324685],[-115.29461400000001,44.339445],[-115.330885,44.351695],[-115.34922900000001,44.349281],[-115.35353700000002,44.303858],[-115.386173,44.289459],[-115.40140800000002,44.259623],[-115.416548,44.267013],[-115.457305,44.242953],[-115.506206,44.243285],[-115.52028700000001,44.235356],[-116.036908,44.235538],[-116.10307199999998,44.236409],[-116.106704,44.209525],[-116.120379,44.169709000000005],[-116.11249000000001,44.147839],[-116.15572200000001,44.151351],[-116.21387100000001,44.151387]]]},"properties":{"district_id":"US:16015","name":"Boise"}},
{"type":"Feature","geometry":{"type":"MultiPolygon","coordinates":[[[[-122.831083,48.572526],[-122.827316,48.55452],[-122.807686,48.531322],[-122.772207,48.552447],[-122.77095000000001,48.563089000000005],[-122.81087999999998,48.588879],[-122.831083,48.572526]]],[[[-122.945733,48.477767],[-122.944337,48.457907],[-122.92627300000001,48.460586],[-122.904407,48.44624100000001],[-122.8621,48.439619],[-122.879688,48.426372],[-122.85366799999998,48.419792],[-122.83904500000001,48.431735],[-122.823167,48.420726],[-122.80347,48.430172],[-122.819168,48.460243],[-122.81619699999999,48.487785],[-122.78469,48.510152],[-122.792962,48.525372],[-122.82869000000001,48.5233],[-122.850691,48.477605],[-122.873271,48.505959],[-122.85829700000001,48.542322],[-122.890859,48.558213],[-122.920296,48.550663],[-122.916053,48.522963],[-122.931978,48.517453],[-122.945733,48.477767]]],[[[-123.017432,48.590141],[-122.98082099999999,48.567965],[-122.987038,48.557079],[-122.966155,48.549111],[-122.921163,48.562302],[-122.903852,48.575691],[-122.91898300000001,48.587059],[-122.940872,48.586109],[-122.97989699999998,48.593246],[-123.017432,48.590141]]],[[[-123.030342,48.62989000000001],[-123.02796299999999,48.610849],[-123.000359,48.615139],[-122.983911,48.642147],[-122.9561,48.618469],[-122.947546,48.59721],[-122.92636599999999,48.591396],[-122.884155,48.588721],[-122.861877,48.612282],[-122.881386,48.637981],[-122.90975500000002,48.653924],[-122.90880400000002,48.670564],[-122.92021300000002,48.686101],[-122.89471400000001,48.694611],[-122.882422,48.68516],[-122.88329300000001,48.66034700000001],[-122.84819600000002,48.62204],[-122.82794599999998,48.615829],[-122.808804,48.619916],[-122.75479900000002,48.649403],[-122.741951,48.662251],[-122.79477700000001,48.678909],[-122.83726200000001,48.699908],[-122.87757900000001,48.712696],[-122.917134,48.713727000000006],[-122.94231700000002,48.702104],[-122.962409,48.683621],[-122.98435500000001,48.674797],[-123.010102,48.654963],[-123.030342,48.62989000000001]]],[[[-123.06793100000002,48.7003],[-123.03636000000002,48.69008],[-123.00508600000002,48.694342],[-123.009787,48.722291],[-123.06793100000002,48.7003]]],[[[-123.203309,48.595549],[-123.17108399999998,48.57575],[-123.17632900000001,48.562363],[-123.16146500000002,48.54824],[-123.16320800000001,48.530055],[-123.13298,48.498309],[-123.040611,48.461735],[-122.960975,48.451207],[-122.96015200000001,48.463814],[-122.986923,48.462624],[-123.005896,48.470909],[-123.01991899999999,48.49517],[-123.01635400000002,48.518634],[-122.99193600000001,48.514729],[-122.972046,48.52032500000001],[-122.96976900000001,48.536106],[-122.995201,48.535476],[-123.01635400000002,48.562066],[-123.035698,48.563751],[-123.07469900000001,48.59186],[-123.10049299999999,48.599018],[-123.105301,48.622643],[-123.156585,48.616777],[-123.17965700000002,48.622047],[-123.203309,48.595549]]],[[[-123.23606100000002,48.684988],[-123.219744,48.670718],[-123.18922400000001,48.660802],[-123.149139,48.669125],[-123.183205,48.684297],[-123.21587999999998,48.689925],[-123.23606100000002,48.684988]]]]},"properties":{"district_id":"US:53055","name":"San Juan"}},
{"type":"Feature","geometry":{"type":"MultiPolygon","coordinates":[[[[-122.590841,47.663261],[-122.57780200000002,47.643664],[-122.57684700000001,47.600391],[-122.53842,47.596072],[-122.522752,47.57542300000001],[-122.50392400000001,47.575336],[-122.483938,47.586418],[-122.498343,47.59786700000001],[-122.500357,47.617816],[-122.48913100000001,47.633184],[-122.50816400000001,47.643657],[-122.500697,47.659597],[-122.508709,47.670843],[-122.503823,47.694399],[-122.529852,47.704024],[-122.552848,47.720757],[-122.563896,47.71008],[-122.56463900000001,47.681886],[-122.590841,47.663261]]],[[[-122.55087704226402,47.4034356670423],[-122.53183800000001,47.430307],[-122.53230300000001,47.46921],[-122.49531500000002,47.51102],[-122.52110400000001,47.523318],[-122.54498000000001,47.522897],[-122.538352,47.563058],[-122.569437,47.582783],[-122.6063,47.54688],[-122.62,47.547954],[-122.68405600000001,47.527094],[-122.672285,47.546578],[-122.626369,47.560943],[-122.60256,47.574351],[-122.59171,47.594591],[-122.59814900000002,47.602618],[-122.59110099999998,47.635546],[-122.61783400000002,47.649823],[-122.613227,47.663638],[-122.618658,47.712116],[-122.593114,47.694315],[-122.549653,47.730927],[-122.53731799999998,47.74714],[-122.488491,47.743605],[-122.471844,47.749819],[-122.47140200000001,47.765965],[-122.50187999999999,47.790683],[-122.48252899999999,47.815511],[-122.50612199999999,47.831745],[-122.51445700000001,47.865965],[-122.512575,47.881786],[-122.52532899999999,47.912336],[-122.54907200000001,47.91907200000001],[-122.596228,47.92021],[-122.57309799999999,47.874081],[-122.573672,47.857582],[-122.608105,47.856728],[-122.623192,47.836199],[-122.652423,47.822039],[-122.684085,47.798574],[-122.689575,47.779061],[-122.71478599999999,47.767512],[-122.72268600000001,47.748827],[-122.748339,47.717931],[-122.744992,47.682769],[-122.752471,47.667811],[-122.808052,47.650412],[-122.831148,47.655267],[-122.85958800000002,47.638762],[-122.91710300000001,47.620743000000004],[-122.92281100000001,47.597908],[-122.96511800000002,47.585245],[-122.971298,47.571136],[-123.023718714396,47.5203065588983],[-122.939665,47.522512],[-122.801012,47.520406],[-122.801199,47.403578],[-122.55087704226402,47.4034356670423]]]]},"properties":{"district_id":"US:53035","name":"Kitsap"}},
{"type":"Feature","geometry":{"type":"Polygon","coordinates":[[[-122.785515,45.850536],[-122.795605,45.81],[-122.769532,45.780583],[-122.76145099999998,45.759163],[-122.762189526428,45.7285767375573],[-122.77451099999999,45.680437],[-122.76380999999999,45.657138],[-122.71330900000001,45.637438],[-122.675008,45.618039],[-122.64390700000001,45.609739],[-122.60260600000001,45.607639000000006],[-122.548149,45.596768],[-122.47465900000002,45.578305],[-122.43867400000002,45.563585],[-122.380302,45.575941],[-122.35280200000001,45.569441],[-122.33150200000001,45.548241],[-122.294901,45.543541],[-122.248911947664,45.5477731000169],[-122.249798,45.866633],[-122.24451500000002,45.866561],[-122.24615500000002,45.953905],[-122.245856,46.053853],[-122.26919899999999,46.059632],[-122.29444300000002,46.049191],[-122.311711,46.028794000000005],[-122.32500299999998,45.999832],[-122.332663,45.965064000000005],[-122.37515,45.960132],[-122.398515,45.972496],[-122.442208,45.975849],[-122.44644599999998,45.983182],[-122.478753,45.98793800000001],[-122.50639700000002,45.980326],[-122.52300500000001,45.984088],[-122.55742100000002,45.953845],[-122.578026,45.954696],[-122.61573,45.935702],[-122.669259,45.936991000000006],[-122.68926,45.929111],[-122.72091,45.931892],[-122.738996,45.915287],[-122.73419700000001,45.885759],[-122.743205,45.870121],[-122.785515,45.850536]]]},"properties":{"district_id":"US:53011","name":"Clark"}},
{"type":"Feature","geometry":{"type":"Polygon","coordinates":[[[-122.98189365667099,47.6066913870834],[-123.36759999999998,47.607432],[-123.37701,47.604615],[-123.50591699999998,47.604615],[-123.50591699999998,47.51771600000001],[-123.50502100000001,47.258535],[-123.49080500000001,47.258208],[-123.48894299999999,47.082646],[-123.36869800000001,47.082448],[-123.20189100000002,47.085059],[-123.07502600000001,47.084787],[-123.074736,47.104449],[-123.060583,47.114025],[-123.02135900000002,47.118094000000006],[-123.00243500000002,47.151302],[-122.95281900000002,47.170103],[-122.94704600000001,47.185641],[-122.911341,47.175956],[-122.903521,47.157533],[-122.87995,47.158333],[-122.85835458792899,47.1678396002367],[-122.839243,47.209698],[-122.85245799999998,47.22249],[-122.86838200000001,47.251376],[-122.86838200000001,47.280247],[-122.847467,47.297014],[-122.854359,47.30958600000001],[-122.83154200000001,47.314259],[-122.821559,47.346799],[-122.801055945852,47.3586110982229],[-122.801199,47.403578],[-122.801012,47.520406],[-122.939665,47.522512],[-123.023718714396,47.5203065588983],[-123.033807,47.494108000000004],[-123.058937,47.470776],[-123.09156699999998,47.433047],[-123.12023400000001,47.39149],[-123.105848,47.37236200000001],[-123.08564500000001,47.374771],[-123.02432400000001,47.361254],[-123.013153,47.378639],[-122.977495,47.39616],[-122.941136,47.403097],[-122.888371,47.424006000000006],[-122.890748,47.407601],[-122.911426,47.389099],[-122.926875,47.38926000000001],[-122.98391900000001,47.374615],[-123.03026599999998,47.350949],[-123.07043400000002,47.349661],[-123.10560299999999,47.356696],[-123.10986800000002,47.342395],[-123.14040399999999,47.341796],[-123.15958000000002,47.354391],[-123.14748999999999,47.375232],[-123.141463,47.403627],[-123.101305,47.463387],[-123.057409,47.500788],[-123.048615,47.529202],[-123.03085100000001,47.539991],[-123.021995,47.556477],[-122.98189365667099,47.6066913870834]]]},"properties":{"district_id":"US:53045","name":"Mason"}},
{"type":"Feature","geometry":{"type":"MultiPolygon","coordinates":[[[[-122.66963500000001,47.276474],[-122.668571,47.270447],[-122.602539,47.217506],[-122.58886000000001,47.237137],[-122.649536,47.275208],[-122.66963500000001,47.276474]]],[[[-122.692704406404,47.101315725262],[-122.70811199999999,47.077608],[-122.677316,47.043278],[-122.67161100000001,47.01485000000001],[-122.630302,46.998339],[-122.63739599999998,46.977097],[-122.611602,46.967213],[-122.577785,46.975868],[-122.566199,46.939829],[-122.497796,46.908843],[-122.49088799999998,46.867452],[-122.46661599999999,46.86599],[-122.45174,46.852648],[-122.41131900000002,46.846114],[-122.37119,46.845408],[-122.318576,46.828363],[-122.30357600000002,46.828117],[-122.302473,46.809020000000004],[-122.312522,46.795966],[-122.269624,46.766796],[-122.236099,46.77293100000001],[-122.20311500000001,46.763061],[-122.17787699999998,46.755202],[-122.12902999999999,46.754663],[-122.11556000000002,46.748901],[-122.082298,46.75222000000001],[-122.023265,46.742322],[-122.008101,46.752567000000006],[-121.973969,46.745772],[-121.952922,46.754672],[-121.931452,46.740733],[-121.871389,46.730175],[-121.83327300000002,46.729569],[-121.817399,46.747287],[-121.77637,46.776586],[-121.758799,46.783571],[-121.455218,46.783797],[-121.44252599999999,46.79298800000001],[-121.474376,46.820394],[-121.49734500000001,46.862866],[-121.52307,46.872783],[-121.49698600000002,46.908342],[-121.47537600000001,46.913272],[-121.44946400000002,46.934353],[-121.455078,46.964781],[-121.44632700000001,46.979709],[-121.40645700000002,46.998744],[-121.39474,47.023271],[-121.39980100000001,47.033464],[-121.37411499999999,47.057005],[-121.37996100000001,47.087248],[-121.454736,47.089353],[-121.49056299999998,47.116775],[-121.531511,47.124579],[-121.581964,47.118658],[-121.594461,47.122228],[-121.611469,47.142991],[-121.630993,47.153513],[-121.664516,47.159564],[-121.684173,47.149785],[-121.71987100000001,47.15125],[-121.742484,47.164231],[-121.795804,47.173226],[-121.83910799999998,47.143533],[-121.86654699999998,47.152633],[-121.901538,47.155742],[-121.92789200000001,47.147705],[-121.99144599999998,47.16323700000001],[-122.012724,47.17605],[-122.048073,47.171396],[-122.065883,47.187132],[-122.10047600000001,47.199962],[-122.115889,47.216246],[-122.115911,47.231297],[-122.14397600000001,47.257526],[-122.33491999999998,47.257594],[-122.33482999999998,47.26311],[-122.41787816103799,47.3203341350021],[-122.434617,47.307491],[-122.409199,47.288556],[-122.421307,47.27024900000001],[-122.44032099999998,47.262023],[-122.533338,47.31662],[-122.533016,47.276377],[-122.563915,47.243471],[-122.567242,47.221844],[-122.58051699999999,47.21041600000001],[-122.592912,47.175819],[-122.61375100000001,47.169555],[-122.62618699999999,47.14188000000001],[-122.658036,47.127166],[-122.676479,47.102096],[-122.692704406404,47.101315725262]]],[[[-122.72686800000001,47.207394],[-122.71526900000002,47.199014],[-122.677716,47.1911],[-122.64239499999998,47.200848],[-122.648719,47.215645],[-122.679871,47.231186],[-122.704573,47.23098],[-122.72686800000001,47.207394]]],[[[-122.741737,47.155045],[-122.711998,47.127682],[-122.69482900000001,47.143755],[-122.67549800000002,47.14196400000001],[-122.673927,47.17467500000001],[-122.695779,47.189001],[-122.72389200000002,47.17646],[-122.72715300000002,47.160727],[-122.741737,47.155045]]],[[[-122.801055945852,47.3586110982229],[-122.789048,47.338417],[-122.794931,47.319250000000004],[-122.787059,47.299677],[-122.81528,47.275126],[-122.832799,47.243412],[-122.807299,47.222167],[-122.806469,47.210587],[-122.77161900000002,47.167109],[-122.752157,47.172416],[-122.74977999999999,47.19924],[-122.719833,47.220876],[-122.722209,47.2446],[-122.745977,47.26041],[-122.757386,47.2767],[-122.730245,47.333317],[-122.683943,47.365155],[-122.62785000000001,47.382378],[-122.63807100000001,47.362579],[-122.67134600000001,47.341324],[-122.690213,47.307437],[-122.69737800000001,47.283969],[-122.67134600000001,47.286213],[-122.63070300000001,47.277183],[-122.585826,47.253852],[-122.565578,47.265411],[-122.547521,47.285344],[-122.573739,47.318419],[-122.538483,47.37594],[-122.55087704226402,47.4034356670423],[-122.801199,47.403578],[-122.801055945852,47.3586110982229]]]]},"properties":{"district_id":"US:53053","name":"Pierce"}},
{"type":"Feature","geometry":{"type":"Polygon","coordinates":[[[-118.21024300000002,46.73883300000001],[-118.24920300000001,46.732579],[-118.21751499999999,46.679145],[-118.23073199999999,46.656437],[-118.216474,46.633303],[-118.199796,46.624186],[-118.198397,46.610544],[-118.21566000000001,46.588924],[-118.172552,46.556947],[-118.118448,46.55678300000001],[-118.092895,46.574529],[-118.06909500000002,46.574675],[-118.03515599999999,46.58516000000001],[-117.98525500000001,46.586869],[-117.95345300000001,46.59207],[-117.909049,46.58477100000001],[-117.88185700000001,46.592193],[-117.878246,46.608872],[-117.85185000000001,46.62467],[-117.800714,46.625645],[-117.77246800000002,46.64538000000001],[-117.760331,46.675543],[-117.740868,46.694583],[-117.68748,46.702594],[-117.648253,46.699805],[-117.62629400000002,46.679197],[-117.59779200000001,46.672543],[-117.549625,46.680299],[-117.517164,46.676964],[-117.49000400000001,46.695375],[-117.464769,46.699626],[-117.43273899999998,46.659453],[-117.39302800000002,46.654019],[-117.38520399999999,46.647928],[-117.38274200000001,46.614684],[-117.359074,46.602268],[-117.33753700000001,46.581972],[-117.311447,46.580766],[-117.25352800000002,46.544258],[-117.23133700000001,46.500584],[-117.23876500000001,46.481187000000006],[-117.22812,46.462245],[-117.20653199999998,46.448874],[-117.21450599999999,46.432238],[-117.19985999999999,46.420177],[-117.151591,46.430561],[-117.08615400000001,46.417354],[-117.057915,46.429733],[-117.03981207463,46.4259041232579],[-117.039656800448,46.5417092336369],[-117.039398,46.70018600000001],[-117.03970411438802,46.9123768731441],[-117.039821054109,47.1272689624222],[-117.040019,47.259272],[-117.473284,47.259524],[-117.823629,47.26022],[-117.96093,47.260568],[-117.95955400000001,47.060981],[-117.95933500000001,46.914811],[-117.96709899999999,46.914831],[-117.97090699999998,46.867216],[-118.00412,46.848372],[-117.99222600000002,46.838065],[-117.997524,46.822544],[-118.019881,46.812154],[-118.012442,46.790780000000005],[-118.03586100000001,46.785017],[-118.047978,46.768224],[-118.09540000000001,46.778986],[-118.126095,46.761389],[-118.15607000000001,46.759353],[-118.16305,46.746539],[-118.189921,46.751467],[-118.21024300000002,46.73883300000001]]]},"properties":{"district_id":"US:53075","name":"Whitman"}},
{"type":"Feature","geometry":{"type":"Polygon","coordinates":[[[-118.83661403480602,49.0003077591428],[-118.837006,48.653869],[-118.86963299999998,48.653826],[-118.86953000000001,48.481881],[-118.84388800000002,48.481684],[-118.84559100000001,48.183921],[-118.845785,47.96347800000001],[-118.85196,47.957906],[-118.833036,47.950467],[-118.829403,47.933139],[-118.81187700000001,47.92028500000001],[-118.78321600000001,47.915716],[-118.73032500000001,47.900169],[-118.71168200000001,47.903347000000004],[-118.707625,47.933579],[-118.688394,47.942718],[-118.66195300000001,47.937407],[-118.651995,47.927108],[-118.57039599999999,47.932318],[-118.533498,47.914877],[-118.54409,47.883973],[-118.531297,47.87487800000001],[-118.45697800000002,47.874879],[-118.45616500000001,47.85447400000001],[-118.44582,47.845496],[-118.392659,47.830684],[-118.35706500000002,47.841599],[-118.34991099999999,47.882572],[-118.34093799999998,47.894316],[-118.356089,47.929317],[-118.34873999999999,47.971782],[-118.370645,47.985569],[-118.37535400000002,47.999882],[-118.401107,48.022882],[-118.396607,48.031682],[-118.358905,48.049427],[-118.31610000000002,48.041648],[-118.275476,48.040567],[-118.25789200000001,48.059778],[-118.233198,48.065285],[-118.23109800000002,48.088285],[-118.2511,48.110786],[-118.25439199999998,48.12853],[-118.24260300000002,48.135476],[-118.20749900000001,48.138287],[-118.19129799999999,48.158588],[-118.19490000000002,48.212489],[-118.154498,48.237891],[-118.14000199999998,48.268327],[-118.15450000000001,48.295892],[-118.175602,48.319492],[-118.18020300000002,48.363694],[-118.189704,48.391494],[-118.20350500000002,48.409694],[-118.20290599999998,48.442195],[-118.212007,48.449995],[-118.206507,48.470296],[-118.189206,48.481597],[-118.179119,48.516801],[-118.147049,48.521657],[-118.13792399999998,48.565532],[-118.12544500000001,48.584515],[-118.12844499999999,48.604818],[-118.10496,48.65350300000001],[-118.12095600000002,48.70227],[-118.11934499999998,48.718869],[-118.13364,48.757412],[-118.13277,48.77693500000001],[-118.157404,48.790971000000006],[-118.16092299999998,48.808958],[-118.179317,48.837639],[-118.195508,48.840725],[-118.198481,48.86727],[-118.21448299999999,48.888161],[-118.20116999999999,48.914818],[-118.221669,48.937098],[-118.20724,48.963082],[-118.21778900000001,48.97347],[-118.219029,48.994964],[-118.19737505245901,49.0004067514245],[-118.503734044183,49.0003593087991],[-118.83661403480602,49.0003077591428]]]},"properties":{"district_id":"US:53019","name":"Ferry"}},
{"type":"Feature","geometry":{"type":"Polygon","coordinates":[[[-113.085517,45.860648],[-113.024696,45.829739],[-113.000827,45.808253],[-112.942706,45.799426],[-112.933674,45.802628],[-112.900814,45.78026],[-112.884734,45.789258],[-112.866371,45.77726],[-112.823566,45.774252],[-112.799207,45.75876],[-112.759339,45.748209],[-112.74775400000001,45.72942100000001],[-112.753649,45.71146],[-112.73628500000001,45.704386],[-112.736315,45.686198],[-112.701192,45.67654],[-112.692273,45.656407],[-112.696719,45.633615],[-112.687054,45.624854],[-112.60066,45.661264],[-112.577565,45.678144],[-112.549953,45.684158],[-112.524096,45.707611],[-112.525706,45.727652],[-112.515453,45.746702],[-112.485311,45.759007],[-112.46181600000001,45.742584],[-112.190269,45.748503],[-112.214605,45.765553],[-112.262129,45.775355],[-112.26684,45.786311],[-112.401441,45.831851],[-112.426464,45.843725],[-112.430512,45.853859],[-112.404349,45.888049],[-112.431317,45.929522],[-112.429902,45.958362],[-112.438258,45.967658],[-112.444645,46.002035],[-112.435848,46.014276],[-112.441988,46.029479],[-112.476952,46.051715],[-112.461793,46.07575],[-112.466304,46.092727],[-112.500875,46.11216],[-112.520093,46.137265],[-112.517036,46.165867],[-112.505139,46.183298],[-112.526201,46.184928],[-112.545226,46.175001],[-112.577106,46.178981],[-112.61522700000002,46.165391],[-112.640138,46.17434],[-112.656229,46.152864],[-112.681004,46.135672],[-112.77712,46.135826],[-112.777717,46.048313],[-112.852763,46.048434],[-112.870103,46.028215],[-112.868124,46.010334],[-112.884016,45.998117],[-112.921975,46.004276],[-112.939033,45.993016],[-112.938401,45.968412],[-112.92400200000002,45.933866],[-112.96021,45.922587],[-112.965254,45.90554],[-113.013564,45.88391500000001],[-113.024083,45.871393],[-113.06077700000002,45.869716],[-113.085517,45.860648]]]},"properties":{"district_id":"US:30093","name":"Silver Bow"}},
{"type":"Feature","geometry":{"type":"Polygon","coordinates":[[[-106.1120637647,48.9992794389196],[-106.11200300000002,48.910647],[-106.15193,48.910637],[-106.151908,48.823927],[-106.021251,48.823975],[-106.021035,48.566848],[-106.01982,48.563221],[-105.804436,48.563358],[-105.431738,48.563141],[-104.973354,48.56319],[-104.973283,48.65006],[-105.038548,48.650099],[-105.03817100000002,48.910512],[-105.057742,48.910522],[-105.057634998852,48.9992288786173],[-105.355888,48.999357],[-105.834181,48.99970700000001],[-106.1120637647,48.9992794389196]]]},"properties":{"district_id":"US:30019","name":"Daniels"}},
{"type":"Feature","geometry":{"type":"Polygon","coordinates":[[[-122.867891,45.317345],[-122.86807300000001,45.259695],[-122.849925,45.259697],[-122.834576,45.274058],[-122.78490000000001,45.274069],[-122.784756,45.259562],[-122.73898800000002,45.259532],[-122.75194799999998,45.242542],[-122.74539899999999,45.215953],[-122.75688300000002,45.172802],[-122.782884,45.14385200000001],[-122.78549300000002,45.127566],[-122.74631700000002,45.102757],[-122.69464,45.054055],[-122.669637,45.046532],[-122.658507,45.035877],[-122.59552000000001,45.01962],[-122.59247200000001,44.988875],[-122.567385,44.982564],[-122.55975700000002,44.965195],[-122.52966000000002,44.935035],[-122.499167,44.917781],[-122.48619,44.922659],[-122.45850000000002,44.915212],[-122.441487,44.903958],[-122.39955399999998,44.904077],[-122.40102100000001,44.88572],[-122.257482,44.88572],[-121.73422299999999,44.88572],[-121.71559200000002,44.900018],[-121.747297,44.914636],[-121.76256000000001,44.941233],[-121.77976999999998,44.935153],[-121.800131,44.976452],[-121.805667,45.00612400000001],[-121.770738,45.039837],[-121.737791,45.033616],[-121.710813,45.055912],[-121.68327699999999,45.068012],[-121.65871,45.066355],[-121.65263799999998,45.101992],[-121.66702100000002,45.120519],[-121.70805000000001,45.134055],[-121.712219,45.153424],[-121.72399899999999,45.158354],[-121.74864900000001,45.1918],[-121.748245,45.2051],[-121.71559200000002,45.210941],[-121.68626199999999,45.233301],[-121.680898,45.250581],[-121.69647900000001,45.25792],[-121.679081,45.297177],[-121.70456700000001,45.339223],[-121.700473,45.378531],[-121.72419,45.393648],[-121.776204,45.402672],[-121.806952,45.435405],[-121.806845,45.454649],[-121.819587,45.461675],[-121.821956,45.460226],[-122.085981,45.46058],[-122.41445700000001,45.461579],[-122.64158000000002,45.461482],[-122.66097900000001,45.457819],[-122.648725,45.432718],[-122.74372100000001,45.433294],[-122.74374100000001,45.332067],[-122.80547,45.331772],[-122.807188,45.346276],[-122.84649400000002,45.34595],[-122.84650300000001,45.317192],[-122.867891,45.317345]]]},"properties":{"district_id":"US:41005","name":"Clackamas"}},
{"type":"Feature","geometry":{"type":"Polygon","coordinates":[[[-117.97298000000002,45.860595],[-117.97294799999999,45.81689600000001],[-118.045003,45.817073],[-118.045102,45.773538],[-118.066506,45.77346],[-118.066383,45.68839500000001],[-118.11719400000001,45.688607],[-118.11836000000001,45.514664],[-118.116461,45.470732],[-118.19795500000001,45.4704],[-118.197876,45.427204],[-118.26761400000001,45.429103],[-118.36632599999999,45.428951],[-118.404849,45.44255],[-118.40480599999998,45.429013000000005],[-118.42853900000001,45.428951],[-118.42832899999999,45.35519],[-118.613107,45.354951],[-118.613243,45.339884],[-118.65626600000002,45.340337],[-118.69776599999999,45.345647],[-118.69698599999998,45.257715],[-118.656102,45.257729],[-118.655992,45.196928],[-118.54663199999999,45.196898],[-118.54765200000001,45.080753],[-118.518687,45.08069],[-118.518689,44.995877],[-118.468871,44.995176],[-118.43735100000002,44.984781],[-118.43610000000001,44.96242],[-118.405273,44.975031],[-118.34662000000002,44.986988],[-118.28630400000002,44.965046],[-118.27600600000001,44.957896],[-118.244662,44.958396],[-118.213869,44.989174],[-118.21246000000001,45.005306],[-118.19490099999999,45.017329],[-118.161428,45.015658],[-118.14236700000001,45.027725],[-118.13035099999999,45.045024],[-118.09213000000001,45.041238],[-118.06955,45.016873000000004],[-118.00333,44.99484],[-117.96878900000002,44.995881],[-117.906142,45.030232],[-117.885361,45.056709],[-117.84343,45.058477],[-117.818062,45.025909],[-117.793418,45.025795],[-117.781825,45.013583],[-117.77750400000001,44.992161],[-117.56403300000001,44.992866],[-117.56348600000001,45.079446],[-117.266005,45.08057],[-117.26600600000002,45.166539],[-117.476684,45.166539],[-117.476762,45.209973],[-117.520941,45.209768],[-117.522249,45.267731],[-117.542216,45.267424],[-117.54205800000001,45.295956],[-117.56196900000002,45.295879000000006],[-117.562208,45.310219000000004],[-117.582166,45.310184],[-117.58234400000002,45.338096],[-117.643494,45.33687],[-117.643485,45.365322],[-117.663391,45.365749],[-117.66414600000002,45.428344],[-117.68379,45.428365],[-117.68398600000002,45.51523],[-117.727235,45.51478],[-117.727225,45.61699],[-117.745959,45.616635],[-117.74613699999999,45.660736],[-117.767063,45.660227],[-117.766865,45.689605],[-117.787623,45.689567000000004],[-117.788395,45.773515],[-117.74765,45.773625],[-117.747327,45.861072],[-117.97298000000002,45.860595]]]},"properties":{"district_id":"US:41061","name":"Union"}},
{"type":"Feature","geometry":{"type":"Polygon","coordinates":[[[-109.798673,45.167339],[-109.798485808248,45.0022542953343],[-109.598057,45.002886],[-109.301424,45.005323],[-109.103228,45.005815],[-109.082849,44.999551],[-108.621312796749,45.000250837427],[-108.514987,44.999682],[-108.249411984913,44.9999033618024],[-108.256949,45.006491],[-108.249798,45.031645000000005],[-108.22020200000001,45.078342],[-108.21751800000001,45.09411500000001],[-108.18913,45.099679],[-108.181629,45.124464],[-108.169872,45.132748],[-108.174051,45.158217],[-108.151694,45.169477],[-108.13645,45.20463500000001],[-108.122184,45.216317],[-108.098054,45.220517],[-108.699616,45.217709],[-108.69962,45.348946],[-108.685733,45.391854],[-108.682223,45.433132],[-108.645325,45.464073],[-108.698102,45.464072],[-108.699283,45.522629],[-108.760308,45.522831],[-108.760831,45.55183],[-108.801761,45.55196500000001],[-108.802373,45.587518],[-108.781945,45.615657],[-108.782,45.638639],[-108.797787,45.635238],[-108.843016,45.611042],[-108.860998,45.613514],[-108.89137,45.602532],[-108.93384400000001,45.602855],[-108.977944,45.616399],[-109.028807,45.601347],[-109.03975,45.590937],[-109.068498,45.583241],[-109.128412,45.586737],[-109.128225,45.523025],[-109.191551,45.523095],[-109.191761,45.464504],[-109.356417,45.464326],[-109.356454,45.449843],[-109.418352,45.449762],[-109.41831,45.435298],[-109.438586,45.435272],[-109.438524,45.420771],[-109.479697,45.420834],[-109.479707,45.40636],[-109.500318,45.406327],[-109.500319,45.391845],[-109.52088400000001,45.391852],[-109.520873,45.377362],[-109.54139,45.377353],[-109.541381,45.362873],[-109.561924,45.362843],[-109.567657,45.333898],[-109.588222,45.333905],[-109.588185,45.304874],[-109.608831,45.304832],[-109.608504,45.261445],[-109.687857,45.26144],[-109.687792,45.167339],[-109.798673,45.167339]]]},"properties":{"district_id":"US:30009","name":"Carbon"}},
{"type":"Feature","geometry":{"type":"Polygon","coordinates":[[[-122.927672823873,48.0652978847518],[-122.916303,48.09542],[-122.94611900000001,48.098552],[-122.97941300000001,48.09594],[-123.021548,48.084075],[-123.00704999999999,48.069836],[-123.01041999999998,48.054373],[-122.996116,48.027532],[-123.02063100000001,48.032712],[-123.046246,48.072018],[-123.040578,48.084306],[-123.06621,48.120469],[-123.085154,48.127137],[-123.11176400000001,48.148377],[-123.16439999999999,48.165894],[-123.21719,48.127203],[-123.239129,48.118217],[-123.26891700000002,48.116094],[-123.288265,48.121036],[-123.314578,48.11372500000001],[-123.353808,48.11780100000001],[-123.37435199999999,48.114084],[-123.424668,48.118065],[-123.46205900000001,48.134708],[-123.50723499999998,48.131807],[-123.551131,48.151382],[-123.590839,48.134949],[-123.636301,48.142444],[-123.64269500000002,48.154056],[-123.70945899999998,48.167581000000006],[-123.77812199999998,48.155466],[-123.866677,48.154796],[-123.88653999999998,48.161011],[-123.973566,48.164346],[-124.05073399999999,48.177747],[-124.07522800000001,48.19073],[-124.10774700000002,48.200097],[-124.10177300000001,48.216883],[-124.130691,48.220645],[-124.192692,48.246316],[-124.250882,48.264773],[-124.264849,48.254568],[-124.295886,48.25865],[-124.29914599999998,48.268239],[-124.339043,48.27597],[-124.361351,48.287582],[-124.38087400000002,48.284699],[-124.41400699999998,48.30088700000001],[-124.525453,48.349022000000005],[-124.53882100000001,48.349893],[-124.564841,48.367921],[-124.59073300000001,48.373604],[-124.61029,48.366723],[-124.63938900000001,48.385524],[-124.659414,48.390887],[-124.71694700000002,48.389776],[-124.73182800000001,48.381157],[-124.687682,48.338773],[-124.65894000000002,48.331057],[-124.665908,48.299324],[-124.68634699999998,48.287392],[-124.684677,48.255228],[-124.70592,48.239894],[-124.6909,48.212617],[-124.70415300000002,48.184422],[-124.73174600000002,48.169997],[-124.691806,48.108212],[-124.688602,48.092466],[-124.696542,48.069274],[-124.685393,48.049238],[-124.67798199999999,47.992325],[-124.66162800000001,47.946554],[-124.645442,47.935338],[-124.641426,47.907853],[-124.61076310088698,47.8806070165746],[-124.438456,47.88313],[-124.27028500000002,47.881612],[-123.925999,47.881372],[-123.50591699999998,47.881080000000004],[-123.50591699999998,47.866897],[-123.157405,47.866875],[-122.949167,47.866822],[-122.95125300000001,47.925138000000004],[-122.94918,48.06515],[-122.927672823873,48.0652978847518]]]},"properties":{"district_id":"US:53009","name":"Clallam"}},
{"type":"Feature","geometry":{"type":"Polygon","coordinates":[[[-120.851560900318,49.0002800800193],[-120.86565600000002,48.979833],[-120.88257500000002,48.968523],[-120.848979,48.955911],[-120.83543600000002,48.939307],[-120.82009400000001,48.941143],[-120.79207200000002,48.959406],[-120.768515,48.95449],[-120.75404699999999,48.936262],[-120.770362,48.927404],[-120.762704,48.899518],[-120.766947,48.876412],[-120.73528100000001,48.864374],[-120.74239900000002,48.822069],[-120.735427,48.786487],[-120.709918,48.771814],[-120.69147600000001,48.747917],[-120.65598000000001,48.724897],[-120.67819500000002,48.717826],[-120.678089,48.696197],[-120.703388,48.696919],[-120.718663,48.674492],[-120.751904,48.657002],[-120.78830700000002,48.625115],[-120.78365900000001,48.601864],[-120.760458,48.582761],[-120.73066000000001,48.582304],[-120.722585,48.596143000000005],[-120.68851500000001,48.575705],[-120.70867600000001,48.541802],[-120.70206899999998,48.531589],[-120.652283,48.536939],[-120.6572,48.50731],[-120.63786600000002,48.473519],[-120.654769,48.453175],[-120.64993300000002,48.398139],[-120.62110100000001,48.398772],[-120.59950799999999,48.385704],[-120.567334,48.375518],[-120.56020600000001,48.361048],[-120.58598700000002,48.336808],[-120.583166,48.319128000000006],[-120.54720100000002,48.306714],[-120.50821200000001,48.310344],[-120.498826,48.295073],[-120.46912399999998,48.26898],[-120.421026,48.249518],[-120.392289,48.242694],[-120.38290100000002,48.219851],[-120.357403,48.219423],[-120.34628400000001,48.199986],[-120.361004,48.172508],[-120.361288,48.15756900000001],[-120.31961000000001,48.124424],[-120.29861400000001,48.129728],[-120.258571,48.110426],[-120.225107,48.084725],[-120.15632199999999,48.065883],[-120.14639099999998,48.037343],[-120.121789,48.032182],[-120.08314099999998,48.010881],[-120.081053,47.993029],[-120.063785,47.981466],[-120.069856,47.971025],[-120.048646,47.960628],[-119.87059499999998,47.960455],[-119.88393499999998,47.972957],[-119.86708399999999,48.007051],[-119.86920400000001,48.018316],[-119.89535000000001,48.050044],[-119.884017,48.05908],[-119.81092999999998,48.086719],[-119.77679799999999,48.089013],[-119.773439,48.104467],[-119.749852,48.103057],[-119.72506500000001,48.083761],[-119.70087500000001,48.084023],[-119.683716,48.093026],[-119.67046599999999,48.067921],[-119.693712,48.032056],[-119.658403,48.002565],[-119.620724,47.996782],[-119.595103,48.020856],[-119.517571,48.062615],[-119.500994,48.082429],[-119.43625700000001,48.076688000000004],[-119.40223300000001,48.050418],[-119.34352300000002,48.04943200000001],[-119.327934,48.070274000000005],[-119.327521,48.09665600000001],[-119.29858500000002,48.115485],[-119.252553,48.102586],[-119.20018600000002,48.125197],[-119.177023,48.128286],[-119.15098299999998,48.146067],[-119.126521,48.150555000000004],[-119.10508399999999,48.139451],[-119.05841400000001,48.137493],[-119.029537,48.114193],[-119.01879399999999,48.069784],[-119.00472499999998,48.044278],[-118.97885700000002,48.036873],[-118.95078199999999,48.018884],[-118.965943,47.982981],[-118.982234,47.962025],[-118.97350400000002,47.943414],[-118.95705099999999,47.940857],[-118.900627,47.947941],[-118.85196,47.957906],[-118.845785,47.96347800000001],[-118.84559100000001,48.183921],[-118.84388800000002,48.481684],[-118.86953000000001,48.481881],[-118.86963299999998,48.653826],[-118.837006,48.653869],[-118.83661403480602,49.0003077591428],[-119.13210200000002,49.000262],[-119.42867800000002,49.000253],[-119.876195,49.000448],[-120.001199,48.999418],[-120.37621599999999,49.000705],[-120.716604,49.000188],[-120.851560900318,49.0002800800193]]]},"properties":{"district_id":"US:53047","name":"Okanogan"}},
{"type":"Feature","geometry":{"type":"Polygon","coordinates":[[[-121.11356899999998,47.597288],[-121.17225,47.590054],[-121.18220400000001,47.565184],[-121.21703900000001,47.569752],[-121.23306000000001,47.560442],[-121.235394,47.544649],[-121.263363,47.523424],[-121.28553400000001,47.517034],[-121.303135,47.486023],[-121.338706,47.476377],[-121.37912000000001,47.454411],[-121.385108,47.43449],[-121.42744799999998,47.420617],[-121.440121,47.374898],[-121.46589100000001,47.366596],[-121.464234,47.354416],[-121.430372,47.334085],[-121.444362,47.308247],[-121.432837,47.29417],[-121.38483600000002,47.285133],[-121.34120299999998,47.281261],[-121.33976700000001,47.24719900000001],[-121.35947800000001,47.241108],[-121.36513799999999,47.224563],[-121.31760000000001,47.212131],[-121.306297,47.187711],[-121.317769,47.172976],[-121.29781900000002,47.148851],[-121.303355,47.138942],[-121.33490599999999,47.132701],[-121.364677,47.141759],[-121.393968,47.132762],[-121.408081,47.1181],[-121.399761,47.10171600000001],[-121.379682,47.087495],[-121.347136,47.078739],[-121.311259,47.076915],[-121.280716,47.088731],[-121.22240600000002,47.066851],[-121.210159,47.0535],[-121.165569,47.035496],[-121.13576500000002,47.017233],[-121.123715,47.000063],[-121.09005400000001,46.991007],[-121.08995700000001,46.969295],[-121.06885000000001,46.958465],[-121.042442,46.922140000000006],[-121.02662,46.911308000000005],[-120.81429099999998,46.910973],[-120.634562,46.91213],[-120.63398100000002,46.825776],[-120.50860500000002,46.824862],[-120.51,46.737946],[-120.38216699999998,46.737528],[-119.973036,46.737126],[-119.96997499999999,46.754973],[-119.943054,46.774702],[-119.92743600000001,46.798445],[-119.927537,46.817092],[-119.96494299999999,46.858804],[-119.963191,46.918817],[-119.96580400000002,46.943283],[-120.001122,46.993641],[-120.01116500000002,47.039353],[-120.03296600000002,47.054253],[-120.042866,47.073453],[-120.02756599999998,47.105253],[-120.00206500000002,47.126153],[-120.001065,47.145477],[-120.01058500000002,47.161275],[-120.00369200000002,47.184381],[-120.007074,47.220133],[-120.019088,47.226645],[-120.07759400000002,47.226981],[-120.092209,47.242332],[-120.09446000000001,47.262159],[-120.389197,47.260935],[-120.406037,47.274068],[-120.42623399999998,47.274211],[-120.44922600000001,47.293917],[-120.497585,47.317582],[-120.515329,47.320148],[-120.557277,47.306567],[-120.57031799999999,47.310837],[-120.57897100000001,47.337381],[-120.61912500000001,47.345396],[-120.66444800000001,47.34334],[-120.70050400000001,47.365311],[-120.72289999999998,47.372447],[-120.726398,47.387391],[-120.78218599999998,47.399407],[-120.80253300000001,47.422626],[-120.828881,47.42377],[-120.843586,47.411651],[-120.87191700000001,47.415289],[-120.89157099999998,47.427749],[-120.92418300000001,47.433516],[-120.93063200000002,47.457744],[-120.95821600000001,47.48327400000001],[-120.983159,47.492888],[-120.99657800000001,47.518545],[-121.02345800000002,47.523759],[-121.07523000000002,47.551101],[-121.09620600000001,47.589397],[-121.11356899999998,47.597288]]]},"properties":{"district_id":"US:53037","name":"Kittitas"}},
{"type":"Feature","geometry":{"type":"Polygon","coordinates":[[[-121.00165799999999,48.296009],[-121.01126300000001,48.278191],[-120.959848,48.227769],[-120.964769,48.211328],[-120.920588,48.187311],[-120.907425,48.163184],[-120.948421,48.155032],[-120.96561900000002,48.140333],[-120.95262800000002,48.117223],[-120.972481,48.108534],[-120.98045,48.095189],[-121.015942,48.074795],[-121.03621700000001,48.076838],[-121.11597600000002,48.057963],[-121.130519,48.04518],[-121.15326000000002,48.039693],[-121.129221,48.019826],[-121.11818300000002,47.997103],[-121.164968,47.954505],[-121.171361,47.913296],[-121.18077600000001,47.898769],[-121.158264,47.876644],[-121.134343,47.843044],[-121.106932,47.828974],[-121.080222,47.834123],[-121.07068500000001,47.82661600000001],[-121.092571,47.800725],[-121.119179,47.779933],[-121.07899499999999,47.73919000000001],[-121.088296,47.70314100000001],[-121.12882400000001,47.676181],[-121.123179,47.663326],[-121.13369700000001,47.645605],[-121.113738,47.618],[-121.11356899999998,47.597288],[-121.09620600000001,47.589397],[-121.07523000000002,47.551101],[-121.02345800000002,47.523759],[-120.99657800000001,47.518545],[-120.983159,47.492888],[-120.95821600000001,47.48327400000001],[-120.93063200000002,47.457744],[-120.92418300000001,47.433516],[-120.89157099999998,47.427749],[-120.87191700000001,47.415289],[-120.843586,47.411651],[-120.828881,47.42377],[-120.80253300000001,47.422626],[-120.78218599999998,47.399407],[-120.726398,47.387391],[-120.72289999999998,47.372447],[-120.70050400000001,47.365311],[-120.66444800000001,47.34334],[-120.61912500000001,47.345396],[-120.57897100000001,47.337381],[-120.57031799999999,47.310837],[-120.557277,47.306567],[-120.515329,47.320148],[-120.497585,47.317582],[-120.44922600000001,47.293917],[-120.42623399999998,47.274211],[-120.406037,47.274068],[-120.389197,47.260935],[-120.09446000000001,47.262159],[-120.086046,47.300299],[-120.090305,47.319245],[-120.083274,47.33369],[-120.129973,47.366251],[-120.165577,47.367706],[-120.201613,47.376503],[-120.253081,47.381635],[-120.28653,47.393111],[-120.308941,47.433267],[-120.318084,47.457748],[-120.30293100000002,47.520059],[-120.292814,47.538172],[-120.25943800000002,47.55849],[-120.23358400000001,47.59763],[-120.23693499999999,47.631779],[-120.216776,47.66368],[-120.199048,47.682276],[-120.205219,47.702059],[-120.222858,47.723314],[-120.207717,47.750058],[-120.19140500000002,47.759504],[-120.130914,47.776601],[-120.09363700000002,47.763524],[-119.992679,47.78315],[-119.96468400000002,47.826193],[-119.96012700000001,47.845806],[-119.91929400000001,47.862323],[-119.90842800000001,47.879405],[-119.915059,47.901372],[-119.85973400000002,47.941942],[-119.87059499999998,47.960455],[-120.048646,47.960628],[-120.069856,47.971025],[-120.063785,47.981466],[-120.081053,47.993029],[-120.08314099999998,48.010881],[-120.121789,48.032182],[-120.14639099999998,48.037343],[-120.15632199999999,48.065883],[-120.225107,48.084725],[-120.258571,48.110426],[-120.29861400000001,48.129728],[-120.31961000000001,48.124424],[-120.361288,48.15756900000001],[-120.361004,48.172508],[-120.34628400000001,48.199986],[-120.357403,48.219423],[-120.38290100000002,48.219851],[-120.392289,48.242694],[-120.421026,48.249518],[-120.46912399999998,48.26898],[-120.498826,48.295073],[-120.50821200000001,48.310344],[-120.54720100000002,48.306714],[-120.583166,48.319128000000006],[-120.58598700000002,48.336808],[-120.56020600000001,48.361048],[-120.567334,48.375518],[-120.59950799999999,48.385704],[-120.62110100000001,48.398772],[-120.64993300000002,48.398139],[-120.654769,48.453175],[-120.63786600000002,48.473519],[-120.6572,48.50731],[-120.652283,48.536939],[-120.70206899999998,48.531589],[-120.70948199999998,48.52334],[-120.78793200000001,48.5071],[-120.816759,48.519579],[-120.810197,48.527604],[-120.826367,48.54652],[-120.85742699999999,48.547676],[-120.863213,48.530074000000006],[-120.885401,48.538187],[-120.904596,48.523653],[-120.95050200000001,48.529581],[-120.951068,48.499637],[-121.036234,48.495297],[-121.049714,48.485399],[-121.06286699999998,48.460204],[-121.04099399999998,48.445737],[-121.03767900000001,48.432081],[-121.06234000000002,48.405282],[-121.06183600000001,48.37964800000001],[-121.04350399999998,48.363993],[-121.040631,48.3479],[-121.06917800000001,48.339041],[-121.06886800000001,48.319983],[-121.046595,48.309182],[-121.00165799999999,48.296009]]]},"properties":{"district_id":"US:53007","name":"Chelan"}},
{"type":"Feature","geometry":{"type":"Polygon","coordinates":[[[-116.899640878328,44.8406075080495],[-116.933699,44.798781],[-116.9347,44.783881],[-116.966801,44.775181],[-116.99890300000001,44.756382],[-117.013802,44.756841],[-117.044217,44.745140000000006],[-117.062273,44.727143],[-117.06179899999998,44.706654],[-117.07912,44.692175],[-117.08102200000002,44.673685],[-117.095868,44.664737],[-117.09822100000001,44.640689],[-117.120522,44.614658],[-117.12475399999998,44.583834],[-117.146032,44.568603],[-117.14416100000001,44.545647],[-117.161033,44.525166],[-117.18158300000002,44.52296],[-117.19431700000001,44.499884],[-117.225932,44.479389],[-117.214637,44.44803],[-117.21507200000002,44.427162],[-117.22698,44.405583],[-117.242675,44.396548],[-117.23511700000002,44.373853000000004],[-117.196149,44.346362],[-117.18976899999998,44.336585],[-117.203323,44.313024000000006],[-117.220060553639,44.3014040000001],[-117.21697400000001,44.288357],[-117.17034200000002,44.25889],[-117.138523,44.25937],[-117.121037,44.27758500000001],[-117.10420799999999,44.27994],[-117.089503,44.258234],[-117.05651000000002,44.230874],[-117.031862,44.248635],[-116.975905,44.242844],[-116.971675,44.197256],[-116.925392,44.19154400000001],[-116.895757,44.17126700000001],[-116.897846346997,44.1526558411174],[-116.77201900000001,44.151824],[-116.452068,44.151465],[-116.35847,44.151205],[-116.35410600000002,44.167662],[-116.35702700000002,44.207233],[-116.348793,44.210613],[-116.351477,44.237823],[-116.34179399999998,44.276999],[-116.348554,44.290905],[-116.341811,44.311089],[-116.348007,44.322308],[-116.331232,44.348687],[-116.335769,44.365867],[-116.32172,44.387724],[-116.319643,44.420688],[-116.30829400000002,44.423441],[-116.29987600000001,44.444576],[-116.407648,44.444436],[-116.528898,44.491545],[-116.52916699999999,44.615154],[-116.603212,44.615192],[-116.59926299999998,44.636862],[-116.624171,44.666215],[-116.625034,44.838952],[-116.899640878328,44.8406075080495]]]},"properties":{"district_id":"US:16087","name":"Washington"}},
{"type":"Feature","geometry":{"type":"Polygon","coordinates":[[[-111.046710501596,42.5139239264854],[-111.062858,42.500817000000005],[-111.090988,42.490212],[-111.109793,42.491571],[-111.130892,42.481404],[-111.159373,42.490612],[-111.163585,42.476044],[-111.202034,42.480823],[-111.236089,42.47975900000001],[-111.248946,42.495291],[-111.236714,42.509112],[-111.222382,42.572643],[-111.253876,42.587754],[-111.279388,42.552861],[-111.318685,42.561287],[-111.341752,42.571036],[-111.338396,42.582367],[-111.36806200000001,42.590294],[-111.603122,42.590274],[-111.634519,42.570342],[-111.621822,42.51838],[-111.610232,42.509789],[-111.603844,42.486188],[-111.582742,42.44636],[-111.599227,42.415395],[-111.599139,42.390754],[-111.559008,42.363794],[-111.568767,42.334436],[-111.589039,42.324751],[-111.582128,42.31001400000001],[-111.586462,42.287916],[-111.566628,42.273574],[-111.591235,42.262917],[-111.614485,42.245683],[-111.613607,42.22777],[-111.626104,42.207542],[-111.607963,42.154119],[-111.587205,42.141976],[-111.595743,42.09421],[-111.515292,42.06853],[-111.507805977738,41.9995407981441],[-111.50780068982002,41.9995408086528],[-111.31671700000001,42.001193],[-111.046714,42.001702],[-111.04708,42.34942],[-111.046710501596,42.5139239264854]]]},"properties":{"district_id":"US:16007","name":"Bear Lake"}},
{"type":"Feature","geometry":{"type":"Polygon","coordinates":[[[-116.70181900000001,45.996381],[-116.719539,45.987575],[-116.748695,45.961518],[-116.75715400000001,45.940175],[-116.73033400000001,45.894533],[-116.750235,45.869287],[-116.79445497532701,45.85614063987621],[-116.78267600000001,45.825376],[-116.7634,45.81658],[-116.736268,45.826179],[-116.698079,45.820852],[-116.68013900000001,45.79359],[-116.665344,45.781998],[-116.632032,45.784979],[-116.593004,45.778541],[-116.535698,45.73423100000001],[-116.53539600000002,45.691734000000004],[-116.52827200000002,45.681473],[-116.487894,45.649769],[-116.463504,45.615785],[-116.46363500000001,45.602785],[-116.48297,45.577008000000006],[-116.502756,45.56660800000001],[-116.523638,45.54661],[-116.54383700000001,45.514193],[-116.556587,45.506232],[-116.55482900000001,45.46293],[-116.58819500000001,45.44292000000001],[-116.597447,45.41277],[-116.61905700000001,45.398210000000006],[-116.673793,45.321511],[-116.674493,45.276349],[-116.68717415211299,45.2676428484611],[-116.34287600000002,45.267872],[-116.330698,45.239504],[-116.301084,45.184521],[-116.303666,45.171645],[-116.28596900000001,45.12873200000001],[-116.30475,45.108793],[-116.144386,45.107651],[-116.136481,45.137096],[-116.11503399999998,45.159694],[-116.07568900000001,45.154712],[-116.02716999999998,45.179263],[-115.974483,45.219651],[-115.96507000000001,45.203516],[-115.975787,45.195282],[-115.90043899999999,45.196053],[-115.56150100000002,45.196211],[-114.69400100000001,45.197182],[-114.68448300000001,45.218345],[-114.65953400000001,45.248584],[-114.62402000000002,45.274785],[-114.60747000000002,45.281253],[-114.60394000000001,45.295826],[-114.64078599999999,45.319149],[-114.66999300000002,45.342932],[-114.67454800000002,45.362562],[-114.699914,45.377791],[-114.71794600000001,45.396338],[-114.73449600000001,45.395371],[-114.760131,45.412049],[-114.77097,45.434438],[-114.793207,45.43633400000001],[-114.790378,45.466178],[-114.79861000000001,45.476255],[-114.788246,45.512489],[-114.76744700000002,45.511463],[-114.73415000000001,45.489897],[-114.70523000000001,45.492555],[-114.680626,45.484147],[-114.66622299999999,45.471325],[-114.65064900000002,45.486141],[-114.631996,45.519177],[-114.595445,45.534166],[-114.564974,45.557807],[-114.55832500000001,45.584278],[-114.538534,45.607772000000004],[-114.563497,45.632298],[-114.540257,45.650272],[-114.523058,45.649352],[-114.499576,45.669604],[-114.495385,45.703055],[-114.504175,45.721659],[-114.52665400000001,45.727634],[-114.546527,45.742991],[-114.5441,45.758447],[-114.566465,45.77331000000001],[-114.5144,45.827131],[-114.509303,45.84553100000001],[-114.470045,45.851478],[-114.438348,45.862555],[-114.409617,45.852343],[-114.403921,45.871876],[-114.388557,45.882189],[-114.395088,45.900783],[-114.413168,45.911479],[-114.431396,45.93604],[-114.402524,45.957944],[-114.411755,45.97787],[-114.4741,45.992247],[-114.487783,46.003646],[-114.473474,46.013057],[-114.480505,46.030424],[-114.507419,46.031861],[-114.493475,46.052402],[-114.469438,46.06183],[-114.460475,46.09779],[-114.47517800000001,46.113179],[-114.520513,46.12491],[-114.527096,46.146218],[-114.515626,46.166129],[-114.48890900000002,46.167536],[-114.475953,46.160606],[-114.445948,46.173901],[-114.443215,46.202943],[-114.451852,46.240673],[-114.466492,46.247075],[-114.47072,46.266041],[-114.42730900000001,46.28362400000001],[-114.432796,46.3061],[-114.414259,46.33548300000001],[-114.41049300000002,46.365143],[-114.422212,46.387331],[-114.38503,46.411229],[-114.384899,46.42755],[-114.37234,46.44281],[-114.379799,46.460719],[-114.401199,46.479094],[-114.399919,46.502193],[-114.351919,46.507744],[-114.347221,46.552421],[-114.331209,46.572501],[-114.343812,46.589736],[-114.322537,46.611284],[-114.32111800000001,46.647514],[-114.332661751706,46.6605807312884],[-114.357919,46.668695],[-114.424424,46.660648],[-114.449379,46.649423],[-114.467095,46.631764],[-114.547033,46.64468],[-114.569824,46.643324],[-114.594490940697,46.6337754400838],[-114.84414500000001,46.595833],[-115.628957,46.473618],[-115.63669499999999,46.44599],[-115.65048,46.421189],[-115.67450199999999,46.406998],[-115.68108399999998,46.39423],[-115.714129,46.381617],[-115.733462,46.363517],[-115.730982,46.340766],[-115.75418400000001,46.309509],[-115.74870200000001,46.296657],[-115.77594900000001,46.277976],[-115.77883100000001,46.267351],[-115.81314900000001,46.266444],[-115.84316,46.27782],[-115.900648,46.290973],[-115.957268,46.288931],[-115.999035,46.306232],[-116.03865699999999,46.34689],[-116.07608800000001,46.361988],[-116.11339300000002,46.363983],[-116.131623,46.354158000000005],[-116.148782,46.369565],[-116.17027200000001,46.371588],[-116.15330900000001,46.348068],[-116.12710299999999,46.298575],[-116.073186,46.256645],[-116.04829,46.253294],[-116.012624,46.225662],[-116.054986,46.209982],[-116.088417,46.207596],[-116.13356999999999,46.215231],[-116.15510400000001,46.204632],[-116.16723600000002,46.187801],[-116.18625799999998,46.178197],[-116.18899299999998,46.155357],[-116.23601,46.159759],[-116.248184,46.1691],[-116.28188400000002,46.173669],[-116.30371299999999,46.166778],[-116.331527,46.184213],[-116.37016099999998,46.183256],[-116.39330000000001,46.187896],[-116.420449,46.20151],[-116.454117,46.192032],[-116.457446,46.174355],[-116.479865,46.1451],[-116.47875500000002,46.121931],[-116.514625,46.128837],[-116.51475100000002,46.038206],[-116.528376,46.016766],[-116.529896,46.000715],[-116.554893,46.006486],[-116.58103399999999,46.028457],[-116.62494700000002,46.037668],[-116.648516,46.030597],[-116.64308800000002,46.006309],[-116.657575,45.992024],[-116.686746,45.999106],[-116.70181900000001,45.996381]]]},"properties":{"district_id":"US:16049","name":"Idaho"}},
{"type":"Feature","geometry":{"type":"Polygon","coordinates":[[[-112.063023,43.022364],[-112.17938,43.021614],[-112.656552,43.021944],[-112.680409,43.012267],[-112.698348,42.995911],[-112.741566,42.988858],[-112.735659,42.973234],[-112.750562,42.951528],[-112.732226,42.938226],[-112.743983,42.928565],[-112.733442,42.912237],[-112.702152,42.925953],[-112.698034,42.937761],[-112.643896,42.94196],[-112.617962,42.960911],[-112.601848,42.960021],[-112.592741,42.973313],[-112.54989700000002,42.954604],[-112.546775,42.936155],[-112.532093,42.929873],[-112.515519,42.909975],[-112.516739,42.790824],[-112.497227,42.790727],[-112.49691000000001,42.733013],[-112.457753,42.732965],[-112.457519,42.696761],[-112.437936,42.696782],[-112.437514,42.675077],[-112.418027,42.675126],[-112.418042,42.646234],[-112.37967000000002,42.646273],[-112.389418,42.624382],[-112.391028,42.568179],[-112.41555600000001,42.568187],[-112.41984500000001,42.557301],[-112.419825,42.503038],[-112.384498,42.503055],[-112.384503,42.488625],[-112.36546400000002,42.467002],[-112.345984,42.466945],[-112.342931,42.447667],[-112.297244,42.453874],[-112.290785,42.427114],[-112.290791,42.397278],[-112.328868,42.347207],[-112.328686,42.329497],[-112.27989900000001,42.316568],[-112.26369,42.334575],[-112.25928100000002,42.350721],[-112.190656,42.350839],[-112.185897,42.337392],[-112.160956,42.308476],[-112.126194,42.285229],[-111.983848,42.28555],[-111.983916,42.256486],[-111.896728,42.256276],[-111.895062,42.329021],[-111.89532,42.416193],[-111.875636,42.41615800000001],[-111.875475,42.4453],[-111.885188,42.445233],[-111.885372,42.488808],[-111.895002,42.488818],[-111.896726,42.524125000000005],[-111.916298,42.524277],[-111.91692700000002,42.617264],[-111.926874,42.635556],[-111.946466,42.63554],[-111.946381,42.674685],[-111.968239,42.697022],[-111.969449,42.718039],[-112.057274,42.718033],[-112.08493,42.698165],[-112.10588,42.699203],[-112.114292,42.72523300000001],[-112.13739,42.751265],[-112.145089,42.790664],[-112.138892,42.810391],[-112.126501,42.810461],[-112.120335,42.831008],[-112.133321,42.843204],[-112.136244,42.879651],[-112.149835,42.895558],[-112.133913,42.912678],[-112.127424,42.94449800000001],[-112.10274200000002,42.951641],[-112.082053,42.950425],[-112.08870600000002,42.973477],[-112.063849,42.97988],[-112.05288300000001,42.991044],[-112.063023,43.022364]]]},"properties":{"district_id":"US:16005","name":"Bannock"}},
{"type":"Feature","geometry":{"type":"Polygon","coordinates":[[[-116.369122,46.466923],[-116.410373,46.468422],[-116.402847,46.441576],[-116.36794700000002,46.416374000000005],[-116.36063699999998,46.361079],[-116.368801,46.343217],[-116.401996,46.346826],[-116.42209000000001,46.342796],[-116.46887400000001,46.350985],[-116.492509,46.338772],[-116.489671,46.325586],[-116.71349599999999,46.325527],[-116.713818,46.308584],[-116.702674,46.291699],[-116.683395,46.242955],[-116.70254299999999,46.237792],[-116.70181900000001,45.996381],[-116.686746,45.999106],[-116.657575,45.992024],[-116.64308800000002,46.006309],[-116.648516,46.030597],[-116.62494700000002,46.037668],[-116.58103399999999,46.028457],[-116.554893,46.006486],[-116.529896,46.000715],[-116.528376,46.016766],[-116.51475100000002,46.038206],[-116.514625,46.128837],[-116.47875500000002,46.121931],[-116.479865,46.1451],[-116.457446,46.174355],[-116.454117,46.192032],[-116.420449,46.20151],[-116.39330000000001,46.187896],[-116.37016099999998,46.183256],[-116.331527,46.184213],[-116.30371299999999,46.166778],[-116.28188400000002,46.173669],[-116.248184,46.1691],[-116.23601,46.159759],[-116.18899299999998,46.155357],[-116.18625799999998,46.178197],[-116.16723600000002,46.187801],[-116.15510400000001,46.204632],[-116.13356999999999,46.215231],[-116.088417,46.207596],[-116.054986,46.209982],[-116.012624,46.225662],[-116.04829,46.253294],[-116.073186,46.256645],[-116.12710299999999,46.298575],[-116.15330900000001,46.348068],[-116.17027200000001,46.371588],[-116.182684,46.40185700000001],[-116.197113,46.413102],[-116.30862100000002,46.412998],[-116.31998000000002,46.437543],[-116.369122,46.466923]]]},"properties":{"district_id":"US:16061","name":"Lewis"}},
{"type":"Feature","geometry":{"type":"Polygon","coordinates":[[[-105.843891,48.010289],[-105.877243,48.021441],[-105.919548,48.003898],[-105.935226,48.013338],[-105.974602,48.015859000000006],[-106.006176,48.033689],[-106.025102,48.026087],[-106.011137,48.011253],[-106.044121,48.008469],[-106.058262,48.028909],[-106.088733,48.029983],[-106.095538,48.010575],[-106.119878,48.004067],[-106.131861,48.032486],[-106.17530400000001,48.027796],[-106.229302,48.026416],[-106.275605,48.046578000000004],[-106.300974,48.04137600000001],[-106.32143900000001,48.05544],[-106.338655,48.046077],[-106.364455,48.046828],[-106.373618,48.062353],[-106.394163,48.064726],[-106.417795,48.04292],[-106.42987,48.018282],[-106.414291,47.972816],[-106.41862,47.957457],[-106.358288,47.957216],[-106.35808500000002,47.868412],[-106.260932,47.868431],[-106.261121,47.529052],[-106.298073,47.529041],[-106.298158,47.35429800000001],[-106.170675,47.354495],[-106.17042,47.18082600000001],[-106.086777,47.180938],[-105.959841,47.180997],[-105.959897,47.092968000000006],[-105.832637,47.093109],[-105.833044,47.181092],[-105.406309,47.181583],[-105.406581,47.529534],[-105.363507,47.529558],[-105.363262,47.790419],[-105.234771,47.790502],[-105.234651,47.868057],[-105.195122,47.868081000000004],[-105.194783,48.066617],[-105.218691,48.064104],[-105.22899,48.089284],[-105.262551,48.089062],[-105.317563,48.079016],[-105.33130500000001,48.092638],[-105.36452800000002,48.088752],[-105.383523,48.092925],[-105.454941,48.089544],[-105.498036,48.097903],[-105.51858,48.088258],[-105.540483,48.066439],[-105.568481,48.08355],[-105.595027,48.08178],[-105.639652,48.066001],[-105.643437,48.051097],[-105.666202,48.057048],[-105.694541,48.053536],[-105.720805,48.03195],[-105.750561,48.025397],[-105.781876,48.042547000000006],[-105.800149,48.025538],[-105.843891,48.010289]]]},"properties":{"district_id":"US:30055","name":"McCone"}},
{"type":"Feature","geometry":{"type":"Polygon","coordinates":[[[-114.60446200000001,47.789871],[-114.604857,47.746421],[-114.58445400000001,47.746355],[-114.58376,47.601718],[-114.350364,47.602142],[-114.339571,47.585027],[-114.331006,47.554801],[-114.362605,47.541157000000005],[-114.364242,47.520819],[-114.382738,47.481693],[-114.350356,47.496695],[-114.296156,47.49477],[-114.284781,47.478493],[-114.293768,47.462416],[-114.326169,47.467144],[-114.326635,47.451859],[-114.342575,47.436401000000004],[-114.34304600000002,47.40780300000001],[-114.35308,47.38985],[-114.324081,47.365058],[-114.288557,47.355875],[-114.20302600000001,47.355746],[-114.203119,47.181908],[-114.187062,47.181889],[-114.18717000000001,47.138191],[-113.933503,47.138289],[-113.933568,47.18172],[-113.821447,47.181709],[-113.821166,47.2687],[-113.84273200000001,47.271884],[-113.87076900000001,47.288158],[-113.882738,47.308073],[-113.889045,47.355012],[-113.87587900000001,47.37103],[-113.87111,47.39197],[-113.891339,47.416784],[-113.890834,47.431689],[-113.903678,47.447615],[-113.93241200000001,47.4576],[-113.94246600000001,47.492805],[-113.914217,47.501139],[-113.927674,47.520571],[-113.9195,47.549411],[-113.931729,47.575048],[-113.93028900000002,47.598499],[-113.903063,47.600235],[-113.634079,47.600027],[-113.625087,47.622019],[-113.622663,47.658657],[-113.605954,47.663181],[-113.598113,47.68315],[-113.60392400000002,47.72144],[-113.633457,47.719336],[-113.659492,47.735306],[-113.649744,47.755847],[-113.652681,47.773809],[-113.670642,47.78315],[-113.6817,47.805153],[-113.667473,47.818926],[-113.67489800000001,47.865806],[-113.665292,47.882898000000004],[-113.672014,47.896349],[-113.718499,47.916726],[-113.747183,47.952952],[-113.772336,47.957966],[-113.813854,47.983183],[-113.832946,47.976406],[-113.855407,47.996109],[-113.865368,48.014137],[-113.859226,48.025524],[-113.88454100000001,48.05190000000001],[-114.029042,48.051653],[-114.049903,48.037342],[-114.050243,48.022994],[-114.078282,48.023148],[-114.062112,47.993951],[-114.038991,47.987535],[-114.038545,47.96255],[-114.49219,47.961989],[-114.492147,47.875414],[-114.477451,47.875401],[-114.47729,47.789941],[-114.60446200000001,47.789871]]]},"properties":{"district_id":"US:30047","name":"Lake"}},
{"type":"Feature","geometry":{"type":"Polygon","coordinates":[[[-111.40885,47.698123],[-111.666482,47.697761],[-111.66626,47.611253],[-111.922567,47.611259],[-111.922795,47.505064],[-111.99944,47.507289],[-112.02731900000002,47.518023],[-112.047781,47.516034],[-112.0457,47.350242],[-112.04482900000001,47.192711],[-112.02565,47.199138],[-112.010037,47.184371],[-111.977382,47.183932],[-111.942139,47.143582],[-111.92013700000001,47.135693],[-111.87488,47.128655],[-111.789278,47.12892200000001],[-111.790236,46.913764],[-111.658132,46.913423],[-111.539214,46.913371],[-111.539373,47.000559],[-111.285268,47.001026],[-111.285208,47.011746],[-111.158386,47.011771],[-111.158559,47.088301],[-111.080918,47.088033],[-111.083856,47.072528],[-111.076802,47.045283],[-111.102689,47.02966700000001],[-111.072278,47.005663],[-111.055003,47.00907],[-111.013141,47.002783],[-110.995825,47.005076],[-110.913035,46.980559],[-110.886804,46.957509],[-110.85901,46.94606],[-110.857257,46.922691],[-110.825002,46.914867],[-110.805504,46.90177400000001],[-110.760819,46.896596],[-110.752108,46.859553],[-110.716737,46.838176],[-110.698301,46.845035],[-110.678922,46.824774],[-110.652877,46.823626],[-110.636381,46.837161],[-110.636266,46.92393],[-110.640951,46.923934],[-110.640749,47.010678],[-110.645109,47.010685],[-110.645212,47.095870000000005],[-110.770698,47.096546],[-110.772758,47.183863],[-110.766593,47.234539],[-110.788068,47.249133],[-110.788302,47.307848],[-110.772313,47.307914],[-110.767125,47.359128],[-110.638911,47.359032],[-110.63955900000002,47.416486],[-110.64059900000001,47.446306],[-110.769129,47.446096],[-110.768465,47.525638],[-110.860547,47.524847],[-110.867821,47.538248],[-110.890985,47.54606],[-110.936866,47.546843],[-110.969772,47.571639],[-111.002503,47.5724],[-111.043881,47.59158300000001],[-111.047257,47.610016],[-111.026422,47.634406],[-111.016482,47.655018],[-110.976171,47.698738],[-111.21946200000001,47.697681],[-111.40885,47.698123]]]},"properties":{"district_id":"US:30013","name":"Cascade"}},
{"type":"Feature","geometry":{"type":"Polygon","coordinates":[[[-111.409097,48.132218],[-111.408514,47.98717800000001],[-111.40885,47.698123],[-111.21946200000001,47.697681],[-110.976171,47.698738],[-111.016482,47.655018],[-111.026422,47.634406],[-111.047257,47.610016],[-111.043881,47.59158300000001],[-111.002503,47.5724],[-110.969772,47.571639],[-110.936866,47.546843],[-110.890985,47.54606],[-110.867821,47.538248],[-110.860547,47.524847],[-110.768465,47.525638],[-110.769129,47.446096],[-110.64059900000001,47.446306],[-110.63955900000002,47.416486],[-110.213596,47.416657],[-110.16160100000002,47.4174],[-110.12783,47.435244],[-110.097898,47.441205],[-110.031015,47.479404],[-109.990249,47.478578],[-109.974818,47.491097],[-109.934564,47.505121],[-109.908537,47.521908],[-109.869842,47.526755],[-109.844708,47.548965],[-109.85359,47.586698],[-109.836491,47.625251],[-109.831519,47.648816],[-109.838887,47.706714],[-109.829635,47.715978],[-109.769699,47.709732],[-109.75342,47.702897],[-109.72371,47.702377],[-109.67078,47.735709],[-109.633538,47.73944900000001],[-109.608155,47.732197],[-109.58784,47.745851],[-109.538677,47.738864],[-109.538663,47.871021],[-109.532919,47.871083],[-109.534295,48.134564],[-109.59811,48.132495],[-109.726914,48.132859],[-109.726943,48.221525],[-109.840176,48.221619],[-109.845932,48.305971],[-110.106201,48.306101],[-110.625409,48.306479],[-110.625543,48.219731],[-110.755873,48.219601],[-110.827413,48.219566],[-110.827168,48.133205],[-111.173543,48.132912],[-111.409097,48.132218]]]},"properties":{"district_id":"US:30015","name":"Chouteau"}},
{"type":"Feature","geometry":{"type":"Polygon","coordinates":[[[-108.313048,47.58365],[-108.31549,47.531071],[-108.315481,47.315152],[-108.3368,47.307932],[-108.590835,47.306516],[-108.591111,47.270135],[-108.719189,47.270342],[-108.719283,47.183358],[-108.736077,47.183414],[-108.736838,47.098218],[-108.608954,47.098126],[-108.611116,46.836776],[-108.630689,46.836807],[-108.631462,46.749392],[-108.379299,46.749555],[-108.261779,46.754232],[-108.011667,46.754237],[-107.827687,46.755875],[-107.836626,46.762809],[-107.841707,46.803716],[-107.8767,46.845031],[-107.892233,46.85121500000001],[-107.908234,46.864889],[-107.934716,46.873643],[-107.940816,46.89474],[-107.917217,46.920934],[-107.928859,46.927607],[-107.906693,46.973165],[-107.884578,46.984664],[-107.909693,47.031828],[-107.92486100000002,47.043529],[-107.919815,47.059029],[-107.93348000000002,47.078852],[-107.944292,47.109139],[-107.941273,47.153312],[-107.931514,47.185385],[-107.947098,47.19818],[-107.938909,47.217309],[-107.968626,47.249823],[-107.952758,47.273489],[-107.960776,47.291207],[-107.94611,47.300448],[-107.944517,47.320195],[-107.963887,47.328911000000005],[-107.951491,47.34324800000001],[-107.963887,47.354012],[-107.930683,47.376546],[-107.924631,47.396789],[-107.909603,47.40158],[-107.90912,47.450692],[-107.909119,47.488011],[-107.898107,47.510071],[-107.91918400000002,47.520588],[-107.930208,47.544324],[-107.931105,47.569073],[-107.96158,47.56987500000001],[-107.98898700000001,47.588853],[-108.013184,47.581361],[-108.04661300000001,47.588483],[-108.065418,47.598294],[-108.079585,47.592012],[-108.137272,47.592428],[-108.147544,47.583642],[-108.178548,47.580064],[-108.19957,47.589725],[-108.23797400000001,47.582369],[-108.25131200000001,47.587784],[-108.28237500000002,47.579615],[-108.313048,47.58365]]]},"properties":{"district_id":"US:30069","name":"Petroleum"}},
{"type":"Feature","geometry":{"type":"Polygon","coordinates":[[[-119.67222800000002,44.995117],[-119.67153200000001,44.823343],[-119.652431,44.823299000000006],[-119.653885,44.534131],[-119.653696,44.38917],[-119.65551699999999,44.30704500000001],[-119.65683800000001,44.220277],[-119.65718299999999,43.95892],[-119.614325,43.959593],[-118.932024,43.960374],[-118.816931,43.960733],[-118.81689,44.047828],[-118.587172,44.046995],[-118.58712500000001,44.040266],[-118.227645,44.039862],[-118.228843,44.21255],[-118.232214,44.256129],[-118.49749900000002,44.255248],[-118.49732,44.277036],[-118.46887,44.334584],[-118.440356,44.350936000000004],[-118.43037399999999,44.369882],[-118.41331400000001,44.373543],[-118.435954,44.401907],[-118.41845699999999,44.43246800000001],[-118.422173,44.448984],[-118.375367,44.459231],[-118.357986,44.484385],[-118.374563,44.507891],[-118.37153,44.531191],[-118.359224,44.536041],[-118.34016799999999,44.565014],[-118.31729599999998,44.567896],[-118.30577800000002,44.58881],[-118.31943100000001,44.605442],[-118.34193400000001,44.616775],[-118.34368400000001,44.631821],[-118.375037,44.646102000000006],[-118.410214,44.64302500000001],[-118.42516799999999,44.654838],[-118.446366,44.650054],[-118.504437,44.669929],[-118.517591,44.69007400000001],[-118.516452,44.702462],[-118.492404,44.713621],[-118.461528,44.707521],[-118.44345599999998,44.724173],[-118.395839,44.726005],[-118.367621,44.747213],[-118.32578300000002,44.74162],[-118.285439,44.750975],[-118.28311000000001,44.77072],[-118.299459,44.796442],[-118.296269,44.816164],[-118.31870000000002,44.836274],[-118.293566,44.853018000000006],[-118.295659,44.863043],[-118.267786,44.869386],[-118.236861,44.86166],[-118.224904,44.875568],[-118.237399,44.90838500000001],[-118.223449,44.93691],[-118.245043,44.945198],[-118.244662,44.958396],[-118.27600600000001,44.957896],[-118.28630400000002,44.965046],[-118.34662000000002,44.986988],[-118.405273,44.975031],[-118.43610000000001,44.96242],[-118.43735100000002,44.984781],[-118.468871,44.995176],[-118.518689,44.995877],[-118.67535299999999,44.997662],[-118.94661199999999,44.997439],[-119.16296599999998,44.996241],[-119.67222800000002,44.995117]]]},"properties":{"district_id":"US:41023","name":"Grant"}},
{"type":"Feature","geometry":{"type":"Polygon","coordinates":[[[-121.10753399999999,44.3906],[-121.10853699999998,44.218519],[-121.102938,44.218487],[-121.102773,44.138125],[-120.987271,44.134026],[-120.986587,43.960852],[-120.74824899999999,43.95731],[-120.747848,43.871331],[-120.37874,43.872362],[-120.37810700000001,43.785429],[-120.258386,43.785297],[-120.25777700000002,43.698762],[-120.237934,43.697376],[-119.897434,43.6982],[-119.777528,43.697957],[-119.77540199999999,43.959086],[-119.65718299999999,43.95892],[-119.65683800000001,44.220277],[-119.65551699999999,44.30704500000001],[-119.899002,44.30662],[-119.89928299999998,44.389575],[-120.02070799999998,44.389687],[-120.02162099999998,44.438793],[-120.143544,44.437751],[-120.36646000000002,44.437015],[-120.386074,44.436083],[-120.386561,44.564009],[-120.597275,44.563012],[-120.82755500000002,44.562793],[-120.826899,44.476499],[-120.98882399999998,44.476484],[-120.98837500000002,44.390265],[-121.10753399999999,44.3906]]]},"properties":{"district_id":"US:41013","name":"Crook"}},
{"type":"Feature","geometry":{"type":"Polygon","coordinates":[[[-107.892233,46.85121500000001],[-107.8767,46.845031],[-107.841707,46.803716],[-107.836626,46.762809],[-107.827687,46.755875],[-107.81342700000002,46.743319],[-107.826004,46.71413],[-107.792939,46.67983],[-107.800562,46.66147],[-107.815175,46.65461],[-107.81698700000001,46.615751],[-107.837732,46.596647000000004],[-107.795473,46.596652],[-107.796755,46.495874],[-107.781214,46.496014],[-107.754824,46.496043],[-107.738548,46.481806],[-107.174531,46.482713],[-107.174435,46.468176],[-107.15358,46.468101],[-107.153444,46.395613],[-107.028422,46.39546],[-107.028538,46.306639],[-107.00755800000002,46.307645],[-107.005534,46.136669],[-106.93906700000001,46.13666700000001],[-106.939095,45.870041],[-106.939077,45.831608],[-106.877217,45.831714000000005],[-106.877116,45.788217],[-106.9128,45.788221],[-106.912959,45.683915],[-106.846491,45.683828],[-106.846476,45.676587],[-106.727573,45.676469],[-106.729571,45.67285],[-106.72954300000002,45.35148],[-106.768676,45.352826],[-106.768014,45.179728000000004],[-106.666648,45.177653],[-106.398922,45.177281],[-106.39888,45.179746],[-106.279709,45.179728000000004],[-106.279549,45.351797],[-106.235716,45.351796],[-106.23396200000002,45.510725],[-106.231728,45.756782],[-106.234502,45.788578],[-106.191734,45.7886],[-106.19162900000002,46.137183],[-106.153433,46.13726],[-106.15494000000001,46.224287],[-106.155143,46.483634],[-106.12036600000002,46.483648],[-106.12063,46.831438],[-106.086341,46.831462],[-106.086463,46.845881],[-106.720237,46.845176],[-106.720157,46.859603],[-107.033775,46.859216],[-107.46774800000001,46.859254],[-107.46777,46.85116],[-107.892233,46.85121500000001]]]},"properties":{"district_id":"US:30087","name":"Rosebud"}},
{"type":"Feature","geometry":{"type":"Polygon","coordinates":[[[-107.90912,47.450692],[-107.909603,47.40158],[-107.924631,47.396789],[-107.930683,47.376546],[-107.963887,47.354012],[-107.951491,47.34324800000001],[-107.963887,47.328911000000005],[-107.944517,47.320195],[-107.94611,47.300448],[-107.960776,47.291207],[-107.952758,47.273489],[-107.968626,47.249823],[-107.938909,47.217309],[-107.947098,47.19818],[-107.931514,47.185385],[-107.941273,47.153312],[-107.944292,47.109139],[-107.93348000000002,47.078852],[-107.919815,47.059029],[-107.92486100000002,47.043529],[-107.909693,47.031828],[-107.884578,46.984664],[-107.906693,46.973165],[-107.928859,46.927607],[-107.917217,46.920934],[-107.940816,46.89474],[-107.934716,46.873643],[-107.908234,46.864889],[-107.892233,46.85121500000001],[-107.46777,46.85116],[-107.46774800000001,46.859254],[-107.033775,46.859216],[-106.720157,46.859603],[-106.720237,46.845176],[-106.086463,46.845881],[-106.086585,46.86029],[-106.086777,47.180938],[-106.17042,47.18082600000001],[-106.170675,47.354495],[-106.298158,47.35429800000001],[-106.298073,47.529041],[-106.261121,47.529052],[-106.260932,47.868431],[-106.35808500000002,47.868412],[-106.358288,47.957216],[-106.41862,47.957457],[-106.452414,47.970419],[-106.490126,47.962287],[-106.509478,47.94997],[-106.4887,47.932577],[-106.49625400000001,47.916522],[-106.53081,47.90356200000001],[-106.510062,47.891155],[-106.541872,47.869983],[-106.529265,47.850023],[-106.56322,47.840718],[-106.557488,47.828581],[-106.571003,47.812933],[-106.610188,47.804905],[-106.621789,47.790855],[-106.652096,47.790791000000006],[-106.658317,47.775041],[-106.711969,47.772113],[-106.710823,47.758037],[-106.734453,47.734156],[-106.760188,47.731453],[-106.7857,47.742507],[-106.834171,47.743398],[-106.861668,47.737372],[-106.879223,47.718095],[-106.86991,47.702268],[-106.87968,47.678952],[-106.925557,47.66947],[-106.998527,47.673964],[-107.011358,47.66311100000001],[-107.070514,47.662396],[-107.114109,47.669026],[-107.158817,47.667788],[-107.175088,47.66191],[-107.249,47.661566],[-107.284283,47.680446],[-107.33175700000001,47.680685],[-107.360231,47.691218],[-107.414886,47.691734],[-107.428528,47.676526],[-107.419745,47.662295],[-107.43717000000001,47.649711],[-107.434698,47.631407],[-107.451508,47.622141],[-107.499344,47.624005],[-107.520788,47.642919],[-107.56757200000001,47.642964],[-107.59425,47.649731],[-107.612383,47.644724],[-107.638985,47.649626],[-107.646679,47.629444],[-107.671173,47.629892],[-107.69507300000001,47.62100100000001],[-107.709522,47.60026],[-107.731521,47.58541],[-107.732268,47.571874],[-107.785171,47.552057],[-107.822031,47.545179],[-107.842235,47.52490600000001],[-107.865489,47.512898],[-107.850475,47.491947],[-107.866219,47.482543],[-107.863544,47.456052],[-107.90912,47.450692]]]},"properties":{"district_id":"US:30033","name":"Garfield"}},
{"type":"Feature","geometry":{"type":"Polygon","coordinates":[[[-123.14902499999998,44.720225],[-123.121299,44.691353],[-123.116892,44.676966],[-123.09250899999999,44.675887],[-123.07412200000002,44.65836000000001],[-123.07820600000001,44.646585],[-123.105836,44.63915],[-123.164428,44.637507],[-123.17162600000002,44.621011],[-123.19519000000001,44.604953],[-123.18537500000001,44.587298],[-123.221793,44.584597],[-123.25120900000002,44.574626],[-123.26015100000001,44.555148],[-123.24175400000001,44.544575],[-123.23806700000002,44.527969],[-123.21261899999999,44.504978],[-123.21646199999999,44.468473],[-123.20528700000001,44.44303800000001],[-123.227685,44.42996],[-123.22361400000001,44.393452],[-123.23928300000001,44.374888],[-123.21730200000002,44.313726],[-123.197359,44.308573],[-123.18038800000001,44.283725],[-123.174054,44.266608],[-123.178971,44.252329],[-123.15034,44.226627],[-123.165428,44.200071],[-122.905755,44.200736],[-122.903999,44.25912900000001],[-122.86554500000001,44.25898],[-122.865465,44.287317],[-122.835135,44.283455],[-122.776319,44.283816],[-122.76273499999999,44.290537],[-122.66891500000001,44.268902],[-122.646812,44.266618],[-122.63969899999998,44.249263],[-122.593471,44.244427],[-122.56733899999999,44.229347],[-122.535382,44.23486],[-122.503182,44.22167],[-122.46562800000001,44.22303900000001],[-122.38456100000002,44.217063],[-122.367197,44.20938],[-122.327313,44.231189],[-122.32715,44.252841],[-122.26452700000002,44.253847],[-122.027996,44.253818],[-121.96012600000002,44.257313],[-121.799426,44.25828],[-121.819172,44.26195],[-121.82469299999998,44.282624],[-121.841105,44.289461],[-121.83719,44.303011],[-121.83738,44.358276],[-121.843138,44.39263],[-121.846615,44.433879],[-121.84112800000001,44.444912],[-121.849512,44.468364],[-121.84688000000001,44.49109],[-121.809865,44.513812],[-121.816073,44.534596],[-121.803286,44.555321],[-121.79389500000002,44.594056],[-121.81068999999998,44.61439],[-121.80005400000002,44.639156],[-121.79956200000001,44.683915],[-121.96380500000001,44.683888],[-121.980176,44.693635],[-122.033006,44.685691],[-122.118702,44.710977],[-122.138702,44.725179],[-122.21841299999998,44.693239000000005],[-122.231438,44.698465],[-122.24758199999998,44.720745],[-122.273067,44.735506],[-122.29289700000001,44.753979],[-122.325742,44.758759],[-122.41943299999998,44.753528],[-122.480122,44.755819],[-122.503151,44.749763],[-122.53104200000001,44.766805000000005],[-122.56440200000002,44.768072],[-122.599469,44.778181],[-122.620463,44.789213],[-122.69160699999999,44.775376],[-122.71963100000002,44.789338],[-122.74802699999998,44.787738],[-122.765303,44.793174],[-122.80012100000002,44.791659],[-122.825426,44.771708],[-122.8471,44.767536],[-122.897648,44.744958],[-122.93408,44.71578],[-122.957256,44.72109400000001],[-122.975862,44.697578],[-123.00684700000001,44.686898],[-123.018679,44.700354],[-123.01386600000001,44.714894],[-123.042037,44.737595],[-123.061853,44.738869],[-123.122329,44.751355],[-123.143843,44.748914],[-123.13352900000001,44.738662],[-123.14902499999998,44.720225]]]},"properties":{"district_id":"US:41043","name":"Linn"}},
{"type":"Feature","geometry":{"type":"Polygon","coordinates":[[[-118.97350400000002,47.943414],[-118.97692100000002,47.645362],[-118.977875,47.460965],[-118.97977700000001,47.261709],[-118.444745,47.260835],[-117.96093,47.260568],[-117.823629,47.26022],[-117.821773,47.614588],[-117.81940500000002,47.614597],[-117.820947,47.825775],[-117.82830500000001,47.833318],[-117.880451,47.847739],[-117.88630600000002,47.838335],[-117.912904,47.835218],[-117.935279,47.823208],[-117.989057,47.834682],[-118.01340300000001,47.805582],[-118.04619000000001,47.79517],[-118.078182,47.800062000000004],[-118.099259,47.823624],[-118.117812,47.832631],[-118.12061700000001,47.851883],[-118.14376899999999,47.884711],[-118.200031,47.928384],[-118.20624400000001,47.942247],[-118.251093,47.942878],[-118.25997800000002,47.934782],[-118.317163,47.908775],[-118.34093799999998,47.894316],[-118.34991099999999,47.882572],[-118.35706500000002,47.841599],[-118.392659,47.830684],[-118.44582,47.845496],[-118.45616500000001,47.85447400000001],[-118.45697800000002,47.874879],[-118.531297,47.87487800000001],[-118.54409,47.883973],[-118.533498,47.914877],[-118.57039599999999,47.932318],[-118.651995,47.927108],[-118.66195300000001,47.937407],[-118.688394,47.942718],[-118.707625,47.933579],[-118.71168200000001,47.903347000000004],[-118.73032500000001,47.900169],[-118.78321600000001,47.915716],[-118.81187700000001,47.92028500000001],[-118.829403,47.933139],[-118.833036,47.950467],[-118.85196,47.957906],[-118.900627,47.947941],[-118.95705099999999,47.940857],[-118.97350400000002,47.943414]]]},"properties":{"district_id":"US:53043","name":"Lincoln"}},
{"type":"Feature","geometry":{"type":"Polygon","coordinates":[[[-114.000388,42.526373],[-114.014817,42.518529],[-114.067073,42.514453],[-114.06908,42.503179],[-114.069162,42.417124],[-114.285448,42.417333],[-114.286652,42.330526],[-114.281325,42.330885],[-114.281799324163,41.994213920521],[-114.041477,41.993873],[-113.990091,41.993095],[-113.901578,41.988552000000006],[-113.764716,41.989457],[-113.526112,41.992727],[-113.186822,41.996527],[-113.000040840117,41.9981831189311],[-112.999965,42.327427],[-113.001673,42.327431],[-113.001574,42.501814],[-113.002792,42.588003],[-113.175678,42.589464],[-113.175182,42.627273],[-113.195692,42.633887],[-113.236968,42.625254],[-113.3044,42.628749],[-113.360707,42.672118],[-113.375062,42.687832],[-113.39946,42.683897],[-113.411559,42.674448],[-113.47217700000002,42.669352],[-113.493681,42.673594],[-113.557193,42.656799],[-113.575261,42.645575],[-113.584486,42.625155],[-113.60709500000002,42.596291],[-113.621329,42.586529],[-113.644167,42.54549],[-113.654149,42.536155],[-113.699044,42.51919],[-113.73927800000001,42.522854],[-113.758328,42.534076],[-113.763556,42.547209],[-113.789533,42.556102],[-113.83653900000002,42.535024],[-113.878007,42.549716],[-113.931799,42.535243],[-113.986118,42.533841],[-114.000388,42.526373]]]},"properties":{"district_id":"US:16031","name":"Cassia"}},
{"type":"Feature","geometry":{"type":"Polygon","coordinates":[[[-115.629974,47.479633],[-115.640133,47.459714],[-115.676437,47.453079],[-115.69192500000001,47.457082],[-115.74793299999999,47.441675],[-115.759304,47.423862],[-115.721435,47.425714],[-115.65730400000001,47.400208],[-115.642921,47.377367],[-115.619277,47.382313],[-115.57763900000002,47.367404],[-115.575047,47.355875],[-115.54907400000002,47.347205],[-115.52851100000001,47.299314],[-115.46669099999998,47.287173],[-115.457255,47.278321],[-115.425967,47.280278],[-115.41207899999999,47.264602],[-115.38511900000002,47.26766],[-115.359219,47.259643],[-115.323517,47.256321],[-115.316402,47.233293],[-115.298784,47.225504],[-115.29157899999998,47.210001],[-115.30122599999999,47.193452],[-115.28684900000002,47.183485],[-115.26242200000002,47.181687],[-115.243106,47.150729],[-115.221893,47.148995],[-115.185987,47.129402000000006],[-115.17217499999998,47.107151],[-115.144341,47.101977],[-115.13113399999999,47.068956],[-115.10261900000002,47.047419],[-115.087602,47.045789],[-115.07172800000001,47.025855],[-115.067301,46.994989],[-115.050201,46.98123],[-115.001274,46.971901],[-114.983115,46.949282],[-114.95927531033301,46.9328693979985],[-114.92529499999999,46.918749],[-114.936724,46.897329],[-114.931608,46.876799],[-114.94833899999999,46.861057],[-114.92885299999999,46.854935],[-114.92073100000002,46.82708300000001],[-114.88711300000001,46.809457],[-114.865779,46.814529],[-114.82961300000001,46.782967],[-114.80796000000001,46.782214],[-114.76519,46.758254],[-114.76998199999998,46.735027],[-114.78814600000001,46.712122],[-114.75256,46.69715600000001],[-114.739773,46.711941],[-114.71076600000002,46.717297],[-114.700022,46.733735],[-114.67494198664902,46.7368334719963],[-114.674925,46.747414000000006],[-114.549127,46.747366],[-114.549004,46.83362600000001],[-114.566259,46.833557],[-114.566129,46.963405],[-114.54644500000002,46.963371],[-114.547172,46.992439],[-114.52533,46.992328],[-114.525358,47.00925],[-114.50261,47.009076],[-114.486134,46.999197],[-114.451265,46.993201],[-114.451356,47.0089],[-114.41937400000002,47.008896],[-114.419532,47.023246],[-114.483227,47.023358],[-114.483694,47.067508],[-114.566094,47.06738],[-114.565653,47.09485],[-114.586671,47.094853],[-114.58673500000002,47.123757],[-114.62921400000002,47.123721],[-114.629151,47.138255],[-114.65047,47.138244],[-114.65022599999999,47.167163],[-114.691397,47.167201],[-114.691364,47.18227],[-114.71228300000001,47.182187],[-114.712274,47.22559],[-114.77583299999999,47.225573],[-114.775846,47.240053],[-114.797135,47.240033],[-114.797204,47.268916],[-114.842324,47.268847],[-114.842453,47.297943],[-114.90604600000002,47.29797],[-114.90601399999998,47.312482],[-114.968978,47.312625],[-114.96905600000001,47.37405],[-114.982265,47.396804],[-115.01405900000002,47.400682],[-115.02763699999998,47.41443100000001],[-115.04858100000001,47.409386],[-115.087872,47.427136],[-115.121167,47.419977],[-115.14949100000001,47.432934],[-115.157386,47.447809],[-115.19385500000001,47.461075],[-115.212804,47.46245],[-115.249057,47.480416000000005],[-115.28218100000001,47.486923],[-115.305978,47.471432],[-115.34268699999998,47.470913],[-115.354394,47.480118],[-115.40167600000001,47.484904],[-115.44853700000002,47.466316],[-115.48449199999999,47.471659],[-115.50873999999999,47.494323],[-115.52909300000002,47.477267],[-115.56633200000002,47.471053],[-115.629974,47.479633]]]},"properties":{"district_id":"US:30061","name":"Mineral"}},
{"type":"Feature","geometry":{"type":"Polygon","coordinates":[[[-116.26620700000001,43.112269],[-116.237384,43.094464],[-116.20598099999998,43.09323200000001],[-116.191672,43.082473],[-116.206359,43.070686],[-116.20174000000002,43.04893],[-116.14158400000001,43.034124],[-116.145817,43.013416],[-116.11554,43.010829],[-116.09074300000002,42.987883],[-116.050082,42.985314],[-116.03216900000001,42.961878],[-116.01282600000002,42.950206],[-115.978582,42.947582],[-115.96185300000002,42.956304],[-115.97211000000001,42.970485],[-115.961652,42.988871],[-115.926,43.001326],[-115.906719,42.982283],[-115.878432,42.98891],[-115.8647,42.974781],[-115.794484,42.973047],[-115.79675500000002,42.951603],[-115.77150499999999,42.938664],[-115.69447400000001,42.939357],[-115.647668,42.953246],[-115.622852,42.955698],[-115.60443,42.93769700000001],[-115.56063,42.934684],[-115.530388,42.942688],[-115.49493,42.926429],[-115.441522,42.931127],[-115.441414,42.851105],[-115.45405300000002,42.85111],[-115.45422400000001,42.767936],[-115.037697,42.768414],[-115.037774,42.911864],[-115.08685,42.91467],[-115.086155,43.198064],[-115.08657400000001,43.370329],[-115.08359000000002,43.370454],[-115.083071,43.604399],[-115.06745500000001,43.601917],[-115.032499,43.622031],[-115.03692200000002,43.646802],[-115.03007400000001,43.66058],[-115.03438699999998,43.677735],[-115.00884000000002,43.696912000000005],[-115.015343,43.726686],[-115.03010199999999,43.728779],[-115.04234000000001,43.745582],[-115.030047,43.796881],[-115.019756,43.822956],[-115.004164,43.828757],[-115.000501,43.851244],[-114.98925800000002,43.858563],[-114.972837,43.871617],[-114.98837600000002,43.885826],[-114.996687,43.914407],[-114.971351,43.938308],[-114.990777,43.949723],[-115.03128700000002,43.954019],[-115.074481,43.944036],[-115.092575,43.960563],[-115.13620899999998,43.983859],[-115.147842,44.002842],[-115.14912400000001,44.04116400000001],[-115.164384,44.075854],[-115.181931,44.090533],[-115.20727300000001,44.083298],[-115.19706700000002,44.068552],[-115.20985299999998,44.056278],[-115.21588999999999,44.032599],[-115.23424100000001,44.00682],[-115.25189800000001,43.995724],[-115.27594200000001,43.960692],[-115.28653400000002,43.935879],[-115.355811,43.919426],[-115.373466,43.924352],[-115.390759,43.916074],[-115.425201,43.909395],[-115.470985,43.894029],[-115.500374,43.889902],[-115.53708500000002,43.854062],[-115.52966699999999,43.816504],[-115.547538,43.792667],[-115.57886200000002,43.797193],[-115.599296,43.7935],[-115.61554899999999,43.780662],[-115.62754900000002,43.754907],[-115.628011,43.733672],[-115.645802,43.70026],[-115.65375200000001,43.701493],[-115.690425,43.671903],[-115.721589,43.66391],[-115.74453300000002,43.646465],[-115.782024,43.64837],[-115.80021500000001,43.627669],[-115.82931600000002,43.605645],[-115.847213,43.607992],[-115.87592699999999,43.591265],[-115.897201,43.598803],[-115.929883,43.595567],[-115.935128,43.608236],[-115.97571900000001,43.591438],[-115.97484500000002,43.546016],[-115.974913,43.285773],[-115.978583,43.20041500000001],[-115.978714,43.113432],[-116.26620700000001,43.112269]]]},"properties":{"district_id":"US:16039","name":"Elmore"}},
{"type":"Feature","geometry":{"type":"MultiPolygon","coordinates":[[[[-122.65361199999998,48.548975],[-122.640414,48.52586],[-122.59994800000001,48.536904],[-122.57885600000002,48.54813],[-122.652385,48.583432],[-122.645217,48.560887],[-122.65361199999998,48.548975]]],[[[-122.699266,48.621115],[-122.66614900000002,48.608088],[-122.674173,48.629944],[-122.699266,48.621115]]],[[[-122.48879395393,48.64540487311611],[-122.46425,48.625717],[-122.448702,48.622624],[-122.425271,48.59952200000001],[-122.433059,48.581609],[-122.45412300000001,48.565763],[-122.48240600000001,48.559653],[-122.50442800000002,48.564775],[-122.48247199999999,48.518352],[-122.48350100000002,48.49243],[-122.47022400000002,48.468775],[-122.503052,48.457688],[-122.537159,48.466336],[-122.558702,48.499817],[-122.578988,48.492385],[-122.571774,48.46626],[-122.58556000000002,48.46626],[-122.600569,48.492508],[-122.59995100000002,48.520946],[-122.61518299999999,48.521427],[-122.67138600000001,48.50398],[-122.68452100000002,48.509123],[-122.702919,48.492011],[-122.66827200000002,48.48627100000001],[-122.654844,48.454087],[-122.67584100000002,48.436541],[-122.65615,48.407758],[-122.61455600000001,48.413753],[-122.585797,48.425741],[-122.575815,48.445138],[-122.54824399999998,48.445453],[-122.55830100000001,48.425822],[-122.53278699999998,48.37499],[-122.488914,48.366922],[-122.442678,48.337934000000004],[-122.424102,48.334346],[-122.372947738584,48.29766330657781],[-121.857972,48.297479],[-121.76255000000002,48.29886],[-121.636419,48.298473],[-121.44496400000001,48.296038],[-121.00165799999999,48.296009],[-121.046595,48.309182],[-121.06886800000001,48.319983],[-121.06917800000001,48.339041],[-121.040631,48.3479],[-121.04350399999998,48.363993],[-121.06183600000001,48.37964800000001],[-121.06234000000002,48.405282],[-121.03767900000001,48.432081],[-121.04099399999998,48.445737],[-121.06286699999998,48.460204],[-121.049714,48.485399],[-121.036234,48.495297],[-120.951068,48.499637],[-120.95050200000001,48.529581],[-120.904596,48.523653],[-120.885401,48.538187],[-120.863213,48.530074000000006],[-120.85742699999999,48.547676],[-120.826367,48.54652],[-120.810197,48.527604],[-120.816759,48.519579],[-120.78793200000001,48.5071],[-120.70948199999998,48.52334],[-120.70206899999998,48.531589],[-120.70867600000001,48.541802],[-120.68851500000001,48.575705],[-120.722585,48.596143000000005],[-120.73066000000001,48.582304],[-120.760458,48.582761],[-120.78365900000001,48.601864],[-120.78830700000002,48.625115],[-120.751904,48.657002],[-120.90835700000001,48.657003],[-120.908358,48.640901],[-121.68845600000002,48.643117],[-121.92022100000001,48.644719],[-122.25869000000002,48.645695],[-122.48879395393,48.64540487311611]]],[[[-122.740482,48.584986],[-122.72270099999999,48.564505],[-122.722407,48.540606],[-122.66823000000001,48.566434],[-122.696556,48.588093],[-122.71105399999999,48.60931300000001],[-122.740482,48.584986]]]]},"properties":{"district_id":"US:53057","name":"Skagit"}},
{"type":"Feature","geometry":{"type":"Polygon","coordinates":[[[-124.61076310088698,47.8806070165746],[-124.57988599999999,47.874563],[-124.55800000000002,47.853655],[-124.52258600000002,47.83212],[-124.497987,47.822605],[-124.484557,47.80834],[-124.48144500000001,47.78867],[-124.46856,47.768254],[-124.451281,47.763175],[-124.43054600000002,47.746249],[-124.420219,47.725294],[-124.41210600000001,47.691199],[-124.39598299999999,47.665534],[-124.366221,47.582439],[-124.354854444714,47.5335351706387],[-124.04650400000001,47.53367],[-124.04674,47.518525],[-123.739019,47.517825],[-123.50591699999998,47.51771600000001],[-123.50591699999998,47.604615],[-123.37701,47.604615],[-123.36759999999998,47.607432],[-122.98189365667099,47.6066913870834],[-122.941659,47.631651],[-122.935004,47.644303],[-122.90410599999998,47.645584],[-122.908859,47.664956],[-122.878199,47.690081],[-122.88960699999998,47.705918000000004],[-122.882714,47.731183],[-122.87130600000002,47.743491],[-122.85252900000002,47.745728],[-122.85348,47.780079],[-122.821868,47.789022],[-122.815027,47.807493],[-122.825196,47.821748],[-122.80974700000002,47.840575],[-122.78811800000001,47.80419],[-122.800002,47.758193],[-122.809673,47.747412],[-122.81355,47.715673],[-122.82495800000001,47.710876],[-122.829899,47.689115],[-122.81366000000001,47.682538],[-122.77222500000002,47.691708000000006],[-122.783127,47.703678],[-122.783535,47.722393],[-122.75640000000001,47.751256],[-122.74298499999999,47.809892],[-122.713249,47.814087],[-122.687342,47.831003],[-122.68116199999999,47.843766],[-122.69376000000001,47.868002],[-122.650083,47.86386],[-122.633879,47.868401],[-122.63742500000001,47.889945],[-122.67289200000002,47.918836],[-122.684688,47.944049],[-122.676215,47.958743],[-122.718082,47.987739],[-122.730967,48.021308],[-122.72194400000001,48.026253],[-122.686603,48.0089],[-122.67056200000002,48.017619],[-122.66905800000002,48.031659],[-122.682658,48.042826],[-122.68568000000002,48.073036],[-122.69674799999999,48.103167],[-122.73325700000001,48.091232],[-122.748532,48.030138],[-122.765063,48.040558],[-122.774218,48.06033],[-122.801399,48.087561],[-122.781205,48.105277],[-122.74891100000002,48.117026],[-122.762676,48.14275500000001],[-122.784192,48.142849],[-122.83317299999999,48.134406],[-122.88173100000002,48.108315000000005],[-122.87444600000002,48.074848],[-122.84989000000002,48.054315],[-122.829159,48.048358],[-122.83347300000001,48.009574],[-122.84916700000001,47.996388],[-122.875236,48.046352],[-122.91940800000002,48.05792700000001],[-122.927672823873,48.0652978847518],[-122.94918,48.06515],[-122.95125300000001,47.925138000000004],[-122.949167,47.866822],[-123.157405,47.866875],[-123.50591699999998,47.866897],[-123.50591699999998,47.881080000000004],[-123.925999,47.881372],[-124.27028500000002,47.881612],[-124.438456,47.88313],[-124.61076310088698,47.8806070165746]]]},"properties":{"district_id":"US:53031","name":"Jefferson"}},
{"type":"Feature","geometry":{"type":"Polygon","coordinates":[[[-124.09834303160001,46.7940669968361],[-124.096515,46.746202000000004],[-123.998854,46.705958],[-123.973663,46.703353],[-123.97965500000001,46.724658],[-123.968564,46.73610600000001],[-123.948683,46.725369],[-123.91351000000002,46.72668],[-123.91071599999998,46.746715],[-123.88876,46.750383],[-123.87668000000001,46.730657],[-123.83347000000002,46.718322],[-123.82912400000001,46.704772],[-123.864902,46.698685],[-123.90423899999999,46.679081],[-123.915596,46.678649],[-123.921913,46.650262],[-123.95274900000001,46.636328000000006],[-123.95917499999999,46.61358100000001],[-123.928861,46.588875],[-123.92256599999999,46.570177],[-123.89618099999998,46.550254],[-123.895539,46.514072],[-123.942578,46.487832],[-123.942528,46.46519],[-123.97082999999999,46.47537],[-123.99418099999998,46.468868],[-123.99172799999998,46.448817],[-123.970099,46.439154],[-123.965346,46.40868],[-123.949896,46.410319],[-123.953699,46.378845],[-123.97651699999999,46.379665],[-124.007177,46.371466],[-124.015258,46.378681],[-124.01716000000002,46.416382],[-124.03173700000002,46.496375],[-124.023681,46.512113],[-124.023566,46.582559],[-124.05236700000002,46.620025],[-124.034081,46.631151],[-124.050903,46.645499],[-124.069583,46.630651],[-124.05702400000001,46.493338],[-124.05835100000002,46.386503],[-124.06462400000001,46.326899],[-124.076262,46.296498],[-124.078006,46.275938],[-124.04203000000001,46.276052],[-124.04427299999999,46.29995900000001],[-124.02055100000001,46.315737],[-123.985204,46.309039],[-123.970355,46.299352],[-123.94870800000001,46.271174],[-123.909306,46.245491],[-123.875525,46.239787],[-123.84895499999999,46.260511],[-123.818763,46.269696],[-123.79555600000002,46.284501],[-123.75956000000001,46.275073],[-123.75024500000002,46.292035],[-123.72789556615801,46.289685234115],[-123.72655700000001,46.384872],[-123.490767,46.383583],[-123.35833400000001,46.384025],[-123.357651,46.48475],[-123.359509,46.562644],[-123.365024,46.562955],[-123.36483,46.627671],[-123.37044500000002,46.734721],[-123.37095000000001,46.792129],[-123.53228000000001,46.794028],[-123.856513,46.791574],[-124.09834303160001,46.7940669968361]]]},"properties":{"district_id":"US:53049","name":"Pacific"}},
{"type":"Feature","geometry":{"type":"MultiPolygon","coordinates":[[[[-122.395203333214,47.777921766004],[-122.38024100000001,47.758519],[-122.37314000000002,47.729219],[-122.38565499999999,47.704542],[-122.40344100000002,47.697719],[-122.40966,47.676224],[-122.429841,47.658919],[-122.414645,47.639766],[-122.37017399999999,47.625183],[-122.344937,47.60912],[-122.342937,47.59122],[-122.362125,47.583802],[-122.387139,47.59572],[-122.421139,47.57602],[-122.39833799999998,47.55012],[-122.398805,47.517437],[-122.36133599999998,47.481421],[-122.36803600000002,47.459221],[-122.35513499999999,47.441921],[-122.34803499999998,47.415921],[-122.33523400000001,47.408421],[-122.327234,47.387721],[-122.324833,47.348521],[-122.33693400000001,47.341421],[-122.41787816103799,47.3203341350021],[-122.33482999999998,47.26311],[-122.33491999999998,47.257594],[-122.14397600000001,47.257526],[-122.115911,47.231297],[-122.115889,47.216246],[-122.10047600000001,47.199962],[-122.065883,47.187132],[-122.048073,47.171396],[-122.012724,47.17605],[-121.99144599999998,47.16323700000001],[-121.92789200000001,47.147705],[-121.901538,47.155742],[-121.86654699999998,47.152633],[-121.83910799999998,47.143533],[-121.795804,47.173226],[-121.742484,47.164231],[-121.71987100000001,47.15125],[-121.684173,47.149785],[-121.664516,47.159564],[-121.630993,47.153513],[-121.611469,47.142991],[-121.594461,47.122228],[-121.581964,47.118658],[-121.531511,47.124579],[-121.49056299999998,47.116775],[-121.454736,47.089353],[-121.37996100000001,47.087248],[-121.379682,47.087495],[-121.399761,47.10171600000001],[-121.408081,47.1181],[-121.393968,47.132762],[-121.364677,47.141759],[-121.33490599999999,47.132701],[-121.303355,47.138942],[-121.29781900000002,47.148851],[-121.317769,47.172976],[-121.306297,47.187711],[-121.31760000000001,47.212131],[-121.36513799999999,47.224563],[-121.35947800000001,47.241108],[-121.33976700000001,47.24719900000001],[-121.34120299999998,47.281261],[-121.38483600000002,47.285133],[-121.432837,47.29417],[-121.444362,47.308247],[-121.430372,47.334085],[-121.464234,47.354416],[-121.46589100000001,47.366596],[-121.440121,47.374898],[-121.42744799999998,47.420617],[-121.385108,47.43449],[-121.37912000000001,47.454411],[-121.338706,47.476377],[-121.303135,47.486023],[-121.28553400000001,47.517034],[-121.263363,47.523424],[-121.235394,47.544649],[-121.23306000000001,47.560442],[-121.21703900000001,47.569752],[-121.18220400000001,47.565184],[-121.17225,47.590054],[-121.11356899999998,47.597288],[-121.113738,47.618],[-121.13369700000001,47.645605],[-121.123179,47.663326],[-121.12882400000001,47.676181],[-121.088296,47.70314100000001],[-121.07899499999999,47.73919000000001],[-121.119179,47.779933],[-121.195672,47.779144],[-121.45553500000001,47.780576],[-121.58454100000002,47.77705400000001],[-121.923045,47.776993],[-121.99177500000002,47.775349],[-122.20703399999998,47.77649000000001],[-122.395203333214,47.777921766004]]],[[[-122.52603100000002,47.358906],[-122.518852,47.333321],[-122.493126,47.330254000000004],[-122.484244,47.38006],[-122.463804,47.375071],[-122.477114,47.351083],[-122.453995,47.343338],[-122.43781299999999,47.365604],[-122.37362700000001,47.388718],[-122.39504999999998,47.399277],[-122.42733,47.40213],[-122.429936,47.423675],[-122.44309499999999,47.453463],[-122.43338800000001,47.466431],[-122.46003,47.486858],[-122.45239999999998,47.503471],[-122.476624,47.511079],[-122.48274199999999,47.483131],[-122.49786400000002,47.475914],[-122.513954,47.448898],[-122.514702,47.414047],[-122.52774000000001,47.39229000000001],[-122.51633100000001,47.377324],[-122.52603100000002,47.358906]]]]},"properties":{"district_id":"US:53033","name":"King"}},
{"type":"Feature","geometry":{"type":"Polygon","coordinates":[[[-122.40547365478298,48.2519780903618],[-122.394677705179,48.229867488358],[-122.36831899999999,48.214609],[-122.37027500000002,48.190941],[-122.35747000000002,48.182285],[-122.370253,48.164809000000005],[-122.36782900000001,48.13493],[-122.34324100000002,48.097631],[-122.321419,48.080991],[-122.280005,48.063067],[-122.274394,48.04823],[-122.218982,48.02027600000001],[-122.23110399999999,48.008749],[-122.23004600000002,47.970917],[-122.24900699999999,47.959507],[-122.30704800000001,47.949117],[-122.310747,47.925117],[-122.321947,47.913117],[-122.33354300000002,47.880246],[-122.32954500000001,47.869418],[-122.339944,47.84671800000001],[-122.353244,47.840618],[-122.395637,47.806808],[-122.395203333214,47.777921766004],[-122.20703399999998,47.77649000000001],[-121.99177500000002,47.775349],[-121.923045,47.776993],[-121.58454100000002,47.77705400000001],[-121.45553500000001,47.780576],[-121.195672,47.779144],[-121.119179,47.779933],[-121.092571,47.800725],[-121.07068500000001,47.82661600000001],[-121.080222,47.834123],[-121.106932,47.828974],[-121.134343,47.843044],[-121.158264,47.876644],[-121.18077600000001,47.898769],[-121.171361,47.913296],[-121.164968,47.954505],[-121.11818300000002,47.997103],[-121.129221,48.019826],[-121.15326000000002,48.039693],[-121.130519,48.04518],[-121.11597600000002,48.057963],[-121.03621700000001,48.076838],[-121.015942,48.074795],[-120.98045,48.095189],[-120.972481,48.108534],[-120.95262800000002,48.117223],[-120.96561900000002,48.140333],[-120.948421,48.155032],[-120.907425,48.163184],[-120.920588,48.187311],[-120.964769,48.211328],[-120.959848,48.227769],[-121.01126300000001,48.278191],[-121.00165799999999,48.296009],[-121.44496400000001,48.296038],[-121.636419,48.298473],[-121.76255000000002,48.29886],[-121.857972,48.297479],[-122.372947738584,48.29766330657781],[-122.36759100000002,48.291724],[-122.40547365478298,48.2519780903618]]]},"properties":{"district_id":"US:53061","name":"Snohomish"}},
{"type":"Feature","geometry":{"type":"Polygon","coordinates":[[[-116.049140153119,48.50204572438211],[-116.04899435832398,48.2161284423458],[-116.016723,48.206217],[-116.021947,48.186463],[-116.009237,48.159669],[-115.95725100000001,48.149042],[-115.936899,48.184063],[-115.908505,48.182608],[-115.883084,48.20255],[-115.83154499999999,48.211318],[-115.80017200000002,48.222818],[-115.771401,48.259064],[-115.743185,48.262148],[-115.709824,48.248427],[-115.693415,48.224568],[-115.672359,48.206394],[-115.696111,48.177474],[-115.64576800000002,48.134142],[-115.632231,48.088622],[-115.637036,48.074646],[-115.609285,48.060105],[-115.611611,48.049223],[-115.58443499999998,48.02176],[-115.553628,48.010048],[-115.539747,47.97989700000001],[-115.55813900000001,47.942291],[-115.546534,47.922079],[-115.525402,47.909004],[-115.49962100000002,47.909175],[-115.46170399999998,47.920333],[-115.42858000000001,47.910988],[-115.42145200000002,47.933768],[-115.39981700000001,47.936117],[-115.399455,47.912442],[-115.381172,47.904189],[-115.31924,47.92157],[-115.301794,47.912467],[-115.28155999999998,47.890278],[-115.24871500000002,47.914916],[-115.225139,47.908297],[-115.18027100000002,47.932031],[-115.17382200000002,47.97186],[-115.14813,47.963501],[-115.13633900000002,47.984183],[-115.150757,47.995478],[-115.154527,48.017692],[-115.01067200000001,48.017621],[-115.01009399999998,48.139115],[-115.01970300000002,48.139138],[-115.020079,48.225954],[-114.848098,48.226125],[-114.849641,48.399464],[-114.849803,48.573502],[-114.888679,48.573546],[-114.888592,48.658526],[-114.639007,48.658878],[-114.655922,48.67057400000001],[-114.69244999999998,48.680136],[-114.680912,48.694632],[-114.691264,48.708896],[-114.67910900000001,48.724308],[-114.61920100000002,48.742601],[-114.64856900000001,48.779362000000006],[-114.690082,48.80111000000001],[-114.73248,48.809304],[-114.72267799999999,48.83160800000001],[-114.69206500000001,48.841832],[-114.689417,48.86388600000001],[-114.710574,48.890946],[-114.70333000000001,48.903526],[-114.70932399999998,48.929977],[-114.718806,48.938678],[-114.69699400000002,48.9539],[-114.684969,48.973362],[-114.72457,48.979828],[-114.739398,48.990826000000006],[-114.72705020628,49.0005869898058],[-115.207912,48.999228],[-115.501016,49.000694],[-116.049086,49.000846],[-116.04908,48.791437],[-116.049140153119,48.50204572438211]]]},"properties":{"district_id":"US:30053","name":"Lincoln"}},
{"type":"Feature","geometry":{"type":"Polygon","coordinates":[[[-114.797204,47.268916],[-114.797135,47.240033],[-114.775846,47.240053],[-114.77583299999999,47.225573],[-114.712274,47.22559],[-114.71228300000001,47.182187],[-114.691364,47.18227],[-114.691397,47.167201],[-114.65022599999999,47.167163],[-114.65047,47.138244],[-114.629151,47.138255],[-114.62921400000002,47.123721],[-114.58673500000002,47.123757],[-114.586671,47.094853],[-114.565653,47.09485],[-114.566094,47.06738],[-114.483694,47.067508],[-114.483227,47.023358],[-114.419532,47.023246],[-114.41937400000002,47.008896],[-114.451356,47.0089],[-114.451265,46.993201],[-114.486134,46.999197],[-114.50261,47.009076],[-114.525358,47.00925],[-114.52533,46.992328],[-114.547172,46.992439],[-114.54644500000002,46.963371],[-114.566129,46.963405],[-114.566259,46.833557],[-114.549004,46.83362600000001],[-114.549127,46.747366],[-114.674925,46.747414000000006],[-114.67494198664902,46.7368334719963],[-114.64681800000001,46.730876],[-114.62463600000001,46.711791],[-114.623169,46.691638],[-114.641664,46.679191],[-114.635779,46.659476],[-114.621023,46.657982],[-114.61415,46.639059],[-114.594490940697,46.6337754400838],[-114.569824,46.643324],[-114.547033,46.64468],[-114.467095,46.631764],[-114.449379,46.649423],[-114.424424,46.660648],[-114.357919,46.668695],[-114.332661751706,46.6605807312884],[-114.170755,46.660389],[-113.827743,46.660896],[-113.79355700000002,46.658166],[-113.667996,46.658372],[-113.668166,46.716229],[-113.55153,46.716508],[-113.545081,46.744623],[-113.47985600000001,46.744714],[-113.479832,46.802772],[-113.417085,46.802495],[-113.416599,46.832113],[-113.302903,46.832159],[-113.302943,47.179643],[-113.46645,47.179186],[-113.466424,47.346305],[-113.466485,47.600057],[-113.634079,47.600027],[-113.903063,47.600235],[-113.93028900000002,47.598499],[-113.931729,47.575048],[-113.9195,47.549411],[-113.927674,47.520571],[-113.914217,47.501139],[-113.94246600000001,47.492805],[-113.93241200000001,47.4576],[-113.903678,47.447615],[-113.890834,47.431689],[-113.891339,47.416784],[-113.87111,47.39197],[-113.87587900000001,47.37103],[-113.889045,47.355012],[-113.882738,47.308073],[-113.87076900000001,47.288158],[-113.84273200000001,47.271884],[-113.821166,47.2687],[-113.821447,47.181709],[-113.933568,47.18172],[-113.933503,47.138289],[-114.18717000000001,47.138191],[-114.212098,47.12770900000001],[-114.236088,47.134301],[-114.254478,47.120717],[-114.292695,47.128129],[-114.35398,47.160587],[-114.346111,47.176235000000005],[-114.354234,47.189195],[-114.381271,47.188048],[-114.423858,47.210091],[-114.452238,47.208144],[-114.469089,47.21934000000001],[-114.49132,47.220205],[-114.563737,47.254611000000004],[-114.59345800000001,47.257089],[-114.631423,47.268458],[-114.68721000000001,47.274335],[-114.708847,47.254689],[-114.737165,47.262758],[-114.76119299999999,47.259931],[-114.797204,47.268916]]]},"properties":{"district_id":"US:30063","name":"Missoula"}},
{"type":"Feature","geometry":{"type":"Polygon","coordinates":[[[-111.409018,48.219542],[-111.409097,48.132218],[-111.173543,48.132912],[-110.827168,48.133205],[-110.827413,48.219566],[-110.755873,48.219601],[-110.756177,48.566492],[-110.750113,48.566516],[-110.750595,48.914088],[-110.742698,48.914089],[-110.743064,48.9985575021156],[-111.003916,48.997537],[-111.269864027259,48.9972297844707],[-111.273311,48.914078],[-111.27342,48.566446],[-111.275529,48.566445],[-111.275306,48.219531],[-111.409018,48.219542]]]},"properties":{"district_id":"US:30051","name":"Liberty"}},
{"type":"Feature","geometry":{"type":"Polygon","coordinates":[[[-116.783771926572,45.078265731912],[-116.797329,45.060267],[-116.847944,45.022602],[-116.84462500000001,45.001435],[-116.856754,44.984298],[-116.850737,44.958113],[-116.83570200000001,44.940633],[-116.852427,44.887577],[-116.865338,44.870599],[-116.89580500000001,44.855752],[-116.899640878328,44.8406075080495],[-116.625034,44.838952],[-116.624171,44.666215],[-116.59926299999998,44.636862],[-116.603212,44.615192],[-116.52916699999999,44.615154],[-116.528898,44.491545],[-116.407648,44.444436],[-116.29987600000001,44.444576],[-116.257022,44.466265],[-116.23613600000002,44.464713],[-116.233874,44.481262],[-116.217788,44.508556],[-116.185376,44.494678],[-116.15702200000001,44.49892800000001],[-116.164247,44.513305],[-116.16533299999999,44.539749],[-116.184176,44.585652],[-116.170135,44.624413],[-116.17755699999998,44.645936],[-116.16974099999999,44.65701800000001],[-116.157413,44.70296],[-116.183488,44.726153],[-116.17656200000002,44.745238],[-116.20628399999998,44.766973],[-116.211211,44.780872],[-116.20246399999999,44.795945],[-116.19701100000002,44.864216],[-116.18643199999998,44.887736],[-116.161903,44.901813],[-116.15554499999999,44.942101],[-116.13068400000002,44.941914],[-116.11295599999998,44.975969],[-116.13498100000001,45.000791],[-116.12801900000001,45.014923],[-116.104704,45.030778000000005],[-116.10129499999998,45.052153],[-116.089118,45.06361700000001],[-116.112722,45.074454],[-116.140115,45.078323],[-116.144386,45.107651],[-116.30475,45.108793],[-116.28596900000001,45.12873200000001],[-116.303666,45.171645],[-116.301084,45.184521],[-116.330698,45.239504],[-116.34287600000002,45.267872],[-116.68717415211299,45.2676428484611],[-116.703181,45.2408],[-116.70953599999999,45.203015],[-116.724205,45.171501],[-116.73121600000002,45.139934],[-116.74553499999999,45.133038],[-116.754643,45.113972],[-116.774847,45.105536],[-116.783771926572,45.078265731912]]]},"properties":{"district_id":"US:16003","name":"Adams"}},
{"type":"Feature","geometry":{"type":"Polygon","coordinates":[[[-124.15872814593399,43.8637200341693],[-124.177685,43.767228],[-124.19398400000001,43.706674],[-124.206343,43.674021],[-124.21896637722301,43.6109319633736],[-124.10076499999998,43.611244],[-124.062969,43.609641],[-123.87569799999999,43.608407],[-123.87562800000002,43.515947000000004],[-123.81665700000002,43.516449],[-123.81761400000002,43.431306],[-123.76488399999998,43.431548],[-123.761528,43.422294],[-123.76449600000001,43.344799],[-123.764356,43.258054],[-123.704752,43.257741],[-123.702167,43.17059],[-123.70214399999999,43.087083],[-123.707057,43.083457],[-123.761333,43.08316],[-123.761594,42.996318],[-123.821118,42.996291],[-123.82151300000001,42.924483],[-123.81914400000001,42.884356],[-123.820439,42.824112],[-123.811789,42.824101000000006],[-123.81155300000002,42.788837],[-123.783304,42.799426],[-123.73231500000001,42.780131],[-123.71649200000002,42.784061],[-123.71650500000001,42.739658],[-123.581699,42.73992],[-123.562168,42.717574],[-123.54253900000002,42.709832],[-123.494414,42.70918],[-123.494304,42.702248],[-123.44545600000001,42.703025],[-123.444922,42.711122],[-123.406299,42.713966],[-123.40024199999999,42.724951],[-123.36666600000001,42.732194],[-123.27428300000001,42.73203],[-123.249328,42.724404],[-123.249209,42.702421],[-123.22961900000001,42.70261],[-123.18051199999998,42.737765],[-123.15202300000001,42.737721],[-123.152233,42.755835],[-123.11268800000002,42.752218],[-123.00976499999999,42.752144],[-123.00974399999998,42.75941],[-122.970492,42.760945],[-122.95119899999999,42.774773],[-122.852943,42.774603],[-122.853707,42.781766],[-122.794776,42.778221],[-122.79481099999998,42.792721],[-122.775044,42.806831],[-122.77522299999998,42.8288],[-122.73636700000002,42.823496000000006],[-122.73632900000001,42.837661],[-122.716699,42.837671],[-122.71665699999998,42.85211],[-122.69701,42.852099],[-122.69701700000002,42.866572],[-122.67719800000002,42.866603000000005],[-122.677181,42.88108],[-122.637695,42.881141],[-122.63781200000001,42.89699],[-122.60025100000001,42.895693],[-122.600202,42.911073],[-122.580094,42.9108],[-122.560299,42.92469],[-122.560273,42.939185],[-122.46022400000001,42.939873],[-122.46021,42.954373],[-122.440505,42.954420000000006],[-122.440535,42.968923],[-122.420863,42.968927],[-122.420844,42.983439],[-122.401025,42.996632],[-122.28273,42.996499],[-122.282585,43.067719],[-122.07626100000002,43.067744],[-122.093776,43.076257],[-122.077287,43.1177],[-122.065175,43.135701],[-122.067115,43.149964],[-122.053544,43.157965],[-122.05416999999998,43.172116],[-122.03896200000001,43.191598],[-122.02817399999999,43.219886],[-122.003126,43.23423],[-121.980554,43.26518],[-122.00133200000002,43.281696],[-122.00846699999998,43.30118],[-121.999293,43.308993],[-122.015941,43.324152],[-122.00820800000001,43.337374],[-122.02180299999999,43.362042],[-122.05622099999998,43.381459],[-122.06415500000001,43.406547],[-122.08467799999998,43.422579],[-122.11176500000002,43.429089],[-122.13203400000002,43.440221],[-122.27067000000001,43.441628],[-122.508441,43.441275],[-122.622946,43.438458],[-122.741716,43.437395],[-122.741845,43.544654],[-122.932533,43.544357],[-122.987626,43.538988],[-123.107475,43.540013],[-123.107318,43.605889000000005],[-123.137211,43.605906],[-123.137319,43.77967],[-123.348246,43.78017],[-123.34820000000002,43.809212],[-123.470371,43.810056],[-123.470251,43.831183],[-123.52915299999998,43.830061],[-123.52900500000001,43.86833],[-123.57968900000002,43.868291],[-123.57958000000002,43.891057],[-123.61957399999999,43.891672],[-123.61901200000001,43.921117],[-123.65890900000001,43.921672],[-123.658767,43.936474],[-123.70362799999998,43.937399],[-123.7038,43.944319],[-123.82700399999999,43.944837],[-123.85260200000002,43.920553],[-123.872399,43.916733],[-123.902391,43.896281],[-123.92591699999998,43.898476],[-123.92547899999998,43.865947],[-123.94629400000001,43.862737],[-124.06458500000001,43.862277],[-124.15872814593399,43.8637200341693]]]},"properties":{"district_id":"US:41019","name":"Douglas"}},
{"type":"Feature","geometry":{"type":"Polygon","coordinates":[[[-112.984734,47.953918],[-113.013791,47.941483],[-113.022115,47.927097],[-113.063483,47.925118],[-113.08663400000002,47.918182],[-113.092519,47.896129],[-113.063275,47.88564],[-113.058188,47.842496],[-113.069335,47.829247],[-113.059974,47.80806],[-113.066451,47.776214],[-113.08446,47.768373],[-113.080997,47.749917],[-113.12186300000002,47.741589],[-113.137986,47.745786],[-113.164119,47.730023],[-113.165811,47.719764],[-113.146412,47.676472],[-113.12847,47.661047],[-113.144368,47.595507],[-113.11774600000001,47.570473],[-113.124661,47.55797],[-113.123098,47.51573],[-113.11455,47.490409],[-113.09172,47.48063],[-113.059199,47.488599],[-113.059053,47.17957],[-113.049424,47.177133],[-112.795808,47.177004],[-112.79609,46.96253],[-112.795642,46.831665],[-112.668246,46.831613],[-112.668245,46.834151],[-112.535748,46.834234],[-112.535597,46.699482],[-112.410846,46.699505],[-112.410638,46.656011],[-112.320871,46.655927],[-112.300466,46.62757400000001],[-112.293205,46.605089],[-112.316705,46.574923],[-112.307773,46.549338],[-112.293709,46.531128],[-112.30629,46.510393],[-112.301847,46.489877],[-112.304536,46.450097],[-112.320961,46.443545],[-112.31057300000002,46.421171],[-112.27002900000001,46.414963],[-112.242671,46.422498],[-112.220222,46.436169],[-112.215251,46.45042300000001],[-112.187096,46.450862],[-112.179743,46.470966],[-112.200595,46.485722],[-112.183801,46.501106],[-112.131932,46.520086],[-112.120845,46.51473],[-112.084838,46.51673],[-112.063232,46.523716],[-112.033615,46.543127],[-112.02923100000001,46.568805],[-111.787949,46.569465],[-111.631906,46.569972],[-111.639864,46.5824],[-111.639261,46.73818],[-111.624978,46.746337],[-111.61006000000002,46.77278],[-111.587,46.781852],[-111.508887,46.759565],[-111.498095,46.762502],[-111.496029,46.790273],[-111.523814,46.817074],[-111.532301,46.80438300000001],[-111.572301,46.810106],[-111.603153,46.809949],[-111.645739,46.843361],[-111.642219,46.86539],[-111.609279,46.87742],[-111.602722,46.891391],[-111.658132,46.913423],[-111.790236,46.913764],[-111.789278,47.12892200000001],[-111.87488,47.128655],[-111.92013700000001,47.135693],[-111.942139,47.143582],[-111.977382,47.183932],[-112.010037,47.184371],[-112.02565,47.199138],[-112.04482900000001,47.192711],[-112.0457,47.350242],[-112.047781,47.516034],[-112.081339,47.516284],[-112.120835,47.508036],[-112.14666,47.51671900000001],[-112.19972,47.506761],[-112.278,47.505623],[-112.319606,47.54305],[-112.344175,47.551038],[-112.372793,47.546414],[-112.405595,47.552423],[-112.40272400000002,47.565499],[-112.429183,47.603386],[-112.473573,47.614554],[-112.49388400000001,47.613495],[-112.529779,47.64218600000001],[-112.553692,47.652147],[-112.579849,47.63311],[-112.615786,47.635544],[-112.64629400000001,47.620682],[-112.697783,47.622288],[-112.73207800000002,47.617131],[-112.770602,47.598616],[-112.801723,47.610373],[-112.817827,47.607589],[-112.856907,47.62949100000001],[-112.87764,47.658499],[-112.913874,47.697199],[-112.901583,47.728243],[-112.926599,47.761527],[-112.915462,47.79983],[-112.91325600000002,47.826216],[-112.927536,47.86013],[-112.943892,47.871067],[-112.952975,47.904852],[-112.973018,47.911618],[-112.984734,47.953918]]]},"properties":{"district_id":"US:30049","name":"Lewis and Clark"}},
{"type":"Feature","geometry":{"type":"Polygon","coordinates":[[[-113.349046,48.310263],[-113.322583,48.287724],[-113.29797200000002,48.284341000000005],[-113.274957,48.259373],[-113.249792,48.255214],[-113.22768,48.235752],[-113.237622,48.210631],[-113.230723,48.182002],[-113.207854,48.164377],[-113.184972,48.171469],[-113.141921,48.153351],[-113.123906,48.138118],[-113.090444,48.136578],[-113.068293,48.148412],[-113.014811,48.13103],[-112.890973,48.131029],[-112.826745,48.133176],[-112.455127,48.132018],[-112.177755,48.130717],[-112.177751,48.087162],[-112.047999,48.086612],[-112.048342,48.042909],[-111.984125,48.042767],[-111.984263,47.984592],[-111.773248,47.984441],[-111.408514,47.98717800000001],[-111.409097,48.132218],[-111.409018,48.219542],[-111.665599,48.219549],[-111.665756,48.349456],[-111.795855,48.349812],[-111.79591,48.39308100000001],[-111.925843,48.392961],[-111.990889,48.394265],[-111.990944,48.438546],[-112.03688800000002,48.451789000000005],[-112.077584,48.435369],[-112.133736,48.46686100000001],[-112.174532,48.467348],[-112.184784,48.477578],[-112.229059,48.483614],[-112.576982,48.483348],[-112.577202,48.313839],[-112.58125,48.309928],[-112.867221,48.309959],[-113.349046,48.310263]]]},"properties":{"district_id":"US:30073","name":"Pondera"}},
{"type":"Feature","geometry":{"type":"Polygon","coordinates":[[[-112.155935,44.05778],[-112.15637,43.971247],[-111.97701600000002,43.970909],[-111.976849,43.927385],[-111.837308,43.927158],[-111.837592,43.898621],[-111.698046,43.897901],[-111.697826,43.88344],[-111.558833,43.883305],[-111.55877600000001,43.901052],[-111.529615,43.918309],[-111.50123200000002,43.929206],[-111.478723,43.927886],[-111.43723,43.912699],[-111.398781,43.92289],[-111.354543,43.94810400000001],[-111.333326,43.939259],[-111.327975,43.925409],[-111.302499,43.919334],[-111.280123,43.926774],[-111.271279,43.938802],[-111.237362,43.948646],[-111.202542,43.93450000000001],[-111.177449,43.939684],[-111.113677,43.968572],[-111.047063914504,43.9834606121932],[-111.049077,44.020072],[-111.049695,44.353626],[-111.048974,44.474072],[-111.052434,44.478411],[-111.100918,44.487783],[-111.130659,44.500131],[-111.13861800000001,44.516854],[-111.131382,44.532429],[-111.150571,44.534971],[-111.180747,44.554883],[-111.18103,44.569231],[-111.227504,44.577172],[-111.23999400000001,44.614847],[-111.220102,44.622071],[-111.26721,44.664643],[-111.296038,44.702053],[-111.337355,44.73317],[-111.355153,44.727195],[-111.37714906651901,44.7511577867496],[-111.392475,44.752369],[-111.397759,44.724077],[-111.414273,44.710739],[-111.431733,44.720694],[-111.474880236007,44.7085555454992],[-111.489894,44.700559],[-111.472255,44.66689600000001],[-111.495275,44.644323],[-111.50248900000001,44.62682000000001],[-111.525198,44.60520000000001],[-111.507408,44.562079],[-111.481378,44.555946],[-111.479745,44.54209],[-111.51527000000002,44.537016],[-111.523594,44.547864],[-111.586507,44.56265700000001],[-111.617299725144,44.5502806204968],[-111.617437,44.401254],[-111.791624,44.40161],[-111.791541,44.317021],[-111.852276,44.316996],[-111.852457,44.231441],[-111.857851,44.187759],[-111.913744,44.18779],[-111.913601,44.144337],[-112.033664,44.144049],[-112.034317,44.057358],[-112.155935,44.05778]]]},"properties":{"district_id":"US:16043","name":"Fremont"}},
{"type":"Feature","geometry":{"type":"Polygon","coordinates":[[[-123.71649200000002,42.784061],[-123.733021,42.768945],[-123.75726300000001,42.720584],[-123.83126400000002,42.632313],[-123.821526,42.619743],[-123.83031500000001,42.595067],[-123.84955800000002,42.583718],[-123.860305,42.563091],[-123.85478500000002,42.550614],[-123.878488,42.524647],[-123.875164,42.513244],[-123.890393,42.500666],[-123.928109,42.494563],[-123.94594300000001,42.501334],[-123.971991,42.495392],[-123.99878000000001,42.499962],[-124.00185100000002,42.44602],[-124.014517,42.434189],[-124.01334499999999,42.412677],[-124.035718,42.401762],[-124.041579,42.385912],[-124.026947,42.359199],[-123.93467,42.355761],[-123.92040799999998,42.346469],[-123.892651,42.353293],[-123.877852,42.344851],[-123.86958200000001,42.322796],[-123.839496,42.312202],[-123.847483,42.303538],[-123.81499699999999,42.262603],[-123.793144,42.22111],[-123.81891500000002,42.2036],[-123.815726,42.166047],[-123.84023200000001,42.152913],[-123.858487,42.134858],[-123.832155,42.107914],[-123.821973,42.086567],[-123.84895200000001,42.043009000000005],[-123.836151,42.029292],[-123.838592,42.015304],[-123.82203789199801,41.9956172960188],[-123.728169,41.997056],[-123.65721200000002,41.995094],[-123.624022,41.99977],[-123.51791099516299,42.0007581373596],[-123.34695500000001,41.999276],[-123.23111258448002,42.0039324384249],[-123.229167,42.128331],[-123.22990100000001,42.290816],[-123.22927100000001,42.429362],[-123.22961900000001,42.70261],[-123.249209,42.702421],[-123.249328,42.724404],[-123.27428300000001,42.73203],[-123.36666600000001,42.732194],[-123.40024199999999,42.724951],[-123.406299,42.713966],[-123.444922,42.711122],[-123.44545600000001,42.703025],[-123.494304,42.702248],[-123.494414,42.70918],[-123.54253900000002,42.709832],[-123.562168,42.717574],[-123.581699,42.73992],[-123.71650500000001,42.739658],[-123.71649200000002,42.784061]]]},"properties":{"district_id":"US:41033","name":"Josephine"}},
{"type":"Feature","geometry":{"type":"Polygon","coordinates":[[[-114.72705020628,49.0005869898058],[-114.739398,48.990826000000006],[-114.72457,48.979828],[-114.684969,48.973362],[-114.69699400000002,48.9539],[-114.718806,48.938678],[-114.70932399999998,48.929977],[-114.70333000000001,48.903526],[-114.710574,48.890946],[-114.689417,48.86388600000001],[-114.69206500000001,48.841832],[-114.72267799999999,48.83160800000001],[-114.73248,48.809304],[-114.690082,48.80111000000001],[-114.64856900000001,48.779362000000006],[-114.61920100000002,48.742601],[-114.67910900000001,48.724308],[-114.691264,48.708896],[-114.680912,48.694632],[-114.69244999999998,48.680136],[-114.655922,48.67057400000001],[-114.639007,48.658878],[-114.888592,48.658526],[-114.888679,48.573546],[-114.849803,48.573502],[-114.849641,48.399464],[-114.848098,48.226125],[-115.020079,48.225954],[-115.01970300000002,48.139138],[-115.01009399999998,48.139115],[-115.01067200000001,48.017621],[-115.010678,48.003139],[-114.98943300000002,48.003141],[-114.989344,47.872807],[-114.861117,47.87280200000001],[-114.86112100000001,47.87578],[-114.604584,47.875605],[-114.60446200000001,47.789871],[-114.47729,47.789941],[-114.477451,47.875401],[-114.492147,47.875414],[-114.49219,47.961989],[-114.038545,47.96255],[-114.038991,47.987535],[-114.062112,47.993951],[-114.078282,48.023148],[-114.050243,48.022994],[-114.049903,48.037342],[-114.029042,48.051653],[-113.88454100000001,48.05190000000001],[-113.859226,48.025524],[-113.865368,48.014137],[-113.855407,47.996109],[-113.832946,47.976406],[-113.813854,47.983183],[-113.772336,47.957966],[-113.747183,47.952952],[-113.718499,47.916726],[-113.672014,47.896349],[-113.665292,47.882898000000004],[-113.67489800000001,47.865806],[-113.667473,47.818926],[-113.6817,47.805153],[-113.670642,47.78315],[-113.652681,47.773809],[-113.649744,47.755847],[-113.659492,47.735306],[-113.633457,47.719336],[-113.60392400000002,47.72144],[-113.598113,47.68315],[-113.605954,47.663181],[-113.622663,47.658657],[-113.625087,47.622019],[-113.634079,47.600027],[-113.466485,47.600057],[-113.325845,47.60016100000001],[-113.325845,47.595507],[-113.144368,47.595507],[-113.12847,47.661047],[-113.146412,47.676472],[-113.165811,47.719764],[-113.164119,47.730023],[-113.137986,47.745786],[-113.12186300000002,47.741589],[-113.080997,47.749917],[-113.08446,47.768373],[-113.066451,47.776214],[-113.059974,47.80806],[-113.069335,47.829247],[-113.058188,47.842496],[-113.063275,47.88564],[-113.092519,47.896129],[-113.08663400000002,47.918182],[-113.063483,47.925118],[-113.022115,47.927097],[-113.013791,47.941483],[-112.984734,47.953918],[-112.951631,47.944814],[-112.912591,47.946407],[-112.884883,47.985414],[-112.896662,48.019019],[-112.90767,48.02959],[-112.935688,48.035152],[-112.950716,48.049976],[-112.93777,48.060926],[-112.981771,48.07376],[-112.994237,48.098514],[-113.000624,48.130734],[-113.014811,48.13103],[-113.068293,48.148412],[-113.090444,48.136578],[-113.123906,48.138118],[-113.141921,48.153351],[-113.184972,48.171469],[-113.207854,48.164377],[-113.230723,48.182002],[-113.237622,48.210631],[-113.22768,48.235752],[-113.249792,48.255214],[-113.274957,48.259373],[-113.29797200000002,48.284341000000005],[-113.322583,48.287724],[-113.349046,48.310263],[-113.37426900000001,48.32393],[-113.38601600000001,48.34067],[-113.33916,48.371335],[-113.33342400000001,48.387961],[-113.34689300000001,48.394441],[-113.356379,48.424092],[-113.381609,48.417071],[-113.413473,48.420885],[-113.461953,48.445139],[-113.480839,48.459662],[-113.466584,48.474533],[-113.47365300000001,48.504794],[-113.46737200000001,48.547555],[-113.510316,48.559817],[-113.516905,48.572923],[-113.547098,48.584767],[-113.60054800000002,48.574983],[-113.641273,48.600552],[-113.663557,48.585639],[-113.679755,48.593389],[-113.707924,48.594713000000006],[-113.75045400000002,48.614335],[-113.745569,48.652773],[-113.725891,48.67146],[-113.740546,48.692906],[-113.719822,48.694886],[-113.702938,48.719865],[-113.714893,48.742592],[-113.739255,48.75281],[-113.742707,48.765219],[-113.761646,48.773303],[-113.77280600000002,48.80084],[-113.756941,48.818318],[-113.818721,48.84815],[-113.841588,48.855842],[-113.875706,48.837269],[-113.910478,48.848596],[-113.918678,48.835042],[-113.956864,48.817474],[-114.004135,48.833215],[-113.993032,48.854123],[-114.017229,48.864747],[-114.031095,48.87993],[-114.058061,48.889065],[-114.013798,48.908506],[-114.025047,48.933461],[-114.042472,48.945894],[-114.047059,48.962613],[-114.06817860861801,48.9989189222999],[-114.375977,49.00139],[-114.72705020628,49.0005869898058]]]},"properties":{"district_id":"US:30029","name":"Flathead"}},
{"type":"Feature","geometry":{"type":"Polygon","coordinates":[[[-124.354854444714,47.5335351706387],[-124.345155,47.48903],[-124.33636000000001,47.405081],[-124.330162,47.40014],[-124.31937899999998,47.355559],[-124.29994300000001,47.34836],[-124.27809700000002,47.306377],[-124.257452,47.304059],[-124.236349,47.287287],[-124.20901700000002,47.218151],[-124.195893,47.174],[-124.176745,47.092999],[-124.169113,46.994508],[-124.173877,46.927235],[-124.127443,46.945514],[-124.138035,46.970959],[-124.137444,46.999151],[-124.151288,47.021112],[-124.14151700000001,47.035142],[-124.12205700000001,47.04165],[-124.065856,47.04114],[-124.02634500000002,47.030187],[-124.00524799999998,47.003915],[-124.017999,46.993554],[-123.991612,46.980215],[-123.959185,46.981759],[-123.94688200000002,46.968739],[-123.92161700000001,46.971864],[-123.85910299999999,46.967577],[-123.85054600000001,46.952004],[-123.87021200000001,46.943166],[-123.93706200000001,46.928636],[-123.95749300000001,46.921261],[-123.98508200000002,46.921916],[-124.01366000000002,46.90363],[-124.049279,46.891253],[-124.055085,46.870429],[-124.073113,46.861493],[-124.08928599999999,46.867716],[-124.09296099999999,46.901655],[-124.110641,46.91252000000001],[-124.13280300000001,46.896387],[-124.10807799999999,46.836388],[-124.09834303160001,46.7940669968361],[-123.856513,46.791574],[-123.53228000000001,46.794028],[-123.37095000000001,46.792129],[-123.35139100000002,46.79350900000001],[-123.160588,46.793383],[-123.160637,46.909678],[-123.15836400000002,46.995871],[-123.20310100000002,46.996973],[-123.200887,47.010407],[-123.20189100000002,47.085059],[-123.36869800000001,47.082448],[-123.48894299999999,47.082646],[-123.49080500000001,47.258208],[-123.50502100000001,47.258535],[-123.50591699999998,47.51771600000001],[-123.739019,47.517825],[-124.04674,47.518525],[-124.04650400000001,47.53367],[-124.354854444714,47.5335351706387]]]},"properties":{"district_id":"US:53027","name":"Grays Harbor"}},
{"type":"Feature","geometry":{"type":"Polygon","coordinates":[[[-113.014811,48.13103],[-113.000624,48.130734],[-112.994237,48.098514],[-112.981771,48.07376],[-112.93777,48.060926],[-112.950716,48.049976],[-112.935688,48.035152],[-112.90767,48.02959],[-112.896662,48.019019],[-112.884883,47.985414],[-112.912591,47.946407],[-112.951631,47.944814],[-112.984734,47.953918],[-112.973018,47.911618],[-112.952975,47.904852],[-112.943892,47.871067],[-112.927536,47.86013],[-112.91325600000002,47.826216],[-112.915462,47.79983],[-112.926599,47.761527],[-112.901583,47.728243],[-112.913874,47.697199],[-112.87764,47.658499],[-112.856907,47.62949100000001],[-112.817827,47.607589],[-112.801723,47.610373],[-112.770602,47.598616],[-112.73207800000002,47.617131],[-112.697783,47.622288],[-112.64629400000001,47.620682],[-112.615786,47.635544],[-112.579849,47.63311],[-112.553692,47.652147],[-112.529779,47.64218600000001],[-112.49388400000001,47.613495],[-112.473573,47.614554],[-112.429183,47.603386],[-112.40272400000002,47.565499],[-112.405595,47.552423],[-112.372793,47.546414],[-112.344175,47.551038],[-112.319606,47.54305],[-112.278,47.505623],[-112.19972,47.506761],[-112.14666,47.51671900000001],[-112.120835,47.508036],[-112.081339,47.516284],[-112.047781,47.516034],[-112.02731900000002,47.518023],[-111.99944,47.507289],[-111.922795,47.505064],[-111.922567,47.611259],[-111.66626,47.611253],[-111.666482,47.697761],[-111.40885,47.698123],[-111.408514,47.98717800000001],[-111.773248,47.984441],[-111.984263,47.984592],[-111.984125,48.042767],[-112.048342,48.042909],[-112.047999,48.086612],[-112.177751,48.087162],[-112.177755,48.130717],[-112.455127,48.132018],[-112.826745,48.133176],[-112.890973,48.131029],[-113.014811,48.13103]]]},"properties":{"district_id":"US:30099","name":"Teton"}},
{"type":"Feature","geometry":{"type":"Polygon","coordinates":[[[-123.602609,44.721154],[-123.60281700000002,44.651159],[-123.59692900000002,44.651139],[-123.596134,44.477454],[-123.59767699999999,44.433109],[-123.72007100000002,44.433374],[-123.72014000000001,44.389506],[-123.71553800000001,44.360458],[-123.73515300000001,44.36035],[-123.734996,44.345778],[-123.816709,44.344622],[-123.81652500000001,44.315303],[-123.775789,44.316167],[-123.775598,44.283547],[-123.715377,44.280267],[-123.593513,44.276699],[-123.59329000000001,44.281915],[-123.371411,44.281021],[-123.371408,44.283725],[-123.18038800000001,44.283725],[-123.197359,44.308573],[-123.21730200000002,44.313726],[-123.23928300000001,44.374888],[-123.22361400000001,44.393452],[-123.227685,44.42996],[-123.20528700000001,44.44303800000001],[-123.21646199999999,44.468473],[-123.21261899999999,44.504978],[-123.23806700000002,44.527969],[-123.24175400000001,44.544575],[-123.26015100000001,44.555148],[-123.25120900000002,44.574626],[-123.221793,44.584597],[-123.18537500000001,44.587298],[-123.19519000000001,44.604953],[-123.17162600000002,44.621011],[-123.164428,44.637507],[-123.105836,44.63915],[-123.07820600000001,44.646585],[-123.07412200000002,44.65836000000001],[-123.09250899999999,44.675887],[-123.116892,44.676966],[-123.121299,44.691353],[-123.14902499999998,44.720225],[-123.301882,44.71983500000001],[-123.602609,44.721154]]]},"properties":{"district_id":"US:41003","name":"Benton"}},
{"type":"Feature","geometry":{"type":"Polygon","coordinates":[[[-119.874042,46.628283],[-119.875084,46.577283],[-119.873595,46.316844],[-119.873562,46.214605],[-119.866537,46.214577],[-119.86582899999999,46.040858],[-119.86719200000002,46.025775],[-119.868272037091,45.8359407146783],[-119.80265499999999,45.84753],[-119.772927,45.845578],[-119.66987700000001,45.856867],[-119.623393,45.905639],[-119.600549,45.919581],[-119.571584,45.925456],[-119.524632,45.908605],[-119.48782900000002,45.906307],[-119.43214995378202,45.918250445405],[-119.36439600000001,45.921605],[-119.32250900000001,45.933183],[-119.25715,45.939926],[-119.19553,45.92787],[-119.12612,45.932859],[-119.09322100000001,45.942745],[-119.061462,45.958527],[-119.008558,45.97927],[-118.987196090377,45.9997905520367],[-118.961703,46.019333],[-118.941656,46.02698],[-118.94704799999998,46.043631],[-118.942305,46.07442],[-118.969014,46.118816],[-118.968049,46.130834],[-119.01420599999999,46.176199],[-119.04149799999999,46.192667],[-119.125749,46.224475],[-119.173297,46.228564],[-119.210448,46.238934],[-119.236787,46.261081],[-119.25998099999998,46.269354],[-119.26626100000001,46.287485000000004],[-119.25022599999998,46.314754],[-119.25693200000002,46.345408000000006],[-119.269368,46.370295],[-119.259161,46.435726],[-119.264058,46.478702],[-119.25985199999998,46.496554],[-119.27032,46.521311],[-119.30523300000002,46.539361],[-119.326732,46.563247],[-119.367361,46.582656],[-119.406816,46.619676],[-119.41304599999998,46.652631],[-119.455993,46.671033],[-119.45319000000002,46.679243],[-119.44992600000002,46.686241],[-119.485763,46.715668],[-119.51658199999999,46.727638],[-119.58168400000001,46.669906000000005],[-119.62552200000002,46.644669],[-119.65918900000001,46.640333],[-119.711057,46.648818],[-119.750972,46.635662],[-119.82242600000001,46.62608],[-119.874042,46.628283]]]},"properties":{"district_id":"US:53005","name":"Benton"}},
{"type":"Feature","geometry":{"type":"Polygon","coordinates":[[[-123.21795,46.385617],[-123.215137,46.283523],[-123.216718,46.231409],[-123.21305400000001,46.17254100000001],[-123.16641400000002,46.188973],[-123.11590400000001,46.185268],[-123.10502100000001,46.177676],[-123.004233,46.133823],[-122.962681,46.104817],[-122.904119,46.083734],[-122.88447800000002,46.06028],[-122.87809200000001,46.031281],[-122.856158,46.014469],[-122.83763799999998,45.98082],[-122.813998,45.960984],[-122.80619300000001,45.932416],[-122.81151000000001,45.91272500000001],[-122.785026,45.867699],[-122.785515,45.850536],[-122.743205,45.870121],[-122.73419700000001,45.885759],[-122.738996,45.915287],[-122.72091,45.931892],[-122.68926,45.929111],[-122.669259,45.936991000000006],[-122.61573,45.935702],[-122.578026,45.954696],[-122.55742100000002,45.953845],[-122.52300500000001,45.984088],[-122.50639700000002,45.980326],[-122.478753,45.98793800000001],[-122.44644599999998,45.983182],[-122.442208,45.975849],[-122.398515,45.972496],[-122.37515,45.960132],[-122.332663,45.965064000000005],[-122.32500299999998,45.999832],[-122.311711,46.028794000000005],[-122.29444300000002,46.049191],[-122.26919899999999,46.059632],[-122.245856,46.053853],[-122.24667700000002,46.200575],[-122.242008,46.21162000000001],[-122.240966,46.385361],[-122.34567400000002,46.385623],[-122.363705,46.387345],[-122.573904,46.387846],[-122.69805300000002,46.387111],[-122.95510499999999,46.387413],[-123.114228,46.388043],[-123.21795,46.385617]]]},"properties":{"district_id":"US:53015","name":"Cowlitz"}},
{"type":"Feature","geometry":{"type":"Polygon","coordinates":[[[-114.971351,43.938308],[-114.996687,43.914407],[-114.98837600000002,43.885826],[-114.972837,43.871617],[-114.98925800000002,43.858563],[-114.969282,43.848585],[-114.951885,43.854275],[-114.93103,43.840038],[-114.900796,43.828552],[-114.84778100000001,43.816381],[-114.855964,43.795513],[-114.822805,43.790953],[-114.786877,43.802608],[-114.76022699999999,43.791641],[-114.74037400000002,43.806837],[-114.70205,43.805413],[-114.692627,43.78426],[-114.690171,43.75038],[-114.666068,43.738957],[-114.68010200000002,43.724105],[-114.676211,43.698058],[-114.68803200000002,43.686059],[-114.67915000000002,43.669946],[-114.662311,43.660705],[-114.66270100000001,43.644523],[-114.679081,43.616262],[-114.68314,43.593367],[-114.651649,43.592996],[-114.63490999999999,43.573377],[-114.602227,43.567453],[-114.58674300000001,43.558826],[-114.59569800000001,43.531235],[-114.58214900000002,43.525179],[-114.561881,43.498907],[-114.519193,43.493205],[-114.50823300000002,43.481512],[-114.514057,43.457937],[-114.546982,43.436034],[-114.546383,43.398404],[-114.526511,43.398365000000005],[-114.534328,43.368616],[-114.534488,43.333383],[-114.503107,43.329105],[-114.480211,43.33242200000001],[-114.461729,43.325009],[-114.4304,43.334206],[-114.394609,43.326209],[-114.394849,43.257561],[-114.37475800000001,43.257514],[-114.374962,43.19964],[-114.010696,43.200145],[-113.714642,43.199783],[-113.41386700000001,43.199859],[-113.413138,42.849169],[-113.472155,42.849201],[-113.47217700000002,42.669352],[-113.411559,42.674448],[-113.39946,42.683897],[-113.375062,42.687832],[-113.360707,42.672118],[-113.3044,42.628749],[-113.236968,42.625254],[-113.236841,42.675308],[-113.178633,42.67546],[-113.17887700000001,42.762355],[-113.236943,42.762212],[-113.237016,42.848157],[-113.24372,42.848207],[-113.24347800000001,43.110946],[-113.007712,43.110933],[-113.007318,43.284778],[-113.361958,43.284678],[-113.36191,43.36716],[-113.63523,43.367546],[-113.634325,43.497474],[-113.653631,43.49373],[-113.685263,43.532314],[-113.687013,43.553112],[-113.701153,43.584553],[-113.727656,43.59014],[-113.748347,43.587204],[-113.752859,43.575242],[-113.77713,43.566853],[-113.798441,43.569217],[-113.8071,43.572747],[-113.813355,43.600059],[-113.835607,43.604909],[-113.843889,43.624972],[-113.875329,43.650504],[-113.904918,43.649719],[-113.911904,43.671724],[-113.933516,43.679365000000004],[-113.961675,43.704076],[-113.974222,43.707825],[-113.985696,43.73718],[-114.004151,43.764994],[-114.03315,43.766961],[-114.05345800000002,43.760831],[-114.053128,43.74646],[-114.070019,43.734696],[-114.116996,43.740347],[-114.137707,43.756291],[-114.14240700000002,43.774368],[-114.160124,43.774529],[-114.180502,43.790068],[-114.195425,43.789586],[-114.275725,43.831138],[-114.283485,43.861064],[-114.278814,43.878849],[-114.292484,43.887062],[-114.341624,43.889609],[-114.35929300000001,43.874177],[-114.410002,43.895651],[-114.427482,43.891509],[-114.474541,43.896517],[-114.485066,43.904504],[-114.507778,43.89909],[-114.519673,43.87167900000001],[-114.516146,43.8547],[-114.528447,43.845662],[-114.56235000000001,43.844368],[-114.581992,43.85145],[-114.583469,43.875103],[-114.606151,43.89362],[-114.62518599999999,43.898023],[-114.644414,43.914255],[-114.681168,43.927705],[-114.81379000000001,43.927772],[-114.813873,43.992941],[-114.873372,43.992949],[-114.921467,43.97440100000001],[-114.942381,43.950678],[-114.971351,43.938308]]]},"properties":{"district_id":"US:16013","name":"Blaine"}},
{"type":"Feature","geometry":{"type":"Polygon","coordinates":[[[-114.98925800000002,43.858563],[-115.000501,43.851244],[-115.004164,43.828757],[-115.019756,43.822956],[-115.030047,43.796881],[-115.04234000000001,43.745582],[-115.03010199999999,43.728779],[-115.015343,43.726686],[-115.00884000000002,43.696912000000005],[-115.03438699999998,43.677735],[-115.03007400000001,43.66058],[-115.03692200000002,43.646802],[-115.032499,43.622031],[-115.06745500000001,43.601917],[-115.083071,43.604399],[-115.08359000000002,43.370454],[-115.08657400000001,43.370329],[-115.086155,43.198064],[-114.59460500000002,43.198345],[-114.374962,43.19964],[-114.37475800000001,43.257514],[-114.394849,43.257561],[-114.394609,43.326209],[-114.4304,43.334206],[-114.461729,43.325009],[-114.480211,43.33242200000001],[-114.503107,43.329105],[-114.534488,43.333383],[-114.534328,43.368616],[-114.526511,43.398365000000005],[-114.546383,43.398404],[-114.546982,43.436034],[-114.514057,43.457937],[-114.50823300000002,43.481512],[-114.519193,43.493205],[-114.561881,43.498907],[-114.58214900000002,43.525179],[-114.59569800000001,43.531235],[-114.58674300000001,43.558826],[-114.602227,43.567453],[-114.63490999999999,43.573377],[-114.651649,43.592996],[-114.68314,43.593367],[-114.679081,43.616262],[-114.66270100000001,43.644523],[-114.662311,43.660705],[-114.67915000000002,43.669946],[-114.68803200000002,43.686059],[-114.676211,43.698058],[-114.68010200000002,43.724105],[-114.666068,43.738957],[-114.690171,43.75038],[-114.692627,43.78426],[-114.70205,43.805413],[-114.74037400000002,43.806837],[-114.76022699999999,43.791641],[-114.786877,43.802608],[-114.822805,43.790953],[-114.855964,43.795513],[-114.84778100000001,43.816381],[-114.900796,43.828552],[-114.93103,43.840038],[-114.951885,43.854275],[-114.969282,43.848585],[-114.98925800000002,43.858563]]]},"properties":{"district_id":"US:16025","name":"Camas"}},
{"type":"Feature","geometry":{"type":"Polygon","coordinates":[[[-110.63955900000002,47.416486],[-110.638911,47.359032],[-110.767125,47.359128],[-110.772313,47.307914],[-110.788302,47.307848],[-110.788068,47.249133],[-110.766593,47.234539],[-110.772758,47.183863],[-110.770698,47.096546],[-110.645212,47.095870000000005],[-110.645109,47.010685],[-110.640749,47.010678],[-110.640951,46.923934],[-110.636266,46.92393],[-110.636381,46.837161],[-110.652877,46.823626],[-110.649524,46.801473],[-110.620687,46.772216],[-110.577467,46.769764],[-110.557697,46.763584],[-110.564334,46.738864],[-110.524345,46.712788],[-110.506319,46.712774],[-110.483057,46.70147],[-110.480108,46.68914000000001],[-110.454566,46.679545],[-110.436554,46.686507],[-110.410275,46.68472],[-110.375292,46.692912],[-110.326525,46.675901],[-110.273337,46.710509],[-110.210758,46.708503],[-110.191562,46.725631],[-110.158453,46.716311],[-110.127177,46.718932],[-110.115707,46.73887],[-110.086131,46.746895],[-110.052716,46.74962300000001],[-110.02899200000002,46.736207],[-109.989406,46.750223],[-109.9678,46.750875],[-109.895758,46.725927],[-109.857791,46.708259],[-109.845162,46.710814],[-109.819866,46.693446],[-109.745745,46.694097],[-109.745815,46.744327],[-109.756379,46.744238],[-109.756666,46.780389],[-109.787614,46.780261],[-109.798462,46.801972],[-109.83013200000002,46.801932],[-109.835569,46.830865],[-109.798833,46.830933],[-109.797469,46.867038],[-109.776507,46.896005],[-109.755423,46.896023],[-109.75656800000002,47.185694],[-109.871985,47.185323],[-109.872475,47.228883],[-110.000024,47.228716],[-110.000289,47.272133],[-110.127699,47.27191],[-110.12795200000001,47.35902000000001],[-110.213285,47.358771],[-110.213596,47.416657],[-110.63955900000002,47.416486]]]},"properties":{"district_id":"US:30045","name":"Judith Basin"}},
{"type":"Feature","geometry":{"type":"Polygon","coordinates":[[[-114.06817860861801,48.9989189222999],[-114.047059,48.962613],[-114.042472,48.945894],[-114.025047,48.933461],[-114.013798,48.908506],[-114.058061,48.889065],[-114.031095,48.87993],[-114.017229,48.864747],[-113.993032,48.854123],[-114.004135,48.833215],[-113.956864,48.817474],[-113.918678,48.835042],[-113.910478,48.848596],[-113.875706,48.837269],[-113.841588,48.855842],[-113.818721,48.84815],[-113.756941,48.818318],[-113.77280600000002,48.80084],[-113.761646,48.773303],[-113.742707,48.765219],[-113.739255,48.75281],[-113.714893,48.742592],[-113.702938,48.719865],[-113.719822,48.694886],[-113.740546,48.692906],[-113.725891,48.67146],[-113.745569,48.652773],[-113.75045400000002,48.614335],[-113.707924,48.594713000000006],[-113.679755,48.593389],[-113.663557,48.585639],[-113.641273,48.600552],[-113.60054800000002,48.574983],[-113.547098,48.584767],[-113.516905,48.572923],[-113.510316,48.559817],[-113.46737200000001,48.547555],[-113.47365300000001,48.504794],[-113.466584,48.474533],[-113.480839,48.459662],[-113.461953,48.445139],[-113.413473,48.420885],[-113.381609,48.417071],[-113.356379,48.424092],[-113.34689300000001,48.394441],[-113.33342400000001,48.387961],[-113.33916,48.371335],[-113.38601600000001,48.34067],[-113.37426900000001,48.32393],[-113.349046,48.310263],[-112.867221,48.309959],[-112.58125,48.309928],[-112.577202,48.313839],[-112.576982,48.483348],[-112.229059,48.483614],[-112.184784,48.477578],[-112.184587,48.566466000000005],[-112.189102,48.566473],[-112.189016,48.913989],[-112.193202,48.914023],[-112.19340907497802,48.998899920796305],[-112.365030051565,48.9988408727467],[-113.009895,48.998619],[-113.356874,48.998224],[-113.57611800000001,48.998478],[-113.692982,48.997632],[-114.06817860861801,48.9989189222999]]]},"properties":{"district_id":"US:30035","name":"Glacier"}},
{"type":"Feature","geometry":{"type":"Polygon","coordinates":[[[-114.59460500000002,43.198345],[-114.594375,42.850901],[-114.365366,42.85079],[-114.365327,42.823611],[-114.345652,42.823562],[-114.345659,42.809055],[-114.049849,42.808444],[-114.04996100000001,42.76500600000001],[-113.931687,42.765026],[-113.763862,42.764508],[-113.76382,42.849823],[-113.714044,42.849734],[-113.714642,43.199783],[-114.010696,43.200145],[-114.374962,43.19964],[-114.59460500000002,43.198345]]]},"properties":{"district_id":"US:16063","name":"Lincoln"}},
{"type":"Feature","geometry":{"type":"Polygon","coordinates":[[[-118.228635,46.593362],[-118.24425700000002,46.600732],[-118.28716699999998,46.594932],[-118.309208,46.606425],[-118.36171700000001,46.598014],[-118.389726,46.580602],[-118.423181,46.583744],[-118.45263700000001,46.596973],[-118.475932,46.595142],[-118.49652000000002,46.575534],[-118.527994,46.567664],[-118.548011,46.555929],[-118.56539699999999,46.534962],[-118.59240900000002,46.525857],[-118.615592,46.504543],[-118.61899100000001,46.474362],[-118.63803300000001,46.433415],[-118.63382600000001,46.414022],[-118.66077600000001,46.402505],[-118.67002399999998,46.388101],[-118.69116999999999,46.381099],[-118.69710299999998,46.363296],[-118.746199,46.359512],[-118.760387,46.328397],[-118.77374399999998,46.318049],[-118.766619,46.30358],[-118.777344,46.29015],[-118.821258,46.286010000000005],[-118.86073300000001,46.252455],[-118.951002,46.239329],[-118.97282699999998,46.238705],[-119.02345300000002,46.216616],[-119.04149799999999,46.192667],[-119.01420599999999,46.176199],[-118.968049,46.130834],[-118.969014,46.118816],[-118.942305,46.07442],[-118.94704799999998,46.043631],[-118.941656,46.02698],[-118.961703,46.019333],[-118.987196090377,45.9997905520367],[-118.941242,46.000574],[-118.497027,46.00062],[-118.126197,46.000282],[-117.99694971271,46.0007868487855],[-117.99310900000002,46.019722],[-117.991481,46.207702],[-118.11662400000002,46.20805],[-118.116117,46.295455000000004],[-118.241852,46.295064],[-118.24125000000001,46.469615],[-118.24264000000001,46.559747],[-118.228013,46.560413],[-118.228635,46.593362]]]},"properties":{"district_id":"US:53071","name":"Walla Walla"}},
{"type":"Feature","geometry":{"type":"Polygon","coordinates":[[[-121.37996100000001,47.087248],[-121.37411499999999,47.057005],[-121.39980100000001,47.033464],[-121.39474,47.023271],[-121.40645700000002,46.998744],[-121.44632700000001,46.979709],[-121.455078,46.964781],[-121.44946400000002,46.934353],[-121.47537600000001,46.913272],[-121.49698600000002,46.908342],[-121.52307,46.872783],[-121.49734500000001,46.862866],[-121.474376,46.820394],[-121.44252599999999,46.79298800000001],[-121.455218,46.783797],[-121.43117,46.741887],[-121.40802799999999,46.72826200000001],[-121.368838,46.726169],[-121.35812999999999,46.712181],[-121.375866,46.705276],[-121.37667999999998,46.686486],[-121.398949,46.68808],[-121.413217,46.675868],[-121.41374100000002,46.648714],[-121.38638300000001,46.636041],[-121.38681800000002,46.620832],[-121.40758900000002,46.601475],[-121.405711,46.582344],[-121.42460100000001,46.57001],[-121.41271,46.558668],[-121.419838,46.544749],[-121.45096600000001,46.533894],[-121.45562500000001,46.513266],[-121.42997800000002,46.498392],[-121.43657,46.478213],[-121.41558,46.4598],[-121.40729800000001,46.429903],[-121.38655700000001,46.410601],[-121.39655499999999,46.388235],[-121.522324,46.388224],[-121.52232100000002,46.044006],[-121.25571900000001,46.044887],[-120.936324,46.042089],[-120.614293,46.04096],[-120.386767,46.041533],[-120.031535,46.041065],[-119.86582899999999,46.040858],[-119.866537,46.214577],[-119.873562,46.214605],[-119.873595,46.316844],[-119.875084,46.577283],[-119.874042,46.628283],[-119.90148300000001,46.635602],[-119.91730099999998,46.655423],[-119.94644,46.675935],[-119.972706,46.723239],[-119.973036,46.737126],[-120.38216699999998,46.737528],[-120.51,46.737946],[-120.50860500000002,46.824862],[-120.63398100000002,46.825776],[-120.634562,46.91213],[-120.81429099999998,46.910973],[-121.02662,46.911308000000005],[-121.042442,46.922140000000006],[-121.06885000000001,46.958465],[-121.08995700000001,46.969295],[-121.09005400000001,46.991007],[-121.123715,47.000063],[-121.13576500000002,47.017233],[-121.165569,47.035496],[-121.210159,47.0535],[-121.22240600000002,47.066851],[-121.280716,47.088731],[-121.311259,47.076915],[-121.347136,47.078739],[-121.379682,47.087495],[-121.37996100000001,47.087248]]]},"properties":{"district_id":"US:53077","name":"Yakima"}},
{"type":"Feature","geometry":{"type":"Polygon","coordinates":[[[-115.037774,42.911864],[-115.037697,42.768414],[-115.03750899999999,42.579122],[-115.037841,42.245605],[-115.038157180221,41.9960123074291],[-114.87587700000002,42.001319],[-114.80638399999998,42.001822],[-114.598267,41.994511],[-114.467581,41.995492],[-114.281799324163,41.994213920521],[-114.281325,42.330885],[-114.286652,42.330526],[-114.285448,42.417333],[-114.069162,42.417124],[-114.06908,42.503179],[-114.067073,42.514453],[-114.014817,42.518529],[-114.000388,42.526373],[-114.042455,42.528765],[-114.066939,42.522858],[-114.124934,42.49613],[-114.149969,42.497826],[-114.172734,42.516688],[-114.17947,42.532331],[-114.237371,42.557259],[-114.287207,42.561808],[-114.332917,42.572566],[-114.351265,42.588883],[-114.375217,42.598132],[-114.402536,42.59543600000001],[-114.427104,42.599737],[-114.465709,42.599673],[-114.50962,42.620476],[-114.520482,42.631033],[-114.563898,42.634718],[-114.61648699999999,42.649298],[-114.65181400000002,42.660948],[-114.680831,42.659361],[-114.745743,42.673344],[-114.77768900000001,42.664357],[-114.819971,42.669746],[-114.82463400000002,42.704035],[-114.85039900000001,42.713668000000006],[-114.845158,42.739607],[-114.85780699999998,42.75530100000001],[-114.87695800000002,42.756872],[-114.908164,42.770447],[-114.933622,42.766931],[-114.940816,42.791409],[-114.935507,42.81491400000001],[-114.91436600000002,42.826337],[-114.90163600000001,42.859108000000006],[-114.91970100000002,42.877988],[-114.954762,42.905133],[-114.960322,42.914925],[-115.026017,42.917753],[-115.037774,42.911864]]]},"properties":{"district_id":"US:16083","name":"Twin Falls"}},
{"type":"Feature","geometry":{"type":"Polygon","coordinates":[[[-110.213596,47.416657],[-110.213285,47.358771],[-110.12795200000001,47.35902000000001],[-110.127699,47.27191],[-110.000289,47.272133],[-110.000024,47.228716],[-109.872475,47.228883],[-109.871985,47.185323],[-109.75656800000002,47.185694],[-109.755423,46.896023],[-109.776507,46.896005],[-109.797469,46.867038],[-109.798833,46.830933],[-109.835569,46.830865],[-109.83013200000002,46.801932],[-109.798462,46.801972],[-109.787614,46.780261],[-109.756666,46.780389],[-109.756379,46.744238],[-109.745815,46.744327],[-109.745745,46.694097],[-109.389163,46.693625],[-109.389208,46.751351],[-109.00957,46.750702],[-108.631462,46.749392],[-108.630689,46.836807],[-108.611116,46.836776],[-108.608954,47.098126],[-108.736838,47.098218],[-108.736077,47.183414],[-108.719283,47.183358],[-108.719189,47.270342],[-108.591111,47.270135],[-108.590835,47.306516],[-108.3368,47.307932],[-108.315481,47.315152],[-108.31549,47.531071],[-108.313048,47.58365],[-108.326383,47.570761],[-108.350385,47.567444],[-108.356267,47.580207],[-108.400487,47.595186],[-108.43934200000001,47.602479],[-108.456908,47.615726],[-108.47576700000002,47.597639],[-108.50922700000001,47.601199],[-108.527063,47.621103],[-108.538516,47.61394000000001],[-108.572422,47.609483],[-108.610972,47.624329],[-108.631376,47.61952500000001],[-108.6714,47.619556],[-108.70208,47.629851],[-108.727883,47.649887],[-108.771619,47.645523],[-108.78982,47.662943],[-108.78406,47.682104],[-108.821449,47.709084],[-108.891115,47.734456],[-108.91940700000002,47.735396],[-108.92248600000002,47.75288200000001],[-108.945661,47.77289700000001],[-108.942745,47.791824],[-108.97402,47.801469],[-109.000719,47.803119],[-109.044797,47.793292],[-109.0659,47.801067],[-109.132768,47.781122],[-109.160341,47.77981],[-109.190276,47.790903],[-109.229905,47.794923],[-109.274171,47.793239],[-109.282886,47.776041],[-109.31283800000001,47.758383],[-109.38567,47.742937],[-109.411506,47.724617],[-109.464006,47.725093],[-109.522816,47.745983],[-109.538677,47.738864],[-109.58784,47.745851],[-109.608155,47.732197],[-109.633538,47.73944900000001],[-109.67078,47.735709],[-109.72371,47.702377],[-109.75342,47.702897],[-109.769699,47.709732],[-109.829635,47.715978],[-109.838887,47.706714],[-109.831519,47.648816],[-109.836491,47.625251],[-109.85359,47.586698],[-109.844708,47.548965],[-109.869842,47.526755],[-109.908537,47.521908],[-109.934564,47.505121],[-109.974818,47.491097],[-109.990249,47.478578],[-110.031015,47.479404],[-110.097898,47.441205],[-110.12783,47.435244],[-110.16160100000002,47.4174],[-110.213596,47.416657]]]},"properties":{"district_id":"US:30027","name":"Fergus"}},
{"type":"Feature","geometry":{"type":"Polygon","coordinates":[[[-113.827743,46.660896],[-113.81765,46.637306],[-113.80322400000001,46.629914],[-113.809694,46.594276],[-113.83626,46.581939],[-113.828724,46.571518000000005],[-113.844968,46.547206],[-113.850029,46.514832],[-113.874651,46.508329],[-113.849222,46.448043000000006],[-113.85833600000001,46.420185],[-113.825811,46.410076],[-113.782032,46.359518],[-113.78550300000002,46.339099],[-113.771959,46.321301],[-113.785795,46.288077],[-113.750527,46.272146000000006],[-113.775082,46.228396],[-113.817675,46.215486],[-113.82378,46.202149],[-113.785534,46.179809],[-113.795249,46.15261400000001],[-113.780361,46.144489],[-113.753246,46.11280000000001],[-113.771185,46.086289],[-113.787455,46.074444],[-113.803677,46.03767500000001],[-113.760772,46.030053],[-113.755517,46.044158],[-113.73200200000001,46.038439],[-113.68725,46.035236],[-113.690819,46.025953],[-113.668773,46.002834],[-113.66384,45.980528],[-113.64869,45.965246],[-113.61608,45.970278],[-113.60886800000002,45.94984],[-113.56330200000001,45.941987],[-113.554618,45.947146],[-113.51740900000001,45.940089],[-113.499843,45.948439],[-113.480172,45.939683],[-113.45940800000001,45.962159],[-113.458363,45.984064],[-113.44202300000002,45.980985],[-113.399267,46.000469],[-113.39697300000002,46.013921],[-113.378961,46.018589],[-113.363841,46.007548],[-113.335804,46.005384],[-113.328238,46.015502],[-113.278012,46.045268],[-113.27435900000002,46.059326],[-113.274364,46.135798],[-113.285039,46.135788],[-113.284532,46.222783],[-113.03681800000001,46.22333],[-113.036825,46.266826],[-113.036347,46.483772],[-113.03833,46.483774],[-113.038702,46.73554000000001],[-113.061522,46.731348],[-113.115614,46.713387],[-113.132541,46.725991],[-113.181341,46.733831],[-113.17929,46.760979],[-113.228386,46.783566],[-113.242508,46.80143700000001],[-113.241937,46.813826],[-113.264129,46.824878000000005],[-113.291406,46.806932],[-113.302903,46.832159],[-113.416599,46.832113],[-113.417085,46.802495],[-113.479832,46.802772],[-113.47985600000001,46.744714],[-113.545081,46.744623],[-113.55153,46.716508],[-113.668166,46.716229],[-113.667996,46.658372],[-113.79355700000002,46.658166],[-113.827743,46.660896]]]},"properties":{"district_id":"US:30039","name":"Granite"}},
{"type":"Feature","geometry":{"type":"Polygon","coordinates":[[[-121.79956200000001,44.683915],[-121.80005400000002,44.639156],[-121.81068999999998,44.61439],[-121.79389500000002,44.594056],[-121.803286,44.555321],[-121.816073,44.534596],[-121.809865,44.513812],[-121.84688000000001,44.49109],[-121.849512,44.468364],[-121.84112800000001,44.444912],[-121.846615,44.433879],[-121.843138,44.39263],[-121.67369900000001,44.393383],[-121.63600100000001,44.392413],[-121.473293,44.393464],[-121.2293,44.393036],[-121.22928900000001,44.390646],[-121.10753399999999,44.3906],[-120.98837500000002,44.390265],[-120.98882399999998,44.476484],[-120.826899,44.476499],[-120.82755500000002,44.562793],[-120.597275,44.563012],[-120.386561,44.564009],[-120.38568700000002,44.761175],[-120.40468499999999,44.792695],[-120.38137600000002,44.800721],[-120.37144100000002,44.821769],[-120.68959000000001,44.822491],[-121.08948000000001,44.823272],[-121.09189699999999,44.825098],[-121.351973,44.8247],[-121.725068,44.825519],[-121.75299399999999,44.829919],[-121.764831,44.820267],[-121.81222099999998,44.811574],[-121.82027800000002,44.800134],[-121.81239100000002,44.782844],[-121.78496100000001,44.771856],[-121.772321,44.759964],[-121.79161,44.746259],[-121.800965,44.703863],[-121.79956200000001,44.683915]]]},"properties":{"district_id":"US:41031","name":"Jefferson"}},
{"type":"Feature","geometry":{"type":"Polygon","coordinates":[[[-121.69647900000001,45.25792],[-121.680898,45.250581],[-121.68626199999999,45.233301],[-121.71559200000002,45.210941],[-121.748245,45.2051],[-121.74864900000001,45.1918],[-121.72399899999999,45.158354],[-121.712219,45.153424],[-121.70805000000001,45.134055],[-121.66702100000002,45.120519],[-121.65263799999998,45.101992],[-121.65871,45.066355],[-121.68327699999999,45.068012],[-121.710813,45.055912],[-121.737791,45.033616],[-121.770738,45.039837],[-121.805667,45.00612400000001],[-121.800131,44.976452],[-121.77976999999998,44.935153],[-121.76256000000001,44.941233],[-121.747297,44.914636],[-121.71559200000002,44.900018],[-121.73422299999999,44.88572],[-121.75106900000002,44.856706],[-121.741864,44.847398],[-121.75299399999999,44.829919],[-121.725068,44.825519],[-121.351973,44.8247],[-121.09189699999999,44.825098],[-121.08948000000001,44.823272],[-120.68959000000001,44.822491],[-120.37144100000002,44.821769],[-120.40049500000002,44.830109],[-120.41258000000002,44.852174],[-120.45520400000001,44.865607],[-120.45876400000002,44.881199],[-120.43878399999998,44.888013],[-120.43946,44.899629],[-120.46889899999998,44.913388],[-120.472884,44.935458],[-120.489133,44.951299],[-120.477168,44.981876],[-120.48654500000002,45.00615],[-120.480945,45.02115],[-120.483647,45.05345],[-120.49516000000001,45.068279],[-120.50373299999998,45.083477],[-120.72979200000002,45.083731],[-120.71809899999998,45.111056],[-120.72316599999999,45.130522],[-120.739885,45.134805],[-120.76907,45.155435],[-120.826779,45.175965],[-120.85827400000001,45.195112],[-120.88935700000002,45.202305],[-120.915516,45.198189],[-120.98736399999999,45.19891700000001],[-121.02429400000001,45.219531],[-121.02487599999999,45.275176],[-121.01569,45.307148],[-120.990473,45.309344],[-120.973089,45.320315],[-120.956471,45.310345],[-120.923671,45.347345],[-120.920371,45.359344],[-120.86856900000001,45.401146],[-120.85657099999999,45.461546],[-120.835571,45.471246],[-120.83877200000002,45.515946],[-120.86407300000002,45.528746000000005],[-120.88265600000001,45.527564],[-120.908459,45.558241],[-120.895397,45.589342],[-120.91167499999999,45.605245],[-120.903975,45.617145],[-120.915795173154,45.641301218792],[-120.943977,45.656445],[-120.98347800000002,45.648344],[-121.007449,45.653217000000005],[-121.06437,45.652549],[-121.08493300000002,45.647893],[-121.120064,45.623134],[-121.13195300000001,45.609762],[-121.18384099999999,45.606441],[-121.19655600000002,45.616689],[-121.200367,45.649829],[-121.215779,45.67123800000001],[-121.28732300000001,45.687019],[-121.312198,45.699925],[-121.33776999999999,45.704949],[-121.37257400000001,45.703111],[-121.401739,45.692887],[-121.441224595532,45.6973034385521],[-121.44064600000002,45.519394],[-121.482168,45.51960400000001],[-121.48188800000001,45.258128],[-121.69647900000001,45.25792]]]},"properties":{"district_id":"US:41065","name":"Wasco"}},
{"type":"Feature","geometry":{"type":"Polygon","coordinates":[[[-119.45319000000002,46.679243],[-119.455993,46.671033],[-119.41304599999998,46.652631],[-119.406816,46.619676],[-119.367361,46.582656],[-119.326732,46.563247],[-119.30523300000002,46.539361],[-119.27032,46.521311],[-119.25985199999998,46.496554],[-119.264058,46.478702],[-119.259161,46.435726],[-119.269368,46.370295],[-119.25693200000002,46.345408000000006],[-119.25022599999998,46.314754],[-119.26626100000001,46.287485000000004],[-119.25998099999998,46.269354],[-119.236787,46.261081],[-119.210448,46.238934],[-119.173297,46.228564],[-119.125749,46.224475],[-119.04149799999999,46.192667],[-119.02345300000002,46.216616],[-118.97282699999998,46.238705],[-118.951002,46.239329],[-118.86073300000001,46.252455],[-118.821258,46.286010000000005],[-118.777344,46.29015],[-118.766619,46.30358],[-118.77374399999998,46.318049],[-118.760387,46.328397],[-118.746199,46.359512],[-118.69710299999998,46.363296],[-118.69116999999999,46.381099],[-118.67002399999998,46.388101],[-118.66077600000001,46.402505],[-118.63382600000001,46.414022],[-118.63803300000001,46.433415],[-118.61899100000001,46.474362],[-118.615592,46.504543],[-118.59240900000002,46.525857],[-118.56539699999999,46.534962],[-118.548011,46.555929],[-118.527994,46.567664],[-118.49652000000002,46.575534],[-118.475932,46.595142],[-118.45263700000001,46.596973],[-118.423181,46.583744],[-118.389726,46.580602],[-118.36171700000001,46.598014],[-118.309208,46.606425],[-118.28716699999998,46.594932],[-118.24425700000002,46.600732],[-118.228635,46.593362],[-118.21566000000001,46.588924],[-118.198397,46.610544],[-118.199796,46.624186],[-118.216474,46.633303],[-118.23073199999999,46.656437],[-118.21751499999999,46.679145],[-118.24920300000001,46.732579],[-118.21024300000002,46.73883300000001],[-118.358881,46.73662300000001],[-118.70633799999999,46.735805],[-118.89859999999999,46.73607],[-119.08079699999999,46.737761],[-119.36942899999998,46.737695],[-119.36916499999998,46.67817900000001],[-119.45319000000002,46.679243]]]},"properties":{"district_id":"US:53021","name":"Franklin"}},
{"type":"Feature","geometry":{"type":"Polygon","coordinates":[[[-116.98371442608001,43.8801032140428],[-116.98415200000001,43.866794],[-117.02003499999998,43.858956],[-117.010701,43.849754],[-117.03288100000002,43.830025],[-117.026634,43.80811],[-117.026624495654,43.6808035152354],[-116.98024800000002,43.672055],[-116.963745,43.661231],[-116.955309,43.635676],[-116.923333,43.619223],[-116.907933,43.600425],[-116.86895100000001,43.591845],[-116.844978,43.5944],[-116.811934,43.57395700000001],[-116.80018200000002,43.548317],[-116.781819,43.529258],[-116.78133600000001,43.478633],[-116.744726,43.45554],[-116.72762500000002,43.435777],[-116.676417,43.400234],[-116.667349,43.386601],[-116.622569,43.370009],[-116.60716,43.351332],[-116.57916699999998,43.306178],[-116.52183199999999,43.297906],[-116.511897,43.29052],[-116.51368300000001,43.372002],[-116.513364,43.45932],[-116.473593,43.459853],[-116.473492,43.634103],[-116.513123,43.634183],[-116.512502,43.807161],[-116.712672,43.807161],[-116.752608,43.807196],[-116.75311399999998,43.799926],[-116.7932,43.799861],[-116.793189,43.792687],[-116.85315400000002,43.79271],[-116.853132,43.807387],[-116.89378600000002,43.807657],[-116.894086,43.821763],[-116.913796,43.821721],[-116.913963,43.836200000000005],[-116.95452000000002,43.836487],[-116.95442200000001,43.880154],[-116.98371442608001,43.8801032140428]]]},"properties":{"district_id":"US:16027","name":"Canyon"}},
{"type":"Feature","geometry":{"type":"Polygon","coordinates":[[[-110.783833,46.192699],[-110.784031,46.14182600000001],[-110.790767,46.141846],[-110.790539,46.046948],[-110.792404,45.988779],[-110.788478,45.904921],[-110.789399,45.786308000000005],[-110.795264,45.786319],[-110.795885,45.685694],[-110.794774,45.590682],[-110.857382,45.59065],[-110.858252,45.524879],[-110.919222,45.524861],[-110.9175,45.438644],[-110.917899,45.351273],[-111.038169,45.351391],[-111.038613,45.176379],[-111.04661,45.176327],[-111.045066048714,45.0009308540398],[-110.790119,45.00088300000001],[-110.704476,44.992174],[-110.445743,44.993682],[-110.407116,44.99949600000001],[-110.325198,44.999677],[-110.28477400000001,44.997359],[-110.183221,44.996953],[-110.105776,45.003533],[-109.82566300000002,45.003224],[-109.798485808248,45.0022542953343],[-109.798673,45.167339],[-109.798666,45.172128],[-110.064518,45.172129],[-110.228052,45.172129],[-110.228243,45.348755],[-110.219412,45.348799],[-110.219511,45.519881],[-110.218154,45.523569],[-110.218283,45.669593000000006],[-110.220273,45.690395],[-110.220908,45.784973],[-110.292662,45.785057],[-110.29275200000001,46.133849],[-110.281898,46.13384],[-110.281916,46.184397],[-110.409283,46.184368],[-110.409271,46.192065],[-110.783833,46.192699]]]},"properties":{"district_id":"US:30067","name":"Park"}},
{"type":"Feature","geometry":{"type":"Polygon","coordinates":[[[-111.398781,43.92289],[-111.400797,43.882826],[-111.399765,43.621976],[-111.243839,43.621853],[-111.226081,43.606378],[-111.22635,43.590155],[-111.214695,43.55609],[-111.198841,43.539731],[-111.141851,43.546163],[-111.125812,43.53184],[-111.085901,43.521426],[-111.067784,43.526143],[-111.04520474341102,43.5010518507229],[-111.04671500000002,43.815832],[-111.047063914504,43.9834606121932],[-111.113677,43.968572],[-111.177449,43.939684],[-111.202542,43.93450000000001],[-111.237362,43.948646],[-111.271279,43.938802],[-111.280123,43.926774],[-111.302499,43.919334],[-111.327975,43.925409],[-111.333326,43.939259],[-111.354543,43.94810400000001],[-111.398781,43.92289]]]},"properties":{"district_id":"US:16081","name":"Teton"}},
{"type":"Feature","geometry":{"type":"Polygon","coordinates":[[[-116.897846346997,44.1526558411174],[-116.91423600000002,44.127304],[-116.94313199999999,44.09406],[-116.97735100000001,44.085364],[-116.972504,44.048771],[-116.94336100000001,44.035645],[-116.93448500000001,44.021249],[-116.94374199999999,44.003189],[-116.938195,43.98459],[-116.97618000000001,43.974719],[-116.95980800000001,43.963815],[-116.96764100000001,43.934792],[-116.96261500000001,43.91748],[-116.97958,43.915253],[-116.97611400000001,43.894759],[-116.98371442608001,43.8801032140428],[-116.95442200000001,43.880154],[-116.95452000000002,43.836487],[-116.913963,43.836200000000005],[-116.913796,43.821721],[-116.894086,43.821763],[-116.89378600000002,43.807657],[-116.853132,43.807387],[-116.85315400000002,43.79271],[-116.793189,43.792687],[-116.7932,43.799861],[-116.75311399999998,43.799926],[-116.752608,43.807196],[-116.712672,43.807161],[-116.712501,43.981326],[-116.57222400000002,43.980485],[-116.572142,44.009214],[-116.53216999999998,44.008843],[-116.532117,44.066024],[-116.452551,44.065414],[-116.452068,44.151465],[-116.77201900000001,44.151824],[-116.897846346997,44.1526558411174]]]},"properties":{"district_id":"US:16075","name":"Payette"}},
{"type":"Feature","geometry":{"type":"Polygon","coordinates":[[[-123.724663,45.044432],[-123.725394,44.88599],[-123.72500100000002,44.739046],[-123.704578,44.73898],[-123.704467,44.721154],[-123.602609,44.721154],[-123.301882,44.71983500000001],[-123.14902499999998,44.720225],[-123.13352900000001,44.738662],[-123.143843,44.748914],[-123.145812,44.770231],[-123.122064,44.793774],[-123.102131,44.797542],[-123.09333500000001,44.814044],[-123.126252,44.826079],[-123.16647199999998,44.828733],[-123.17944200000001,44.835818],[-123.18078,44.85747800000001],[-123.149402,44.861254],[-123.144973,44.877305],[-123.12528699999999,44.909273],[-123.10879200000001,44.917505],[-123.10972500000001,44.930863],[-123.07148300000001,44.928197],[-123.044433,44.944231],[-123.037677,44.983664],[-123.06541500000002,44.990718],[-123.075577,45.014513],[-123.068975,45.041493],[-123.06827099999998,45.074864],[-123.50222000000001,45.075115],[-123.72436800000001,45.076226000000005],[-123.724663,45.044432]]]},"properties":{"district_id":"US:41053","name":"Polk"}},
{"type":"Feature","geometry":{"type":"MultiPolygon","coordinates":[[[[-122.72226200000001,48.731624],[-122.71883300000002,48.716818],[-122.691795,48.711498],[-122.673538,48.680809],[-122.63529900000002,48.651846],[-122.61005499999999,48.650475],[-122.61822499999998,48.670721],[-122.66803400000002,48.708691],[-122.70306,48.743602],[-122.72226200000001,48.731624]]],[[[-120.851560900318,49.0002800800193],[-121.34529500000001,49.000843],[-121.39554300000002,48.999851],[-121.751252,48.997399],[-122.09835700000001,49.002146],[-122.407829,49.002193],[-122.75802,49.002357],[-122.796887,48.975026],[-122.81722600000002,48.95597],[-122.818232,48.939062],[-122.78753900000001,48.931702],[-122.770432,48.942528],[-122.746596,48.930731],[-122.751289,48.91123900000001],[-122.783747,48.894639],[-122.78565900000001,48.885066],[-122.747301,48.861536],[-122.72268500000001,48.852855],[-122.71180500000001,48.832408],[-122.706835,48.802336],[-122.68304000000002,48.803289],[-122.64677700000001,48.785011],[-122.647443,48.773998],[-122.67480800000001,48.737385],[-122.647356,48.717631],[-122.63714599999999,48.735708],[-122.60813900000001,48.762773],[-122.563498,48.778526],[-122.535803,48.776128],[-122.491201,48.742401],[-122.519247,48.71716],[-122.499282,48.69786800000001],[-122.49025000000002,48.671192],[-122.50993500000001,48.664369],[-122.48879395393,48.64540487311611],[-122.25869000000002,48.645695],[-121.92022100000001,48.644719],[-121.68845600000002,48.643117],[-120.908358,48.640901],[-120.90835700000001,48.657003],[-120.751904,48.657002],[-120.718663,48.674492],[-120.703388,48.696919],[-120.678089,48.696197],[-120.67819500000002,48.717826],[-120.65598000000001,48.724897],[-120.69147600000001,48.747917],[-120.709918,48.771814],[-120.735427,48.786487],[-120.74239900000002,48.822069],[-120.73528100000001,48.864374],[-120.766947,48.876412],[-120.762704,48.899518],[-120.770362,48.927404],[-120.75404699999999,48.936262],[-120.768515,48.95449],[-120.79207200000002,48.959406],[-120.82009400000001,48.941143],[-120.83543600000002,48.939307],[-120.848979,48.955911],[-120.88257500000002,48.968523],[-120.86565600000002,48.979833],[-120.851560900318,49.0002800800193]]],[[[-123.090546,49.001976],[-123.08400600000002,48.971455],[-123.04096699999998,48.977305],[-123.024612,48.984018],[-123.03539300000001,49.002154],[-123.090546,49.001976]]]]},"properties":{"district_id":"US:53073","name":"Whatcom"}},
{"type":"Feature","geometry":{"type":"Polygon","coordinates":[[[-121.52232100000002,46.044006],[-121.61223200000002,46.044093],[-121.612502,45.870415],[-121.60861799999999,45.870357000000006],[-121.60924599999998,45.782519],[-121.51739100000002,45.781989],[-121.538083,45.770929],[-121.52282600000001,45.747205],[-121.52368585363202,45.724902102031905],[-121.499153,45.720846],[-121.46284900000002,45.701367],[-121.441224595532,45.6973034385521],[-121.401739,45.692887],[-121.37257400000001,45.703111],[-121.33776999999999,45.704949],[-121.312198,45.699925],[-121.28732300000001,45.687019],[-121.215779,45.67123800000001],[-121.200367,45.649829],[-121.19655600000002,45.616689],[-121.18384099999999,45.606441],[-121.13195300000001,45.609762],[-121.120064,45.623134],[-121.08493300000002,45.647893],[-121.06437,45.652549],[-121.007449,45.653217000000005],[-120.98347800000002,45.648344],[-120.943977,45.656445],[-120.915795173154,45.641301218792],[-120.895575,45.642945],[-120.85567400000001,45.671545],[-120.78887200000001,45.686246],[-120.68937,45.715847],[-120.6535343441,45.7372486812962],[-120.634968,45.745847],[-120.59116600000002,45.746547],[-120.559465,45.738348],[-120.50586300000002,45.70004800000001],[-120.482362,45.694449],[-120.40396,45.699249],[-120.329057,45.71105],[-120.282156,45.72125],[-120.21075400000001,45.725951],[-120.170453,45.761951],[-120.14135200000001,45.773152],[-120.07015,45.785152],[-119.99950117611199,45.8124817188485],[-119.96574400000002,45.824365],[-119.90746100000001,45.828135],[-119.868272037091,45.8359407146783],[-119.86719200000002,46.025775],[-119.86582899999999,46.040858],[-120.031535,46.041065],[-120.386767,46.041533],[-120.614293,46.04096],[-120.936324,46.042089],[-121.25571900000001,46.044887],[-121.52232100000002,46.044006]]]},"properties":{"district_id":"US:53039","name":"Klickitat"}},
{"type":"Feature","geometry":{"type":"Polygon","coordinates":[[[-123.35833400000001,46.384025],[-123.490767,46.383583],[-123.72655700000001,46.384872],[-123.72789556615801,46.289685234115],[-123.72427299999998,46.301161],[-123.700729,46.304603],[-123.680574,46.296025],[-123.67912499999998,46.272502],[-123.669501,46.266832],[-123.61354400000002,46.259988],[-123.54765900000001,46.259109],[-123.50124499999998,46.271004],[-123.479644,46.269131],[-123.447592,46.249832],[-123.427629,46.229348],[-123.43098700000002,46.181571],[-123.390404,46.154428],[-123.363743140809,46.1463246103232],[-123.28016599999998,46.144843],[-123.21305400000001,46.17254100000001],[-123.216718,46.231409],[-123.215137,46.283523],[-123.21795,46.385617],[-123.259068,46.383458],[-123.35833400000001,46.384025]]]},"properties":{"district_id":"US:53069","name":"Wahkiakum"}},
{"type":"Feature","geometry":{"type":"Polygon","coordinates":[[[-117.85185000000001,46.62467],[-117.85316800000001,46.560191],[-117.86159300000001,46.560227],[-117.863347,46.470667],[-117.737303,46.471454],[-117.737422,46.441995],[-117.71662900000001,46.441796],[-117.71645,46.397608],[-117.695085,46.397679],[-117.69494200000001,46.383254],[-117.67394600000002,46.383284],[-117.67494599999999,46.33765100000001],[-117.61190300000001,46.338478],[-117.612603,46.121323],[-117.60329599999999,46.121313],[-117.60342451872002,45.9988892323573],[-117.47993513275598,45.9978694691105],[-117.47998799999999,46.121994],[-117.41948200000002,46.121956],[-117.419334,46.383139],[-117.398341,46.383457],[-117.398429,46.397996],[-117.355764,46.397645],[-117.355982,46.412187],[-117.228796,46.411306],[-117.22812,46.462245],[-117.23876500000001,46.481187000000006],[-117.23133700000001,46.500584],[-117.25352800000002,46.544258],[-117.311447,46.580766],[-117.33753700000001,46.581972],[-117.359074,46.602268],[-117.38274200000001,46.614684],[-117.38520399999999,46.647928],[-117.39302800000002,46.654019],[-117.43273899999998,46.659453],[-117.464769,46.699626],[-117.49000400000001,46.695375],[-117.517164,46.676964],[-117.549625,46.680299],[-117.59779200000001,46.672543],[-117.62629400000002,46.679197],[-117.648253,46.699805],[-117.68748,46.702594],[-117.740868,46.694583],[-117.760331,46.675543],[-117.77246800000002,46.64538000000001],[-117.800714,46.625645],[-117.85185000000001,46.62467]]]},"properties":{"district_id":"US:53023","name":"Garfield"}},
{"type":"Feature","geometry":{"type":"Polygon","coordinates":[[[-121.92202885217199,45.6491618990508],[-121.918386,45.585484],[-121.901879,45.55619],[-121.91644,45.543205],[-121.906688,45.520828],[-121.874665,45.515751],[-121.850403,45.48650200000001],[-121.819587,45.461675],[-121.806845,45.454649],[-121.806952,45.435405],[-121.776204,45.402672],[-121.72419,45.393648],[-121.700473,45.378531],[-121.70456700000001,45.339223],[-121.679081,45.297177],[-121.69647900000001,45.25792],[-121.48188800000001,45.258128],[-121.482168,45.51960400000001],[-121.44064600000002,45.519394],[-121.441224595532,45.6973034385521],[-121.46284900000002,45.701367],[-121.499153,45.720846],[-121.52368585363202,45.724902102031905],[-121.53310600000002,45.726541],[-121.631167,45.704657],[-121.668362,45.705082],[-121.707358,45.694809],[-121.73510400000002,45.694039],[-121.81130399999999,45.706761],[-121.867167,45.693277],[-121.90185500000001,45.670716],[-121.92202885217199,45.6491618990508]]]},"properties":{"district_id":"US:41027","name":"Hood River"}},
{"type":"Feature","geometry":{"type":"Polygon","coordinates":[[[-107.738548,46.481806],[-107.738432,46.467556],[-107.717512,46.467508],[-107.717289,46.438507],[-107.696323,46.438477],[-107.6961,46.409482],[-107.675188,46.409433],[-107.675069,46.394936],[-107.654159,46.394888],[-107.654153,46.365951],[-107.633378,46.365993],[-107.633363,46.351525],[-107.61241100000001,46.351557],[-107.612395,46.308113],[-107.591438,46.308156],[-107.591422,46.29365],[-107.570495,46.293652],[-107.570468,46.264705],[-107.549552,46.264717],[-107.549555,46.25022200000001],[-107.528646,46.250245],[-107.528695,46.221227],[-107.507959,46.221294],[-107.507925,46.192283],[-107.487022,46.192296],[-107.48711500000002,46.177794],[-107.466131,46.177774],[-107.466996,46.129995],[-107.474487,46.102996],[-107.517629,46.050042],[-107.511534,46.043403],[-107.424929,46.043374],[-107.425128,45.956674],[-107.17635800000001,45.956761],[-107.17636,45.913323],[-107.051946,45.913489],[-107.052159,45.87005200000001],[-106.939095,45.870041],[-106.93906700000001,46.13666700000001],[-107.005534,46.136669],[-107.00755800000002,46.307645],[-107.028538,46.306639],[-107.028422,46.39546],[-107.153444,46.395613],[-107.15358,46.468101],[-107.174435,46.468176],[-107.174531,46.482713],[-107.738548,46.481806]]]},"properties":{"district_id":"US:30103","name":"Treasure"}},
{"type":"Feature","geometry":{"type":"Polygon","coordinates":[[[-110.273337,46.710509],[-110.272998,46.48983],[-110.281471,46.489826],[-110.281971,46.220605],[-109.897082,46.219346],[-109.653871,46.219404],[-109.402906,46.219706],[-109.403544,46.490657],[-109.388548,46.490638],[-109.389163,46.693625],[-109.745745,46.694097],[-109.819866,46.693446],[-109.845162,46.710814],[-109.857791,46.708259],[-109.895758,46.725927],[-109.9678,46.750875],[-109.989406,46.750223],[-110.02899200000002,46.736207],[-110.052716,46.74962300000001],[-110.086131,46.746895],[-110.115707,46.73887],[-110.127177,46.718932],[-110.158453,46.716311],[-110.191562,46.725631],[-110.210758,46.708503],[-110.273337,46.710509]]]},"properties":{"district_id":"US:30107","name":"Wheatland"}},
{"type":"Feature","geometry":{"type":"Polygon","coordinates":[[[-105.234771,47.790502],[-105.363262,47.790419],[-105.363507,47.529558],[-105.406581,47.529534],[-105.406309,47.181583],[-105.324853,47.181496],[-105.324757,46.977196],[-105.19673500000002,46.977172],[-105.197011,46.91919200000001],[-105.069524,46.919172],[-105.048831,46.905229],[-105.048789,46.89068300000001],[-105.027542,46.890581],[-105.027526,46.861457],[-104.60376600000001,46.860853],[-104.496582,46.860813],[-104.486034,46.875266],[-104.464947,46.875204],[-104.454413,46.88966],[-104.433233,46.88961],[-104.433241,46.904095],[-104.412124,46.904003],[-104.412117,46.918586000000005],[-104.369824,46.947576],[-104.359173,46.976582],[-104.327241,47.005803],[-104.327277,47.041967],[-104.306062,47.042046],[-104.305747,47.136815],[-104.31637,47.136863],[-104.316166,47.18054],[-104.341804,47.2165],[-104.34168,47.245392],[-104.373545,47.259837],[-104.387164,47.274256],[-104.387266,47.288716],[-104.430045,47.317949000000006],[-104.451018,47.317629],[-104.422632,47.34498200000001],[-104.420347,47.354435],[-104.51329200000002,47.354719],[-104.513049,47.529442],[-104.594046,47.529335],[-104.593664,47.616294],[-104.97855300000002,47.616272],[-104.97809,47.703293],[-105.235016,47.703581],[-105.234771,47.790502]]]},"properties":{"district_id":"US:30021","name":"Dawson"}},
{"type":"Feature","geometry":{"type":"Polygon","coordinates":[[[-106.086463,46.845881],[-106.086341,46.831462],[-106.12063,46.831438],[-106.12036600000002,46.483648],[-106.155143,46.483634],[-106.15494000000001,46.224287],[-106.153433,46.13726],[-106.19162900000002,46.137183],[-106.191734,45.7886],[-105.899515,45.788526],[-105.655499,45.788423],[-105.315048,45.788187],[-104.98194,45.786982],[-104.939289,45.786964],[-104.939205,46.136575],[-104.88549500000002,46.136595],[-104.885577,46.31334600000001],[-104.905313,46.313333],[-104.905988,46.482251],[-104.732672,46.482202],[-104.733059,46.612695],[-104.858738,46.612557],[-104.858749,46.569115],[-104.98474,46.569386],[-104.984714,46.540389],[-105.23923800000001,46.541188],[-105.239058,46.570265],[-105.449196,46.570967],[-105.449406,46.600011],[-105.491919,46.600085],[-105.492002,46.658117],[-105.576063,46.658003],[-105.57639400000001,46.745021],[-105.618097,46.744932],[-105.61815800000001,46.832148],[-105.832631,46.83196],[-105.832674,46.86082],[-106.086585,46.86029],[-106.086463,46.845881]]]},"properties":{"district_id":"US:30017","name":"Custer"}},
{"type":"Feature","geometry":{"type":"Polygon","coordinates":[[[-117.22812,46.462245],[-117.228796,46.411306],[-117.355982,46.412187],[-117.355764,46.397645],[-117.398429,46.397996],[-117.398341,46.383457],[-117.419334,46.383139],[-117.41948200000002,46.121956],[-117.47998799999999,46.121994],[-117.47993513275598,45.9978694691105],[-117.337668,45.998662],[-116.985882,45.996974],[-116.915989,45.995413],[-116.942656,46.061],[-116.95737200000002,46.075449],[-116.978938,46.080007],[-116.982498,46.091347],[-116.959548,46.099058],[-116.950276,46.123464],[-116.93583300000002,46.135684],[-116.93437999999999,46.154229],[-116.922648,46.160744],[-116.94172400000001,46.185034],[-116.962966,46.19968],[-116.95603100000001,46.225976],[-116.97029800000001,46.261233],[-116.991134,46.276342],[-116.98462999999998,46.292705],[-117.020663,46.314793],[-117.02384400000001,46.335976],[-117.05598299999998,46.345531],[-117.06278500000002,46.365287],[-117.04691500000001,46.379577],[-117.034696,46.418318],[-117.03981207463,46.4259041232579],[-117.057915,46.429733],[-117.08615400000001,46.417354],[-117.151591,46.430561],[-117.19985999999999,46.420177],[-117.21450599999999,46.432238],[-117.20653199999998,46.448874],[-117.22812,46.462245]]]},"properties":{"district_id":"US:53003","name":"Asotin"}},
{"type":"Feature","geometry":{"type":"Polygon","coordinates":[[[-117.429968,49.0003644833648],[-117.430377,48.923168],[-117.49895700000002,48.923159],[-117.498496,48.8369],[-117.56385800000001,48.836671],[-117.563811,48.742961],[-117.62942099999998,48.742634],[-117.629241,48.655852],[-117.49997499999999,48.65618700000001],[-117.500999,48.571667000000005],[-117.500143,48.238115],[-117.50223800000002,48.223362],[-117.50237100000001,48.134708],[-117.43762900000002,48.134688],[-117.43699300000002,48.047207],[-117.306571,48.046336],[-117.04167682656801,48.0454642716004],[-117.041107,48.12490400000001],[-117.03517800000002,48.370878],[-117.035425,48.499914],[-117.03367100000001,48.656902],[-117.03238462207999,48.8466652930668],[-117.032351,48.999188],[-117.126075,48.998888],[-117.429968,49.0003644833648]]]},"properties":{"district_id":"US:53051","name":"Pend Oreille"}},
{"type":"Feature","geometry":{"type":"Polygon","coordinates":[[[-116.512502,43.807161],[-116.513123,43.634183],[-116.473492,43.634103],[-116.473593,43.459853],[-116.513364,43.45932],[-116.51368300000001,43.372002],[-116.511897,43.29052],[-116.48408200000002,43.289271],[-116.433042,43.29624700000001],[-116.410247,43.284421],[-116.403329,43.262982],[-116.38858500000002,43.253172],[-116.376059,43.23108800000001],[-116.38435200000002,43.217108],[-116.385955,43.193577],[-116.35588700000001,43.167351],[-116.336044,43.161372],[-116.29994500000001,43.119216],[-116.26620700000001,43.112269],[-115.978714,43.113432],[-115.978583,43.20041500000001],[-115.974913,43.285773],[-115.97484500000002,43.546016],[-115.97571900000001,43.591438],[-115.98027700000002,43.585946],[-116.159825,43.718603],[-116.282019,43.807365],[-116.512502,43.807161]]]},"properties":{"district_id":"US:16001","name":"Ada"}},
{"type":"Feature","geometry":{"type":"Polygon","coordinates":[[[-116.452068,44.151465],[-116.452551,44.065414],[-116.532117,44.066024],[-116.53216999999998,44.008843],[-116.572142,44.009214],[-116.57222400000002,43.980485],[-116.712501,43.981326],[-116.712672,43.807161],[-116.512502,43.807161],[-116.282019,43.807365],[-116.27402199999999,43.80736],[-116.27306900000002,44.151227],[-116.21387100000001,44.151387],[-116.21291000000001,44.32437300000001],[-116.152295,44.324519],[-116.152418,44.498832],[-116.15702200000001,44.49892800000001],[-116.185376,44.494678],[-116.217788,44.508556],[-116.233874,44.481262],[-116.23613600000002,44.464713],[-116.257022,44.466265],[-116.29987600000001,44.444576],[-116.30829400000002,44.423441],[-116.319643,44.420688],[-116.32172,44.387724],[-116.335769,44.365867],[-116.331232,44.348687],[-116.348007,44.322308],[-116.341811,44.311089],[-116.348554,44.290905],[-116.34179399999998,44.276999],[-116.351477,44.237823],[-116.348793,44.210613],[-116.35702700000002,44.207233],[-116.35410600000002,44.167662],[-116.35847,44.151205],[-116.452068,44.151465]]]},"properties":{"district_id":"US:16045","name":"Gem"}},
{"type":"Feature","geometry":{"type":"Polygon","coordinates":[[[-114.594375,42.850901],[-114.617401,42.850888],[-114.61648699999999,42.649298],[-114.563898,42.634718],[-114.520482,42.631033],[-114.50962,42.620476],[-114.465709,42.599673],[-114.427104,42.599737],[-114.402536,42.59543600000001],[-114.375217,42.598132],[-114.351265,42.588883],[-114.332917,42.572566],[-114.287207,42.561808],[-114.237371,42.557259],[-114.17947,42.532331],[-114.172734,42.516688],[-114.149969,42.497826],[-114.124934,42.49613],[-114.066939,42.522858],[-114.042455,42.528765],[-114.000388,42.526373],[-113.986118,42.533841],[-113.931799,42.535243],[-113.931687,42.765026],[-114.04996100000001,42.76500600000001],[-114.049849,42.808444],[-114.345659,42.809055],[-114.345652,42.823562],[-114.365327,42.823611],[-114.365366,42.85079],[-114.594375,42.850901]]]},"properties":{"district_id":"US:16053","name":"Jerome"}},
{"type":"Feature","geometry":{"type":"Polygon","coordinates":[[[-112.695242,43.971941],[-112.694966,43.797913],[-112.696915,43.79789],[-112.697122,43.62314],[-112.639238,43.626574],[-112.519861,43.626623],[-112.072016,43.626106],[-111.626043,43.626756],[-111.625938,43.655227],[-111.713971,43.655037],[-111.743734,43.668165],[-111.778098,43.675995],[-111.80385,43.701974],[-111.857277,43.718162],[-111.873152,43.737008],[-111.902054,43.747170000000004],[-111.934357,43.76616],[-111.950139,43.749733],[-111.983527,43.753806],[-111.977469,43.797235],[-111.976849,43.927385],[-111.97701600000002,43.970909],[-112.15637,43.971247],[-112.155935,44.05778],[-112.321632,44.057936],[-112.694744,44.058464],[-112.695242,43.971941]]]},"properties":{"district_id":"US:16051","name":"Jefferson"}},
{"type":"Feature","geometry":{"type":"Polygon","coordinates":[[[-115.086155,43.198064],[-115.08685,42.91467],[-115.037774,42.911864],[-115.026017,42.917753],[-114.960322,42.914925],[-114.954762,42.905133],[-114.91970100000002,42.877988],[-114.90163600000001,42.859108000000006],[-114.91436600000002,42.826337],[-114.935507,42.81491400000001],[-114.940816,42.791409],[-114.933622,42.766931],[-114.908164,42.770447],[-114.87695800000002,42.756872],[-114.85780699999998,42.75530100000001],[-114.845158,42.739607],[-114.85039900000001,42.713668000000006],[-114.82463400000002,42.704035],[-114.819971,42.669746],[-114.77768900000001,42.664357],[-114.745743,42.673344],[-114.680831,42.659361],[-114.65181400000002,42.660948],[-114.61648699999999,42.649298],[-114.617401,42.850888],[-114.594375,42.850901],[-114.59460500000002,43.198345],[-115.086155,43.198064]]]},"properties":{"district_id":"US:16047","name":"Gooding"}},
{"type":"Feature","geometry":{"type":"Polygon","coordinates":[[[-123.96907862136601,45.783078947698804],[-123.98302900000002,45.768044],[-123.96433500000002,45.758296],[-123.962908,45.74362],[-123.943121,45.727031],[-123.93996400000002,45.653229],[-123.956711,45.571303],[-123.94944,45.545389],[-123.96209500000002,45.497175],[-123.974665,45.467333],[-123.960557,45.430778],[-123.965728,45.386242],[-123.97971499999998,45.347724],[-123.964169,45.317026],[-123.962607,45.281073],[-123.972529,45.216145],[-123.968187,45.201217],[-123.975425,45.145476],[-123.98952900000002,45.094045],[-124.012163,45.076921],[-124.017991,45.049808],[-124.008880714497,45.0449987048377],[-123.911026,45.04567900000001],[-123.724663,45.044432],[-123.72436800000001,45.076226000000005],[-123.78401599999998,45.076657],[-123.78453999999999,45.216294],[-123.463518,45.216312],[-123.462321,45.338244],[-123.46488,45.433332],[-123.461181,45.49156],[-123.441119,45.491273],[-123.442721,45.521115],[-123.421968,45.521408],[-123.402146,45.535646],[-123.40205,45.550068],[-123.36114700000002,45.549902],[-123.361131,45.578779],[-123.319997,45.578684],[-123.32021100000001,45.592984],[-123.29925800000001,45.593017],[-123.29943800000001,45.60724700000001],[-123.340332,45.607455],[-123.340499,45.622201],[-123.38066300000001,45.621985],[-123.380216,45.635752],[-123.423273,45.636176],[-123.423002,45.65062],[-123.44384900000001,45.650678],[-123.443752,45.665126],[-123.464087,45.66514],[-123.464357,45.679274],[-123.48512400000001,45.67925000000001],[-123.484726,45.708764],[-123.361028,45.708696],[-123.36162199999998,45.779579],[-123.48513000000001,45.780021],[-123.48508599999998,45.775657],[-123.720001,45.77308],[-123.71984000000002,45.783218],[-123.96907862136601,45.783078947698804]]]},"properties":{"district_id":"US:41057","name":"Tillamook"}},
{"type":"Feature","geometry":{"type":"Polygon","coordinates":[[[-121.33296900000002,43.616645],[-121.332413,43.356663],[-121.34847099999999,43.356753],[-121.349315,43.089928],[-121.35130000000001,42.919989],[-121.349358,42.833905],[-121.34967899999998,42.746644],[-120.996685,42.746349],[-120.996696,42.743688],[-120.883327,42.744214],[-120.882106,42.486559],[-120.88050100000001,42.428587],[-120.87992597722898,41.9937643415584],[-120.61588999999998,41.993029],[-120.489013,41.993613],[-120.32638700000001,41.992586],[-120.18802599999998,41.994452],[-119.99923400000002,41.994944],[-119.876054,41.997199],[-119.72573,41.996296],[-119.44459800000001,41.995478],[-119.360121480893,41.9943837248054],[-119.359446,42.13723],[-119.36357900000002,42.137231],[-119.363896,42.487079],[-119.36533699999998,42.748958],[-119.70585800000002,42.748791],[-119.70600500000002,42.746605],[-119.943779,42.746371],[-119.943504,42.917079],[-119.93159499999999,42.917005],[-119.932611,43.178963],[-119.896969,43.179017],[-119.89646500000002,43.353816],[-119.895056,43.568127],[-119.89658099999998,43.611164],[-120.37771,43.611489],[-120.37775200000002,43.615946],[-120.87180200000002,43.615538],[-120.97497500000001,43.617437],[-121.33296900000002,43.616645]]]},"properties":{"district_id":"US:41037","name":"Lake"}},
{"type":"Feature","geometry":{"type":"Polygon","coordinates":[[[-119.43214995378202,45.918250445405],[-119.434665,45.864893],[-119.43464,45.602985],[-119.24854699999999,45.601935],[-119.248214,45.516076],[-119.145144,45.515909],[-119.14726400000002,45.255936],[-119.146424,45.08294],[-119.16303700000002,45.082943],[-119.16296599999998,44.996241],[-118.94661199999999,44.997439],[-118.67535299999999,44.997662],[-118.518689,44.995877],[-118.518687,45.08069],[-118.54765200000001,45.080753],[-118.54663199999999,45.196898],[-118.655992,45.196928],[-118.656102,45.257729],[-118.69698599999998,45.257715],[-118.69776599999999,45.345647],[-118.65626600000002,45.340337],[-118.613243,45.339884],[-118.613107,45.354951],[-118.42832899999999,45.35519],[-118.42853900000001,45.428951],[-118.40480599999998,45.429013000000005],[-118.404849,45.44255],[-118.36632599999999,45.428951],[-118.26761400000001,45.429103],[-118.197876,45.427204],[-118.19795500000001,45.4704],[-118.116461,45.470732],[-118.11836000000001,45.514664],[-118.11719400000001,45.688607],[-118.066383,45.68839500000001],[-118.066506,45.77346],[-118.045102,45.773538],[-118.045003,45.817073],[-117.97294799999999,45.81689600000001],[-117.97298000000002,45.860595],[-117.977639,45.860602],[-117.97766333505501,46.0007234754428],[-117.99694971271,46.0007868487855],[-118.126197,46.000282],[-118.497027,46.00062],[-118.941242,46.000574],[-118.987196090377,45.9997905520367],[-119.008558,45.97927],[-119.061462,45.958527],[-119.09322100000001,45.942745],[-119.12612,45.932859],[-119.19553,45.92787],[-119.25715,45.939926],[-119.32250900000001,45.933183],[-119.36439600000001,45.921605],[-119.43214995378202,45.918250445405]]]},"properties":{"district_id":"US:41059","name":"Umatilla"}},
{"type":"Feature","geometry":{"type":"Polygon","coordinates":[[[-117.97766333505501,46.0007234754428],[-117.977639,45.860602],[-117.97298000000002,45.860595],[-117.747327,45.861072],[-117.74765,45.773625],[-117.788395,45.773515],[-117.787623,45.689567000000004],[-117.766865,45.689605],[-117.767063,45.660227],[-117.74613699999999,45.660736],[-117.745959,45.616635],[-117.727225,45.61699],[-117.727235,45.51478],[-117.68398600000002,45.51523],[-117.68379,45.428365],[-117.66414600000002,45.428344],[-117.663391,45.365749],[-117.643485,45.365322],[-117.643494,45.33687],[-117.58234400000002,45.338096],[-117.582166,45.310184],[-117.562208,45.310219000000004],[-117.56196900000002,45.295879000000006],[-117.54205800000001,45.295956],[-117.542216,45.267424],[-117.522249,45.267731],[-117.520941,45.209768],[-117.476762,45.209973],[-117.476684,45.166539],[-117.26600600000002,45.166539],[-117.266005,45.08057],[-117.02267300000001,45.079167],[-116.783771926572,45.078265731912],[-116.774847,45.105536],[-116.754643,45.113972],[-116.74553499999999,45.133038],[-116.73121600000002,45.139934],[-116.724205,45.171501],[-116.70953599999999,45.203015],[-116.703181,45.2408],[-116.68717415211299,45.2676428484611],[-116.674493,45.276349],[-116.673793,45.321511],[-116.61905700000001,45.398210000000006],[-116.597447,45.41277],[-116.58819500000001,45.44292000000001],[-116.55482900000001,45.46293],[-116.556587,45.506232],[-116.54383700000001,45.514193],[-116.523638,45.54661],[-116.502756,45.56660800000001],[-116.48297,45.577008000000006],[-116.46363500000001,45.602785],[-116.463504,45.615785],[-116.487894,45.649769],[-116.52827200000002,45.681473],[-116.53539600000002,45.691734000000004],[-116.535698,45.73423100000001],[-116.593004,45.778541],[-116.632032,45.784979],[-116.665344,45.781998],[-116.68013900000001,45.79359],[-116.698079,45.820852],[-116.736268,45.826179],[-116.7634,45.81658],[-116.78267600000001,45.825376],[-116.79445497532701,45.85614063987621],[-116.814142,45.877551000000004],[-116.84355000000001,45.892273],[-116.866544,45.916958],[-116.87597999999998,45.95441],[-116.89091000000002,45.96001],[-116.892861,45.976373],[-116.915989,45.995413],[-116.985882,45.996974],[-117.337668,45.998662],[-117.47993513275598,45.9978694691105],[-117.60342451872002,45.9988892323573],[-117.97766333505501,46.0007234754428]]]},"properties":{"district_id":"US:41063","name":"Wallowa"}},
{"type":"Feature","geometry":{"type":"Polygon","coordinates":[[[-123.22961900000001,42.70261],[-123.22927100000001,42.429362],[-123.22990100000001,42.290816],[-123.229167,42.128331],[-123.23111258448002,42.0039324384249],[-123.145735,42.008761],[-123.043997,42.003084],[-122.713058,42.004211],[-122.548911,42.007518],[-122.37851100000002,42.009485],[-122.289748006076,42.0081011637255],[-122.289341,42.105006],[-122.28747,42.127168],[-122.28717700000001,42.288838],[-122.287818,42.4745],[-122.284689,42.4745],[-122.283449,42.707455],[-122.283792,42.910926],[-122.28273,42.996499],[-122.401025,42.996632],[-122.420844,42.983439],[-122.420863,42.968927],[-122.440535,42.968923],[-122.440505,42.954420000000006],[-122.46021,42.954373],[-122.46022400000001,42.939873],[-122.560273,42.939185],[-122.560299,42.92469],[-122.580094,42.9108],[-122.600202,42.911073],[-122.60025100000001,42.895693],[-122.63781200000001,42.89699],[-122.637695,42.881141],[-122.677181,42.88108],[-122.67719800000002,42.866603000000005],[-122.69701700000002,42.866572],[-122.69701,42.852099],[-122.71665699999998,42.85211],[-122.716699,42.837671],[-122.73632900000001,42.837661],[-122.73636700000002,42.823496000000006],[-122.77522299999998,42.8288],[-122.775044,42.806831],[-122.79481099999998,42.792721],[-122.794776,42.778221],[-122.853707,42.781766],[-122.852943,42.774603],[-122.95119899999999,42.774773],[-122.970492,42.760945],[-123.00974399999998,42.75941],[-123.00976499999999,42.752144],[-123.11268800000002,42.752218],[-123.152233,42.755835],[-123.15202300000001,42.737721],[-123.18051199999998,42.737765],[-123.22961900000001,42.70261]]]},"properties":{"district_id":"US:41029","name":"Jackson"}},
{"type":"Feature","geometry":{"type":"Polygon","coordinates":[[[-106.191734,45.7886],[-106.234502,45.788578],[-106.231728,45.756782],[-106.23396200000002,45.510725],[-106.235716,45.351796],[-106.279549,45.351797],[-106.279709,45.179728000000004],[-106.26368400000001,45.17972300000001],[-106.263715096083,44.9937884502354],[-106.024815200578,44.9934722928644],[-105.928174,44.993487],[-105.913149,45.000238],[-105.628231,45.00040500000001],[-105.371307705322,45.0002443736196],[-105.076600962208,45.0001122781421],[-105.038249000584,45.000103600584],[-105.038205,45.352035],[-104.987318,45.35204],[-104.987306,45.442759],[-104.981451,45.442759],[-104.98194,45.786982],[-105.315048,45.788187],[-105.655499,45.788423],[-105.899515,45.788526],[-106.191734,45.7886]]]},"properties":{"district_id":"US:30075","name":"Powder River"}},
{"type":"Feature","geometry":{"type":"Polygon","coordinates":[[[-112.19340907497802,48.998899920796305],[-112.193202,48.914023],[-112.189016,48.913989],[-112.189102,48.566473],[-112.184587,48.566466000000005],[-112.184784,48.477578],[-112.174532,48.467348],[-112.133736,48.46686100000001],[-112.077584,48.435369],[-112.03688800000002,48.451789000000005],[-111.990944,48.438546],[-111.990889,48.394265],[-111.925843,48.392961],[-111.79591,48.39308100000001],[-111.795855,48.349812],[-111.665756,48.349456],[-111.665599,48.219549],[-111.409018,48.219542],[-111.275306,48.219531],[-111.275529,48.566445],[-111.27342,48.566446],[-111.273311,48.914078],[-111.269864027259,48.9972297844707],[-111.500812,48.996963],[-111.761613,48.99765],[-112.19340907497802,48.998899920796305]]]},"properties":{"district_id":"US:30101","name":"Toole"}},
{"type":"Feature","geometry":{"type":"Polygon","coordinates":[[[-117.04167682656801,48.0454642716004],[-117.04226408344101,47.97745151175981],[-116.63411400000001,47.977073],[-116.63302,47.991496],[-116.504329,47.991386],[-116.505104,47.890142],[-116.329538,47.890393],[-116.329601,48.017722000000006],[-116.28223600000001,48.059386],[-116.23311300000002,48.06889],[-116.21251300000002,48.051841],[-116.16186299999998,48.02157700000001],[-116.13077200000001,48.026735],[-116.10412100000002,48.02311],[-116.087353,48.002353],[-116.06213200000002,47.995549],[-116.04910896171602,47.9773352748329],[-116.04899435832398,48.2161284423458],[-116.049140153119,48.50204572438211],[-116.374663,48.501217],[-116.67892500000002,48.500103],[-116.78487800000002,48.500472],[-116.78554200000002,48.686544],[-116.78517399999998,48.847402],[-117.03238462207999,48.8466652930668],[-117.03367100000001,48.656902],[-117.035425,48.499914],[-117.03517800000002,48.370878],[-117.041107,48.12490400000001],[-117.04167682656801,48.0454642716004]]]},"properties":{"district_id":"US:16017","name":"Bonner"}},
{"type":"Feature","geometry":{"type":"Polygon","coordinates":[[[-112.999965,42.327427],[-113.000040840117,41.9981831189311],[-112.647733,42.000272],[-112.186029,42.001206],[-112.159177687464,41.9984104056753],[-112.109443425513,41.9977448322096],[-112.109271,42.169911],[-112.070266,42.16964600000001],[-112.070959,42.238263],[-112.08342600000002,42.245963],[-112.098293,42.26994],[-112.113323,42.269345],[-112.126194,42.285229],[-112.160956,42.308476],[-112.185897,42.337392],[-112.190656,42.350839],[-112.25928100000002,42.350721],[-112.26369,42.334575],[-112.27989900000001,42.316568],[-112.328686,42.329497],[-112.328868,42.347207],[-112.290791,42.397278],[-112.290785,42.427114],[-112.297244,42.453874],[-112.342931,42.447667],[-112.345984,42.466945],[-112.36546400000002,42.467002],[-112.384503,42.488625],[-112.384498,42.503055],[-112.419825,42.503038],[-112.498139,42.502967],[-112.497849,42.415998],[-112.653989,42.416169],[-112.654028,42.328872],[-112.999965,42.327427]]]},"properties":{"district_id":"US:16071","name":"Oneida"}},
{"type":"Feature","geometry":{"type":"Polygon","coordinates":[[[-117.04006933827098,47.3660278581666],[-117.040019,47.259272],[-117.039821054109,47.1272689624222],[-117.001018,47.130487],[-116.967735,47.115232],[-116.97744399999999,47.089121],[-116.95396199999999,47.068905],[-116.925186,47.081565],[-116.896191,47.077896],[-116.848292,47.047166],[-116.83526900000001,47.032452],[-116.77112599999998,47.032511],[-116.771054,47.037394],[-116.45812000000001,47.036596],[-116.458221,47.022096],[-116.329418,47.02191500000001],[-116.329406,47.414011],[-116.48564400000001,47.412967],[-116.58654900000002,47.414695],[-116.586486,47.400276],[-116.629108,47.400333],[-116.629059,47.371438],[-116.735395,47.371455000000005],[-116.735215,47.385917],[-116.768202,47.380709],[-116.810809,47.380634],[-116.8108,47.366308],[-117.04006933827098,47.3660278581666]]]},"properties":{"district_id":"US:16009","name":"Benewah"}},
{"type":"Feature","geometry":{"type":"Polygon","coordinates":[[[-117.039821054109,47.1272689624222],[-117.03970411438802,46.9123768731441],[-117.039398,46.70018600000001],[-117.039656800448,46.5417092336369],[-116.719085,46.542874],[-116.70546800000001,46.574006],[-116.65864700000002,46.61209],[-116.61174000000001,46.631245],[-116.58203400000001,46.62848],[-116.456098,46.629097],[-116.32954000000001,46.627957],[-116.329436,46.934669],[-116.329418,47.02191500000001],[-116.458221,47.022096],[-116.45812000000001,47.036596],[-116.771054,47.037394],[-116.77112599999998,47.032511],[-116.83526900000001,47.032452],[-116.848292,47.047166],[-116.896191,47.077896],[-116.925186,47.081565],[-116.95396199999999,47.068905],[-116.97744399999999,47.089121],[-116.967735,47.115232],[-117.001018,47.130487],[-117.039821054109,47.1272689624222]]]},"properties":{"district_id":"US:16057","name":"Latah"}},
{"type":"Feature","geometry":{"type":"Polygon","coordinates":[[[-117.04226408344101,47.97745151175981],[-117.04247,47.839009],[-117.04085,47.574124],[-117.04006933827098,47.3660278581666],[-116.8108,47.366308],[-116.810809,47.380634],[-116.768202,47.380709],[-116.735215,47.385917],[-116.735395,47.371455000000005],[-116.629059,47.371438],[-116.629108,47.400333],[-116.586486,47.400276],[-116.58654900000002,47.414695],[-116.48564400000001,47.412967],[-116.329406,47.414011],[-116.329476,47.732719],[-116.329538,47.890393],[-116.505104,47.890142],[-116.504329,47.991386],[-116.63302,47.991496],[-116.63411400000001,47.977073],[-117.04226408344101,47.97745151175981]]]},"properties":{"district_id":"US:16055","name":"Kootenai"}},
{"type":"Feature","geometry":{"type":"Polygon","coordinates":[[[-118.97977700000001,47.261709],[-118.982652,46.911344],[-119.368662,46.91256200000001],[-119.36942899999998,46.737695],[-119.08079699999999,46.737761],[-118.89859999999999,46.73607],[-118.70633799999999,46.735805],[-118.358881,46.73662300000001],[-118.21024300000002,46.73883300000001],[-118.189921,46.751467],[-118.16305,46.746539],[-118.15607000000001,46.759353],[-118.126095,46.761389],[-118.09540000000001,46.778986],[-118.047978,46.768224],[-118.03586100000001,46.785017],[-118.012442,46.790780000000005],[-118.019881,46.812154],[-117.997524,46.822544],[-117.99222600000002,46.838065],[-118.00412,46.848372],[-117.97090699999998,46.867216],[-117.96709899999999,46.914831],[-117.95933500000001,46.914811],[-117.95955400000001,47.060981],[-117.96093,47.260568],[-118.444745,47.260835],[-118.97977700000001,47.261709]]]},"properties":{"district_id":"US:53001","name":"Adams"}},
{"type":"Feature","geometry":{"type":"Polygon","coordinates":[[[-124.21896637722301,43.6109319633736],[-124.232025,43.562393],[-124.25560899999999,43.502172],[-124.286896,43.436296],[-124.315012,43.388389],[-124.353332,43.342667],[-124.373037,43.338953],[-124.402814,43.305872],[-124.38889100000002,43.290523],[-124.38246000000001,43.27016700000001],[-124.39560700000001,43.223908],[-124.401726,43.184896],[-124.424113,43.126859],[-124.43445099999998,43.115986],[-124.432236,43.097383],[-124.446875,43.031808],[-124.479636362958,42.9543325389089],[-124.258388,42.954946],[-124.239394,42.933751],[-124.219623,42.933782],[-124.214201,42.904006],[-124.16130800000002,42.88349900000001],[-124.16207399999999,42.86973],[-124.14637700000002,42.862081],[-124.141185,42.828475],[-124.164889,42.817825],[-124.160163,42.790087],[-124.15996600000001,42.739947],[-124.13865500000001,42.739956],[-124.13874799999999,42.671115],[-124.089872,42.685454],[-123.99629100000001,42.685651],[-123.996296,42.7001],[-123.976677,42.700118],[-123.97663100000001,42.714558],[-123.95698500000002,42.714569],[-123.957026,42.729051],[-123.937288,42.729097],[-123.925942,42.73971],[-123.925717,42.774514],[-123.86849100000002,42.77484],[-123.849858,42.788994],[-123.81155300000002,42.788837],[-123.811789,42.824101000000006],[-123.820439,42.824112],[-123.81914400000001,42.884356],[-123.82151300000001,42.924483],[-123.821118,42.996291],[-123.761594,42.996318],[-123.761333,43.08316],[-123.707057,43.083457],[-123.70214399999999,43.087083],[-123.702167,43.17059],[-123.704752,43.257741],[-123.764356,43.258054],[-123.76449600000001,43.344799],[-123.761528,43.422294],[-123.76488399999998,43.431548],[-123.81761400000002,43.431306],[-123.81665700000002,43.516449],[-123.87562800000002,43.515947000000004],[-123.87569799999999,43.608407],[-124.062969,43.609641],[-124.10076499999998,43.611244],[-124.21896637722301,43.6109319633736]]]},"properties":{"district_id":"US:41011","name":"Coos"}},
{"type":"Feature","geometry":{"type":"Polygon","coordinates":[[[-119.89658099999998,43.611164],[-119.895056,43.568127],[-119.89646500000002,43.353816],[-119.896969,43.179017],[-119.932611,43.178963],[-119.93159499999999,42.917005],[-119.943504,42.917079],[-119.943779,42.746371],[-119.70600500000002,42.746605],[-119.70585800000002,42.748791],[-119.36533699999998,42.748958],[-119.363896,42.487079],[-119.36357900000002,42.137231],[-119.359446,42.13723],[-119.360121480893,41.9943837248054],[-119.324182599298,41.9942055845967],[-119.20828,41.993177],[-119.00102199999999,41.993793],[-118.69640899999999,41.991794],[-118.501002,41.995446],[-118.19736921592802,41.9969940811635],[-118.195281,42.275813],[-118.214698,42.275891],[-118.216384,42.80590200000001],[-118.216832,42.914703],[-118.22879300000001,42.914625],[-118.22861800000001,43.096791],[-118.22806899999999,43.348964],[-118.23201100000001,43.348959],[-118.23239200000002,43.612266],[-118.231731,43.779216],[-118.228107,43.779195],[-118.227645,44.039862],[-118.58712500000001,44.040266],[-118.587172,44.046995],[-118.81689,44.047828],[-118.816931,43.960733],[-118.932024,43.960374],[-119.614325,43.959593],[-119.65718299999999,43.95892],[-119.77540199999999,43.959086],[-119.777528,43.697957],[-119.897434,43.6982],[-119.89658099999998,43.611164]]]},"properties":{"district_id":"US:41025","name":"Harney"}},
{"type":"Feature","geometry":{"type":"Polygon","coordinates":[[[-117.820947,47.825775],[-117.81940500000002,47.614597],[-117.821773,47.614588],[-117.823629,47.26022],[-117.473284,47.259524],[-117.040019,47.259272],[-117.04006933827098,47.3660278581666],[-117.04085,47.574124],[-117.04247,47.839009],[-117.04226408344101,47.97745151175981],[-117.04167682656801,48.0454642716004],[-117.306571,48.046336],[-117.43699300000002,48.047207],[-117.537069,48.047865],[-117.5338,47.795181],[-117.551649,47.801546],[-117.578921,47.79343300000001],[-117.600119,47.803019],[-117.63006500000002,47.834225],[-117.660887,47.843634],[-117.67275499999998,47.888669],[-117.69220700000001,47.883421],[-117.69777400000001,47.856278],[-117.753012,47.826822],[-117.781162,47.826453],[-117.79045900000001,47.811356],[-117.820947,47.825775]]]},"properties":{"district_id":"US:53063","name":"Spokane"}},
{"type":"Feature","geometry":{"type":"Polygon","coordinates":[[[-123.36162199999998,45.779579],[-123.361028,45.708696],[-123.484726,45.708764],[-123.48512400000001,45.67925000000001],[-123.464357,45.679274],[-123.464087,45.66514],[-123.443752,45.665126],[-123.44384900000001,45.650678],[-123.423002,45.65062],[-123.423273,45.636176],[-123.380216,45.635752],[-123.38066300000001,45.621985],[-123.340499,45.622201],[-123.340332,45.607455],[-123.29943800000001,45.60724700000001],[-123.29925800000001,45.593017],[-123.32021100000001,45.592984],[-123.319997,45.578684],[-123.361131,45.578779],[-123.36114700000002,45.549902],[-123.40205,45.550068],[-123.402146,45.535646],[-123.421968,45.521408],[-123.442721,45.521115],[-123.441119,45.491273],[-123.461181,45.49156],[-123.46488,45.433332],[-123.135427,45.433459],[-123.134658,45.418937],[-123.114696,45.418957],[-123.114641,45.404383],[-123.032161,45.404962],[-123.032294,45.390891],[-123.01128999999999,45.390905],[-123.01165300000001,45.376348],[-122.991388,45.375468],[-122.99139600000001,45.361096],[-122.9703,45.36077],[-122.970229,45.346454],[-122.90879599999998,45.346185],[-122.90886700000001,45.317476],[-122.867891,45.317345],[-122.84650300000001,45.317192],[-122.84649400000002,45.34595],[-122.807188,45.346276],[-122.80547,45.331772],[-122.74374100000001,45.332067],[-122.74372100000001,45.433294],[-122.74386200000001,45.519509],[-122.76446400000002,45.519562],[-122.78423200000002,45.533982],[-122.784771,45.5484],[-122.80548100000001,45.562911],[-122.826005,45.563041],[-122.82634200000001,45.577521],[-122.84697800000001,45.577516],[-122.846849,45.591836],[-122.86759200000002,45.591878],[-122.867495,45.606226],[-122.887963,45.606352],[-122.887837,45.620466],[-122.908992,45.620763],[-122.90907800000001,45.635228],[-122.929128,45.635313],[-122.92914599999999,45.721482],[-122.928901,45.735688],[-122.99036800000002,45.736459],[-122.990344,45.750835],[-123.031837,45.75142],[-123.030873,45.77915900000001],[-123.115179,45.780131],[-123.36162199999998,45.779579]]]},"properties":{"district_id":"US:41067","name":"Washington"}},
{"type":"Feature","geometry":{"type":"Polygon","coordinates":[[[-108.924589,46.13237],[-108.925037,46.024878],[-108.922324,45.959444],[-108.901655,45.959416],[-108.901927,45.784264],[-108.904852,45.784264],[-108.90472600000001,45.682821],[-108.884297,45.682936000000005],[-108.884427,45.653761],[-108.863837,45.653689],[-108.863707,45.639422],[-108.843145,45.639458],[-108.843016,45.611042],[-108.797787,45.635238],[-108.782,45.638639],[-108.781945,45.615657],[-108.802373,45.587518],[-108.801761,45.55196500000001],[-108.760831,45.55183],[-108.760308,45.522831],[-108.699283,45.522629],[-108.698102,45.464072],[-108.645325,45.464073],[-108.445304,45.464433],[-108.44523,45.460449],[-108.316374,45.46050900000001],[-108.316245,45.489503],[-108.193191,45.489526],[-108.193205,45.518538],[-108.069752,45.518535],[-108.069572,45.783507],[-108.047559,45.783476],[-108.047352,45.899316],[-107.88184600000001,45.899233],[-107.881873,45.928149],[-107.840375,45.928018],[-107.84038,45.956812],[-107.798821,45.956723],[-107.798753,45.98568],[-107.674468,45.985759],[-107.674454,46.04361000000001],[-107.511534,46.043403],[-107.517629,46.050042],[-107.474487,46.102996],[-107.466996,46.129995],[-107.466131,46.177774],[-107.48711500000002,46.177794],[-107.487022,46.192296],[-107.507925,46.192283],[-107.507959,46.221294],[-107.528695,46.221227],[-107.528646,46.250245],[-107.549555,46.25022200000001],[-107.549552,46.264717],[-107.570468,46.264705],[-107.570495,46.293652],[-107.591422,46.29365],[-107.591438,46.308156],[-107.612395,46.308113],[-107.61241100000001,46.351557],[-107.633363,46.351525],[-107.633378,46.365993],[-107.654153,46.365951],[-107.654159,46.394888],[-107.675069,46.394936],[-107.675188,46.409433],[-107.6961,46.409482],[-107.696323,46.438477],[-107.717289,46.438507],[-107.717512,46.467508],[-107.738432,46.467556],[-107.738548,46.481806],[-107.754824,46.496043],[-107.781214,46.496014],[-107.782087,46.395182],[-107.928547,46.395284],[-107.9285,46.380796],[-107.949395,46.380596],[-107.949322,46.36606],[-107.970165,46.365967],[-107.970009,46.351474],[-107.991101,46.35147],[-107.990834,46.337014],[-108.011948,46.336813],[-108.011597,46.307822],[-108.02933,46.30784100000001],[-108.02936300000002,46.264055],[-108.320812,46.26399700000001],[-108.320952,46.249664],[-108.362927,46.25003],[-108.36294,46.235584],[-108.40485600000001,46.23596],[-108.404795,46.132952],[-108.779733,46.132457],[-108.924589,46.13237]]]},"properties":{"district_id":"US:30111","name":"Yellowstone"}},
{"type":"Feature","geometry":{"type":"Polygon","coordinates":[[[-109.00957,46.750702],[-109.009982,46.621172],[-108.988727,46.62124],[-108.98899500000002,46.577851],[-108.904904,46.576908],[-108.905259,46.489805],[-108.88011400000002,46.489737],[-108.881795,46.45173],[-108.860801,46.451665],[-108.862277,46.364586],[-108.841331,46.364563],[-108.831262,46.350091],[-108.83161,46.320999],[-108.821129,46.306456],[-108.800203,46.306441],[-108.800141,46.277405],[-108.779272,46.277398],[-108.779733,46.132457],[-108.404795,46.132952],[-108.40485600000001,46.23596],[-108.36294,46.235584],[-108.362927,46.25003],[-108.320952,46.249664],[-108.320812,46.26399700000001],[-108.02936300000002,46.264055],[-108.02933,46.30784100000001],[-108.011597,46.307822],[-108.011948,46.336813],[-107.990834,46.337014],[-107.991101,46.35147],[-107.970009,46.351474],[-107.970165,46.365967],[-107.949322,46.36606],[-107.949395,46.380596],[-107.9285,46.380796],[-107.928547,46.395284],[-107.782087,46.395182],[-107.781214,46.496014],[-107.796755,46.495874],[-107.795473,46.596652],[-107.837732,46.596647000000004],[-107.81698700000001,46.615751],[-107.815175,46.65461],[-107.800562,46.66147],[-107.792939,46.67983],[-107.826004,46.71413],[-107.81342700000002,46.743319],[-107.827687,46.755875],[-108.011667,46.754237],[-108.261779,46.754232],[-108.379299,46.749555],[-108.631462,46.749392],[-109.00957,46.750702]]]},"properties":{"district_id":"US:30065","name":"Musselshell"}},
{"type":"Feature","geometry":{"type":"Polygon","coordinates":[[[-104.60376600000001,46.860853],[-104.607307,46.831877],[-104.606903,46.684924],[-104.417998,46.684892],[-104.418001,46.670435],[-104.354701,46.670381000000006],[-104.354835,46.641409],[-104.045271165876,46.6415039833225],[-104.045901,46.83079],[-104.044788,47.12743],[-104.045306661749,47.3301398174616],[-104.045065376246,47.3970661515231],[-104.131508,47.397403],[-104.131863,47.353901],[-104.385293,47.35346],[-104.420347,47.354435],[-104.422632,47.34498200000001],[-104.451018,47.317629],[-104.430045,47.317949000000006],[-104.387266,47.288716],[-104.387164,47.274256],[-104.373545,47.259837],[-104.34168,47.245392],[-104.341804,47.2165],[-104.316166,47.18054],[-104.31637,47.136863],[-104.305747,47.136815],[-104.306062,47.042046],[-104.327277,47.041967],[-104.327241,47.005803],[-104.359173,46.976582],[-104.369824,46.947576],[-104.412117,46.918586000000005],[-104.412124,46.904003],[-104.433241,46.904095],[-104.433233,46.88961],[-104.454413,46.88966],[-104.464947,46.875204],[-104.486034,46.875266],[-104.496582,46.860813],[-104.60376600000001,46.860853]]]},"properties":{"district_id":"US:30109","name":"Wibaux"}},
{"type":"Feature","geometry":{"type":"Polygon","coordinates":[[[-110.743064,48.9985575021156],[-110.742698,48.914089],[-110.750595,48.914088],[-110.750113,48.566516],[-110.756177,48.566492],[-110.755873,48.219601],[-110.625543,48.219731],[-110.625409,48.306479],[-110.106201,48.306101],[-109.845932,48.305971],[-109.840176,48.221619],[-109.726943,48.221525],[-109.726914,48.132859],[-109.59811,48.132495],[-109.534295,48.134564],[-109.533938,48.221317],[-109.551758,48.221373],[-109.55164400000001,48.293479],[-109.51908,48.293457],[-109.51878,48.394726],[-109.497028,48.394739],[-109.49673,48.45273],[-109.464318,48.452638],[-109.464318,48.52526],[-109.496881,48.525207],[-109.49688200000001,48.567914],[-109.50533300000001,48.56791],[-109.505514,48.913911],[-109.489627,48.913968],[-109.489553083702,49.0006056734615],[-109.819270115073,48.9999263625279],[-110.171595,48.999262],[-110.438151,48.999188],[-110.743064,48.9985575021156]]]},"properties":{"district_id":"US:30041","name":"Hill"}},
{"type":"Feature","geometry":{"type":"Polygon","coordinates":[[[-113.931687,42.765026],[-113.931799,42.535243],[-113.878007,42.549716],[-113.83653900000002,42.535024],[-113.789533,42.556102],[-113.763556,42.547209],[-113.758328,42.534076],[-113.73927800000001,42.522854],[-113.699044,42.51919],[-113.654149,42.536155],[-113.644167,42.54549],[-113.621329,42.586529],[-113.60709500000002,42.596291],[-113.584486,42.625155],[-113.575261,42.645575],[-113.557193,42.656799],[-113.493681,42.673594],[-113.47217700000002,42.669352],[-113.472155,42.849201],[-113.413138,42.849169],[-113.41386700000001,43.199859],[-113.714642,43.199783],[-113.714044,42.849734],[-113.76382,42.849823],[-113.763862,42.764508],[-113.931687,42.765026]]]},"properties":{"district_id":"US:16067","name":"Minidoka"}},
{"type":"Feature","geometry":{"type":"Polygon","coordinates":[[[-123.363743140809,46.1463246103232],[-123.367438,46.039528],[-123.35961399999998,46.039372],[-123.360627,45.866592],[-123.358826,45.836657],[-123.36162199999998,45.779579],[-123.115179,45.780131],[-123.030873,45.77915900000001],[-123.031837,45.75142],[-122.990344,45.750835],[-122.99036800000002,45.736459],[-122.928901,45.735688],[-122.92914599999999,45.721482],[-122.784735,45.720946],[-122.762189526428,45.7285767375573],[-122.76145099999998,45.759163],[-122.769532,45.780583],[-122.795605,45.81],[-122.785515,45.850536],[-122.785026,45.867699],[-122.81151000000001,45.91272500000001],[-122.80619300000001,45.932416],[-122.813998,45.960984],[-122.83763799999998,45.98082],[-122.856158,46.014469],[-122.87809200000001,46.031281],[-122.88447800000002,46.06028],[-122.904119,46.083734],[-122.962681,46.104817],[-123.004233,46.133823],[-123.10502100000001,46.177676],[-123.11590400000001,46.185268],[-123.16641400000002,46.188973],[-123.21305400000001,46.17254100000001],[-123.28016599999998,46.144843],[-123.363743140809,46.1463246103232]]]},"properties":{"district_id":"US:41009","name":"Columbia"}},
{"type":"Feature","geometry":{"type":"Polygon","coordinates":[[[-117.032351,48.999188],[-117.03238462207999,48.8466652930668],[-116.78517399999998,48.847402],[-116.78554200000002,48.686544],[-116.78487800000002,48.500472],[-116.67892500000002,48.500103],[-116.374663,48.501217],[-116.049140153119,48.50204572438211],[-116.04908,48.791437],[-116.049086,49.000846],[-116.540341,48.999884],[-117.032351,48.999188]]]},"properties":{"district_id":"US:16021","name":"Boundary"}},
{"type":"Feature","geometry":{"type":"Polygon","coordinates":[[[-120.49516000000001,45.068279],[-120.483647,45.05345],[-120.480945,45.02115],[-120.48654500000002,45.00615],[-120.477168,44.981876],[-120.489133,44.951299],[-120.472884,44.935458],[-120.46889899999998,44.913388],[-120.43946,44.899629],[-120.43878399999998,44.888013],[-120.45876400000002,44.881199],[-120.45520400000001,44.865607],[-120.41258000000002,44.852174],[-120.40049500000002,44.830109],[-120.37144100000002,44.821769],[-120.38137600000002,44.800721],[-120.40468499999999,44.792695],[-120.38568700000002,44.761175],[-120.386561,44.564009],[-120.386074,44.436083],[-120.36646000000002,44.437015],[-120.143544,44.437751],[-120.02162099999998,44.438793],[-120.02070799999998,44.389687],[-119.89928299999998,44.389575],[-119.899002,44.30662],[-119.65551699999999,44.30704500000001],[-119.653696,44.38917],[-119.653885,44.534131],[-119.652431,44.823299000000006],[-119.67153200000001,44.823343],[-119.67222800000002,44.995117],[-119.791162,44.994755],[-119.79069899999999,45.067823],[-120.028785,45.065224],[-120.12866100000001,45.065453],[-120.13192600000002,45.067354],[-120.49516000000001,45.068279]]]},"properties":{"district_id":"US:41069","name":"Wheeler"}},
{"type":"Feature","geometry":{"type":"Polygon","coordinates":[[[-111.976849,43.927385],[-111.977469,43.797235],[-111.983527,43.753806],[-111.950139,43.749733],[-111.934357,43.76616],[-111.902054,43.747170000000004],[-111.873152,43.737008],[-111.857277,43.718162],[-111.80385,43.701974],[-111.778098,43.675995],[-111.743734,43.668165],[-111.713971,43.655037],[-111.625938,43.655227],[-111.626043,43.626756],[-111.566042,43.626836],[-111.565974,43.622037],[-111.399765,43.621976],[-111.400797,43.882826],[-111.398781,43.92289],[-111.43723,43.912699],[-111.478723,43.927886],[-111.50123200000002,43.929206],[-111.529615,43.918309],[-111.55877600000001,43.901052],[-111.558833,43.883305],[-111.697826,43.88344],[-111.698046,43.897901],[-111.837592,43.898621],[-111.837308,43.927158],[-111.976849,43.927385]]]},"properties":{"district_id":"US:16065","name":"Madison"}},
{"type":"Feature","geometry":{"type":"Polygon","coordinates":[[[-109.653871,46.219404],[-109.65384,46.13246500000001],[-109.60419,46.132484],[-109.60515300000002,46.04499400000001],[-109.417158,46.044759],[-109.416227,46.132371],[-109.0933,46.131886],[-108.924589,46.13237],[-108.779733,46.132457],[-108.779272,46.277398],[-108.800141,46.277405],[-108.800203,46.306441],[-108.821129,46.306456],[-108.83161,46.320999],[-108.831262,46.350091],[-108.841331,46.364563],[-108.862277,46.364586],[-108.860801,46.451665],[-108.881795,46.45173],[-108.88011400000002,46.489737],[-108.905259,46.489805],[-108.904904,46.576908],[-108.98899500000002,46.577851],[-108.988727,46.62124],[-109.009982,46.621172],[-109.00957,46.750702],[-109.389208,46.751351],[-109.389163,46.693625],[-109.388548,46.490638],[-109.403544,46.490657],[-109.402906,46.219706],[-109.653871,46.219404]]]},"properties":{"district_id":"US:30037","name":"Golden Valley"}},
{"type":"Feature","geometry":{"type":"Polygon","coordinates":[[[-104.98194,45.786982],[-104.981451,45.442759],[-104.987306,45.442759],[-104.987318,45.35204],[-105.038205,45.352035],[-105.038249000584,45.000103600584],[-104.631296,44.998808],[-104.263043,44.998127],[-104.057879,44.997605],[-104.039694,44.99807],[-104.040135756493,45.2128907620416],[-104.040114,45.374214],[-104.041937,45.557915],[-104.042597,45.749998],[-104.04403,45.881975],[-104.134826,45.881928],[-104.134842,45.968833],[-104.32799300000002,45.968023],[-104.390876,45.970363],[-104.390744,46.054826],[-104.51607800000001,46.054844],[-104.516126,46.136196000000005],[-104.88549500000002,46.136595],[-104.939205,46.136575],[-104.939289,45.786964],[-104.98194,45.786982]]]},"properties":{"district_id":"US:30011","name":"Carter"}},
{"type":"Feature","geometry":{"type":"Polygon","coordinates":[[[-106.086777,47.180938],[-106.086585,46.86029],[-105.832674,46.86082],[-105.832631,46.83196],[-105.61815800000001,46.832148],[-105.618097,46.744932],[-105.57639400000001,46.745021],[-105.576063,46.658003],[-105.492002,46.658117],[-105.491919,46.600085],[-105.449406,46.600011],[-105.449196,46.570967],[-105.239058,46.570265],[-105.23923800000001,46.541188],[-104.984714,46.540389],[-104.98474,46.569386],[-104.858749,46.569115],[-104.858738,46.612557],[-104.733059,46.612695],[-104.732843,46.656264],[-104.60683500000002,46.655968],[-104.606903,46.684924],[-104.607307,46.831877],[-104.60376600000001,46.860853],[-105.027526,46.861457],[-105.027542,46.890581],[-105.048789,46.89068300000001],[-105.048831,46.905229],[-105.069524,46.919172],[-105.197011,46.91919200000001],[-105.19673500000002,46.977172],[-105.324757,46.977196],[-105.324853,47.181496],[-105.406309,47.181583],[-105.833044,47.181092],[-105.832637,47.093109],[-105.959897,47.092968000000006],[-105.959841,47.180997],[-106.086777,47.180938]]]},"properties":{"district_id":"US:30079","name":"Prairie"}},
{"type":"Feature","geometry":{"type":"Polygon","coordinates":[[[-123.46488,45.433332],[-123.462321,45.338244],[-123.463518,45.216312],[-123.78453999999999,45.216294],[-123.78401599999998,45.076657],[-123.72436800000001,45.076226000000005],[-123.50222000000001,45.075115],[-123.06827099999998,45.074864],[-123.03612099999998,45.097729],[-123.018118,45.100961],[-122.99643000000002,45.118068],[-123.02813600000002,45.141313],[-123.02767700000001,45.161618000000004],[-123.007346,45.159498],[-123.01891399999998,45.196716],[-123.04132099999998,45.198918000000006],[-123.051144,45.21068],[-123.039311,45.22194],[-122.99926,45.224097],[-123.001562,45.256605],[-122.964021,45.284894],[-122.94731700000001,45.267485],[-122.91450500000002,45.266903],[-122.899528,45.256719],[-122.86717900000001,45.252972],[-122.849925,45.259697],[-122.86807300000001,45.259695],[-122.867891,45.317345],[-122.90886700000001,45.317476],[-122.90879599999998,45.346185],[-122.970229,45.346454],[-122.9703,45.36077],[-122.99139600000001,45.361096],[-122.991388,45.375468],[-123.01165300000001,45.376348],[-123.01128999999999,45.390905],[-123.032294,45.390891],[-123.032161,45.404962],[-123.114641,45.404383],[-123.114696,45.418957],[-123.134658,45.418937],[-123.135427,45.433459],[-123.46488,45.433332]]]},"properties":{"district_id":"US:41071","name":"Yamhill"}},
{"type":"Feature","geometry":{"type":"Polygon","coordinates":[[[-119.99950117611199,45.8124817188485],[-119.998161,45.687968],[-119.999242,45.517539],[-120.00476199999999,45.517513],[-120.006555,45.257706],[-119.88234600000001,45.256916],[-119.883914,45.169152],[-119.75975899999999,45.169211],[-119.76073100000002,45.081278],[-119.79083100000001,45.081253000000004],[-119.79069899999999,45.067823],[-119.791162,44.994755],[-119.67222800000002,44.995117],[-119.16296599999998,44.996241],[-119.16303700000002,45.082943],[-119.146424,45.08294],[-119.14726400000002,45.255936],[-119.145144,45.515909],[-119.248214,45.516076],[-119.24854699999999,45.601935],[-119.43464,45.602985],[-119.434665,45.864893],[-119.43214995378202,45.918250445405],[-119.48782900000002,45.906307],[-119.524632,45.908605],[-119.571584,45.925456],[-119.600549,45.919581],[-119.623393,45.905639],[-119.66987700000001,45.856867],[-119.772927,45.845578],[-119.80265499999999,45.84753],[-119.868272037091,45.8359407146783],[-119.90746100000001,45.828135],[-119.96574400000002,45.824365],[-119.99950117611199,45.8124817188485]]]},"properties":{"district_id":"US:41049","name":"Morrow"}},
{"type":"Feature","geometry":{"type":"Polygon","coordinates":[[[-118.228635,46.593362],[-118.228013,46.560413],[-118.24264000000001,46.559747],[-118.24125000000001,46.469615],[-118.241852,46.295064],[-118.116117,46.295455000000004],[-118.11662400000002,46.20805],[-117.991481,46.207702],[-117.99310900000002,46.019722],[-117.99694971271,46.0007868487855],[-117.97766333505501,46.0007234754428],[-117.60342451872002,45.9988892323573],[-117.60329599999999,46.121313],[-117.612603,46.121323],[-117.61190300000001,46.338478],[-117.67494599999999,46.33765100000001],[-117.67394600000002,46.383284],[-117.69494200000001,46.383254],[-117.695085,46.397679],[-117.71645,46.397608],[-117.71662900000001,46.441796],[-117.737422,46.441995],[-117.737303,46.471454],[-117.863347,46.470667],[-117.86159300000001,46.560227],[-117.85316800000001,46.560191],[-117.85185000000001,46.62467],[-117.878246,46.608872],[-117.88185700000001,46.592193],[-117.909049,46.58477100000001],[-117.95345300000001,46.59207],[-117.98525500000001,46.586869],[-118.03515599999999,46.58516000000001],[-118.06909500000002,46.574675],[-118.092895,46.574529],[-118.118448,46.55678300000001],[-118.172552,46.556947],[-118.21566000000001,46.588924],[-118.228635,46.593362]]]},"properties":{"district_id":"US:53013","name":"Columbia"}},
{"type":"Feature","geometry":{"type":"Polygon","coordinates":[[[-110.281916,46.184397],[-110.281898,46.13384],[-110.29275200000001,46.133849],[-110.292662,45.785057],[-110.220908,45.784973],[-110.220273,45.690395],[-110.218283,45.669593000000006],[-110.218154,45.523569],[-110.219511,45.519881],[-110.219412,45.348799],[-110.228243,45.348755],[-110.228052,45.172129],[-110.064518,45.172129],[-110.064581,45.348755],[-109.931984,45.348755],[-109.932025,45.522456],[-109.808841,45.52247],[-109.808793,45.565925],[-109.68538500000001,45.56561],[-109.68538500000001,45.60902200000001],[-109.56207,45.609119],[-109.562043,45.711438],[-109.56390700000001,45.783471],[-109.546551,45.783475],[-109.548822,45.870749],[-109.505963,45.870218],[-109.506604,45.959112],[-109.423026,45.960011],[-109.42301100000002,46.033019],[-109.417158,46.044759],[-109.60515300000002,46.04499400000001],[-109.60419,46.132484],[-109.65384,46.13246500000001],[-109.653871,46.219404],[-109.897082,46.219346],[-110.281971,46.220605],[-110.281916,46.184397]]]},"properties":{"district_id":"US:30097","name":"Sweet Grass"}},
{"type":"Feature","geometry":{"type":"Polygon","coordinates":[[[-109.417158,46.044759],[-109.42301100000002,46.033019],[-109.423026,45.960011],[-109.506604,45.959112],[-109.505963,45.870218],[-109.548822,45.870749],[-109.546551,45.783475],[-109.56390700000001,45.783471],[-109.562043,45.711438],[-109.56207,45.609119],[-109.68538500000001,45.60902200000001],[-109.68538500000001,45.56561],[-109.808793,45.565925],[-109.808841,45.52247],[-109.932025,45.522456],[-109.931984,45.348755],[-110.064581,45.348755],[-110.064518,45.172129],[-109.798666,45.172128],[-109.798673,45.167339],[-109.687792,45.167339],[-109.687857,45.26144],[-109.608504,45.261445],[-109.608831,45.304832],[-109.588185,45.304874],[-109.588222,45.333905],[-109.567657,45.333898],[-109.561924,45.362843],[-109.541381,45.362873],[-109.54139,45.377353],[-109.520873,45.377362],[-109.52088400000001,45.391852],[-109.500319,45.391845],[-109.500318,45.406327],[-109.479707,45.40636],[-109.479697,45.420834],[-109.438524,45.420771],[-109.438586,45.435272],[-109.41831,45.435298],[-109.418352,45.449762],[-109.356454,45.449843],[-109.356417,45.464326],[-109.191761,45.464504],[-109.191551,45.523095],[-109.128225,45.523025],[-109.128412,45.586737],[-109.068498,45.583241],[-109.03975,45.590937],[-109.028807,45.601347],[-108.977944,45.616399],[-108.93384400000001,45.602855],[-108.89137,45.602532],[-108.860998,45.613514],[-108.843016,45.611042],[-108.843145,45.639458],[-108.863707,45.639422],[-108.863837,45.653689],[-108.884427,45.653761],[-108.884297,45.682936000000005],[-108.90472600000001,45.682821],[-108.904852,45.784264],[-108.901927,45.784264],[-108.901655,45.959416],[-108.922324,45.959444],[-108.925037,46.024878],[-108.924589,46.13237],[-109.0933,46.131886],[-109.416227,46.132371],[-109.417158,46.044759]]]},"properties":{"district_id":"US:30095","name":"Stillwater"}},
{"type":"Feature","geometry":{"type":"Polygon","coordinates":[[[-113.007712,43.110933],[-113.00776,42.863051000000006],[-112.816578,42.863231],[-112.807138,42.88258700000001],[-112.783624,42.887531],[-112.779202,42.913831],[-112.761214,42.923614],[-112.76612600000001,42.934308],[-112.750562,42.951528],[-112.735659,42.973234],[-112.741566,42.988858],[-112.698348,42.995911],[-112.680409,43.012267],[-112.656552,43.021944],[-112.17938,43.021614],[-112.063023,43.022364],[-111.947212,43.021012],[-111.58948900000001,43.020052],[-111.589719,43.194596],[-111.588049,43.281841],[-111.822494,43.282286],[-111.822475,43.366035],[-112.043821,43.366708],[-112.043672,43.410143],[-112.103396,43.41026],[-112.103298,43.425057],[-112.520024,43.42517],[-112.519861,43.626623],[-112.639238,43.626574],[-112.697122,43.62314],[-112.698891,43.540052],[-112.758291,43.540142],[-112.816278,43.535949],[-112.816704,43.449164],[-112.936835,43.449386],[-112.936902,43.367346000000005],[-112.94700900000001,43.367339],[-112.947016,43.284821],[-113.007318,43.284778],[-113.007712,43.110933]]]},"properties":{"district_id":"US:16011","name":"Bingham"}},
{"type":"Feature","geometry":{"type":"Polygon","coordinates":[[[-104.733059,46.612695],[-104.732672,46.482202],[-104.905988,46.482251],[-104.905313,46.313333],[-104.885577,46.31334600000001],[-104.88549500000002,46.136595],[-104.516126,46.136196000000005],[-104.51607800000001,46.054844],[-104.390744,46.054826],[-104.390876,45.970363],[-104.32799300000002,45.968023],[-104.134842,45.968833],[-104.134826,45.881928],[-104.04403,45.881975],[-104.045443,45.94531],[-104.046822,46.00019900000001],[-104.045237,46.125002],[-104.045417303568,46.2800809431805],[-104.046103,46.383916],[-104.04509833769701,46.5408609844411],[-104.045271165876,46.6415039833225],[-104.354835,46.641409],[-104.354701,46.670381000000006],[-104.418001,46.670435],[-104.417998,46.684892],[-104.606903,46.684924],[-104.60683500000002,46.655968],[-104.732843,46.656264],[-104.733059,46.612695]]]},"properties":{"district_id":"US:30025","name":"Fallon"}},
{"type":"Feature","geometry":{"type":"Polygon","coordinates":[[[-112.558599,46.265821],[-112.594404,46.227982],[-112.573573,46.211809],[-112.582112,46.198686],[-112.577106,46.178981],[-112.545226,46.175001],[-112.526201,46.184928],[-112.505139,46.183298],[-112.517036,46.165867],[-112.520093,46.137265],[-112.500875,46.11216],[-112.466304,46.092727],[-112.461793,46.07575],[-112.476952,46.051715],[-112.441988,46.029479],[-112.435848,46.014276],[-112.444645,46.002035],[-112.438258,45.967658],[-112.429902,45.958362],[-112.431317,45.929522],[-112.404349,45.888049],[-112.430512,45.853859],[-112.426464,45.843725],[-112.401441,45.831851],[-112.26684,45.786311],[-112.262129,45.775355],[-112.214605,45.765553],[-112.190269,45.748503],[-112.168767,45.749981],[-112.136621,45.771722],[-112.137384,45.781295],[-112.112238,45.806242],[-112.118808,45.812735],[-112.104931,45.841077],[-112.06960100000002,45.852665],[-112.056665,45.849827],[-112.022865,45.858781],[-111.984039,45.846493],[-111.950687,45.85513],[-111.926965,45.855694],[-111.906625,45.827969],[-111.884542,45.830597],[-111.872147,45.818027],[-111.843036,45.821302],[-111.807209,45.809624],[-111.805259,45.798306],[-111.78821000000002,45.792512],[-111.75585500000001,45.804233],[-111.726992,45.793468],[-111.705467,45.795738],[-111.680834,45.821582],[-111.660057,45.8335],[-111.660422,46.049192],[-111.784565,46.049813],[-111.786418,46.136277],[-111.786278,46.485782],[-111.787949,46.569465],[-112.02923100000001,46.568805],[-112.033615,46.543127],[-112.063232,46.523716],[-112.084838,46.51673],[-112.120845,46.51473],[-112.131932,46.520086],[-112.183801,46.501106],[-112.200595,46.485722],[-112.179743,46.470966],[-112.187096,46.450862],[-112.215251,46.45042300000001],[-112.220222,46.436169],[-112.242671,46.422498],[-112.27002900000001,46.414963],[-112.31057300000002,46.421171],[-112.336737,46.404067],[-112.35006,46.385068],[-112.403784,46.386566],[-112.426093,46.36898],[-112.426005,46.357464],[-112.451363,46.34999800000001],[-112.449521,46.334098],[-112.498557,46.342062],[-112.503954,46.330196],[-112.533625,46.330898],[-112.572403,46.296639],[-112.562167,46.288428],[-112.558599,46.265821]]]},"properties":{"district_id":"US:30043","name":"Jefferson"}},
{"type":"Feature","geometry":{"type":"Polygon","coordinates":[[[-120.007074,47.220133],[-120.00369200000002,47.184381],[-120.01058500000002,47.161275],[-120.001065,47.145477],[-120.00206500000002,47.126153],[-120.02756599999998,47.105253],[-120.042866,47.073453],[-120.03296600000002,47.054253],[-120.01116500000002,47.039353],[-120.001122,46.993641],[-119.96580400000002,46.943283],[-119.963191,46.918817],[-119.96494299999999,46.858804],[-119.927537,46.817092],[-119.92743600000001,46.798445],[-119.943054,46.774702],[-119.96997499999999,46.754973],[-119.973036,46.737126],[-119.972706,46.723239],[-119.94644,46.675935],[-119.91730099999998,46.655423],[-119.90148300000001,46.635602],[-119.874042,46.628283],[-119.82242600000001,46.62608],[-119.750972,46.635662],[-119.711057,46.648818],[-119.65918900000001,46.640333],[-119.62552200000002,46.644669],[-119.58168400000001,46.669906000000005],[-119.51658199999999,46.727638],[-119.485763,46.715668],[-119.44992600000002,46.686241],[-119.45319000000002,46.679243],[-119.36916499999998,46.67817900000001],[-119.36942899999998,46.737695],[-119.368662,46.91256200000001],[-118.982652,46.911344],[-118.97977700000001,47.261709],[-118.977875,47.460965],[-118.97692100000002,47.645362],[-118.97350400000002,47.943414],[-118.982234,47.962025],[-119.103873,47.961763],[-119.103966,47.946693],[-119.125581,47.946803],[-119.125904,47.917301],[-119.14740000000002,47.917388],[-119.147399,47.90265000000001],[-119.19055200000001,47.902465],[-119.190631,47.887812],[-119.212225,47.887708],[-119.21241,47.800695],[-119.23390000000002,47.800662],[-119.234166,47.771981],[-119.25586199999998,47.771687],[-119.25578300000001,47.742514],[-119.277167,47.742603],[-119.27723800000001,47.728238],[-119.29864900000001,47.728328],[-119.29884300000002,47.670403],[-119.320144,47.670232],[-119.320304,47.626797],[-119.341485,47.626748],[-119.34176699999999,47.612388],[-119.40519600000002,47.612636],[-119.4478,47.584899],[-119.447682,47.570455],[-119.469099,47.57076],[-119.490098,47.556541],[-119.49046699999998,47.54202000000001],[-119.512092,47.54204],[-119.51169099999998,47.527633],[-119.532889,47.527756],[-119.533618,47.441205],[-119.601306,47.441075],[-119.87576,47.437492],[-119.87582199999999,47.408305],[-119.897173,47.407969],[-119.897383,47.393472],[-119.918746,47.393449],[-119.91891500000001,47.364475],[-119.94023600000001,47.364359],[-119.94044200000002,47.349435],[-119.961341,47.348779],[-119.961823,47.334952],[-119.98323400000001,47.334623],[-119.983125,47.320428],[-120.00470400000002,47.319994],[-120.00439,47.245959],[-120.007074,47.220133]]]},"properties":{"district_id":"US:53025","name":"Grant"}},
{"type":"Feature","geometry":{"type":"Polygon","coordinates":[[[-112.687054,45.624854],[-112.686839,45.569503],[-112.694053,45.542756],[-112.704848,45.533232],[-112.688931,45.50724],[-112.69285,45.488795],[-112.673148,45.472477],[-112.63461,45.451221],[-112.62814100000001,45.44046],[-112.600477,45.430013],[-112.577233,45.429838000000004],[-112.53891,45.446394],[-112.505568,45.443009],[-112.464317,45.393911],[-112.464636,45.34991],[-112.458062,45.34991],[-112.456854,45.088509],[-112.333899,45.088423],[-112.334248,45.000519],[-112.191187,45.000512],[-112.190634,44.912735],[-112.166986,44.91258700000001],[-112.167108,44.826738],[-112.065678,44.825985],[-112.065797,44.783475],[-112.025141,44.782112],[-111.78115700000001,44.781027],[-111.781099,44.708845],[-111.537351,44.708023],[-111.474880236007,44.7085555454992],[-111.431733,44.720694],[-111.414273,44.710739],[-111.397759,44.724077],[-111.392475,44.752369],[-111.37714906651901,44.7511577867496],[-111.377483,44.911794],[-111.37222200000001,44.911796],[-111.372666,45.157179],[-111.37303,45.350521],[-111.35003000000002,45.350548],[-111.35138,45.641938],[-111.536241,45.642257],[-111.536316,45.656833],[-111.556969,45.656427],[-111.557006,45.670995],[-111.577698,45.670771],[-111.577687,45.685251],[-111.598239,45.685121],[-111.598318,45.699962000000006],[-111.619037,45.699863],[-111.619036,45.714363],[-111.639717,45.714305],[-111.639745,45.728825],[-111.659742,45.728834],[-111.659738,45.743344],[-111.721683,45.743278],[-111.721847,45.772369],[-111.763273,45.772554],[-111.763324,45.78682800000001],[-111.80538,45.786748],[-111.805259,45.798306],[-111.807209,45.809624],[-111.843036,45.821302],[-111.872147,45.818027],[-111.884542,45.830597],[-111.906625,45.827969],[-111.926965,45.855694],[-111.950687,45.85513],[-111.984039,45.846493],[-112.022865,45.858781],[-112.056665,45.849827],[-112.06960100000002,45.852665],[-112.104931,45.841077],[-112.118808,45.812735],[-112.112238,45.806242],[-112.137384,45.781295],[-112.136621,45.771722],[-112.168767,45.749981],[-112.190269,45.748503],[-112.46181600000001,45.742584],[-112.485311,45.759007],[-112.515453,45.746702],[-112.525706,45.727652],[-112.524096,45.707611],[-112.549953,45.684158],[-112.577565,45.678144],[-112.60066,45.661264],[-112.687054,45.624854]]]},"properties":{"district_id":"US:30057","name":"Madison"}},
{"type":"Feature","geometry":{"type":"Polygon","coordinates":[[[-122.245856,46.053853],[-122.24615500000002,45.953905],[-122.24451500000002,45.866561],[-122.249798,45.866633],[-122.248911947664,45.5477731000169],[-122.20170000000002,45.564141000000006],[-122.18369500000001,45.577696],[-122.14075,45.584508],[-122.101675,45.583516],[-122.044374,45.609516],[-122.00369,45.61593],[-121.963547,45.632784],[-121.95573399999999,45.643559],[-121.92202885217199,45.6491618990508],[-121.90185500000001,45.670716],[-121.867167,45.693277],[-121.81130399999999,45.706761],[-121.73510400000002,45.694039],[-121.707358,45.694809],[-121.668362,45.705082],[-121.631167,45.704657],[-121.53310600000002,45.726541],[-121.52368585363202,45.724902102031905],[-121.52282600000001,45.747205],[-121.538083,45.770929],[-121.51739100000002,45.781989],[-121.60924599999998,45.782519],[-121.60861799999999,45.870357000000006],[-121.612502,45.870415],[-121.61223200000002,46.044093],[-121.52232100000002,46.044006],[-121.522324,46.388224],[-121.989898,46.388626],[-122.240966,46.385361],[-122.242008,46.21162000000001],[-122.24667700000002,46.200575],[-122.245856,46.053853]]]},"properties":{"district_id":"US:53059","name":"Skamania"}},
{"type":"Feature","geometry":{"type":"Polygon","coordinates":[[[-124.008880714497,45.0449987048377],[-124.009179,45.016721],[-124.03229600000002,44.900809],[-124.05415099999999,44.838233],[-124.066622,44.830563],[-124.07406600000002,44.798107],[-124.069158,44.767806],[-124.05790100000002,44.735163],[-124.068445,44.683094],[-124.058281,44.658866],[-124.06914,44.612979],[-124.06635000000001,44.596162],[-124.07539900000002,44.531606],[-124.083601,44.501123],[-124.0837,44.430404],[-124.10058699999999,44.331926],[-124.10905900000002,44.318391],[-124.114043752426,44.2769899702691],[-123.94107200000002,44.277375],[-123.936319,44.282853],[-123.775598,44.283547],[-123.775789,44.316167],[-123.81652500000001,44.315303],[-123.816709,44.344622],[-123.734996,44.345778],[-123.73515300000001,44.36035],[-123.71553800000001,44.360458],[-123.72014000000001,44.389506],[-123.72007100000002,44.433374],[-123.59767699999999,44.433109],[-123.596134,44.477454],[-123.59692900000002,44.651139],[-123.60281700000002,44.651159],[-123.602609,44.721154],[-123.704467,44.721154],[-123.704578,44.73898],[-123.72500100000002,44.739046],[-123.725394,44.88599],[-123.724663,45.044432],[-123.911026,45.04567900000001],[-124.008880714497,45.0449987048377]]]},"properties":{"district_id":"US:41041","name":"Lincoln"}},
{"type":"Feature","geometry":{"type":"Polygon","coordinates":[[[-112.519861,43.626623],[-112.520024,43.42517],[-112.103298,43.425057],[-112.103396,43.41026],[-112.043672,43.410143],[-112.043821,43.366708],[-111.822475,43.366035],[-111.822494,43.282286],[-111.588049,43.281841],[-111.589719,43.194596],[-111.58948900000001,43.020052],[-111.235399,43.020541],[-111.044142896217,43.019408000000006],[-111.044617,43.31572],[-111.04520474341102,43.5010518507229],[-111.067784,43.526143],[-111.085901,43.521426],[-111.125812,43.53184],[-111.141851,43.546163],[-111.198841,43.539731],[-111.214695,43.55609],[-111.22635,43.590155],[-111.226081,43.606378],[-111.243839,43.621853],[-111.399765,43.621976],[-111.565974,43.622037],[-111.566042,43.626836],[-111.626043,43.626756],[-112.072016,43.626106],[-112.519861,43.626623]]]},"properties":{"district_id":"US:16019","name":"Bonneville"}},
{"type":"Feature","geometry":{"type":"Polygon","coordinates":[[[-105.057634998852,48.9992288786173],[-105.057742,48.910522],[-105.03817100000002,48.910512],[-105.038548,48.650099],[-104.973283,48.65006],[-104.973354,48.56319],[-104.757619,48.563127],[-104.757643,48.476556],[-104.627726,48.476349],[-104.62776,48.389362],[-104.259751,48.389396],[-104.04691062511802,48.3892985761957],[-104.047582398048,48.633911],[-104.0489,48.847387],[-104.048736,48.999877],[-104.30514903592501,48.99970291477051],[-104.647389,48.999344],[-104.87552700000002,48.998991],[-105.057634998852,48.9992288786173]]]},"properties":{"district_id":"US:30091","name":"Sheridan"}},
{"type":"Feature","geometry":{"type":"Polygon","coordinates":[[[-110.00500162052339,52.055570100881134],[-110.21956633508269,52.05563234768245],[-110.2191386923959,52.11388929695376],[-110.36263803826533,52.11375921034328],[-110.36208201187318,52.230407299139],[-110.9453495022363,52.230105612387675],[-111.14765951099926,52.23024629766672],[-111.14578975073634,52.1722271548314],[-111.19376095957699,52.17219774218082],[-111.19392964639542,52.142972241290146],[-111.24292870233,52.14297209836359],[-111.24231474160138,51.98292174535305],[-111.2906809780488,51.96767155012412],[-112.00365089568267,51.969139690683434],[-112.00890278620211,51.9249928554786],[-111.98943187802928,51.881795897572346],[-112.15462582000485,51.88181039682348],[-112.1546359907739,51.852713488507575],[-112.2025718108485,51.8530010714628],[-112.17849209510707,51.83876262776407],[-112.17832001644844,51.80887809540198],[-112.13108671235425,51.795422791599904],[-112.10746393421799,51.76474975182651],[-112.1075047914998,51.61988471007606],[-112.11462027996345,51.59074629739384],[-112.25532649962598,51.590701506442095],[-112.25389506754239,51.41614019153088],[-112.44353693994341,51.415885959714586],[-112.44384787237922,51.40120893135705],[-112.51327702422991,51.401380005452666],[-112.5131000997002,51.372287416095325],[-112.47803545519368,51.37229285781665],[-112.45352056161445,51.3505560232687],[-112.4532103093965,51.32346516391581],[-112.36089661273061,51.29630566785995],[-112.27737980665134,51.248063928120416],[-112.23729791945492,51.21330080053361],[-112.12429351167256,51.15714464725003],[-112.06570429472919,51.112142969408346],[-112.00067579897585,51.0939685510598],[-111.96788690292604,51.05879245763578],[-111.91708069873947,50.97367435366941],[-111.95452737579645,50.95302625154602],[-111.97132628856382,50.9282226667518],[-111.92053720860905,50.91122654810033],[-111.8545678969129,50.90708035412506],[-111.80382799994868,50.83565045048569],[-111.70600759900519,50.850197370143164],[-111.6843486082837,50.85975665598053],[-111.61972819261648,50.85040316802781],[-111.61516478579303,50.81703057093813],[-111.56962779636542,50.77150166617873],[-111.52353648500636,50.76182966137831],[-111.47372297565298,50.77634384814004],[-111.41626730927374,50.753393143756334],[-111.38834801708771,50.76834154319677],[-111.38922398231264,50.70315570352192],[-111.06445770099347,50.702946432783705],[-110.81527844333235,50.7076399968173],[-110.51717591122684,50.70389008939347],[-110.28214751818666,50.703405728554976],[-110.27821510862772,50.618129340822755],[-110.19620230016673,50.63135565088733],[-110.1303805893466,50.678559551947465],[-110.13954990843779,50.71903334735696],[-110.05176281370575,50.75130155477088],[-110.08113620166007,50.79340985349198],[-110.05625470708152,50.81643956405889],[-110.00303586778138,50.83467040987169],[-110.00514929525028,50.921211598003886],[-110.00502148869283,51.35788380569034],[-110.00508980929149,51.73648079199833],[-110.00500162052339,52.055570100881134]]]},"properties":{"district_id":"CA:4804","name":"Division No.  4"}},
{"type":"Feature","geometry":{"type":"Polygon","coordinates":[[[-114.57360388010126,49.557462906395],[-114.62013320018245,49.546808662217195],[-114.6909834671209,49.554026435040605],[-114.73258666928268,49.576379526641105],[-114.74647644614123,49.61850970573349],[-114.66281800636479,49.643724480276006],[-114.66838503820765,49.703875166047794],[-114.63311912237083,49.73407963558585],[-114.65913532717242,49.7650793812254],[-114.63605150522939,49.78481158710657],[-114.63993243584689,49.82772088411739],[-114.69178590695931,49.896286105133015],[-114.69367620540017,49.94258395653686],[-114.6574362489079,49.9683967400342],[-114.6663711977175,50.0509443748967],[-114.73325919665545,50.118610618910424],[-114.72467038891747,50.19017719043256],[-114.77022537721707,50.24999499892245],[-114.75166705991849,50.27528703404198],[-114.79760596455522,50.3261220203737],[-114.76621722955214,50.35074225213296],[-114.81916447899223,50.36905778282793],[-114.85689168089034,50.392524014223596],[-114.87301151897698,50.43019069051159],[-114.9121670239913,50.45137232279022],[-115.01369673096366,50.57085910035681],[-115.0852738425532,50.589749059446326],[-115.11752465045177,50.569751299993555],[-115.17355277079258,50.56758866024977],[-115.19091647453038,50.53509811261139],[-115.23098413968002,50.54487863694481],[-115.23965061226687,50.58919679221624],[-115.29362560549114,50.61110758024997],[-115.28225408132838,50.66319289409957],[-115.31512449632241,50.725825747550886],[-115.39122236791658,50.70645244703907],[-115.43628198058032,50.755730693588546],[-115.48110693562239,50.75518175979489],[-115.49755826251504,50.782345752058355],[-115.5508699151382,50.79706590336088],[-115.57813602188175,50.84050376265592],[-115.64298277653829,50.84220649032884],[-115.64892946164181,50.87414760222752],[-115.5926461810909,50.89264113884596],[-115.61459585404072,50.95118768000796],[-115.64883405703594,50.99752045832859],[-115.76703563342775,51.03938827568734],[-115.789231900039,51.072417685546185],[-115.86793338086885,51.08929039836376],[-115.92360697933765,51.08310956564771],[-115.95726326494088,51.115181611705324],[-116.00446487359805,51.124681290725626],[-116.03684494216736,51.17004552721748],[-116.00002259226773,51.19394746811913],[-116.00760375243168,51.222012154597294],[-116.04926640089053,51.22743706684331],[-116.06517334826921,51.247930090360924],[-116.11167621797108,51.253352916762786],[-116.15913315523204,51.275811996436],[-116.16413114324486,51.29779006752794],[-116.21908456179551,51.29450376138891],[-116.26801739505132,51.3119331708271],[-116.2826041239351,51.33150184528119],[-116.305194035394,51.32538442436141],[-116.29023609161123,51.290845094719664],[-116.29657160518866,51.26169388109629],[-116.26223483101337,51.24300750774551],[-116.26336505937647,51.22179893559448],[-116.30109276470685,51.20865563857769],[-116.34646836511394,51.20778131636056],[-116.33211584891755,51.18060959248608],[-116.29754153332216,51.17996773105425],[-116.26216188010652,51.12655223946187],[-116.31847068437445,51.095462014294164],[-116.33978378657659,51.064353326555974],[-116.39105889911998,51.05558194935013],[-116.41847237086883,51.0365864048844],[-116.38077241792571,50.99923780856522],[-116.33703893109515,50.975477006311785],[-116.31832348079985,50.9490774835691],[-116.44436274062858,50.94982226854988],[-116.5353804594938,50.93513672405238],[-116.53571241534469,50.920973092803585],[-116.62872660508778,50.92067427999351],[-116.6721588817223,50.88978323288062],[-116.73346219408322,50.876379155890476],[-116.72320610936042,50.85401706959055],[-116.76398757191272,50.84731138407731],[-116.74588396532057,50.81621239751428],[-116.74535170313726,50.77129568976889],[-116.7719535674683,50.766737959691746],[-116.79654643995991,50.72930274079647],[-116.78039618589919,50.69901011658865],[-116.74435872474515,50.67809390752513],[-116.69920200422196,50.67081486686554],[-116.60761921218666,50.66855061692025],[-116.57961383261606,50.64727593767721],[-116.61438937798783,50.630850764433056],[-116.63134136370839,50.597428827604745],[-116.6541312007463,50.598603309673045],[-116.67285699901366,50.530993211963946],[-116.69918692399872,50.51849664035844],[-116.68919403140717,50.49236998708623],[-116.72243351369094,50.461509123037814],[-116.68322683723802,50.4304781107663],[-116.65256703823589,50.42047317967672],[-116.6138006404263,50.35017829238666],[-116.61818524507983,50.31751283277059],[-116.59087462359498,50.308416115396774],[-116.54079395086421,50.31899912089163],[-116.55495536196692,50.28348768018567],[-116.55680954103956,50.212876203482494],[-116.50033230089515,50.197907021952815],[-116.44991875143876,50.13345714979529],[-116.49516791198054,50.09379070112516],[-116.49825863144116,50.0561801109143],[-116.47143576804964,50.0379106444689],[-116.46582002729923,50.00143082645049],[-116.44207214093596,49.98775969538701],[-116.47188007906247,49.96623778403418],[-116.5101399743724,49.98499481070191],[-116.58389815177942,49.94883950269987],[-116.58480896741767,49.92968239372866],[-116.6456344230559,49.8825935584483],[-116.69716837626292,49.87452522458893],[-116.68504049161167,49.81180840397624],[-116.6394619032983,49.785139044069474],[-116.59092207198051,49.7248908546639],[-116.59057617494932,49.69937240731832],[-116.65732762046005,49.66781464668617],[-116.67757062524075,49.63334729969383],[-116.6482941692522,49.63075294113845],[-116.68921230925457,49.57274286322988],[-116.64464539243986,49.5587230116027],[-116.62516823619822,49.53884149840775],[-116.66735240062252,49.4722158675776],[-116.63233993491727,49.4586795008576],[-116.59515049171966,49.477017605972485],[-116.57957793362283,49.45519883907341],[-116.46391818638418,49.497033151843475],[-116.4507429429621,49.52690043486756],[-116.42351199082945,49.5336608008192],[-116.36239332330533,49.513090416287746],[-116.31244729124786,49.52459907293372],[-116.28910205009855,49.508553700242494],[-116.28485128474507,49.47239783019087],[-116.18291701014597,49.390829615887434],[-116.1653340678779,49.35228215365482],[-116.18895621938158,49.321934540608666],[-116.15847066786937,49.283352792362294],[-116.11549685593874,49.2882823411804],[-116.07262303399344,49.258643673989795],[-116.07007242429394,49.23201506275966],[-116.10076538905051,49.19845023589473],[-116.02847157461959,49.19754957057412],[-116.03246021518387,49.058759096304456],[-116.02704893324858,49.000917386967345],[-115.24034425781433,49.00001199472346],[-114.76351113501157,49.00001652508569],[-114.4106243231141,49.00122079934651],[-114.0683321098933,48.99885049656858],[-114.0537582644809,49.02654472874052],[-114.08097635842338,49.059688459709754],[-114.10693965396032,49.06496519720252],[-114.15314913867687,49.09951039566641],[-114.14903791886344,49.14365255444239],[-114.17490451914324,49.1635505388563],[-114.34559060629927,49.19357076826549],[-114.40212197420317,49.213273604212276],[-114.39348599518746,49.25718740478676],[-114.44794247585187,49.26436922660355],[-114.44679535245461,49.2884176208837],[-114.47764600802253,49.31235184025685],[-114.48762451515968,49.34732061382702],[-114.5669296737042,49.37688356607925],[-114.59843280764396,49.41256158154904],[-114.5947174131072,49.50284302239417],[-114.57300626551846,49.52496321027507],[-114.57360388010126,49.557462906395]]]},"properties":{"district_id":"CA:5901","name":"East Kootenay"}},
{"type":"Feature","geometry":{"type":"Polygon","coordinates":[[[-116.79654643995991,50.72930274079647],[-116.83701073886935,50.76145302523994],[-116.9214475777943,50.77358491622047],[-116.96425748118214,50.81029057780273],[-117.03811286052567,50.81500363531391],[-117.08360744551747,50.865564719561895],[-117.06896026836722,50.92014922560873],[-117.03310904908632,50.95809191830754],[-117.07030021209894,50.97027262744593],[-117.15522956539309,50.97584782717138],[-117.13788284412259,51.02801323449266],[-117.16266673281704,51.0443459608568],[-117.22434662963525,51.05925718775939],[-117.30431168913087,51.05132404708432],[-117.34873117219577,51.03265189256916],[-117.39019579859146,50.99979620208169],[-117.3978018153369,50.961195566226735],[-117.43824479226943,50.93666950311499],[-117.42611341638623,50.90396618262286],[-117.46728691805782,50.90241180212924],[-117.4901844254749,50.88118646032855],[-117.45362107536926,50.82908431440427],[-117.46679317660079,50.81119153781991],[-117.40565575984711,50.77931779332696],[-117.38199864310954,50.746152281276395],[-117.39288267739639,50.70914395810593],[-117.3231051653854,50.72417896962707],[-117.27585245682663,50.744187031823856],[-117.26342436116151,50.69254623995682],[-117.27369102074994,50.670831902675474],[-117.22978816995911,50.64827688658673],[-117.30679805179305,50.577447200938934],[-117.24503559820424,50.53508080111808],[-117.24384554388008,50.51947093545537],[-117.32119840019841,50.4873182326973],[-117.4358967457169,50.48436843944694],[-117.4943526867904,50.48898889387783],[-117.50160728862288,50.4699464058074],[-117.58200685966722,50.50299184453822],[-117.61585940162735,50.54370000361327],[-117.67110778781705,50.53243421736671],[-117.7406712808297,50.55437607206548],[-117.84988818030052,50.54238753149593],[-117.8569794044886,50.52785843586337],[-117.97792310440272,50.53284598318744],[-117.99433934043776,50.54810117990336],[-118.01381544315397,50.653120274408884],[-118.06837613661635,50.66654330960933],[-118.076598532477,50.69325503419366],[-118.12326152850041,50.681227621092766],[-118.20728028317181,50.69028161989038],[-118.19598122657204,50.634203541729846],[-118.16269415667027,50.61146593018317],[-118.17966392685902,50.553582635467905],[-118.21530428509992,50.53806764278143],[-118.17606924447367,50.49311678112613],[-118.21205016044838,50.4394155566291],[-118.26758563206737,50.43621854463404],[-118.28208467420033,50.392415231233095],[-118.326894033912,50.35199996267049],[-118.27545786572281,50.33980316149277],[-118.27606247819273,50.27865560963371],[-118.23912308610491,50.19629663861539],[-118.26372091216079,50.1814212450915],[-118.29139485668338,50.13128661493076],[-118.29352351152842,50.097815290334225],[-118.33817185943805,50.100722666527794],[-118.39829617422457,50.07876123993468],[-118.3997600432144,50.03342332077971],[-118.4481108855358,50.022615702829206],[-118.47351338277537,49.99952528188381],[-118.44870153214261,49.9737947371449],[-118.41588980282239,49.973044867623685],[-118.41870262594311,49.91360283148749],[-118.37669039219807,49.909073446965564],[-118.35388731562522,49.89178275904792],[-118.37859547434607,49.859116175694346],[-118.37440871389285,49.82458066756211],[-118.32458719846483,49.830604409251926],[-118.31219441177714,49.81230454314661],[-118.28725402163182,49.77884661095692],[-118.30130342500837,49.750188298136514],[-118.27545912555176,49.71417956523052],[-118.27544370341282,49.658384977752675],[-118.24189336619172,49.63616032782198],[-118.25337987782679,49.62067861329111],[-118.24487746701406,49.561566831818425],[-118.28736234122519,49.49490499420708],[-118.28319582729083,49.47053051790973],[-118.25283319489213,49.444493545750625],[-118.26419453153976,49.38895058987229],[-118.23809820350832,49.3410359681728],[-118.20912871542254,49.32608455398166],[-118.20766397487316,49.29580218481553],[-118.17689180409954,49.27440325348583],[-118.13587176285262,49.26400314358179],[-117.70309203458677,49.265342233861524],[-117.70199255755927,49.22804859916833],[-117.6755679023681,49.22433730561747],[-117.67427467372663,49.17504159053207],[-117.47194706859086,49.17571459676913],[-117.50579753454241,49.15774893122505],[-117.52108378315971,49.08806025012322],[-117.4654306131018,49.088166121592],[-117.46965213885161,49.000666578009984],[-117.2683530431103,49.00002275161022],[-116.75534973037753,49.00001999972341],[-116.27574447307215,49.00002985159304],[-116.02704893324858,49.000917386967345],[-116.03246021518387,49.058759096304456],[-116.02847157461959,49.19754957057412],[-116.10076538905051,49.19845023589473],[-116.07007242429394,49.23201506275966],[-116.07262303399344,49.258643673989795],[-116.11549685593874,49.2882823411804],[-116.15847066786937,49.283352792362294],[-116.18895621938158,49.321934540608666],[-116.1653340678779,49.35228215365482],[-116.18291701014597,49.390829615887434],[-116.28485128474507,49.47239783019087],[-116.28910205009855,49.508553700242494],[-116.31244729124786,49.52459907293372],[-116.36239332330533,49.513090416287746],[-116.42351199082945,49.5336608008192],[-116.4507429429621,49.52690043486756],[-116.46391818638418,49.497033151843475],[-116.57957793362283,49.45519883907341],[-116.59515049171966,49.477017605972485],[-116.63233993491727,49.4586795008576],[-116.66735240062252,49.4722158675776],[-116.62516823619822,49.53884149840775],[-116.64464539243986,49.5587230116027],[-116.68921230925457,49.57274286322988],[-116.6482941692522,49.63075294113845],[-116.67757062524075,49.63334729969383],[-116.65732762046005,49.66781464668617],[-116.59057617494932,49.69937240731832],[-116.59092207198051,49.7248908546639],[-116.6394619032983,49.785139044069474],[-116.68504049161167,49.81180840397624],[-116.69716837626292,49.87452522458893],[-116.6456344230559,49.8825935584483],[-116.58480896741767,49.92968239372866],[-116.58389815177942,49.94883950269987],[-116.5101399743724,49.98499481070191],[-116.47188007906247,49.96623778403418],[-116.44207214093596,49.98775969538701],[-116.46582002729923,50.00143082645049],[-116.47143576804964,50.0379106444689],[-116.49825863144116,50.0561801109143],[-116.49516791198054,50.09379070112516],[-116.44991875143876,50.13345714979529],[-116.50033230089515,50.197907021952815],[-116.55680954103956,50.212876203482494],[-116.55495536196692,50.28348768018567],[-116.54079395086421,50.31899912089163],[-116.59087462359498,50.308416115396774],[-116.61818524507983,50.31751283277059],[-116.6138006404263,50.35017829238666],[-116.65256703823589,50.42047317967672],[-116.68322683723802,50.4304781107663],[-116.72243351369094,50.461509123037814],[-116.68919403140717,50.49236998708623],[-116.69918692399872,50.51849664035844],[-116.67285699901366,50.530993211963946],[-116.6541312007463,50.598603309673045],[-116.63134136370839,50.597428827604745],[-116.61438937798783,50.630850764433056],[-116.57961383261606,50.64727593767721],[-116.60761921218666,50.66855061692025],[-116.69920200422196,50.67081486686554],[-116.74435872474515,50.67809390752513],[-116.78039618589919,50.69901011658865],[-116.79654643995991,50.72930274079647]]]},"properties":{"district_id":"CA:5903","name":"Central Kootenay"}},
{"type":"Feature","geometry":{"type":"Polygon","coordinates":[[[-119.05568075157295,49.81232225536058],[-119.06549876813335,49.79821374132721],[-119.11572153000185,49.79094718997581],[-119.15385029063174,49.79951502818883],[-119.15273066272137,49.76400540455404],[-119.20205610436027,49.75325313753448],[-119.2285542908933,49.73515284731561],[-119.27182000723006,49.73021398291384],[-119.32586646978808,49.69706527688642],[-119.3759057375863,49.679032827533575],[-119.35035563852328,49.63608688147688],[-119.35813095249253,49.61622047948185],[-119.3217801739959,49.530460336673684],[-119.30207491895605,49.52174946459338],[-119.30035751782935,49.385707473161446],[-119.26206870594201,49.38227487266591],[-119.26043704319761,49.35031447337171],[-119.21314289618364,49.34603018746623],[-119.17737997365622,49.312289169125506],[-119.21335095279078,49.28569992464076],[-119.23738440015975,49.238944863589495],[-119.1959394848441,49.21598963750295],[-119.22078899322814,49.18488752277249],[-119.2543630451596,49.16567133615588],[-119.27176611996113,49.11809326708362],[-119.30182071645656,49.073254071152654],[-119.29492322384712,49.00004765727593],[-119.00848174086637,49.00001060016756],[-118.49999998681625,49.00000000882193],[-118.00188008144295,49.00035679428645],[-117.46965213885161,49.000666578009984],[-117.4654306131018,49.088166121592],[-117.52108378315971,49.08806025012322],[-117.50579753454241,49.15774893122505],[-117.47194706859086,49.17571459676913],[-117.67427467372663,49.17504159053207],[-117.6755679023681,49.22433730561747],[-117.70199255755927,49.22804859916833],[-117.70309203458677,49.265342233861524],[-118.13587176285262,49.26400314358179],[-118.17689180409954,49.27440325348583],[-118.20766397487316,49.29580218481553],[-118.20912871542254,49.32608455398166],[-118.23809820350832,49.3410359681728],[-118.26419453153976,49.38895058987229],[-118.25283319489213,49.444493545750625],[-118.28319582729083,49.47053051790973],[-118.28736234122519,49.49490499420708],[-118.24487746701406,49.561566831818425],[-118.25337987782679,49.62067861329111],[-118.24189336619172,49.63616032782198],[-118.27544370341282,49.658384977752675],[-118.27545912555176,49.71417956523052],[-118.30130342500837,49.750188298136514],[-118.28725402163182,49.77884661095692],[-118.31219441177714,49.81230454314661],[-119.05568075157295,49.81232225536058]]]},"properties":{"district_id":"CA:5905","name":"Kootenay Boundary"}},
{"type":"Feature","geometry":{"type":"Polygon","coordinates":[[[-120.05479757827845,49.85570622431135],[-120.1301715929203,49.84582654421407],[-120.16113472660577,49.86525663909968],[-120.21338723793583,49.86052756394641],[-120.22871051800327,49.89592228847376],[-120.26842684068725,49.88794410157222],[-120.33005879886763,49.912011608711296],[-120.36203235585765,49.9039201109434],[-120.39014537155573,49.87389074428314],[-120.38863736992477,49.849111378127255],[-120.44534350708787,49.81060947603563],[-120.48571062269019,49.77223134506482],[-120.60376780027889,49.770770501968045],[-120.6043328879666,49.749579507744684],[-120.75988518888933,49.74972609409052],[-120.77179116853826,49.763391096750354],[-120.94845229851377,49.76058055390629],[-120.9624083274599,49.67347949690845],[-120.95950302271682,49.64220913204531],[-121.00205632480292,49.597044976255766],[-121.03788250372084,49.586911954139],[-121.04771034450336,49.531872186650716],[-121.0818746422218,49.514167620525654],[-121.05377626403899,49.471228501765715],[-121.09926682834433,49.44108774178225],[-121.09804393142007,49.35390947311232],[-121.08064871131744,49.32941959811511],[-121.0452426551295,49.3307344551235],[-121.00141735512825,49.27824238978786],[-120.93612029124131,49.275977200516756],[-120.90578885427507,49.305675298238334],[-120.82397134237559,49.2949711648321],[-120.82076573616263,49.24732318926989],[-120.84738436692335,49.21970600897639],[-120.89127772996125,49.206174740620106],[-120.90318383254551,49.17513873672908],[-120.8579833180351,49.13395362494005],[-120.96311148240393,49.094835658460326],[-120.89507815678571,49.07816044496753],[-120.82569932186031,49.02546256835755],[-120.84840827446429,49.00007714683007],[-120.36996735905558,49.00008067861313],[-119.9181181608912,49.00009646298746],[-119.29492322384712,49.00004765727593],[-119.30182071645656,49.073254071152654],[-119.27176611996113,49.11809326708362],[-119.2543630451596,49.16567133615588],[-119.22078899322814,49.18488752277249],[-119.1959394848441,49.21598963750295],[-119.23738440015975,49.238944863589495],[-119.21335095279078,49.28569992464076],[-119.17737997365622,49.312289169125506],[-119.21314289618364,49.34603018746623],[-119.26043704319761,49.35031447337171],[-119.26206870594201,49.38227487266591],[-119.30035751782935,49.385707473161446],[-119.30207491895605,49.52174946459338],[-119.3217801739959,49.530460336673684],[-119.35813095249253,49.61622047948185],[-119.35035563852328,49.63608688147688],[-119.3759057375863,49.679032827533575],[-119.42703348078992,49.67538799264791],[-119.4587637959763,49.725470079474086],[-119.48589747745828,49.746392975538754],[-119.55662402031733,49.76018602611956],[-119.66098669371073,49.75900515403991],[-119.71955191142274,49.76524900324479],[-119.7415746105782,49.724820609613765],[-119.83590596512089,49.712625813156414],[-119.83699338047153,49.765658832985416],[-119.97953153291432,49.76625090183759],[-119.96700729744292,49.812208960865014],[-119.99164524938483,49.833884140027244],[-120.05479757827845,49.85570622431135]]]},"properties":{"district_id":"CA:5907","name":"Okanagan-Similkameen"}},
{"type":"Feature","geometry":{"type":"Polygon","coordinates":[[[-122.25844006319245,50.123444310995175],[-122.6382252097996,50.12326298689084],[-122.65991648438123,50.14314756313688],[-122.73396217426416,50.15129607826694],[-122.78828729791046,50.13113766560471],[-122.80579703700205,50.08710218336203],[-122.80205902476568,50.05519768483327],[-122.76478426081269,50.02327022528623],[-122.67945282743273,50.02264473568881],[-122.6803038352414,49.981234150415744],[-122.72366454495297,49.954280240455134],[-122.76122811661116,49.94796672280041],[-122.80056069712764,49.92060048635171],[-122.85061799626546,49.918610362581276],[-122.89656566974911,49.894818373485464],[-122.93648257666852,49.917408010305486],[-122.96201255239215,49.902576647254186],[-122.98524343300944,49.85747455604271],[-122.96465418891479,49.83499511336031],[-122.87367107385111,49.8184779525156],[-122.88991258343981,49.801954241236494],[-122.85531083266137,49.743461524968346],[-122.81420399155267,49.71124393957547],[-122.8524273292756,49.671508645881346],[-122.83122868405007,49.658086385011075],[-122.81136175933926,49.61923292767669],[-122.83557734347147,49.599656417624495],[-122.81608574841648,49.57235386349289],[-122.70008679969499,49.573554544575906],[-122.65542317466344,49.53964890094567],[-122.60814378576427,49.541702082338084],[-122.5816892104928,49.49057799042456],[-122.53295229551671,49.47252900088223],[-122.52811139362827,49.457868515683394],[-122.56314504829986,49.39143457238705],[-122.59110291254977,49.358607897509465],[-122.55798954173542,49.35272377404504],[-122.40996697347131,49.35297918472863],[-122.4091434673898,49.26426971749686],[-122.42428563200333,49.26407878702236],[-122.42580430075759,49.16883060583667],[-122.46147846461096,49.17132706389801],[-122.45915453446973,49.00225644694133],[-122.11677438352724,49.00223376986479],[-121.99586526306305,49.000005253575615],[-121.27292340115969,49.000026921303224],[-120.84840827446429,49.00007714683007],[-120.82569932186031,49.02546256835755],[-120.89507815678571,49.07816044496753],[-120.96311148240393,49.094835658460326],[-120.8579833180351,49.13395362494005],[-120.90318383254551,49.17513873672908],[-120.89127772996125,49.206174740620106],[-120.84738436692335,49.21970600897639],[-120.82076573616263,49.24732318926989],[-120.82397134237559,49.2949711648321],[-120.90578885427507,49.305675298238334],[-120.93612029124131,49.275977200516756],[-121.00141735512825,49.27824238978786],[-121.0452426551295,49.3307344551235],[-121.08064871131744,49.32941959811511],[-121.09804393142007,49.35390947311232],[-121.09926682834433,49.44108774178225],[-121.05377626403899,49.471228501765715],[-121.0818746422218,49.514167620525654],[-121.04771034450336,49.531872186650716],[-121.03788250372084,49.586911954139],[-121.00205632480292,49.597044976255766],[-120.95950302271682,49.64220913204531],[-120.9624083274599,49.67347949690845],[-121.00714847164781,49.65851586163102],[-121.01882394278367,49.63699736097925],[-121.09953255211511,49.62539505025349],[-121.1200405655473,49.610355037678985],[-121.15583339068314,49.617156551294045],[-121.17078915662862,49.648364580540985],[-121.1256832639383,49.68044775960371],[-121.1553575563008,49.71613876643372],[-121.18570331991734,49.726605805645626],[-121.21182554628768,49.77926963688037],[-121.18022668032364,49.821870528308736],[-121.12435089450423,49.82564067326471],[-121.09804463994342,49.873330262493894],[-121.14705088068848,49.85983078873879],[-121.16426153998104,49.881258095839684],[-121.22015741929779,49.894481885892375],[-121.28603511097508,49.8722631040569],[-121.32425906778214,49.89942365793148],[-121.28655499618374,49.926950355231035],[-121.26916391398818,49.962255648540065],[-121.29050095363954,50.011128521056136],[-121.32832074076288,50.03779896981907],[-121.31532813930716,50.05246633531011],[-121.56497913493553,50.052227737484976],[-121.60975134458255,50.04188198198419],[-121.71457896512837,50.0862081721029],[-121.75876280349065,50.09196251355239],[-121.8493908030046,50.075296356653986],[-121.8509102131672,50.05274994030467],[-121.89580230551145,50.049649988091566],[-121.91990630863188,50.07176285320572],[-121.95939241937963,50.08469144798834],[-122.02363127005242,50.08584047247092],[-122.07006993723589,50.12637013321416],[-122.11636732115235,50.107311730717754],[-122.15321760917111,50.11444164293235],[-122.22944825309958,50.111702626842565],[-122.25844006319245,50.123444310995175]]]},"properties":{"district_id":"CA:5909","name":"Fraser Valley"}},
{"type":"Feature","geometry":{"type":"MultiPolygon","coordinates":[[[[-123.20266513214723,49.22036565767339],[-123.20950164433891,49.18731395390869],[-123.148631554635,49.17998646141822],[-123.13517663067425,49.19777765214069],[-123.20266513214723,49.22036565767339]]],[[[-123.3604870412051,49.413323270771016],[-123.42596373515855,49.37264065378662],[-123.42659021713368,49.33656686319042],[-123.36055094099565,49.335622666597544],[-123.34169653671626,49.34973086786132],[-123.31097502187794,49.40385075914476],[-123.3604870412051,49.413323270771016]]],[[[-122.81608574841648,49.57235386349289],[-122.94504470848442,49.57054274591347],[-122.92421431524471,49.54842971650286],[-123.10230746179472,49.547783573331806],[-123.10280206154631,49.482196694473465],[-123.24444669589599,49.48149528825824],[-123.23301655587343,49.42492056624385],[-123.28462214153384,49.35877176144981],[-123.26860575371354,49.333417966255595],[-123.20551193565113,49.340113154108835],[-123.11502414257409,49.30853987172403],[-123.09146514854518,49.313319470420694],[-123.03936402504863,49.29829977604271],[-122.98562313229466,49.30842595696844],[-122.95620374111276,49.300565450566],[-122.9351441306658,49.33286606368146],[-122.89424122409116,49.33139657492574],[-122.96632262844938,49.28808367170127],[-123.04709031971773,49.293809256285215],[-123.12275945077728,49.290570565541856],[-123.17102514343969,49.27173404795913],[-123.24443134100237,49.27984206856068],[-123.25261593266052,49.25104025199496],[-123.20065504563189,49.22207754758375],[-123.1308718285752,49.199888364471995],[-123.14343055224836,49.17984976137858],[-123.19719932902557,49.17536207474988],[-123.19645273267628,49.126510275658674],[-123.14362882411014,49.11070146094615],[-123.07372673665328,49.12576255506445],[-123.08116293564865,49.096863855895776],[-123.12212237274792,49.08579063839843],[-123.14925023004197,49.062127474906646],[-123.0992037368072,49.0348267684714],[-123.0908630390589,49.00193432802804],[-123.03526569203787,49.002067995252126],[-123.05649713650284,49.02839647310478],[-123.00850141758092,49.06329385735004],[-122.94595765317783,49.07360936463544],[-122.89087543560179,49.09147047602088],[-122.88788483009762,49.0568450783644],[-122.8667295237653,49.024411566103495],[-122.81599795892858,49.02381046501908],[-122.75790735615804,49.00221678707251],[-122.45915453446973,49.00225644694133],[-122.46147846461096,49.17132706389801],[-122.42580430075759,49.16883060583667],[-122.42428563200333,49.26407878702236],[-122.4091434673898,49.26426971749686],[-122.40996697347131,49.35297918472863],[-122.55798954173542,49.35272377404504],[-122.59110291254977,49.358607897509465],[-122.56314504829986,49.39143457238705],[-122.52811139362827,49.457868515683394],[-122.53295229551671,49.47252900088223],[-122.5816892104928,49.49057799042456],[-122.60814378576427,49.541702082338084],[-122.65542317466344,49.53964890094567],[-122.70008679969499,49.573554544575906],[-122.81608574841648,49.57235386349289]]]]},"properties":{"district_id":"CA:5915","name":"Greater Vancouver"}},
{"type":"Feature","geometry":{"type":"MultiPolygon","coordinates":[[[[-123.25690444859961,48.76754256758722],[-123.24573925736958,48.75500946080189],[-123.20751384256705,48.73290006833588],[-123.18262745718833,48.74847806473328],[-123.25690444859961,48.76754256758722]]],[[[-123.34517673773614,48.857605249147305],[-123.32759375616448,48.83291806484023],[-123.24478653780591,48.8246931650725],[-123.25110463222364,48.846036459826564],[-123.34517673773614,48.857605249147305]]],[[[-123.32258925325063,48.821812061511984],[-123.31941354397452,48.77644524673608],[-123.27833922502296,48.75526726052855],[-123.25969523211633,48.76755535268751],[-123.24468432054762,48.77015165676654],[-123.2894053292734,48.81759205904004],[-123.32258925325063,48.821812061511984]]],[[[-123.20291155538358,48.81077726774508],[-123.20183142145234,48.77431896475743],[-123.16213672863054,48.76437795817435],[-123.09344403684375,48.764309548546606],[-123.09930442842995,48.788837364355054],[-123.18894084830829,48.813896266222336],[-123.20291155538358,48.81077726774508]]],[[[-123.58411632918882,49.01131587493571],[-123.55387734504885,48.96525417491059],[-123.52086515236326,48.9452297713645],[-123.45554354375182,48.92289955524216],[-123.38919093372019,48.89175637520095],[-123.38382364311822,48.865975346845],[-123.31352123280018,48.86204026846552],[-123.34591284189398,48.90511835943308],[-123.38178261879924,48.91156285892638],[-123.50704195493198,48.95853326210943],[-123.58411632918882,49.01131587493571]]],[[[-123.59486653023637,48.94483665312313],[-123.59002994184978,48.895915075611406],[-123.5478864312937,48.867425166132605],[-123.57063843635453,48.84999006358258],[-123.57230985587881,48.82328186870465],[-123.53413694391492,48.79893205953671],[-123.56256911859556,48.75988886305662],[-123.4916083319248,48.713694568808535],[-123.42576875645375,48.73286736009141],[-123.44825163952837,48.75615316978233],[-123.38381252574978,48.75566606755189],[-123.36659035331625,48.77476755628272],[-123.42365774565758,48.80531116964017],[-123.48992044703138,48.85489494899084],[-123.4633680303992,48.86986486921377],[-123.53037035522115,48.914456863473696],[-123.59486653023637,48.94483665312313]]],[[[-123.55547527686439,48.53602312949078],[-123.58643615584184,48.52121152918379],[-123.62747427723868,48.53237050582313],[-123.64568074056417,48.56196971733455],[-123.64757391132585,48.596653267726424],[-123.69289178981661,48.616453960583975],[-123.79028655014949,48.59364964639649],[-123.82103809604412,48.57498021061689],[-123.8532032602826,48.639567337425916],[-123.93181618986983,48.638510645176666],[-124.02310177159434,48.64907419681238],[-124.11365974415935,48.649816106063675],[-124.14217261925603,48.635725869482314],[-124.20030293438538,48.656089429570436],[-124.2800545540844,48.72120522603245],[-124.28083156972511,48.680744764917726],[-124.35685530281924,48.68074967218222],[-124.41369576251442,48.665685754263706],[-124.41268437465095,48.63685733615395],[-124.49018407105979,48.63414158835351],[-124.50061459810212,48.54394911249393],[-124.41381122974794,48.57662725649433],[-124.40745554633693,48.556263947916705],[-124.43994133444677,48.52472475541143],[-124.36496292221287,48.508662559921234],[-124.30415562732337,48.50235046404523],[-124.29411703926795,48.487718176962744],[-124.20687683819541,48.45743807095199],[-124.0951868514372,48.435173368854585],[-123.94882555260152,48.39552057043312],[-123.92279804404356,48.37715397163663],[-123.89188376040212,48.38244486133052],[-123.83753673132404,48.37098567535007],[-123.8228915370158,48.35709255370293],[-123.76241454170186,48.37145425092832],[-123.72621132844625,48.37135596514819],[-123.67713732938401,48.38937937508606],[-123.6339737576038,48.3887783635825],[-123.63399105237994,48.366260159959985],[-123.70170594744502,48.37457604572274],[-123.71676473096474,48.34769985836915],[-123.67052214427466,48.321780660013964],[-123.63785625935792,48.31682016694635],[-123.60781755907784,48.33399466379124],[-123.58908273516212,48.311168864894306],[-123.55439714581864,48.3351197663232],[-123.51480164537165,48.383921766276636],[-123.46998634533928,48.41896584963251],[-123.43097465062581,48.427872859018954],[-123.37653604582147,48.40926126345215],[-123.32269214124327,48.405907254935954],[-123.29122344460144,48.44864356512617],[-123.26476063060528,48.45424065848233],[-123.36466993303826,48.51473827778808],[-123.36204173055594,48.55830627559425],[-123.41028712211717,48.628316054141635],[-123.39361115513434,48.64617705889066],[-123.41078155883132,48.68938906571712],[-123.47616882254397,48.695434757684254],[-123.48234213490723,48.67164196299501],[-123.4459004339952,48.65335515018124],[-123.47987384220124,48.6106032690977],[-123.46566025463834,48.59041076636987],[-123.5077138482725,48.5524128576903],[-123.55547527686439,48.53602312949078]]]]},"properties":{"district_id":"CA:5917","name":"Capital"}},
{"type":"Feature","geometry":{"type":"MultiPolygon","coordinates":[[[[-123.7083672522463,49.019812755301615],[-123.69141053297257,48.98153146532336],[-123.65221854733727,48.99026035381328],[-123.68030423530688,49.01910917260406],[-123.7083672522463,49.019812755301615]]],[[[-123.76710244665631,49.05738097927328],[-123.86445159670285,49.057333871434636],[-123.88530511111654,49.02414078558095],[-123.9209413670337,49.03224319096494],[-124.03594849234979,49.025744516742904],[-124.05460283880946,49.00593412026038],[-124.10254772389906,48.99816314532205],[-124.23815929576577,49.003926015474775],[-124.29209043597494,48.99723464133668],[-124.37645684725639,48.99965877661165],[-124.41543148502662,49.024363307054195],[-124.47922931295587,49.021481806360704],[-124.49045916893229,49.056328205883844],[-124.52723887942511,49.080132489859416],[-124.52821518924402,49.12417877738529],[-124.5825550849013,49.14005755525245],[-124.58216592159846,49.103733801049025],[-124.6290453988058,49.09717364537173],[-124.63040182566567,49.05152367507318],[-124.60580789420081,49.034957210800414],[-124.63825076700947,49.01432138353839],[-124.53934333159688,48.93439426138168],[-124.55016979546947,48.90073171487799],[-124.65496659859197,48.854903510704695],[-124.69364540105832,48.79608789418637],[-124.72039838103638,48.779639702807586],[-124.74160758786802,48.744844909939594],[-124.77344368993185,48.731685206104956],[-124.80196849392512,48.69657550289653],[-124.8518695098307,48.67075461319129],[-124.8149714450791,48.66153577646379],[-124.79431872395185,48.63984505596024],[-124.7236609359266,48.59759586191628],[-124.63743192805705,48.57146877073692],[-124.50061459810212,48.54394911249393],[-124.49018407105979,48.63414158835351],[-124.41268437465095,48.63685733615395],[-124.41369576251442,48.665685754263706],[-124.35685530281924,48.68074967218222],[-124.28083156972511,48.680744764917726],[-124.2800545540844,48.72120522603245],[-124.20030293438538,48.656089429570436],[-124.14217261925603,48.635725869482314],[-124.11365974415935,48.649816106063675],[-124.02310177159434,48.64907419681238],[-123.93181618986983,48.638510645176666],[-123.8532032602826,48.639567337425916],[-123.82103809604412,48.57498021061689],[-123.79028655014949,48.59364964639649],[-123.69289178981661,48.616453960583975],[-123.64757391132585,48.596653267726424],[-123.64568074056417,48.56196971733455],[-123.62747427723868,48.53237050582313],[-123.58643615584184,48.52121152918379],[-123.55547527686439,48.53602312949078],[-123.55750502637854,48.55038335272166],[-123.51455553381804,48.57107715667767],[-123.51854252598653,48.61489715175785],[-123.55305785385609,48.6495795644039],[-123.53149124491003,48.66967085522149],[-123.53491364740933,48.693908067963285],[-123.5900262490162,48.7354180726562],[-123.63391705003164,48.74332665709108],[-123.56436774932699,48.78085037229433],[-123.60446202473156,48.802777455965014],[-123.58506735687145,48.82835346001976],[-123.59628983709932,48.849896057839004],[-123.63909823604014,48.864284776364315],[-123.6459039277347,48.88250896642971],[-123.73821463023195,48.937764072776986],[-123.76125703932661,48.989232167167216],[-123.7866249518835,49.01863206272854],[-123.74765215478695,49.041937865369064],[-123.76710244665631,49.05738097927328]]]]},"properties":{"district_id":"CA:5919","name":"Cowichan Valley"}},
{"type":"Feature","geometry":{"type":"MultiPolygon","coordinates":[[[[-123.863008634617,49.19851827634907],[-123.86219532607348,49.15810776868795],[-123.76335414926902,49.12999097325065],[-123.70147324730435,49.12966484697718],[-123.70920294265483,49.15939236384561],[-123.7596781476827,49.16476595090467],[-123.82183124735126,49.19045296503025],[-123.863008634617,49.19851827634907]]],[[[-124.75666170234699,49.45566334107671],[-124.73345424565444,49.439579452410406],[-124.73357320238345,49.40474425120842],[-124.82314066031165,49.40489815460237],[-124.85934462145104,49.433087014016174],[-124.9123854484544,49.42795379742585],[-124.96813235767252,49.433386678687434],[-124.89991918445214,49.379537757167945],[-124.80932973176397,49.32794850150745],[-124.78389194508927,49.325456198700834],[-124.74749300797089,49.275513406228484],[-124.69308274587428,49.274822440346114],[-124.67417516296656,49.224168325398914],[-124.69731781603377,49.19128696965416],[-124.68829218001436,49.17155627951632],[-124.64064393814064,49.17189392866133],[-124.5904668450524,49.1596650943021],[-124.5825550849013,49.14005755525245],[-124.52821518924402,49.12417877738529],[-124.52723887942511,49.080132489859416],[-124.49045916893229,49.056328205883844],[-124.47922931295587,49.021481806360704],[-124.41543148502662,49.024363307054195],[-124.37645684725639,48.99965877661165],[-124.29209043597494,48.99723464133668],[-124.23815929576577,49.003926015474775],[-124.10254772389906,48.99816314532205],[-124.05460283880946,49.00593412026038],[-124.03594849234979,49.025744516742904],[-123.9209413670337,49.03224319096494],[-123.88530511111654,49.02414078558095],[-123.86445159670285,49.057333871434636],[-123.76710244665631,49.05738097927328],[-123.81956105516072,49.136073771315885],[-123.88411353611384,49.141940160830025],[-123.92344114993242,49.16204286265116],[-123.96910694998644,49.206492454833416],[-123.98115772510317,49.23893735694549],[-124.10931793112788,49.255912478355505],[-124.16894013362285,49.25328197492476],[-124.15709965084359,49.290543560798405],[-124.18518734259804,49.31192947532486],[-124.2155994370797,49.30271626664635],[-124.26158134558632,49.31164177349538],[-124.28632152722084,49.331878357236235],[-124.31720335506166,49.322921556660425],[-124.36415315283065,49.35360045330153],[-124.4156797333215,49.36022296866985],[-124.46292853486449,49.35549605391485],[-124.48323524651256,49.368118755195674],[-124.57350323828302,49.38031006881382],[-124.63243145278418,49.406119566120196],[-124.6849191167361,49.44820356295904],[-124.72019812029352,49.45959436663201],[-124.75666170234699,49.45566334107671]]]]},"properties":{"district_id":"CA:5921","name":"Nanaimo"}},
{"type":"Feature","geometry":{"type":"MultiPolygon","coordinates":[[[[-125.06771744945145,48.95329365725867],[-125.10601743512622,48.926591173615805],[-125.0872961332523,48.89670266193021],[-125.05818194519183,48.9200682485806],[-125.06771744945145,48.95329365725867]]],[[[-126.01130204981197,49.21636215344191],[-126.03674595463613,49.206609172313634],[-126.015128345869,49.15878136895541],[-125.93310963655533,49.189853367895594],[-125.95262425233838,49.20751077204729],[-126.01130204981197,49.21636215344191]]],[[[-125.88835044747893,49.241482361993604],[-125.88681456061926,49.21419596023808],[-125.84483583557639,49.2111538701093],[-125.86730582640503,49.181088759013505],[-125.85737003879423,49.13964285851167],[-125.81876743049244,49.12440665613529],[-125.79900954424643,49.14015557799482],[-125.79667463777601,49.19705418131515],[-125.76718512962509,49.2021741721291],[-125.78108994514034,49.23368765070879],[-125.88835044747893,49.241482361993604]]],[[[-126.22744953686333,49.39277615865125],[-126.24079103993394,49.33250216510857],[-126.18887107019535,49.26232566912704],[-126.14056103923183,49.272863461791346],[-126.10092933768566,49.251829264053484],[-126.04702614497288,49.27048075835157],[-126.08131154501429,49.308726460220804],[-126.08522373005843,49.37153266160838],[-126.10841326032214,49.39427447111118],[-126.15185473910385,49.39292425762035],[-126.18129513874233,49.37559025586567],[-126.22744953686333,49.39277615865125]]],[[[-126.55891807061415,49.54148332973877],[-126.5520060579004,49.52072857415633],[-126.57097524794995,49.459181360630396],[-126.55550665986867,49.44443367362609],[-126.56492193706363,49.40448317327438],[-126.51597793296118,49.37835035694526],[-126.47561443801258,49.382729770867705],[-126.46258803272552,49.40688726171437],[-126.48858216434257,49.43107886026697],[-126.44849074161762,49.46921776915367],[-126.41155402919526,49.471761364964514],[-126.40804574870786,49.413485549433034],[-126.35071642604872,49.4016418685697],[-126.33190105142297,49.37923905844117],[-126.28068673112911,49.352224671932575],[-126.25687254443827,49.36639836541068],[-126.25285483130695,49.40851506049976],[-126.189447420683,49.398136861712025],[-126.12276665275158,49.42341376402813],[-126.07113924800662,49.43044785266139],[-126.05870755625209,49.407190573613015],[-126.05912444880842,49.34114564979362],[-126.00198093626847,49.32011727565808],[-125.95989935196965,49.35872616675497],[-125.94711685551346,49.3207168630284],[-125.97723733053967,49.29391607392759],[-126.03244515903533,49.284556161445664],[-126.0077569561768,49.241183272894084],[-125.9671765348098,49.22852346434603],[-125.91989184215157,49.27718017927479],[-125.83898843846995,49.285440653984324],[-125.7939568361186,49.23916236759203],[-125.72642143994321,49.25933766843538],[-125.75423695833985,49.220441162196096],[-125.74529372781048,49.184982557312544],[-125.78146664261007,49.14691345255173],[-125.71897394711374,49.149257651602305],[-125.68797175765279,49.1808252654935],[-125.66939803715476,49.151620474879174],[-125.72147555675632,49.11105186134172],[-125.73793015809606,49.08508427192964],[-125.80763273461685,49.119981675557774],[-125.84303652421369,49.11322096293642],[-125.91491704112036,49.13907605147578],[-125.87972463808836,49.088586356672536],[-125.82775874948376,49.06968285245457],[-125.76174583215813,49.07192175511186],[-125.69424566148412,49.0369274673401],[-125.66974813644686,48.99777596416348],[-125.64245134045387,49.00389295197897],[-125.61693085476216,48.9735700584874],[-125.56835813725635,48.971161758434626],[-125.51524423964793,48.927015552076895],[-125.484777757288,48.92028187204509],[-125.4591025502506,48.94231726903755],[-125.36898974612305,48.998012365454855],[-125.3566319282347,49.03830186751905],[-125.29046484869231,49.02361107623771],[-125.29277405987516,48.9753076710196],[-125.24268704256573,48.94426415516343],[-125.19141732761503,48.977385559061574],[-125.19448303445273,49.004857178580124],[-125.15001145587043,49.0105439567643],[-125.1098576492899,48.97328386745671],[-125.05236514837135,48.99756944757184],[-125.02534953648349,48.98479426427766],[-124.91146485282506,48.98492955168712],[-124.87408524450451,49.01091286244204],[-124.86681876314657,49.0656195650542],[-124.83123065123554,49.088203256613326],[-124.80890316592726,49.15596436654977],[-124.837096428454,49.2443535576918],[-124.81196025261353,49.24117907000626],[-124.81646183490656,49.184119462105635],[-124.7923815556377,49.15957756398612],[-124.79680173575494,49.131953555221514],[-124.83520954966517,49.07090486847289],[-124.85922115971803,49.00396556545618],[-124.90639825417306,48.97320126537203],[-124.94667262625917,48.97711775866333],[-124.98266644067152,48.96324315184047],[-124.98628043734217,48.94170627644388],[-125.0328479389026,48.88347885447856],[-125.06567153740006,48.88483895353511],[-125.1112084572203,48.85115786862068],[-125.18592203033168,48.80875776845564],[-125.17873792577453,48.78787735727495],[-125.13342143467742,48.77270247347517],[-125.11709893355204,48.7318432613493],[-125.00423436069256,48.70697945979649],[-124.95306784176647,48.700247264888326],[-124.9109023362577,48.68256565582911],[-124.8518695098307,48.67075461319129],[-124.80196849392512,48.69657550289653],[-124.77344368993185,48.731685206104956],[-124.74160758786802,48.744844909939594],[-124.72039838103638,48.779639702807586],[-124.69364540105832,48.79608789418637],[-124.65496659859197,48.854903510704695],[-124.55016979546947,48.90073171487799],[-124.53934333159688,48.93439426138168],[-124.63825076700947,49.01432138353839],[-124.60580789420081,49.034957210800414],[-124.63040182566567,49.05152367507318],[-124.6290453988058,49.09717364537173],[-124.58216592159846,49.103733801049025],[-124.5825550849013,49.14005755525245],[-124.5904668450524,49.1596650943021],[-124.64064393814064,49.17189392866133],[-124.68829218001436,49.17155627951632],[-124.69731781603377,49.19128696965416],[-124.67417516296656,49.224168325398914],[-124.69308274587428,49.274822440346114],[-124.74749300797089,49.275513406228484],[-124.78389194508927,49.325456198700834],[-124.80932973176397,49.32794850150745],[-124.89991918445214,49.379537757167945],[-124.96813235767252,49.433386678687434],[-125.0098555355742,49.4591353312548],[-125.02250708089794,49.49237605579078],[-125.06905560525242,49.477583458285],[-125.10850948913517,49.51479035205673],[-125.17319892026482,49.510151062759824],[-125.1666151490841,49.49171520179105],[-125.23395370755787,49.4910325650315],[-125.42652104146804,49.64266561916257],[-125.39588724441673,49.59401900743288],[-125.37957398919804,49.54790258119245],[-125.46881735576983,49.52821696737388],[-125.49981186609844,49.47816908110607],[-125.55299250953647,49.498685152155474],[-125.63265612253183,49.49811355888804],[-125.63462351442463,49.511403190964],[-125.75613022294083,49.513694674211834],[-125.78460620813617,49.539842069659876],[-125.88860721155213,49.54696311525538],[-125.9696933407369,49.58488365264029],[-126.02564849762896,49.57673111034764],[-126.06414842047911,49.55122704534092],[-126.09428426557567,49.5691302862238],[-126.17886221955074,49.56796251410325],[-126.2068254679473,49.55122724301873],[-126.24906143520582,49.55499628907342],[-126.31821749481854,49.6042348077506],[-126.34662831828635,49.59876929910542],[-126.38318690132157,49.560725323102375],[-126.43442922041328,49.57806364996325],[-126.47418448951024,49.5703161993282],[-126.50653597223176,49.54037662731696],[-126.55891807061415,49.54148332973877]]]]},"properties":{"district_id":"CA:5923","name":"Alberni-Clayoquot"}},
{"type":"Feature","geometry":{"type":"MultiPolygon","coordinates":[[[[-125.13075292558156,50.42152387300335],[-125.14814664422475,50.39582115149223],[-125.14349495063774,50.36725865803955],[-125.08437204249427,50.38099797911575],[-125.13075292558156,50.42152387300335]]],[[[-125.0046611469595,50.32633687489765],[-125.03348864668428,50.298906569490434],[-124.99744884938143,50.27429196686279],[-124.96652413382273,50.312291255874555],[-125.0046611469595,50.32633687489765]]],[[[-126.51885306275172,49.68597956147879],[-126.53005445370938,49.66301985154088],[-126.56701213648697,49.63753367468387],[-126.53660275249251,49.6272109629212],[-126.48037195372257,49.66326197532532],[-126.51885306275172,49.68597956147879]]],[[[-127.29627982902296,50.03810676682517],[-127.32280014063313,50.00763156879865],[-127.28897765750955,49.990892855430864],[-127.23227645964431,50.009913170002854],[-127.23933414827862,50.02574327976705],[-127.29627982902296,50.03810676682517]]],[[[-125.1009220630084,50.25000007669411],[-125.09159494102842,50.29249615953837],[-125.11391214541611,50.321802157392284],[-125.15486334084426,50.32299275605142],[-125.20959103679982,50.298839658608735],[-125.1728692341479,50.24857646234516],[-125.12216984832799,50.239386059229666],[-125.1009220630084,50.25000007669411]]],[[[-125.1009220630084,50.25000007669411],[-125.1314392536549,50.20318267199757],[-125.12782924586715,50.17651575286424],[-125.15345413889843,50.14331027331651],[-125.12795633222045,50.128319072900865],[-125.08169054243999,50.17424836497939],[-125.0409275288196,50.19052427458273],[-125.03305854866176,50.208121771549536],[-125.05409884759734,50.26037037419969],[-125.1009220630084,50.25000007669411]]],[[[-125.96596002558431,50.442402759229815],[-125.91851793236548,50.41452107635235],[-125.86359052426366,50.41904437088713],[-125.8232373537254,50.40834567185377],[-125.73429612449883,50.42555726241323],[-125.76387045956623,50.457060773796535],[-125.80171005435517,50.47337226658119],[-125.90920982236227,50.45834686118974],[-125.96596002558431,50.442402759229815]]],[[[-125.78528552691023,50.40110216141225],[-125.74360983427597,50.376691161413675],[-125.68853626573807,50.38484057097849],[-125.59598632574222,50.385001461260735],[-125.49937274475292,50.40713366019875],[-125.52104815124385,50.44582947721827],[-125.60023634431307,50.436691779955055],[-125.65693842784242,50.413056961566724],[-125.72428654212528,50.41429607068646],[-125.78528552691023,50.40110216141225]]],[[[-124.74108253248228,50.307917568715915],[-124.78390913536681,50.28553756906049],[-124.81421744915929,50.23381875109344],[-124.75519533779972,50.21016127382573],[-124.70974551932345,50.16202586260442],[-124.66957114515439,50.18441295458457],[-124.64260162760417,50.23410506941907],[-124.6604696273205,50.2692616749343],[-124.70114761397879,50.2967260609711],[-124.74108253248228,50.307917568715915]]],[[[-125.48675732919929,50.42880306254765],[-125.48916194300836,50.39762848049889],[-125.50943073487053,50.370810675089636],[-125.45213432926744,50.34818707051238],[-125.38759322454744,50.36464236882682],[-125.33282293556292,50.41256417331528],[-125.32254654930134,50.44305505856405],[-125.35084763921735,50.45931527580137],[-125.39332772278053,50.46035636289994],[-125.42671735106279,50.44100847241608],[-125.48675732919929,50.42880306254765]]],[[[-125.00047355387026,50.23895446081862],[-125.00420626640516,50.217941670451275],[-124.97371635643506,50.19824345929609],[-124.98410962576538,50.17414017040081],[-125.05721224216747,50.1283261764209],[-125.03599663642711,50.09623726399233],[-124.98128475412778,50.09970246016648],[-124.99784883124018,50.05045036946283],[-124.9935686180131,50.01562416091475],[-124.92600803419468,50.0641954626484],[-124.88228932999994,50.06392347603466],[-124.90423875792726,50.09596386075413],[-124.89558153871698,50.1409090728104],[-124.92615663865725,50.17870477888064],[-125.00047355387026,50.23895446081862]]],[[[-125.28186275166016,50.44468727621293],[-125.33502702680714,50.38006656578019],[-125.32187525588387,50.349854860651455],[-125.37106303952663,50.35489796785741],[-125.4061547451181,50.337095353407186],[-125.40703584821215,50.30840035527445],[-125.37126413459632,50.289220577189965],[-125.3382641288054,50.30630537157564],[-125.24176615129579,50.31835415373069],[-125.22107494640566,50.29878267962643],[-125.132861938554,50.334902072743425],[-125.18084024285679,50.38863746426898],[-125.28186275166016,50.44468727621293]]],[[[-124.91928154132084,50.304824168929265],[-124.98065945440376,50.247811663722615],[-124.94081074173111,50.201919361706864],[-124.88162673862523,50.16655476408661],[-124.86199484490744,50.124012272837014],[-124.80980344448861,50.11381915251946],[-124.79903745530166,50.13413406210181],[-124.75110384451634,50.159251462544404],[-124.76264844386863,50.190646764182894],[-124.81778473380514,50.213687557555595],[-124.82576654508998,50.2461937624666],[-124.78969174293482,50.28324596133697],[-124.85466572752668,50.28565425658004],[-124.91928154132084,50.304824168929265]]],[[[-125.38054484200929,50.27940627998518],[-125.34512604546023,50.2599245720882],[-125.37018984313364,50.244456159074865],[-125.3492233500493,50.1991691502467],[-125.32511424216777,50.17771637965495],[-125.35172842870402,50.14345696113043],[-125.31490223082638,50.13248627557029],[-125.25860463541872,50.092333567838146],[-125.21485812530501,50.08121336720566],[-125.23557405395121,50.05805857041181],[-125.19692663643414,50.02344597866969],[-125.18638553362416,49.9948606740935],[-125.14755663421309,50.010320471501984],[-125.1640270353628,50.030793471830464],[-125.1767379487767,50.08179157089025],[-125.21658711620995,50.10258926118125],[-125.22008542760848,50.13832266934442],[-125.187834434292,50.140373562617654],[-125.14116763272393,50.20228397601787],[-125.16408326400318,50.23208127277415],[-125.23988195518923,50.27318107623021],[-125.22244582517679,50.29053507217217],[-125.25182283404365,50.30850718328389],[-125.30327453274664,50.291389555997284],[-125.38054484200929,50.27940627998518]]],[[[-126.95917256282333,49.8372647596496],[-126.91300016708571,49.787777765638495],[-126.8632695667799,49.762600564174946],[-126.92124642961913,49.7574591684474],[-126.9337790426119,49.718994163675],[-126.90113313550015,49.67780037143712],[-126.84034255940946,49.656945660693694],[-126.82629592902089,49.61825416098129],[-126.77652826333431,49.60534365960909],[-126.71722934454507,49.603838259332996],[-126.67084325446075,49.58063937610876],[-126.61354886605099,49.597409363158064],[-126.62590735738614,49.642130973802374],[-126.61808744196864,49.67689167043994],[-126.64996774042899,49.72413267931301],[-126.63291932398258,49.74767776594199],[-126.65719643197352,49.789794464730754],[-126.67126495132565,49.855943265462024],[-126.74848265141513,49.85305355571482],[-126.77169253484806,49.87777217453191],[-126.80610754122176,49.880721660246486],[-126.9242196291002,49.829519962592],[-126.95917256282333,49.8372647596496]]],[[[-123.75821747490306,50.883463993070585],[-123.75870693273416,50.90501744674902],[-123.80459000264923,50.911180034144415],[-123.88187565262648,50.948600855399356],[-123.93665514805103,50.93618494681889],[-123.99579815672332,50.962711443558575],[-124.02769647358232,50.944371878878094],[-124.05994498581413,50.958892057622414],[-124.08714760676354,51.00969932453552],[-124.15520402436043,51.03663267081204],[-124.18532611043494,51.135293242215],[-124.2452709841672,51.148527718264866],[-124.29731995627108,51.13743392216897],[-124.35088365988162,51.146924669017345],[-124.40248995359127,51.188115046000256],[-124.43378308315967,51.14839911163106],[-124.54480489931285,51.1795429225953],[-124.58082605390943,51.18108498831821],[-124.65581761374104,51.20715008901315],[-124.68661496602904,51.204452198675675],[-124.71469104915609,51.22560461463257],[-124.76203153469937,51.23822384430382],[-124.78226459900745,51.289089243262886],[-124.79976342171595,51.30542416055902],[-124.87908656615373,51.320927005513504],[-124.88787485613999,51.33039189686614],[-124.96529312931636,51.328250531281824],[-125.0090070294967,51.34971769715036],[-125.1311858844941,51.36406932866462],[-125.177111583574,51.398579939894226],[-125.25100434592353,51.39374065517952],[-125.26666799255844,51.37685835209589],[-125.2036624919687,51.32318590331232],[-125.2251201099898,51.301857619685414],[-125.28399866297194,51.28297736289716],[-125.32864381144682,51.249649342575765],[-125.33151444172475,51.19974378735543],[-125.30544537314387,51.19694329619188],[-125.28264808515786,51.1688152292449],[-125.29669077476002,51.1034682818218],[-125.25305156334893,51.082830747787085],[-125.24289831000642,51.06422050832717],[-125.28356204769597,51.04756431783282],[-125.32507918239916,51.04593384616059],[-125.30896836130026,51.007027604905375],[-125.27997002788553,51.01072158738565],[-125.25479702073453,50.98822515558074],[-125.25277052316581,50.96273255008128],[-125.41156265035919,50.943824635790286],[-125.49704874454173,50.90067378756891],[-125.50489279254678,50.84294173522341],[-125.5439593758048,50.83293430845192],[-125.50323068078488,50.79422526854563],[-125.54991005411475,50.77410968826685],[-125.53758688001683,50.73508967786764],[-125.57570697492143,50.70952020259606],[-125.56161734283836,50.68454886641068],[-125.60521203186445,50.60936302963752],[-125.662875570161,50.5963368809386],[-125.74043896310707,50.60512438143376],[-125.82782836879588,50.57369026146114],[-125.84850746903592,50.6211689825829],[-125.87427554770703,50.63398819449769],[-125.94103680194547,50.632662251756145],[-126.00501874858094,50.611054862118856],[-126.05029714893968,50.610429573413874],[-126.11084403001011,50.590620264150516],[-126.15127563554113,50.58819885549439],[-126.15349488667836,50.58753045058154],[-126.19039525934689,50.56909046853279],[-126.19538485702698,50.534551972097184],[-126.25633735292443,50.52634426410646],[-126.27095873346451,50.50774407240277],[-126.13150853473037,50.4833217616444],[-126.01605584495982,50.481272361379816],[-125.93035775436884,50.47148947107072],[-125.84270553090012,50.499759959103365],[-125.81601354886692,50.5005717748445],[-125.70364295170711,50.422117760977436],[-125.63453314180221,50.43801627114702],[-125.61726395533246,50.45049516743161],[-125.54965124523272,50.55068965084186],[-125.56787485822146,50.58179866945668],[-125.55276194188204,50.59543407783684],[-125.55878262713678,50.629032674512636],[-125.52792936019009,50.67389806679981],[-125.50688534464167,50.6689019795785],[-125.53409045978302,50.61744806975288],[-125.52333794974221,50.54781845279874],[-125.55179023031259,50.4987687627745],[-125.59421073976578,50.454232283003975],[-125.51585155305725,50.45329085385867],[-125.47473604308514,50.442677665097094],[-125.39901165541536,50.46799296462806],[-125.35719423802576,50.535030571930854],[-125.34682124105436,50.477593557672115],[-125.25852125162983,50.45796935749616],[-125.2076720300506,50.42226586405213],[-125.16835322932761,50.409090559815084],[-125.09762752390826,50.445466265864034],[-125.11275613711744,50.482447271252866],[-125.10102013976376,50.50132375729771],[-125.04460804747636,50.515973157204556],[-124.9905741548063,50.539620773367254],[-124.9891775573442,50.568506569112124],[-124.93002183021211,50.589290068662464],[-124.89818003911347,50.63573636047874],[-124.92916053832,50.671518167540945],[-124.8896038576768,50.731777967778434],[-124.94703201894586,50.754486964192914],[-124.94432603195568,50.78360065841546],[-124.98169242676462,50.79729017488258],[-124.97104843628044,50.822230856094706],[-124.91211313740268,50.83658546600702],[-124.88188752559813,50.885948559370746],[-124.82477542993018,50.93142788309421],[-124.79257943943423,50.890601477434494],[-124.83773802486174,50.87248697692875],[-124.86399701854818,50.822740768201704],[-124.9149459562749,50.80270356030702],[-124.89519374749317,50.76949805700862],[-124.86471375405714,50.764116069024766],[-124.8321961372816,50.7328204621847],[-124.83304983172287,50.71293986130766],[-124.86287473142976,50.68992897232625],[-124.85251525589435,50.6655664675419],[-124.87493752077735,50.62489666648248],[-124.86067614772841,50.59852176563471],[-124.88612104000117,50.56088566273297],[-124.92207852861523,50.550719560237276],[-124.96826045251107,50.5016484570651],[-125.05019912764773,50.48089636437764],[-125.04312462049116,50.451886566589415],[-125.06584992453331,50.41017437056055],[-125.05562844299719,50.36915145325641],[-125.08871952661991,50.35537505886591],[-125.07972472244593,50.32552216633504],[-125.05478315423056,50.31538757637941],[-124.99810445439297,50.34454677185508],[-124.9654139555963,50.34528456401043],[-124.93792354604928,50.326047769912414],[-124.89843596429671,50.32548516687285],[-124.83628683758113,50.3100239796289],[-124.80496322971172,50.315874565481344],[-124.71205894889601,50.37340415578505],[-124.66155743025142,50.43699647191265],[-124.61248332779817,50.419276474654424],[-124.57506092468813,50.41959217386401],[-124.57406628794537,50.462589434508665],[-124.51335591551427,50.49870156133417],[-124.515573593107,50.52614113400179],[-124.54943018159484,50.54086550636829],[-124.58127529874209,50.57407617257224],[-124.56871143182579,50.60456916817457],[-124.60334244529302,50.63900061958564],[-124.59133108888808,50.6616664429119],[-124.4978841257075,50.69998468749048],[-124.42878138699352,50.72248235536501],[-124.3870210070839,50.720852009728496],[-124.34835663624861,50.74647294695832],[-124.38216357500974,50.7730083382172],[-124.3274761262679,50.8183484654781],[-124.32349533854216,50.85360290383859],[-124.29467483370192,50.86350188924439],[-124.25231870360543,50.84769557965542],[-124.26211806799681,50.82442269011232],[-124.20486573991738,50.81647322559854],[-124.19060475224256,50.80079804337568],[-124.10926966662593,50.78745897378733],[-124.06926162939652,50.840466016359635],[-124.0323519134794,50.81144322379731],[-123.97426442771132,50.80398205148699],[-123.93036489284955,50.766775509811126],[-123.91924491542544,50.74241507056308],[-123.86428154753334,50.710769682741514],[-123.83205492675286,50.71393825713428],[-123.86728277894275,50.74776361529499],[-123.8011910186204,50.79718197585523],[-123.79530284087585,50.833680938690016],[-123.72950828234893,50.84286088186569],[-123.71823179450904,50.871269521953366],[-123.75821747490306,50.883463993070585]]],[[[-126.10997463638573,50.45382518512606],[-126.11107797834832,50.39759279141614],[-126.05601051921603,50.404622264588866],[-125.99486138895358,50.34038787900199],[-126.05484599890815,50.339586375344176],[-126.04232363439323,50.31267295726209],[-125.99540286431888,50.282189611993665],[-126.02770807336793,50.25922315971217],[-126.04457971356717,50.180559710544095],[-126.09324273855,50.17809779147151],[-126.10080977561957,50.1595073983363],[-126.16034493062341,50.12143450114352],[-126.22572837844582,50.12317255591621],[-126.25422616675777,50.06899605748593],[-126.23407362354122,50.05181329666702],[-126.22629216037316,50.01623011710992],[-126.26314101736276,50.00011460431047],[-126.32602606691225,49.95378312334183],[-126.35662089550547,49.94262293119868],[-126.34875755558295,49.92006381349635],[-126.38882947658674,49.90675499546979],[-126.46951983858197,49.92904110528066],[-126.49398552107938,49.96388654308831],[-126.57156922053137,49.99024488507731],[-126.54721612119305,50.01355019733486],[-126.55874481153363,50.02947015322577],[-126.62791535081372,50.028197387693595],[-126.6590349143792,50.018345516777025],[-126.69320557504223,50.03255048121781],[-126.69542462204357,50.06182237851137],[-126.65159566926062,50.0736413660743],[-126.64701800057848,50.091094932864806],[-126.71414360549385,50.11480629699869],[-126.74711314716107,50.103447514025746],[-126.79100593542027,50.124794559518016],[-126.78134759735156,50.15673856019686],[-126.82193470443137,50.16974318687355],[-126.83962438778705,50.13875926995615],[-126.90366665968389,50.19015398145942],[-126.9905237620387,50.18164313334019],[-126.98849810488795,50.224923537856036],[-126.99842100921803,50.27794815523663],[-127.02454701354968,50.28830535254259],[-127.046823675395,50.323153697850714],[-127.094771004598,50.340295158391264],[-127.16147741894336,50.2874814123045],[-127.22545510704676,50.26446365446932],[-127.26557909702959,50.28432830893953],[-127.29692306413251,50.276805501857794],[-127.29109781811638,50.24011000248421],[-127.33392501516424,50.23200417503421],[-127.38226140031072,50.260497342769355],[-127.41038573293758,50.250475059405424],[-127.52616174356513,50.27891655632686],[-127.54208904685822,50.29206463219027],[-127.5990915679878,50.28110664908023],[-127.59807943165009,50.26711466939545],[-127.66186314052975,50.239767847071775],[-127.734725971357,50.18964614154971],[-127.73622438928933,50.163795435421605],[-127.80337943408031,50.14159591058656],[-127.86085406617846,50.142232133701114],[-127.89541128816208,50.115405049931226],[-127.9191134852042,50.1284367337746],[-127.91501013470987,50.11285357393201],[-127.80849905070815,50.07972645586676],[-127.7116658509102,50.131318458033704],[-127.63132545639135,50.16260687727413],[-127.6387433620981,50.136556664479095],[-127.61998174509625,50.117942267544734],[-127.5390265382446,50.126342281209],[-127.47465385209586,50.18178246189647],[-127.45813435520303,50.164098058642104],[-127.51572096952994,50.13256746667521],[-127.48476597136201,50.09278926902955],[-127.44254704252323,50.064176980361054],[-127.43618454326611,50.04411405709365],[-127.35916602721932,50.028659967276496],[-127.32795254989466,50.030867571773264],[-127.26724824986657,50.05780646471855],[-127.28840625303938,50.071000379093356],[-127.26571055845994,50.11396447693828],[-127.30631084602636,50.126840754391736],[-127.30715686868797,50.16033096484535],[-127.23010134607111,50.11844496537718],[-127.20012654656803,50.09187357843488],[-127.08500626808951,50.11109607194942],[-127.17431535284136,50.07349837595376],[-127.17342805023296,50.002641174153595],[-127.20921315844632,49.99242386492002],[-127.23842706830474,49.96307086496933],[-127.22403465331374,49.93664035307265],[-127.18417363005761,49.90074466321349],[-127.16837385602597,49.87078637132832],[-127.13662975105359,49.857732069650794],[-127.09461965946748,49.866358569184506],[-127.01417744793544,49.849878969150076],[-126.9914866650972,49.86363686213379],[-126.9412400519327,49.86128837543157],[-126.82620862571792,49.88074156501954],[-126.78073513753253,49.89942588138549],[-126.7531236409761,49.874156069095044],[-126.68646585270174,49.862500378395076],[-126.65362067201563,49.87094307071402],[-126.65064332309973,49.808650961721355],[-126.61358305884849,49.721309956688586],[-126.58573505683923,49.69418586408887],[-126.5553264499343,49.69383545890712],[-126.49645374340159,49.711729262010465],[-126.4999467577221,49.6863825567635],[-126.44130414426049,49.652940753040895],[-126.3829835508357,49.664582270417085],[-126.33886543203367,49.647589967301776],[-126.26812874177452,49.65070047324533],[-126.22761043624593,49.665650369988995],[-126.10903064993808,49.67953645139715],[-126.08487185067762,49.658066472109866],[-126.18987033759848,49.65696696609588],[-126.28153862830467,49.63831266450748],[-126.37471995981524,49.62910235845898],[-126.40215804655017,49.639194275003966],[-126.4839322565585,49.62326165665342],[-126.52649304540147,49.59059736451526],[-126.56519426641358,49.57955266488589],[-126.55891807061415,49.54148332973877],[-126.50653597223176,49.54037662731696],[-126.47418448951024,49.5703161993282],[-126.43442922041328,49.57806364996325],[-126.38318690132157,49.560725323102375],[-126.34662831828635,49.59876929910542],[-126.31821749481854,49.6042348077506],[-126.24906143520582,49.55499628907342],[-126.2068254679473,49.55122724301873],[-126.17886221955074,49.56796251410325],[-126.09428426557567,49.5691302862238],[-126.06414842047911,49.55122704534092],[-126.02564849762896,49.57673111034764],[-125.9696933407369,49.58488365264029],[-125.88860721155213,49.54696311525538],[-125.78460620813617,49.539842069659876],[-125.75613022294083,49.513694674211834],[-125.63462351442463,49.511403190964],[-125.63265612253183,49.49811355888804],[-125.55299250953647,49.498685152155474],[-125.49981186609844,49.47816908110607],[-125.46881735576983,49.52821696737388],[-125.37957398919804,49.54790258119245],[-125.39588724441673,49.59401900743288],[-125.42652104146804,49.64266561916257],[-125.51374419509342,49.71021116124595],[-125.49128780694642,49.740809752101214],[-125.54589139494908,49.755348399932686],[-125.55307219946333,49.785189619152895],[-125.51154485641882,49.80296370846627],[-125.48570589810828,49.827473546838554],[-125.42315120300452,49.828855505820854],[-125.40255675771694,49.84828857865586],[-125.40343322746581,49.874478801144484],[-125.35599680588903,49.874506287777365],[-125.35188710728445,49.91052413751696],[-125.32372802838118,49.91974031796443],[-125.28106423530922,49.885018397724345],[-125.25663560264023,49.89694049774553],[-125.19838648838376,49.88694109426158],[-125.15389069936447,49.86552539653791],[-125.11603803274635,49.87247794225148],[-125.13317333238507,49.89313507268792],[-125.18368393312528,49.915177562895494],[-125.18497313087671,49.94215776180077],[-125.21763212290922,49.97222996209937],[-125.24616625285357,50.03891007176737],[-125.32459075277305,50.10223036197709],[-125.37338434159864,50.11354855389362],[-125.3589773504224,50.13205755563123],[-125.39703112172326,50.24600146717989],[-125.4333356384642,50.288170861842055],[-125.44288792165177,50.32112707052641],[-125.47965362980266,50.328668266612546],[-125.57990554474696,50.36817016770555],[-125.67241416263217,50.365620865252524],[-125.72082132630011,50.35654577312692],[-125.77288765762502,50.36256587332809],[-125.82687133937294,50.3845100795687],[-125.8585115563742,50.380048059641865],[-125.94515585135959,50.39072965260108],[-126.01945145565254,50.42753837225048],[-126.10997463638573,50.45382518512606]]]]},"properties":{"district_id":"CA:5924","name":"Strathcona"}},
{"type":"Feature","geometry":{"type":"MultiPolygon","coordinates":[[[[-124.68934793412481,49.54964425471012],[-124.70634842310785,49.51495906327569],[-124.65939014791792,49.49256906105674],[-124.62510903514753,49.537017280563944],[-124.68934793412481,49.54964425471012]]],[[[-124.82643454995886,49.59944606142549],[-124.84300494727164,49.55843445990308],[-124.83078845582018,49.53974605778368],[-124.72202934767591,49.48430434940053],[-124.77696244378916,49.569883669919705],[-124.82643454995886,49.59944606142549]]],[[[-125.11603803274635,49.87247794225148],[-125.15389069936447,49.86552539653791],[-125.19838648838376,49.88694109426158],[-125.25663560264023,49.89694049774553],[-125.28106423530922,49.885018397724345],[-125.32372802838118,49.91974031796443],[-125.35188710728445,49.91052413751696],[-125.35599680588903,49.874506287777365],[-125.40343322746581,49.874478801144484],[-125.40255675771694,49.84828857865586],[-125.42315120300452,49.828855505820854],[-125.48570589810828,49.827473546838554],[-125.51154485641882,49.80296370846627],[-125.55307219946333,49.785189619152895],[-125.54589139494908,49.755348399932686],[-125.49128780694642,49.740809752101214],[-125.51374419509342,49.71021116124595],[-125.42652104146804,49.64266561916257],[-125.23395370755787,49.4910325650315],[-125.1666151490841,49.49171520179105],[-125.17319892026482,49.510151062759824],[-125.10850948913517,49.51479035205673],[-125.06905560525242,49.477583458285],[-125.02250708089794,49.49237605579078],[-125.0098555355742,49.4591353312548],[-124.96813235767252,49.433386678687434],[-124.9123854484544,49.42795379742585],[-124.85934462145104,49.433087014016174],[-124.82314066031165,49.40489815460237],[-124.73357320238345,49.40474425120842],[-124.73345424565444,49.439579452410406],[-124.75666170234699,49.45566334107671],[-124.7937280238562,49.464540667425375],[-124.87233023165898,49.5557868724313],[-124.90962895251897,49.62607016911605],[-124.96958552429483,49.662368956438364],[-124.89760493235399,49.66908555744461],[-124.85975253949572,49.70135537385779],[-124.92834443283607,49.74015366911484],[-125.00769124226142,49.79413547004111],[-125.03344992181623,49.81991646510223],[-125.11333874736404,49.861376658309474],[-125.11603803274635,49.87247794225148]]]]},"properties":{"district_id":"CA:5926","name":"Comox Valley"}},
{"type":"Feature","geometry":{"type":"MultiPolygon","coordinates":[[[[-124.36380455202827,49.52550535320735],[-124.38208642503083,49.50639817292065],[-124.36066534211749,49.47764337626176],[-124.32260693677384,49.46227895829231],[-124.20672123007529,49.453265152982],[-124.16610013989938,49.456713171564026],[-124.24710924808085,49.505997975893536],[-124.27168565695784,49.499748560441894],[-124.36380455202827,49.52550535320735]]],[[[-124.6329824247404,49.800112863679885],[-124.62305112386038,49.76736746532472],[-124.63916014110423,49.746370254049374],[-124.62029434339088,49.721791262529386],[-124.5209924324849,49.690999873981085],[-124.43934683934681,49.63962017626189],[-124.43610094605323,49.620195375875994],[-124.29753116549406,49.565702268678685],[-124.22203624026136,49.527484953466285],[-124.19545334370969,49.52207866583918],[-124.14145221859904,49.488666757621885],[-124.12430292288784,49.49530216555005],[-124.14809603724439,49.53713965344515],[-124.25769013028298,49.60881445826556],[-124.3258937322284,49.66762717367282],[-124.35645435337842,49.708056260319076],[-124.399584018937,49.72234815953714],[-124.4986698483128,49.73746187333678],[-124.554972747715,49.75819977506457],[-124.6329824247404,49.800112863679885]]],[[[-123.83205492675286,50.71393825713428],[-123.86428154753334,50.710769682741514],[-123.91924491542544,50.74241507056308],[-123.93036489284955,50.766775509811126],[-123.97426442771132,50.80398205148699],[-124.0323519134794,50.81144322379731],[-124.06926162939652,50.840466016359635],[-124.10926966662593,50.78745897378733],[-124.19060475224256,50.80079804337568],[-124.20486573991738,50.81647322559854],[-124.26211806799681,50.82442269011232],[-124.25231870360543,50.84769557965542],[-124.29467483370192,50.86350188924439],[-124.32349533854216,50.85360290383859],[-124.3274761262679,50.8183484654781],[-124.38216357500974,50.7730083382172],[-124.34835663624861,50.74647294695832],[-124.3870210070839,50.720852009728496],[-124.42878138699352,50.72248235536501],[-124.4978841257075,50.69998468749048],[-124.59133108888808,50.6616664429119],[-124.60334244529302,50.63900061958564],[-124.56871143182579,50.60456916817457],[-124.58127529874209,50.57407617257224],[-124.54943018159484,50.54086550636829],[-124.515573593107,50.52614113400179],[-124.51335591551427,50.49870156133417],[-124.57406628794537,50.462589434508665],[-124.57506092468813,50.41959217386401],[-124.41173063924403,50.467107156351325],[-124.41750222755402,50.43817577190199],[-124.50791014470363,50.417279754024456],[-124.52298462537301,50.39745905644195],[-124.63611365008045,50.40035586155485],[-124.66797423953066,50.387986555738664],[-124.71500015138497,50.32233627194667],[-124.6328921379908,50.29301035942347],[-124.61560864789537,50.25813857667443],[-124.61204683923388,50.18707905492906],[-124.63114825231986,50.161393456631004],[-124.69600433939512,50.12145575776697],[-124.72695193270296,50.085740859911375],[-124.83765144569601,50.05165956179632],[-124.80304564648894,50.00798335863315],[-124.75216133701598,49.96350096411447],[-124.55632324138739,49.871877363774864],[-124.53049393158587,49.84632555946288],[-124.52659983295659,49.804423966255435],[-124.47220504034979,49.79482906814936],[-124.44981752900803,49.77758046736146],[-124.39674374921992,49.76642176186248],[-124.36827633390766,49.77634996081365],[-124.2976054552686,49.76278145974902],[-124.27092833388004,49.77439166007241],[-124.13052853741873,49.781729165906356],[-124.10179815170389,49.7981160650872],[-124.09148542900748,49.837555358563165],[-124.03993677792579,49.928976712387474],[-124.06294401064459,49.93324614731199],[-124.06756337849517,50.00061694202751],[-124.11330328531913,50.01751367217919],[-124.1100950809093,50.04096094122442],[-124.15078475323212,50.06102401584411],[-124.15364807910595,50.09490772772701],[-124.13689850258068,50.13552882879272],[-124.06938167590944,50.15055123550327],[-124.09214443803815,50.19370513116461],[-124.15425568118921,50.21909803529059],[-124.14423078480237,50.25574753693027],[-124.16901059304749,50.27001571015413],[-124.15482080600577,50.29771651342428],[-124.15953725579548,50.33338629397275],[-124.13670724261398,50.35262051204395],[-124.07580248479135,50.36642339691683],[-124.04116804298955,50.34638465357599],[-123.96249865296862,50.33936374393635],[-123.90996346225201,50.35941361415255],[-123.92300735353963,50.39890152679926],[-123.95146448917085,50.42190663400612],[-123.93649544510933,50.45143023826039],[-123.96257970259427,50.473633375719714],[-123.99640049791371,50.473882589440024],[-123.98281270332897,50.513962292457244],[-123.92512505181298,50.53146074764241],[-123.84211029085114,50.52877329215603],[-123.80171431649511,50.54048149971183],[-123.74412405538955,50.53805492614642],[-123.76124948117166,50.633855918001416],[-123.72801124985504,50.69458379058866],[-123.74539923758996,50.71360018492178],[-123.78860684330475,50.72251041913019],[-123.83205492675286,50.71393825713428]]]]},"properties":{"district_id":"CA:5927","name":"Powell River"}},
{"type":"Feature","geometry":{"type":"MultiPolygon","coordinates":[[[[-123.42422303992286,49.527107560331565],[-123.4509132223922,49.50228925685525],[-123.45699292017626,49.465530467676395],[-123.39049113234242,49.45566356808453],[-123.37298913609975,49.4331083555576],[-123.31591925366173,49.448190663111276],[-123.31901834791421,49.47537455952259],[-123.36633273813793,49.52813297183647],[-123.42422303992286,49.527107560331565]]],[[[-124.13648003093935,49.7600113569927],[-124.17194763349879,49.71996545670943],[-124.20266494712874,49.71213087026202],[-124.19798416073175,49.688783864357084],[-124.16231312607118,49.661523066058024],[-124.08601875133746,49.65289086804295],[-124.0808566434683,49.70004506022738],[-124.05083153686252,49.722484854150935],[-124.06041654690827,49.74087286979879],[-124.02444171912026,49.76129036728942],[-124.02083052117113,49.78303515650976],[-124.13648003093935,49.7600113569927]]],[[[-123.90996346225201,50.35941361415255],[-123.96249865296862,50.33936374393635],[-124.04116804298955,50.34638465357599],[-124.07580248479135,50.36642339691683],[-124.13670724261398,50.35262051204395],[-124.15953725579548,50.33338629397275],[-124.15482080600577,50.29771651342428],[-124.16901059304749,50.27001571015413],[-124.14423078480237,50.25574753693027],[-124.15425568118921,50.21909803529059],[-124.09214443803815,50.19370513116461],[-124.06938167590944,50.15055123550327],[-124.13689850258068,50.13552882879272],[-124.15364807910595,50.09490772772701],[-124.15078475323212,50.06102401584411],[-124.1100950809093,50.04096094122442],[-124.11330328531913,50.01751367217919],[-124.06756337849517,50.00061694202751],[-124.06294401064459,49.93324614731199],[-124.03993677792579,49.928976712387474],[-124.03147924028023,49.893223350429245],[-123.9704758529865,49.80466887266634],[-123.93089133629421,49.8377418796535],[-123.90366292803245,49.87887445761332],[-123.9612229442247,49.905151151763285],[-124.00968742703985,49.96845585651918],[-124.0084506337782,49.998085080883435],[-123.96511683378561,50.0205348744384],[-123.9374232499555,50.01927737403287],[-123.84205594116612,50.0577921706219],[-123.8032691295414,50.09431467374862],[-123.83221424127888,50.10414735736579],[-123.8520162492636,50.134242353036186],[-123.93929374792059,50.165892564922345],[-123.98787423927327,50.20834677702562],[-123.84769374268164,50.15960897490372],[-123.79363645943452,50.117134769152806],[-123.74713033623485,50.09663187673814],[-123.77978284480419,50.07283466089533],[-123.78789574434677,50.04765036550985],[-123.86517061892502,50.028617264411466],[-123.90708082433564,50.00402117443475],[-123.95664602380886,49.99756095826843],[-123.97636395522619,49.96107846982753],[-123.92458753142384,49.91705186894318],[-123.89348421598685,49.916359664502835],[-123.86816954001075,49.87960367548123],[-123.87305363690729,49.84627855629374],[-123.89522976139733,49.81339646534176],[-123.92313654420126,49.79863307163601],[-123.93666643784185,49.76594605157358],[-123.89253681640483,49.74931276607365],[-123.84101583962367,49.68635836526878],[-123.84077193753613,49.6529806608829],[-123.80834715845104,49.630805666700994],[-123.72869175060625,49.64916236015371],[-123.73565504327952,49.62319477013139],[-123.79008621622069,49.601895657624866],[-123.84180154298186,49.620186757681644],[-123.8641054520404,49.67574516038436],[-123.88843132780029,49.697877362883396],[-123.88693814147116,49.726257667253904],[-123.92956905737454,49.754184966540976],[-123.97211125394362,49.76693166877286],[-124.03668954333001,49.73856996741172],[-124.06667035246022,49.694348269643164],[-124.07478044628782,49.642085462710824],[-124.03001715500355,49.627750770296885],[-124.00171104914101,49.55533824985732],[-123.9251319541707,49.51324005954625],[-123.9015070339577,49.48007306098042],[-123.87046212435631,49.46781635940973],[-123.74295633042902,49.4693800789615],[-123.72319094833941,49.43844626973879],[-123.68405482079764,49.436139063913785],[-123.5338598445588,49.3836968661172],[-123.4823761489994,49.4164849532718],[-123.46785482141557,49.44947535681956],[-123.48685933744815,49.47398886550558],[-123.49227855798466,49.518797367139626],[-123.44591224670593,49.539978162684584],[-123.30908665068606,49.58363586313509],[-123.27672230817308,49.583659583531805],[-123.29406499836269,49.61006321211211],[-123.35519453887859,49.67110623728897],[-123.34642009527496,49.696175278685935],[-123.30300648771778,49.75005324649559],[-123.30522437360982,49.79650951569263],[-123.33331084286381,49.827328438887754],[-123.32841734701506,49.85144342708407],[-123.39912048355532,49.88123222874842],[-123.42795160402758,49.90092791951673],[-123.48794732337163,49.91135288823585],[-123.5503056808503,49.87107094921482],[-123.56499680326263,49.905316432244874],[-123.60274330853683,49.92293209875017],[-123.60485958400989,50.01248523334943],[-123.63067967977665,50.012198282615934],[-123.6490619536428,50.084795809221724],[-123.58989008353767,50.123165945476266],[-123.58133111444793,50.173964058704804],[-123.63505764536725,50.17564078521572],[-123.63988443925892,50.212532504011556],[-123.68666264742946,50.20252963975991],[-123.69840920743,50.229516112177826],[-123.75454121779624,50.24427576658922],[-123.76796087745709,50.262017624917675],[-123.84807756009612,50.30066907938946],[-123.90996346225201,50.35941361415255]]]]},"properties":{"district_id":"CA:5929","name":"Sunshine Coast"}},
{"type":"Feature","geometry":{"type":"Polygon","coordinates":[[[-122.53027091901248,51.20918626382635],[-122.55801380417925,51.184349196480575],[-122.58977054870172,51.17662568851758],[-122.60249606993406,51.14257250512939],[-122.57939323298838,51.10340704214714],[-122.62596318162193,51.07994830022087],[-122.67518651543195,51.0986507737683],[-122.74303417989812,51.15911070605109],[-122.7760479733918,51.13761980094426],[-122.82251969193054,51.14478608752851],[-122.90525868681121,51.183901832371696],[-123.0331586060809,51.20065094174325],[-123.059123502764,51.18098073541307],[-123.05031959071518,51.149794907337444],[-123.08811257426407,51.13271521438446],[-123.14672119896244,51.122734880185604],[-123.18232472971799,51.07226538291025],[-123.23510394644218,51.05808844792859],[-123.25519443655922,51.02546513776321],[-123.24344186612204,51.00039390305641],[-123.40225953785104,50.988229814128225],[-123.45174819283108,50.98080406207091],[-123.55258591683358,50.928135906546046],[-123.57743508264063,50.931330651501774],[-123.60709048711553,50.90156983347366],[-123.65507689447614,50.90149242931549],[-123.66218832374211,50.88037910925047],[-123.75821747490306,50.883463993070585],[-123.71823179450904,50.871269521953366],[-123.72950828234893,50.84286088186569],[-123.79530284087585,50.833680938690016],[-123.8011910186204,50.79718197585523],[-123.86728277894275,50.74776361529499],[-123.83205492675286,50.71393825713428],[-123.78860684330475,50.72251041913019],[-123.74539923758996,50.71360018492178],[-123.72801124985504,50.69458379058866],[-123.76124948117166,50.633855918001416],[-123.74412405538955,50.53805492614642],[-123.80171431649511,50.54048149971183],[-123.84211029085114,50.52877329215603],[-123.92512505181298,50.53146074764241],[-123.98281270332897,50.513962292457244],[-123.99640049791371,50.473882589440024],[-123.96257970259427,50.473633375719714],[-123.93649544510933,50.45143023826039],[-123.95146448917085,50.42190663400612],[-123.92300735353963,50.39890152679926],[-123.90996346225201,50.35941361415255],[-123.84807756009612,50.30066907938946],[-123.76796087745709,50.262017624917675],[-123.75454121779624,50.24427576658922],[-123.69840920743,50.229516112177826],[-123.68666264742946,50.20252963975991],[-123.63988443925892,50.212532504011556],[-123.63505764536725,50.17564078521572],[-123.58133111444793,50.173964058704804],[-123.58989008353767,50.123165945476266],[-123.6490619536428,50.084795809221724],[-123.63067967977665,50.012198282615934],[-123.60485958400989,50.01248523334943],[-123.60274330853683,49.92293209875017],[-123.56499680326263,49.905316432244874],[-123.5503056808503,49.87107094921482],[-123.48794732337163,49.91135288823585],[-123.42795160402758,49.90092791951673],[-123.39912048355532,49.88123222874842],[-123.32841734701506,49.85144342708407],[-123.33331084286381,49.827328438887754],[-123.30522437360982,49.79650951569263],[-123.30300648771778,49.75005324649559],[-123.34642009527496,49.696175278685935],[-123.35519453887859,49.67110623728897],[-123.29406499836269,49.61006321211211],[-123.27672230817308,49.583659583531805],[-123.25260604859686,49.63013206215485],[-123.25673052989431,49.6641222711654],[-123.18329874049505,49.68523756969467],[-123.23727983084734,49.55691056262795],[-123.26121816130807,49.52624166779697],[-123.24444669589599,49.48149528825824],[-123.10280206154631,49.482196694473465],[-123.10230746179472,49.547783573331806],[-122.92421431524471,49.54842971650286],[-122.94504470848442,49.57054274591347],[-122.81608574841648,49.57235386349289],[-122.83557734347147,49.599656417624495],[-122.81136175933926,49.61923292767669],[-122.83122868405007,49.658086385011075],[-122.8524273292756,49.671508645881346],[-122.81420399155267,49.71124393957547],[-122.85531083266137,49.743461524968346],[-122.88991258343981,49.801954241236494],[-122.87367107385111,49.8184779525156],[-122.96465418891479,49.83499511336031],[-122.98524343300944,49.85747455604271],[-122.96201255239215,49.902576647254186],[-122.93648257666852,49.917408010305486],[-122.89656566974911,49.894818373485464],[-122.85061799626546,49.918610362581276],[-122.80056069712764,49.92060048635171],[-122.76122811661116,49.94796672280041],[-122.72366454495297,49.954280240455134],[-122.6803038352414,49.981234150415744],[-122.67945282743273,50.02264473568881],[-122.76478426081269,50.02327022528623],[-122.80205902476568,50.05519768483327],[-122.80579703700205,50.08710218336203],[-122.78828729791046,50.13113766560471],[-122.73396217426416,50.15129607826694],[-122.65991648438123,50.14314756313688],[-122.6382252097996,50.12326298689084],[-122.25844006319245,50.123444310995175],[-122.31625116355174,50.18712021708978],[-122.27795120416403,50.20331647774923],[-122.30163009329067,50.22978728770781],[-122.29570553700334,50.25385628509842],[-122.26299423163556,50.258972945499615],[-122.23805829343948,50.28765128837982],[-122.23429582116268,50.32468896551376],[-122.16740236785063,50.34648532706217],[-122.15480509914224,50.37622591723837],[-122.11799557801464,50.416128069045534],[-122.11914122739861,50.432783947559706],[-122.01515140639675,50.41437906366119],[-121.88311958008177,50.41933245919639],[-121.86243253319725,50.460884895530896],[-121.8069736844907,50.51730930686372],[-121.76192854260258,50.54639599796333],[-121.76685674147573,50.5753268404716],[-121.76596858389686,50.75021198543728],[-121.74357322745733,50.75039153288564],[-121.74291375453042,50.79371014171547],[-121.72068815719425,50.793718706710216],[-121.71989252021864,50.83770026757303],[-121.67239632475562,50.85285256353692],[-121.67283307483221,50.88163385986038],[-121.62533767023406,50.89604108969626],[-121.62749484618848,50.99610887131968],[-121.91510340698774,50.996834281014195],[-121.91360004303661,50.987091680037835],[-122.16533913664854,50.99025213549556],[-122.16051830900618,51.02093098200247],[-122.19715214436069,51.01838527032728],[-122.3063854246508,51.04441607129664],[-122.35839966655664,51.07455177944875],[-122.37633552396825,51.1069820972714],[-122.4653392322993,51.11422834930296],[-122.4707836336595,51.15665831444499],[-122.53027091901248,51.20918626382635]]]},"properties":{"district_id":"CA:5931","name":"Squamish-Lillooet"}},
{"type":"Feature","geometry":{"type":"Polygon","coordinates":[[[-120.14254549439053,52.876740776693524],[-120.17725338382961,52.86003454832239],[-120.21214278647894,52.87633176900658],[-120.25953702305488,52.85961602078534],[-120.31292257408765,52.85871318607088],[-120.33422840079724,52.83313909894489],[-120.3024381615283,52.81511016940193],[-120.30827383875798,52.78011251286099],[-120.27378052742294,52.74592322373826],[-120.29369414929768,52.725604405762326],[-120.25438352347177,52.67735099527569],[-120.28972766182683,52.65775472940066],[-120.23527869557938,52.63471393274627],[-120.23769455793521,52.620765620220226],[-120.29367798390473,52.60762654472684],[-120.29158060281924,52.58735904387884],[-120.33321015323233,52.566752894693735],[-120.3630126723236,52.52814209660423],[-120.40767781794645,52.53448346840906],[-120.50940186011229,52.49474459353315],[-120.54215054909491,52.46611649575576],[-120.45922038849695,52.4212421842081],[-120.52109016274504,52.37975308615944],[-120.53485097349481,52.32940096325469],[-120.46647275599742,52.30441953497626],[-120.49150006778972,52.28851446289057],[-120.386956035207,52.17854878923039],[-120.4076122769663,52.144257950613046],[-120.3753706208445,52.13394446426236],[-120.3474425290355,52.155816630040356],[-120.3081163010666,52.14033126650111],[-120.31667644815131,52.12095304560993],[-120.293672241485,52.08261658808887],[-120.31678271330607,52.06433916098288],[-120.30579458203134,52.012912508099916],[-120.3300115266357,51.99507467775707],[-120.25027570884342,51.9402530945898],[-120.24797662207979,51.91233157230477],[-120.27316147090319,51.892605677721065],[-120.2239628894132,51.86659424797505],[-120.22664968764153,51.825429806809495],[-120.27578179540956,51.83219694242954],[-120.31952507458423,51.81991255364045],[-120.32155884665511,51.78372446574529],[-120.34992458604646,51.752667314194454],[-120.3385233604994,51.73297492036416],[-120.39127080532711,51.70400897454043],[-120.43297467045551,51.712162447920846],[-120.50363374659949,51.69666218191734],[-120.56042770474559,51.66125883472361],[-120.55767132673546,51.46690995930948],[-120.56072881186621,51.43461791253068],[-120.83346702980027,51.435158629802906],[-120.94832872057165,51.44510219150462],[-121.00172025736647,51.42906007879816],[-121.13384203317204,51.43962972152265],[-121.17179210642671,51.4308942568065],[-121.28223123058704,51.376792365653124],[-121.4206419044527,51.377559589006864],[-121.42616168787278,51.43670319979262],[-121.525142105011,51.45105330248788],[-121.52662721583935,51.54772400010083],[-121.63049759542734,51.54738354338816],[-121.63108047730705,51.5640483101218],[-121.88589267595636,51.566133126989456],[-121.88572777364509,51.5178465538062],[-122.28226997701603,51.515899354371285],[-122.33078893409902,51.524138253690964],[-122.42758823563658,51.50985906177422],[-122.46919384629797,51.482118361766005],[-122.55971132420362,51.48512284088211],[-122.55938225957742,51.43544439198582],[-122.62411995115275,51.41721146712997],[-122.63728113134142,51.40073477975281],[-122.61341879613371,51.37255389865043],[-122.65101545043942,51.318616261981475],[-122.67572561867642,51.30233897541837],[-122.67488330730575,51.27437149238502],[-122.63085889893675,51.248761056524025],[-122.57133957067322,51.247587900400084],[-122.53027091901248,51.20918626382635],[-122.4707836336595,51.15665831444499],[-122.4653392322993,51.11422834930296],[-122.37633552396825,51.1069820972714],[-122.35839966655664,51.07455177944875],[-122.3063854246508,51.04441607129664],[-122.19715214436069,51.01838527032728],[-122.16051830900618,51.02093098200247],[-122.16533913664854,50.99025213549556],[-121.91360004303661,50.987091680037835],[-121.91510340698774,50.996834281014195],[-121.62749484618848,50.99610887131968],[-121.62533767023406,50.89604108969626],[-121.67283307483221,50.88163385986038],[-121.67239632475562,50.85285256353692],[-121.71989252021864,50.83770026757303],[-121.72068815719425,50.793718706710216],[-121.74291375453042,50.79371014171547],[-121.74357322745733,50.75039153288564],[-121.76596858389686,50.75021198543728],[-121.76685674147573,50.5753268404716],[-121.76192854260258,50.54639599796333],[-121.8069736844907,50.51730930686372],[-121.86243253319725,50.460884895530896],[-121.88311958008177,50.41933245919639],[-122.01515140639675,50.41437906366119],[-122.11914122739861,50.432783947559706],[-122.11799557801464,50.416128069045534],[-122.15480509914224,50.37622591723837],[-122.16740236785063,50.34648532706217],[-122.23429582116268,50.32468896551376],[-122.23805829343948,50.28765128837982],[-122.26299423163556,50.258972945499615],[-122.29570553700334,50.25385628509842],[-122.30163009329067,50.22978728770781],[-122.27795120416403,50.20331647774923],[-122.31625116355174,50.18712021708978],[-122.25844006319245,50.123444310995175],[-122.22944825309958,50.111702626842565],[-122.15321760917111,50.11444164293235],[-122.11636732115235,50.107311730717754],[-122.07006993723589,50.12637013321416],[-122.02363127005242,50.08584047247092],[-121.95939241937963,50.08469144798834],[-121.91990630863188,50.07176285320572],[-121.89580230551145,50.049649988091566],[-121.8509102131672,50.05274994030467],[-121.8493908030046,50.075296356653986],[-121.75876280349065,50.09196251355239],[-121.71457896512837,50.0862081721029],[-121.60975134458255,50.04188198198419],[-121.56497913493553,50.052227737484976],[-121.31532813930716,50.05246633531011],[-121.32832074076288,50.03779896981907],[-121.29050095363954,50.011128521056136],[-121.26916391398818,49.962255648540065],[-121.28655499618374,49.926950355231035],[-121.32425906778214,49.89942365793148],[-121.28603511097508,49.8722631040569],[-121.22015741929779,49.894481885892375],[-121.16426153998104,49.881258095839684],[-121.14705088068848,49.85983078873879],[-121.09804463994342,49.873330262493894],[-121.12435089450423,49.82564067326471],[-121.18022668032364,49.821870528308736],[-121.21182554628768,49.77926963688037],[-121.18570331991734,49.726605805645626],[-121.1553575563008,49.71613876643372],[-121.1256832639383,49.68044775960371],[-121.17078915662862,49.648364580540985],[-121.15583339068314,49.617156551294045],[-121.1200405655473,49.610355037678985],[-121.09953255211511,49.62539505025349],[-121.01882394278367,49.63699736097925],[-121.00714847164781,49.65851586163102],[-120.9624083274599,49.67347949690845],[-120.94845229851377,49.76058055390629],[-120.77179116853826,49.763391096750354],[-120.75988518888933,49.74972609409052],[-120.6043328879666,49.749579507744684],[-120.60376780027889,49.770770501968045],[-120.48571062269019,49.77223134506482],[-120.44534350708787,49.81060947603563],[-120.38863736992477,49.849111378127255],[-120.39014537155573,49.87389074428314],[-120.36203235585765,49.9039201109434],[-120.33005879886763,49.912011608711296],[-120.26842684068725,49.88794410157222],[-120.22871051800327,49.89592228847376],[-120.21338723793583,49.86052756394641],[-120.16113472660577,49.86525663909968],[-120.1301715929203,49.84582654421407],[-120.05479757827845,49.85570622431135],[-120.02764004360318,49.8946847512179],[-120.02952679149797,49.9118901177452],[-119.97748612572497,49.93140631503634],[-119.95093868118906,49.92023997941852],[-119.89308444723174,49.96388176810511],[-119.83228512994334,49.98051641397174],[-119.76910767278125,50.0431512561772],[-119.74113075242781,50.11604688856425],[-119.77720625831425,50.11997288008361],[-119.81312346926022,50.17685236278459],[-119.76180443064689,50.232820986018126],[-119.75185425304817,50.259549967911724],[-119.69742125348522,50.25796287919362],[-119.69806757623918,50.285054944321566],[-119.66614416245342,50.33318892320739],[-119.66422074085877,50.353405501143044],[-119.6334827088408,50.37627562295603],[-119.64448665190979,50.40210758235231],[-119.65139328119889,50.40205146650695],[-119.65150924325566,50.56897795312053],[-119.62882624392753,50.5761111928921],[-119.52549805361673,50.576565161751866],[-119.5246651542539,50.750945135766386],[-119.46209787253635,50.75058149527583],[-119.46079738660957,50.83838732881601],[-119.5164772105681,50.838613490291316],[-119.51681660932869,50.86734923148482],[-119.57436667603059,50.86694065569295],[-119.62819511062737,50.8786210648333],[-119.66419384683714,50.867726590699654],[-119.65658291642511,50.94422296629959],[-119.7045312662417,50.98370475693529],[-119.53691840445478,50.98359434678253],[-119.54807206314412,51.01103044871497],[-119.521691107224,51.03264642721639],[-119.50713150984724,51.06665215047019],[-119.52569883935152,51.10664693265623],[-119.48393414795031,51.173728183964265],[-119.43965648890641,51.182283447528356],[-119.44069469321848,51.221772776455055],[-119.37088164117232,51.25549364516804],[-119.29399449073534,51.2463429271484],[-119.23722320792548,51.26810922894816],[-119.2209871011653,51.311124604311594],[-119.19242495283432,51.31760557748933],[-119.18704895813156,51.354495100723675],[-119.05878826370441,51.39501142691454],[-119.02902696490736,51.42290157628396],[-118.95345387414112,51.46131035485835],[-118.96470404721495,51.490641248657084],[-118.95019426570795,51.50739837048455],[-118.98368790541738,51.54235816095005],[-118.96055967831087,51.60952164889545],[-118.98317639258822,51.6352326700353],[-118.97093241533732,51.65204455444414],[-119.0099413217229,51.6872603327118],[-118.9175516875356,51.7032391362257],[-118.88550715385647,51.73310306734649],[-118.88681284570168,51.77504493455107],[-118.96139264963314,51.81057019892886],[-118.95028877691622,51.84948141774113],[-118.99013456256426,51.864553069499436],[-118.9659510345967,51.88711097626796],[-118.98775403623594,51.93130247692799],[-118.90851928255127,51.92806024092171],[-118.8910298845043,51.95407418469257],[-118.9718524820141,51.97721958776653],[-118.94425761882293,52.026197837641774],[-118.85593896296845,52.045634349566804],[-118.87280812185509,52.07601766918607],[-118.83366979070968,52.16431189849752],[-118.80320419853585,52.17722257491503],[-118.8471913236682,52.20679912884988],[-118.83983242566879,52.23281109354806],[-118.89073208531045,52.245679573066845],[-118.88212374818603,52.264089558583166],[-118.78802059778039,52.305294027187806],[-118.79214274558493,52.317419624094896],[-118.86844898706389,52.34430522588226],[-118.92637720379115,52.353597999180344],[-118.94793457668851,52.39121269149611],[-118.92162942231668,52.422119588565494],[-118.94169566717294,52.43970817917711],[-118.92426376533528,52.4631567173899],[-118.8863221543526,52.47415478301839],[-118.92755699142674,52.56878594176501],[-118.9932999342337,52.590394312904806],[-119.03363497457788,52.59450823820908],[-119.05608806683716,52.63329783147064],[-119.19256750031958,52.6368903685368],[-119.26936658524109,52.63090314613225],[-119.3644014212987,52.63250937927889],[-119.36947961505335,52.65611080621633],[-119.44258646208627,52.63876380273567],[-119.46491103194954,52.64921197148372],[-119.53111838977546,52.63154157639393],[-119.57795469385286,52.64799119148498],[-119.61606006916384,52.68913509623726],[-119.67748339298382,52.6956134335536],[-119.708003438545,52.67817205651926],[-119.75202805830304,52.67933762891077],[-119.76832698744906,52.660291390565085],[-119.92030191003317,52.719197119840814],[-119.95115890087483,52.71008095269486],[-119.97378115343923,52.737325254828455],[-120.02474603536513,52.75757772907656],[-120.06142917336281,52.824294295805466],[-120.111481338626,52.843142125092236],[-120.14254549439053,52.876740776693524]]]},"properties":{"district_id":"CA:5933","name":"Thompson-Nicola"}},
{"type":"Feature","geometry":{"type":"Polygon","coordinates":[[[-119.05568075157295,49.81232225536058],[-119.02217993843585,49.852232554421334],[-118.97675655231016,49.8786572757748],[-118.97683788324476,49.89286861158588],[-118.85232835802469,49.95790191810463],[-118.80803768947783,49.95561448162705],[-118.80209539001382,49.98098821195527],[-118.82274210795451,49.999967114787495],[-118.80988513040035,50.021838679421656],[-118.85908957043019,50.036530384237686],[-118.8688973215509,50.052790097361935],[-118.94687217704966,50.057035493609014],[-119.06430607466574,50.037050227102206],[-119.17338962863198,50.04974320276989],[-119.16528887283347,50.09328976867376],[-119.14099606048113,50.119269735717104],[-119.14610802266374,50.15124756559287],[-119.47431653510544,50.14995300597125],[-119.4594830665021,50.231237644225644],[-119.47168098717863,50.2348926812364],[-119.76180443064689,50.232820986018126],[-119.81312346926022,50.17685236278459],[-119.77720625831425,50.11997288008361],[-119.74113075242781,50.11604688856425],[-119.76910767278125,50.0431512561772],[-119.83228512994334,49.98051641397174],[-119.89308444723174,49.96388176810511],[-119.95093868118906,49.92023997941852],[-119.97748612572497,49.93140631503634],[-120.02952679149797,49.9118901177452],[-120.02764004360318,49.8946847512179],[-120.05479757827845,49.85570622431135],[-119.99164524938483,49.833884140027244],[-119.96700729744292,49.812208960865014],[-119.97953153291432,49.76625090183759],[-119.83699338047153,49.765658832985416],[-119.83590596512089,49.712625813156414],[-119.7415746105782,49.724820609613765],[-119.71955191142274,49.76524900324479],[-119.66098669371073,49.75900515403991],[-119.55662402031733,49.76018602611956],[-119.48589747745828,49.746392975538754],[-119.4587637959763,49.725470079474086],[-119.42703348078992,49.67538799264791],[-119.3759057375863,49.679032827533575],[-119.32586646978808,49.69706527688642],[-119.27182000723006,49.73021398291384],[-119.2285542908933,49.73515284731561],[-119.20205610436027,49.75325313753448],[-119.15273066272137,49.76400540455404],[-119.15385029063174,49.79951502818883],[-119.11572153000185,49.79094718997581],[-119.06549876813335,49.79821374132721],[-119.05568075157295,49.81232225536058]]]},"properties":{"district_id":"CA:5935","name":"Central Okanagan"}},
{"type":"Feature","geometry":{"type":"Polygon","coordinates":[[[-118.20728028317181,50.69028161989038],[-118.20585369165877,50.73892506352021],[-118.24189769910146,50.755192840376466],[-118.2946425705265,50.866682732604446],[-118.37016224449947,50.88806363421162],[-118.41159307138261,50.88267164849039],[-118.44977789740561,50.90342575980765],[-118.47063487933212,50.89455705863296],[-118.5337690907527,50.93457264996523],[-118.61277894389886,50.924619994230795],[-118.6096039090386,50.89411388311209],[-118.65161028650368,50.85323037781699],[-118.66444885990408,50.82302017173098],[-118.6993743080332,50.81120373263256],[-118.73298626475308,50.82579667744848],[-118.77812702180702,50.826044500461535],[-118.81265490322282,50.78667698489121],[-118.88303733623749,50.75042413139145],[-119.18030244805821,50.75009681199647],[-119.18337170821077,50.527814770203406],[-119.30846641971767,50.528603208912756],[-119.29738276493774,50.47135010906518],[-119.32892854352514,50.4699833499646],[-119.31778457506047,50.41614690634985],[-119.44570645484713,50.415957521935155],[-119.4463650645748,50.43085369510395],[-119.52493477467347,50.431032277894545],[-119.5818648520362,50.44570155169344],[-119.64448665190979,50.40210758235231],[-119.6334827088408,50.37627562295603],[-119.66422074085877,50.353405501143044],[-119.66614416245342,50.33318892320739],[-119.69806757623918,50.285054944321566],[-119.69742125348522,50.25796287919362],[-119.75185425304817,50.259549967911724],[-119.76180443064689,50.232820986018126],[-119.47168098717863,50.2348926812364],[-119.4594830665021,50.231237644225644],[-119.47431653510544,50.14995300597125],[-119.14610802266374,50.15124756559287],[-119.14099606048113,50.119269735717104],[-119.16528887283347,50.09328976867376],[-119.17338962863198,50.04974320276989],[-119.06430607466574,50.037050227102206],[-118.94687217704966,50.057035493609014],[-118.8688973215509,50.052790097361935],[-118.85908957043019,50.036530384237686],[-118.80988513040035,50.021838679421656],[-118.82274210795451,49.999967114787495],[-118.80209539001382,49.98098821195527],[-118.80803768947783,49.95561448162705],[-118.85232835802469,49.95790191810463],[-118.97683788324476,49.89286861158588],[-118.97675655231016,49.8786572757748],[-119.02217993843585,49.852232554421334],[-119.05568075157295,49.81232225536058],[-118.31219441177714,49.81230454314661],[-118.32458719846483,49.830604409251926],[-118.37440871389285,49.82458066756211],[-118.37859547434607,49.859116175694346],[-118.35388731562522,49.89178275904792],[-118.37669039219807,49.909073446965564],[-118.41870262594311,49.91360283148749],[-118.41588980282239,49.973044867623685],[-118.44870153214261,49.9737947371449],[-118.47351338277537,49.99952528188381],[-118.4481108855358,50.022615702829206],[-118.3997600432144,50.03342332077971],[-118.39829617422457,50.07876123993468],[-118.33817185943805,50.100722666527794],[-118.29352351152842,50.097815290334225],[-118.29139485668338,50.13128661493076],[-118.26372091216079,50.1814212450915],[-118.23912308610491,50.19629663861539],[-118.27606247819273,50.27865560963371],[-118.27545786572281,50.33980316149277],[-118.326894033912,50.35199996267049],[-118.28208467420033,50.392415231233095],[-118.26758563206737,50.43621854463404],[-118.21205016044838,50.4394155566291],[-118.17606924447367,50.49311678112613],[-118.21530428509992,50.53806764278143],[-118.17966392685902,50.553582635467905],[-118.16269415667027,50.61146593018317],[-118.19598122657204,50.634203541729846],[-118.20728028317181,50.69028161989038]]]},"properties":{"district_id":"CA:5937","name":"North Okanagan"}},
{"type":"Feature","geometry":{"type":"Polygon","coordinates":[[[-116.2826041239351,51.33150184528119],[-116.27725511090023,51.35469464081888],[-116.31143488790556,51.384962213488365],[-116.28247020553908,51.406836733768145],[-116.29243030377565,51.46180268589518],[-116.36059709565967,51.470866146096434],[-116.39382922260042,51.50566293858539],[-116.39088604957422,51.54558824926614],[-116.45292502639033,51.56054814907893],[-116.47141114012896,51.604677600163676],[-116.49957623203132,51.62340086160006],[-116.59501567269882,51.661830095179745],[-116.58117636500685,51.697281540144104],[-116.59853466348503,51.723873666689286],[-116.65034888460335,51.753706436141925],[-116.64314652953009,51.78670861767885],[-116.68207610185377,51.812146581195286],[-116.74423247110043,51.80660801812212],[-116.81859819337657,51.73556447467752],[-116.80974116725385,51.70534635097436],[-116.88728602927452,51.702968872277204],[-116.92056790791598,51.709803269325654],[-116.97636058180521,51.76018497940842],[-116.96400220933965,51.794951263680474],[-117.0343208744818,51.85980742681601],[-117.01946494847313,51.89136000070755],[-117.09765211795921,51.93969519870534],[-117.10317598352574,51.95651679782201],[-117.19722361297141,51.98013484143277],[-117.2684079164556,52.05578651483326],[-117.30506352583869,52.07431339538548],[-117.29859296452082,52.09428165997607],[-117.3340362299525,52.148641458679904],[-117.38125574043153,52.13772407850828],[-117.50017801526637,52.14427367301147],[-117.52311532294192,52.158246090827355],[-117.61126381283358,52.14425889947471],[-117.62934759471462,52.17476421005628],[-117.66352952334462,52.197892993251074],[-117.74134637875787,52.20299738799683],[-117.8183174956676,52.226354814736176],[-117.83957806474493,52.274127446817324],[-117.75287839938565,52.3164236106705],[-117.70579503120715,52.36534487541471],[-117.76649799083368,52.41769215345563],[-117.88693304606963,52.426091586481114],[-117.96679241620062,52.46970872789408],[-117.98798490340555,52.50023849062302],[-118.05289905900274,52.449563541909136],[-118.03036292672101,52.43807747679375],[-118.04416878304104,52.3984593613999],[-118.13804609686902,52.40749750642369],[-118.21277316802453,52.3703414539469],[-118.22601544486616,52.38028949074519],[-118.25420275558672,52.34797155315649],[-118.28975577098238,52.33895049822775],[-118.31710963352761,52.36777840932463],[-118.35364733518152,52.36605482413586],[-118.39524391856679,52.33484582762909],[-118.49312467464101,52.3124986330677],[-118.50156617668537,52.28167312369794],[-118.56352160795838,52.25838177745228],[-118.55492291080125,52.239950633165535],[-118.58241469667664,52.193001604061344],[-118.64008122226407,52.16955216671494],[-118.71606235300857,52.16134426093655],[-118.75197844802746,52.18515182842614],[-118.80320419853585,52.17722257491503],[-118.83366979070968,52.16431189849752],[-118.87280812185509,52.07601766918607],[-118.85593896296845,52.045634349566804],[-118.94425761882293,52.026197837641774],[-118.9718524820141,51.97721958776653],[-118.8910298845043,51.95407418469257],[-118.90851928255127,51.92806024092171],[-118.98775403623594,51.93130247692799],[-118.9659510345967,51.88711097626796],[-118.99013456256426,51.864553069499436],[-118.95028877691622,51.84948141774113],[-118.96139264963314,51.81057019892886],[-118.88681284570168,51.77504493455107],[-118.88550715385647,51.73310306734649],[-118.9175516875356,51.7032391362257],[-119.0099413217229,51.6872603327118],[-118.97093241533732,51.65204455444414],[-118.98317639258822,51.6352326700353],[-118.96055967831087,51.60952164889545],[-118.98368790541738,51.54235816095005],[-118.95019426570795,51.50739837048455],[-118.96470404721495,51.490641248657084],[-118.95345387414112,51.46131035485835],[-119.02902696490736,51.42290157628396],[-119.05878826370441,51.39501142691454],[-119.18704895813156,51.354495100723675],[-119.19242495283432,51.31760557748933],[-119.2209871011653,51.311124604311594],[-119.23722320792548,51.26810922894816],[-119.29399449073534,51.2463429271484],[-119.37088164117232,51.25549364516804],[-119.44069469321848,51.221772776455055],[-119.43965648890641,51.182283447528356],[-119.48393414795031,51.173728183964265],[-119.52569883935152,51.10664693265623],[-119.50713150984724,51.06665215047019],[-119.521691107224,51.03264642721639],[-119.54807206314412,51.01103044871497],[-119.53691840445478,50.98359434678253],[-119.7045312662417,50.98370475693529],[-119.65658291642511,50.94422296629959],[-119.66419384683714,50.867726590699654],[-119.62819511062737,50.8786210648333],[-119.57436667603059,50.86694065569295],[-119.51681660932869,50.86734923148482],[-119.5164772105681,50.838613490291316],[-119.46079738660957,50.83838732881601],[-119.46209787253635,50.75058149527583],[-119.5246651542539,50.750945135766386],[-119.52549805361673,50.576565161751866],[-119.62882624392753,50.5761111928921],[-119.65150924325566,50.56897795312053],[-119.65139328119889,50.40205146650695],[-119.64448665190979,50.40210758235231],[-119.5818648520362,50.44570155169344],[-119.52493477467347,50.431032277894545],[-119.4463650645748,50.43085369510395],[-119.44570645484713,50.415957521935155],[-119.31778457506047,50.41614690634985],[-119.32892854352514,50.4699833499646],[-119.29738276493774,50.47135010906518],[-119.30846641971767,50.528603208912756],[-119.18337170821077,50.527814770203406],[-119.18030244805821,50.75009681199647],[-118.88303733623749,50.75042413139145],[-118.81265490322282,50.78667698489121],[-118.77812702180702,50.826044500461535],[-118.73298626475308,50.82579667744848],[-118.6993743080332,50.81120373263256],[-118.66444885990408,50.82302017173098],[-118.65161028650368,50.85323037781699],[-118.6096039090386,50.89411388311209],[-118.61277894389886,50.924619994230795],[-118.5337690907527,50.93457264996523],[-118.47063487933212,50.89455705863296],[-118.44977789740561,50.90342575980765],[-118.41159307138261,50.88267164849039],[-118.37016224449947,50.88806363421162],[-118.2946425705265,50.866682732604446],[-118.24189769910146,50.755192840376466],[-118.20585369165877,50.73892506352021],[-118.20728028317181,50.69028161989038],[-118.12326152850041,50.681227621092766],[-118.076598532477,50.69325503419366],[-118.06837613661635,50.66654330960933],[-118.01381544315397,50.653120274408884],[-117.99433934043776,50.54810117990336],[-117.97792310440272,50.53284598318744],[-117.8569794044886,50.52785843586337],[-117.84988818030052,50.54238753149593],[-117.7406712808297,50.55437607206548],[-117.67110778781705,50.53243421736671],[-117.61585940162735,50.54370000361327],[-117.58200685966722,50.50299184453822],[-117.50160728862288,50.4699464058074],[-117.4943526867904,50.48898889387783],[-117.4358967457169,50.48436843944694],[-117.32119840019841,50.4873182326973],[-117.24384554388008,50.51947093545537],[-117.24503559820424,50.53508080111808],[-117.30679805179305,50.577447200938934],[-117.22978816995911,50.64827688658673],[-117.27369102074994,50.670831902675474],[-117.26342436116151,50.69254623995682],[-117.27585245682663,50.744187031823856],[-117.3231051653854,50.72417896962707],[-117.39288267739639,50.70914395810593],[-117.38199864310954,50.746152281276395],[-117.40565575984711,50.77931779332696],[-117.46679317660079,50.81119153781991],[-117.45362107536926,50.82908431440427],[-117.4901844254749,50.88118646032855],[-117.46728691805782,50.90241180212924],[-117.42611341638623,50.90396618262286],[-117.43824479226943,50.93666950311499],[-117.3978018153369,50.961195566226735],[-117.39019579859146,50.99979620208169],[-117.34873117219577,51.03265189256916],[-117.30431168913087,51.05132404708432],[-117.22434662963525,51.05925718775939],[-117.16266673281704,51.0443459608568],[-117.13788284412259,51.02801323449266],[-117.15522956539309,50.97584782717138],[-117.07030021209894,50.97027262744593],[-117.03310904908632,50.95809191830754],[-117.06896026836722,50.92014922560873],[-117.08360744551747,50.865564719561895],[-117.03811286052567,50.81500363531391],[-116.96425748118214,50.81029057780273],[-116.9214475777943,50.77358491622047],[-116.83701073886935,50.76145302523994],[-116.79654643995991,50.72930274079647],[-116.7719535674683,50.766737959691746],[-116.74535170313726,50.77129568976889],[-116.74588396532057,50.81621239751428],[-116.76398757191272,50.84731138407731],[-116.72320610936042,50.85401706959055],[-116.73346219408322,50.876379155890476],[-116.6721588817223,50.88978323288062],[-116.62872660508778,50.92067427999351],[-116.53571241534469,50.920973092803585],[-116.5353804594938,50.93513672405238],[-116.44436274062858,50.94982226854988],[-116.31832348079985,50.9490774835691],[-116.33703893109515,50.975477006311785],[-116.38077241792571,50.99923780856522],[-116.41847237086883,51.0365864048844],[-116.39105889911998,51.05558194935013],[-116.33978378657659,51.064353326555974],[-116.31847068437445,51.095462014294164],[-116.26216188010652,51.12655223946187],[-116.29754153332216,51.17996773105425],[-116.33211584891755,51.18060959248608],[-116.34646836511394,51.20778131636056],[-116.30109276470685,51.20865563857769],[-116.26336505937647,51.22179893559448],[-116.26223483101337,51.24300750774551],[-116.29657160518866,51.26169388109629],[-116.29023609161123,51.290845094719664],[-116.305194035394,51.32538442436141],[-116.2826041239351,51.33150184528119]]]},"properties":{"district_id":"CA:5939","name":"Columbia-Shuswap"}},
{"type":"Feature","geometry":{"type":"Polygon","coordinates":[[[-123.3017093718524,53.47023147647682],[-123.41896027520684,53.4701830082821],[-123.4198809660933,53.48351053661467],[-123.99762864049879,53.4843075322041],[-123.99756090044815,53.44399585249729],[-124.04655624023688,53.432179357915395],[-124.08589239710483,53.43494921997744],[-124.13661937253362,53.40815710634872],[-124.21538185983114,53.42065043279437],[-124.21565559640266,53.44369257249049],[-124.25384935312995,53.46652498458209],[-124.30564964847818,53.45544480623314],[-124.38097716667656,53.45482000162212],[-124.3861562069548,53.4852607687559],[-124.50477161939527,53.528644854240355],[-124.51848465501786,53.47697198405601],[-124.55209992863273,53.46234849701911],[-124.52328845923415,53.40236854809796],[-124.62884796188168,53.386032330252796],[-124.64734162537914,53.40755032624746],[-124.73662227434254,53.35462321285844],[-124.80588500868812,53.369095260202194],[-124.8550847798633,53.39646083582747],[-124.89881610268733,53.43530616272893],[-124.98383183470543,53.431527792418706],[-125.00172120502995,53.44683820336824],[-124.99631284524293,53.241811028404605],[-125.00061963835138,53.190369955073976],[-125.00033476542107,53.00028240219839],[-125.7508057492114,53.00039502124391],[-126.24970341851483,53.00008683194655],[-126.60910991847167,53.00027962206946],[-126.6460628730721,52.94192569695321],[-126.59775988269813,52.91348365278462],[-126.58734841708907,52.879381377319035],[-126.63919710165784,52.84600862245689],[-126.60111948731536,52.81297916064878],[-126.55351406805518,52.81525261949873],[-126.55585367722269,52.79235403771668],[-126.53027968673206,52.77515152204931],[-126.41615760962854,52.79422956895584],[-126.37024924634594,52.82290787129629],[-126.33565614945111,52.829532510485635],[-126.333533322409,52.75160063448083],[-126.36112167277766,52.70693424338591],[-126.41138912897394,52.68885652207603],[-126.41658039558595,52.661490685326996],[-126.44567406918698,52.6541682486917],[-126.41306682056221,52.614748895076524],[-126.41048459245903,52.593227911266084],[-126.35884190165231,52.53504940217036],[-126.31798781165777,52.51833591864489],[-126.3008051855368,52.54531158208241],[-126.27040579190972,52.5412111138843],[-126.22007345273822,52.49629532356046],[-126.19778243735524,52.49996820644382],[-126.15401054483105,52.54563493474424],[-126.13602534040098,52.57691345782295],[-126.08418432977909,52.59170521053315],[-126.04678464313498,52.58157272768201],[-125.9879941420308,52.6193019664516],[-125.88492910903948,52.62816892208789],[-125.85056860904143,52.57674702178839],[-125.79935912825823,52.52523375760732],[-125.75409549418758,52.5079502347586],[-125.73517764311782,52.47983875217299],[-125.62045876803427,52.511151928929436],[-125.53013695937112,52.49701324487957],[-125.45601831964845,52.4715413833897],[-125.48938222094917,52.43196510062959],[-125.46641476310275,52.39877461877687],[-125.42969316276678,52.404512639563855],[-125.35864715049276,52.38069414697354],[-125.34371562113611,52.34494182530952],[-125.38280981026597,52.32956318335962],[-125.43940268730765,52.27615946285637],[-125.47746974876168,52.280095606156344],[-125.50266766064081,52.22926205479107],[-125.45135843865219,52.204553205361165],[-125.48272764980837,52.17755367766363],[-125.59922426991012,52.158469943577636],[-125.66884336766128,52.122034350121886],[-125.65909722623091,52.06056285432705],[-125.62336741784692,52.048768672196914],[-125.57960170978912,52.05557332099856],[-125.61632122050044,51.987860056222054],[-125.58584579617701,51.95166764241634],[-125.57529156166571,51.91336322114326],[-125.54405434748823,51.910465668493764],[-125.51550133918217,51.93392891489787],[-125.48747494152101,51.9158204836733],[-125.50132089856956,51.87841562429765],[-125.42781247497679,51.841795534206085],[-125.37945561966181,51.7893275387181],[-125.25471455780944,51.76508066606762],[-125.2377458546061,51.748585427660466],[-125.25654760214668,51.723230513453245],[-125.2350774030938,51.699995366321154],[-125.24710687518997,51.67967305588975],[-125.23288209994796,51.640487319025404],[-125.2920231577415,51.60933051377977],[-125.29603158045283,51.58939485991258],[-125.23789230389835,51.57206873586424],[-125.26323318995375,51.552143977861206],[-125.25229175902616,51.526872373461906],[-125.28899033051019,51.50482928632312],[-125.28956318517369,51.47560035327907],[-125.32693638093619,51.45364512177717],[-125.33856416051218,51.409054681545705],[-125.31458138912683,51.389849859021325],[-125.26666799255844,51.37685835209589],[-125.25100434592353,51.39374065517952],[-125.177111583574,51.398579939894226],[-125.1311858844941,51.36406932866462],[-125.0090070294967,51.34971769715036],[-124.96529312931636,51.328250531281824],[-124.88787485613999,51.33039189686614],[-124.87908656615373,51.320927005513504],[-124.79976342171595,51.30542416055902],[-124.78226459900745,51.289089243262886],[-124.76203153469937,51.23822384430382],[-124.71469104915609,51.22560461463257],[-124.68661496602904,51.204452198675675],[-124.65581761374104,51.20715008901315],[-124.58082605390943,51.18108498831821],[-124.54480489931285,51.1795429225953],[-124.43378308315967,51.14839911163106],[-124.40248995359127,51.188115046000256],[-124.35088365988162,51.146924669017345],[-124.29731995627108,51.13743392216897],[-124.2452709841672,51.148527718264866],[-124.18532611043494,51.135293242215],[-124.15520402436043,51.03663267081204],[-124.08714760676354,51.00969932453552],[-124.05994498581413,50.958892057622414],[-124.02769647358232,50.944371878878094],[-123.99579815672332,50.962711443558575],[-123.93665514805103,50.93618494681889],[-123.88187565262648,50.948600855399356],[-123.80459000264923,50.911180034144415],[-123.75870693273416,50.90501744674902],[-123.75821747490306,50.883463993070585],[-123.66218832374211,50.88037910925047],[-123.65507689447614,50.90149242931549],[-123.60709048711553,50.90156983347366],[-123.57743508264063,50.931330651501774],[-123.55258591683358,50.928135906546046],[-123.45174819283108,50.98080406207091],[-123.40225953785104,50.988229814128225],[-123.24344186612204,51.00039390305641],[-123.25519443655922,51.02546513776321],[-123.23510394644218,51.05808844792859],[-123.18232472971799,51.07226538291025],[-123.14672119896244,51.122734880185604],[-123.08811257426407,51.13271521438446],[-123.05031959071518,51.149794907337444],[-123.059123502764,51.18098073541307],[-123.0331586060809,51.20065094174325],[-122.90525868681121,51.183901832371696],[-122.82251969193054,51.14478608752851],[-122.7760479733918,51.13761980094426],[-122.74303417989812,51.15911070605109],[-122.67518651543195,51.0986507737683],[-122.62596318162193,51.07994830022087],[-122.57939323298838,51.10340704214714],[-122.60249606993406,51.14257250512939],[-122.58977054870172,51.17662568851758],[-122.55801380417925,51.184349196480575],[-122.53027091901248,51.20918626382635],[-122.57133957067322,51.247587900400084],[-122.63085889893675,51.248761056524025],[-122.67488330730575,51.27437149238502],[-122.67572561867642,51.30233897541837],[-122.65101545043942,51.318616261981475],[-122.61341879613371,51.37255389865043],[-122.63728113134142,51.40073477975281],[-122.62411995115275,51.41721146712997],[-122.55938225957742,51.43544439198582],[-122.55971132420362,51.48512284088211],[-122.46919384629797,51.482118361766005],[-122.42758823563658,51.50985906177422],[-122.33078893409902,51.524138253690964],[-122.28226997701603,51.515899354371285],[-121.88572777364509,51.5178465538062],[-121.88589267595636,51.566133126989456],[-121.63108047730705,51.5640483101218],[-121.63049759542734,51.54738354338816],[-121.52662721583935,51.54772400010083],[-121.525142105011,51.45105330248788],[-121.42616168787278,51.43670319979262],[-121.4206419044527,51.377559589006864],[-121.28223123058704,51.376792365653124],[-121.17179210642671,51.4308942568065],[-121.13384203317204,51.43962972152265],[-121.00172025736647,51.42906007879816],[-120.94832872057165,51.44510219150462],[-120.83346702980027,51.435158629802906],[-120.56072881186621,51.43461791253068],[-120.55767132673546,51.46690995930948],[-120.56042770474559,51.66125883472361],[-120.50363374659949,51.69666218191734],[-120.43297467045551,51.712162447920846],[-120.39127080532711,51.70400897454043],[-120.3385233604994,51.73297492036416],[-120.34992458604646,51.752667314194454],[-120.32155884665511,51.78372446574529],[-120.31952507458423,51.81991255364045],[-120.27578179540956,51.83219694242954],[-120.22664968764153,51.825429806809495],[-120.2239628894132,51.86659424797505],[-120.27316147090319,51.892605677721065],[-120.24797662207979,51.91233157230477],[-120.25027570884342,51.9402530945898],[-120.3300115266357,51.99507467775707],[-120.30579458203134,52.012912508099916],[-120.31678271330607,52.06433916098288],[-120.293672241485,52.08261658808887],[-120.31667644815131,52.12095304560993],[-120.3081163010666,52.14033126650111],[-120.3474425290355,52.155816630040356],[-120.3753706208445,52.13394446426236],[-120.4076122769663,52.144257950613046],[-120.386956035207,52.17854878923039],[-120.49150006778972,52.28851446289057],[-120.46647275599742,52.30441953497626],[-120.53485097349481,52.32940096325469],[-120.52109016274504,52.37975308615944],[-120.45922038849695,52.4212421842081],[-120.54215054909491,52.46611649575576],[-120.50940186011229,52.49474459353315],[-120.40767781794645,52.53448346840906],[-120.3630126723236,52.52814209660423],[-120.33321015323233,52.566752894693735],[-120.29158060281924,52.58735904387884],[-120.29367798390473,52.60762654472684],[-120.23769455793521,52.620765620220226],[-120.23527869557938,52.63471393274627],[-120.28972766182683,52.65775472940066],[-120.25438352347177,52.67735099527569],[-120.29369414929768,52.725604405762326],[-120.27378052742294,52.74592322373826],[-120.30827383875798,52.78011251286099],[-120.3024381615283,52.81511016940193],[-120.33422840079724,52.83313909894489],[-120.31292257408765,52.85871318607088],[-120.25953702305488,52.85961602078534],[-120.21214278647894,52.87633176900658],[-120.17725338382961,52.86003454832239],[-120.14254549439053,52.876740776693524],[-120.17036973019466,52.92495357933994],[-120.22712962425149,52.91831506943289],[-120.26935085495688,52.92886662534508],[-120.33843793729048,52.927388959739254],[-120.37676277498687,52.964766410791334],[-120.43420133345718,52.97262576469698],[-120.48841889814604,53.054554000920405],[-120.42528755745745,53.06784119934929],[-120.41706619484106,53.10024210200739],[-120.46259716622988,53.12471265282138],[-120.46671840361859,53.149096408194445],[-120.62716310041456,53.213961404099784],[-120.71500909612234,53.26452281333781],[-120.78748103717749,53.256644325942304],[-120.81116310330638,53.28784507753516],[-120.85298043481203,53.28163907657455],[-120.92281197990974,53.30706978247864],[-120.97205465215082,53.27877901153977],[-120.98022094441896,53.31359322001429],[-121.01819301224103,53.32976619182554],[-120.99827799501547,53.38303612945527],[-121.00828606866143,53.43040327245935],[-121.07347708479342,53.39316147464648],[-121.1350022099717,53.39458459198976],[-121.15998107860804,53.381282820509846],[-121.22816378435265,53.38473009724913],[-121.26405345424176,53.403215968615854],[-121.28829575838633,53.44571377327167],[-121.55542567849923,53.4393865130129],[-121.57134351828705,53.452549622386194],[-121.8140290854392,53.45691053242975],[-122.27543013683965,53.45601365577517],[-122.33626530101503,53.450127017109764],[-122.32642196788024,53.41165603764472],[-122.34861691261736,53.37349116332546],[-122.61246142167549,53.37243435604463],[-122.6460481685437,53.386900332310496],[-122.6982099767725,53.39168589353046],[-122.83684706942358,53.37355770669888],[-122.88483141132292,53.325244600773935],[-122.88553241443944,53.304429793469765],[-122.9667081091656,53.2988683077885],[-123.00416701176347,53.2752761891769],[-123.02928329530742,53.2924323156118],[-123.14267490545892,53.28733358593363],[-123.20846350127995,53.301218212564315],[-123.30512038570276,53.283640086182736],[-123.3017093718524,53.47023147647682]]]},"properties":{"district_id":"CA:5941","name":"Cariboo"}},
{"type":"Feature","geometry":{"type":"MultiPolygon","coordinates":[[[[-126.85304933899201,50.94576965707602],[-126.85420946691075,50.91994166853419],[-126.79309954769664,50.92439656109923],[-126.81398955110974,50.945332475033645],[-126.85304933899201,50.94576965707602]]],[[[-126.64064132492025,50.71870936812067],[-126.67587377049978,50.69986427165752],[-126.65653394961265,50.68045365882785],[-126.61097366606532,50.70504556897373],[-126.64064132492025,50.71870936812067]]],[[[-126.71538875493869,50.75807456301386],[-126.70687004469457,50.74031325353326],[-126.65938515400164,50.74029616723384],[-126.67099064355726,50.76920325928849],[-126.71538875493869,50.75807456301386]]],[[[-126.76814396430476,50.588788763395804],[-126.78347486427762,50.57101177253937],[-126.71980583465646,50.55548927067365],[-126.7059499411998,50.576839671509504],[-126.76814396430476,50.588788763395804]]],[[[-127.5917003381122,51.083645980630585],[-127.60074864447193,51.054896875359844],[-127.5664916423592,51.046962559948895],[-127.52504295864918,51.056060474890096],[-127.51943373909224,51.0878245668136],[-127.5917003381122,51.083645980630585]]],[[[-126.67702966186752,50.591584471272704],[-126.63724015201096,50.5523759603476],[-126.53031734412602,50.55785637267277],[-126.52089724489277,50.57887475738867],[-126.67702966186752,50.591584471272704]]],[[[-127.98057565906738,50.919878955298756],[-127.98624027269432,50.90529647096684],[-127.87373836026161,50.88886965886576],[-127.83246226922952,50.904813669947366],[-127.84118905047279,50.93199618186646],[-127.90162723746701,50.944657380236386],[-127.92897765424247,50.92710536228763],[-127.98057565906738,50.919878955298756]]],[[[-126.86007234944233,50.882427964594136],[-126.89156243649938,50.86259437422631],[-126.88669854148826,50.84035395943598],[-126.81392773339775,50.839480864085424],[-126.73437175776118,50.86346037728479],[-126.7614614507054,50.88387926360149],[-126.80617644802392,50.891158364314045],[-126.86007234944233,50.882427964594136]]],[[[-126.55873784394846,50.609536574172004],[-126.55878162663238,50.59503816161295],[-126.48931754073455,50.57530996428671],[-126.40136552805895,50.59469777059446],[-126.34617825136718,50.61558946170533],[-126.34402573582426,50.62771097352801],[-126.46229796143885,50.62988997608396],[-126.55873784394846,50.609536574172004]]],[[[-127.834220238596,50.89023547171829],[-127.83347963349868,50.8743726647105],[-127.74914555318192,50.85970325644514],[-127.67013036314128,50.83565406834634],[-127.65916585066523,50.87035065771075],[-127.72394743108663,50.91553086384296],[-127.834220238596,50.89023547171829]]],[[[-127.10423715156271,50.67331697975235],[-127.15700464977321,50.64650766745053],[-127.13249535905116,50.62855126625969],[-127.02915875714741,50.63805495503481],[-127.01643083518984,50.62155976315794],[-126.9577527431459,50.62817237172525],[-126.88736533773566,50.61990197470727],[-126.85156623419226,50.632981967055166],[-126.8700988343501,50.65600576663349],[-126.93035383876992,50.65445616813108],[-126.96840195546878,50.66389585709524],[-127.02649845187092,50.65660956177888],[-127.05665813707168,50.67083316819674],[-127.10423715156271,50.67331697975235]]],[[[-126.91916334117738,50.83251088462045],[-126.83611585774098,50.77832965647555],[-126.77457674403848,50.767573953846444],[-126.73979315315954,50.7815753687605],[-126.66356405000683,50.790442575355215],[-126.53766683749018,50.78191577519069],[-126.57198806122757,50.82595237042978],[-126.63883773634362,50.83900806673645],[-126.77009105974967,50.84310267280841],[-126.81228036043487,50.83733606944925],[-126.91916334117738,50.83251088462045]]],[[[-126.67777124720871,50.55008017298241],[-126.60944094111258,50.52389747921108],[-126.54510157008423,50.526597770281214],[-126.50140945741515,50.51630355710605],[-126.42131205716973,50.51410607617413],[-126.39640414939456,50.52787106954437],[-126.31894224658136,50.52420507332282],[-126.22114593041154,50.547431176382474],[-126.20749304172824,50.57705757500418],[-126.2406188535186,50.579502855843884],[-126.29527183135652,50.61162025772649],[-126.31825734086097,50.591994677644884],[-126.39678075321427,50.586599771584446],[-126.47091475029298,50.55916235968879],[-126.58506254958115,50.54567507389574],[-126.67777124720871,50.55008017298241]]],[[[-126.41846293478635,50.80765126164447],[-126.50975676486276,50.74510997520381],[-126.5457493653094,50.74242956778876],[-126.56426122313802,50.716238368667476],[-126.6033438717994,50.699976771483165],[-126.59475273742373,50.6558347735773],[-126.55880575618461,50.644528063230375],[-126.52049803640311,50.64991576031735],[-126.49147565177667,50.63753795598355],[-126.41487772990376,50.659564868995524],[-126.32504583012314,50.64495097300435],[-126.26843284804795,50.65515116099809],[-126.25833144362201,50.69860235504718],[-126.23044223885427,50.72481927686222],[-126.19624785607431,50.72720476421037],[-126.15623105698452,50.7563498593885],[-126.21295203815649,50.77022306958774],[-126.22994945487424,50.79102076133103],[-126.22880123655516,50.822151162530254],[-126.3441283274298,50.82476316796145],[-126.41846293478635,50.80765126164447]]],[[[-126.10997463638573,50.45382518512606],[-126.15946994599747,50.455025571322174],[-126.25419155919931,50.47336507644941],[-126.35961554307741,50.4833801826607],[-126.43425514048579,50.47703676257951],[-126.53928724496986,50.488669679503246],[-126.5882203356177,50.4807254695998],[-126.66148042408199,50.5098533649448],[-126.83030444768349,50.55015417050693],[-126.9020066529579,50.55934747794727],[-126.9681371306819,50.560142163798325],[-126.98001814759849,50.58045137965251],[-127.12167766624607,50.58919886694893],[-127.12911596747956,50.61321677411904],[-127.19269226092052,50.610019474773445],[-127.2581588385255,50.64647207208654],[-127.42411733533288,50.70160886911204],[-127.40796705543615,50.74696995453728],[-127.48281615373818,50.71613867191697],[-127.4911494421689,50.7605227746016],[-127.5221765493273,50.7757674653218],[-127.59730105514244,50.79072596691249],[-127.66897194699573,50.8149745729863],[-127.78078395145714,50.841350869862325],[-127.86702706582555,50.853713068807714],[-127.905915162332,50.87475006740139],[-127.96038677475855,50.87198427026247],[-128.00906874467967,50.859089467405695],[-128.06751896209292,50.86989487648376],[-128.11307036929426,50.85934157070136],[-128.1245026234666,50.840623165644736],[-128.17716286984242,50.84334477177867],[-128.21146625758587,50.83401336445631],[-128.24892244190738,50.803387162629875],[-128.3006412516305,50.79540875436353],[-128.32817565754888,50.80575847040206],[-128.4028255557347,50.77680286627632],[-128.40910945003816,50.74189695827808],[-128.36329345377257,50.701906578564085],[-128.37257506140116,50.67487076850705],[-128.3096086314147,50.66529587313441],[-128.32547993691747,50.63499296681064],[-128.3034556620723,50.60871907612665],[-128.2396219261492,50.59088236366904],[-128.24063615778337,50.56730875429081],[-128.20692325032473,50.52907736123768],[-128.17667675467825,50.52319245470289],[-128.11323515089214,50.481762281038755],[-128.08155843175658,50.479177261696],[-128.05871325964048,50.45212307207843],[-128.0096899555069,50.46979317762471],[-127.9688344361601,50.471264365342165],[-127.84229424178895,50.507316874177526],[-127.79805144432686,50.49238826026602],[-127.66296394699096,50.533104964103025],[-127.57082584108825,50.53437537863207],[-127.55924424326996,50.554109271411726],[-127.61587084378948,50.58057108103047],[-127.74630673572045,50.58831737694989],[-127.70696587027483,50.60362617411407],[-127.65114033585498,50.607300575657845],[-127.60140575250455,50.593438775282394],[-127.55419493593526,50.568741566259504],[-127.5096527490962,50.59346157366615],[-127.47756933806097,50.5868047657088],[-127.55566083579116,50.55360506731458],[-127.56919495361423,50.50197746834808],[-127.58331653251398,50.489964273637696],[-127.66208825280508,50.48375467956545],[-127.68546643997652,50.490605164166645],[-127.80983604114056,50.45707356616064],[-127.84251865958512,50.47044407337622],[-127.89087155213751,50.45403438119541],[-127.9340223581142,50.459591554195896],[-127.92989963672574,50.41938757702844],[-127.95124503131181,50.40953626498787],[-127.96135114811091,50.36633147043862],[-127.98971764843007,50.344870073800095],[-127.95021173045319,50.319346871195165],[-127.87408223567685,50.34398706083344],[-127.85739955898738,50.2872266664736],[-127.80048604145172,50.24885137517459],[-127.7871025323026,50.22349326709231],[-127.83804996024756,50.16918536420835],[-127.9191134852042,50.1284367337746],[-127.89541128816208,50.115405049931226],[-127.86085406617846,50.142232133701114],[-127.80337943408031,50.14159591058656],[-127.73622438928933,50.163795435421605],[-127.734725971357,50.18964614154971],[-127.66186314052975,50.239767847071775],[-127.59807943165009,50.26711466939545],[-127.5990915679878,50.28110664908023],[-127.54208904685822,50.29206463219027],[-127.52616174356513,50.27891655632686],[-127.41038573293758,50.250475059405424],[-127.38226140031072,50.260497342769355],[-127.33392501516424,50.23200417503421],[-127.29109781811638,50.24011000248421],[-127.29692306413251,50.276805501857794],[-127.26557909702959,50.28432830893953],[-127.22545510704676,50.26446365446932],[-127.16147741894336,50.2874814123045],[-127.094771004598,50.340295158391264],[-127.046823675395,50.323153697850714],[-127.02454701354968,50.28830535254259],[-126.99842100921803,50.27794815523663],[-126.98849810488795,50.224923537856036],[-126.9905237620387,50.18164313334019],[-126.90366665968389,50.19015398145942],[-126.83962438778705,50.13875926995615],[-126.82193470443137,50.16974318687355],[-126.78134759735156,50.15673856019686],[-126.79100593542027,50.124794559518016],[-126.74711314716107,50.103447514025746],[-126.71414360549385,50.11480629699869],[-126.64701800057848,50.091094932864806],[-126.65159566926062,50.0736413660743],[-126.69542462204357,50.06182237851137],[-126.69320557504223,50.03255048121781],[-126.6590349143792,50.018345516777025],[-126.62791535081372,50.028197387693595],[-126.55874481153363,50.02947015322577],[-126.54721612119305,50.01355019733486],[-126.57156922053137,49.99024488507731],[-126.49398552107938,49.96388654308831],[-126.46951983858197,49.92904110528066],[-126.38882947658674,49.90675499546979],[-126.34875755558295,49.92006381349635],[-126.35662089550547,49.94262293119868],[-126.32602606691225,49.95378312334183],[-126.26314101736276,50.00011460431047],[-126.22629216037316,50.01623011710992],[-126.23407362354122,50.05181329666702],[-126.25422616675777,50.06899605748593],[-126.22572837844582,50.12317255591621],[-126.16034493062341,50.12143450114352],[-126.10080977561957,50.1595073983363],[-126.09324273855,50.17809779147151],[-126.04457971356717,50.180559710544095],[-126.02770807336793,50.25922315971217],[-125.99540286431888,50.282189611993665],[-126.04232363439323,50.31267295726209],[-126.05484599890815,50.339586375344176],[-125.99486138895358,50.34038787900199],[-126.05601051921603,50.404622264588866],[-126.11107797834832,50.39759279141614],[-126.10997463638573,50.45382518512606]]],[[[-125.57529156166571,51.91336322114326],[-125.61162566020698,51.903255004124446],[-125.67857356867941,51.94317143658904],[-125.72082804693642,52.00849998679291],[-125.77707923348574,52.00090146997352],[-125.81464678908077,51.975418500025434],[-125.85591827696204,51.977365010496165],[-125.88081254096376,51.96339773430073],[-125.87062318854537,51.9108766182848],[-125.91437244050427,51.89015228243193],[-125.92705651667838,51.81777891787837],[-125.9716467520725,51.78881610270392],[-125.9501714670445,51.775572336660105],[-125.96216424299874,51.7473641799003],[-125.99730286292616,51.72835402105631],[-125.9911783772984,51.68829617051804],[-125.95518426309731,51.69221088484292],[-125.95067813600483,51.64843552199858],[-125.91032136192044,51.614332320136185],[-125.93242410027479,51.595598755710995],[-125.9817983779726,51.58068623634849],[-126.02812905514807,51.599942234908745],[-126.06255715077789,51.58189959710752],[-126.05301754589101,51.5655576525904],[-126.117981971841,51.5183200372358],[-126.09903163642014,51.47510635161935],[-126.14966459794785,51.460616252503215],[-126.17240350370241,51.43585480700048],[-126.21711654089216,51.453971747561255],[-126.29272469955582,51.45414587829086],[-126.34562801995258,51.46205361211859],[-126.38898627704566,51.48166409296434],[-126.45115164318888,51.47644104955074],[-126.48175777992797,51.442474870559714],[-126.5283952408165,51.41821054973881],[-126.58542317620731,51.406300264813886],[-126.61992640014597,51.443444913348024],[-126.7073557929555,51.46025048839909],[-126.7235674684575,51.43485654473313],[-126.69907057472345,51.40972759472434],[-126.72545645916472,51.34517328062297],[-126.75025052821682,51.33331396921363],[-126.76405352233361,51.301295852542786],[-126.81018602844317,51.29905824775551],[-126.84064468654853,51.323011044470626],[-126.89211194251273,51.30674415202375],[-126.92377080188365,51.27788547646084],[-126.92251483320804,51.24201423118871],[-126.99726839949685,51.24074127653931],[-127.0734758613103,51.22960372133552],[-127.15510804241559,51.207196116788545],[-127.19454755690275,51.204024315100874],[-127.23498036667999,51.219406053947004],[-127.32340038708901,51.20924591708383],[-127.39100198581517,51.22850781071052],[-127.45290022622906,51.224481344818685],[-127.4568263070147,51.2043336335772],[-127.61079573063881,51.19154359296478],[-127.7382395308001,51.188722903962336],[-127.74909053440989,51.1587150491245],[-127.72180345488682,51.13521226999462],[-127.67974846184897,51.13085137624472],[-127.65723846855653,51.08698006823977],[-127.59559236262349,51.08994236212965],[-127.54107935677915,51.10288136659061],[-127.54938236836394,51.13193376997001],[-127.48205464832957,51.14134917298356],[-127.43189434523674,51.134508768395946],[-127.2716606247234,51.13831996837967],[-127.13074935442597,51.12922777322604],[-127.0915032429273,51.18602528296395],[-127.07424274857252,51.16686535618629],[-127.13183174103547,51.119379383338966],[-127.26817754308,51.12753008116202],[-127.3484735631508,51.124581967550135],[-127.47287382613953,51.128423062523396],[-127.53747455140055,51.11613786238601],[-127.3395283451712,51.038014263974155],[-127.31068716741571,51.05875216671636],[-127.15582936300457,51.05320917273914],[-127.04955645996999,51.071799371208435],[-127.01573994817466,51.08380405509806],[-126.94933174015966,51.07533566245403],[-126.91744483709468,51.08599587749308],[-126.82810533844581,51.075754381665384],[-126.79272805760957,51.08175607597673],[-126.75410064910895,51.115717674859575],[-126.67434465828099,51.15456726779907],[-126.6618301515789,51.1390191751295],[-126.71595625666299,51.12020396463151],[-126.76608165170838,51.06816335992656],[-126.9687577339084,51.055862479432584],[-127.01673492201323,51.0598530638458],[-127.14223744863945,51.03808265911874],[-127.30276263489218,51.04368116097156],[-127.32358425388072,51.03394536723668],[-127.40851215670405,51.04461267015812],[-127.40869573941028,51.05840188289132],[-127.48314995157972,51.09091225918609],[-127.50650044949334,51.09307417208709],[-127.52328262935926,51.043241169314584],[-127.51200025345166,50.992799861044396],[-127.46889922866973,50.975380363051144],[-127.40710762472261,50.92572956733746],[-127.34488635219381,50.919594158690124],[-127.33632944691625,50.90541605732686],[-127.27068554059416,50.91314955790633],[-127.19733446466554,50.875957771573354],[-127.1597962330328,50.87299687958878],[-127.09917236189882,50.84927946410193],[-127.0620896445822,50.82019567666327],[-127.01979683996481,50.81746118234191],[-126.94447045869207,50.850307765340744],[-126.89584784382372,50.88575916950844],[-126.96139953090638,50.89505357436996],[-127.0447875215264,50.88833986451477],[-127.05750434083197,50.90706248397189],[-126.90909276502632,50.89480147307945],[-126.86762074221795,50.94279877301783],[-126.87205024678077,50.951144680976164],[-126.85907005684597,50.96097166782813],[-126.85247695363074,50.94704437351135],[-126.83613313682044,50.94827196954136],[-126.82877582662358,50.95860466603944],[-126.80362315197998,50.9547250524288],[-126.79699806427358,51.001152871019436],[-126.78493904318466,50.99965607715109],[-126.79155724786429,50.969850173977676],[-126.78175693766268,50.958214366275165],[-126.81162415330425,50.95294197700681],[-126.7695093359701,50.92698866637502],[-126.75795332288696,50.89919086313199],[-126.7219559563688,50.8735437610515],[-126.68451382770525,50.8726721735926],[-126.62552534750158,50.886039758759395],[-126.56022415550682,50.910677167449194],[-126.51142065133814,50.94173775535146],[-126.54778284126668,51.011952670888505],[-126.5157003426991,51.037870484244216],[-126.48394654253123,50.9622320792539],[-126.39055944532969,50.93172266078721],[-126.3092883422158,50.93389746971249],[-126.26858093509429,50.92584636749501],[-126.18658214409898,50.92669526555859],[-126.19971734278117,50.90539615403553],[-126.25415365024368,50.905755054577625],[-126.31142545027652,50.91711745246668],[-126.40408683651435,50.91630136623914],[-126.41851146234025,50.904533076000845],[-126.47328894318804,50.925853575074115],[-126.54871904725535,50.897591452973266],[-126.56584785217383,50.83311895335156],[-126.49424534651435,50.8258099542092],[-126.47550855696716,50.813812367316906],[-126.40208442370647,50.828317968304596],[-126.32841602467123,50.85073217018758],[-126.21645765758821,50.83248946532103],[-126.1874093506936,50.7819684730439],[-126.1105916318944,50.75506517091873],[-126.12861933059902,50.73415637118945],[-126.19306355143372,50.71314925165122],[-126.18244994351473,50.668295257057316],[-126.12338643879593,50.67080897564778],[-126.02203395340555,50.69613846976802],[-125.95824542945199,50.685234762978844],[-125.851366932988,50.702409268989484],[-125.80387923643079,50.7022853708876],[-125.71055205208697,50.717456073046286],[-125.72047514101642,50.74397486445783],[-125.65205834277401,50.80863256596722],[-125.68150105160643,50.81779875485248],[-125.684694455385,50.87466316142699],[-125.63957573708008,50.90009526423585],[-125.56807895505547,50.916242975042536],[-125.54479894744833,50.93732407175509],[-125.59151894573478,50.96574277619108],[-125.57839062494922,50.98637957073538],[-125.59087894029275,51.03635505402178],[-125.63437353468764,51.06650277030465],[-125.63764953434487,51.09295315614674],[-125.58694682650943,51.09453686554367],[-125.54296543312363,51.056709860393184],[-125.53680354746179,50.97633607469074],[-125.50512153219776,50.95522635576977],[-125.50421465001179,50.93198615322202],[-125.55407812995173,50.86661356292203],[-125.61267303911943,50.874345554359834],[-125.64700374885605,50.85202965774514],[-125.63400986388895,50.82468337241566],[-125.590910837428,50.795948561247236],[-125.61592104574353,50.75891625102664],[-125.66298604722694,50.75188777866926],[-125.69538636258689,50.69171347070237],[-125.83298814631372,50.681611557339004],[-125.88532673819478,50.66401835554868],[-126.00321722631506,50.66782376610326],[-126.11455254694755,50.643146570920344],[-126.18247455494514,50.646625865805106],[-126.27458524718367,50.6302802744819],[-126.2703660461998,50.60226035446529],[-126.24000572280461,50.5837071670373],[-126.18960783070025,50.58017085991866],[-126.07744136161378,50.61725017030496],[-126.02741463414479,50.62131766515447],[-125.97457832684678,50.64236036720283],[-125.94103680194547,50.632662251756145],[-125.87427554770703,50.63398819449769],[-125.84850746903592,50.6211689825829],[-125.82782836879588,50.57369026146114],[-125.74043896310707,50.60512438143376],[-125.662875570161,50.5963368809386],[-125.60521203186445,50.60936302963752],[-125.56161734283836,50.68454886641068],[-125.57570697492143,50.70952020259606],[-125.53758688001683,50.73508967786764],[-125.54991005411475,50.77410968826685],[-125.50323068078488,50.79422526854563],[-125.5439593758048,50.83293430845192],[-125.50489279254678,50.84294173522341],[-125.49704874454173,50.90067378756891],[-125.41156265035919,50.943824635790286],[-125.25277052316581,50.96273255008128],[-125.25479702073453,50.98822515558074],[-125.27997002788553,51.01072158738565],[-125.30896836130026,51.007027604905375],[-125.32507918239916,51.04593384616059],[-125.28356204769597,51.04756431783282],[-125.24289831000642,51.06422050832717],[-125.25305156334893,51.082830747787085],[-125.29669077476002,51.1034682818218],[-125.28264808515786,51.1688152292449],[-125.30544537314387,51.19694329619188],[-125.33151444172475,51.19974378735543],[-125.32864381144682,51.249649342575765],[-125.28399866297194,51.28297736289716],[-125.2251201099898,51.301857619685414],[-125.2036624919687,51.32318590331232],[-125.26666799255844,51.37685835209589],[-125.31458138912683,51.389849859021325],[-125.33856416051218,51.409054681545705],[-125.32693638093619,51.45364512177717],[-125.28956318517369,51.47560035327907],[-125.28899033051019,51.50482928632312],[-125.25229175902616,51.526872373461906],[-125.26323318995375,51.552143977861206],[-125.23789230389835,51.57206873586424],[-125.29603158045283,51.58939485991258],[-125.2920231577415,51.60933051377977],[-125.23288209994796,51.640487319025404],[-125.24710687518997,51.67967305588975],[-125.2350774030938,51.699995366321154],[-125.25654760214668,51.723230513453245],[-125.2377458546061,51.748585427660466],[-125.25471455780944,51.76508066606762],[-125.37945561966181,51.7893275387181],[-125.42781247497679,51.841795534206085],[-125.50132089856956,51.87841562429765],[-125.48747494152101,51.9158204836733],[-125.51550133918217,51.93392891489787],[-125.54405434748823,51.910465668493764],[-125.57529156166571,51.91336322114326]]]]},"properties":{"district_id":"CA:5943","name":"Mount Waddington"}},
{"type":"Feature","geometry":{"type":"MultiPolygon","coordinates":[[[[-128.33541305769486,52.127846381997074],[-128.38021454881655,52.10264497546374],[-128.32305923261836,52.09458967723557],[-128.33541305769486,52.127846381997074]]],[[[-127.73128253761666,51.51017676481294],[-127.76306655593588,51.49385386633966],[-127.7219296330482,51.466390878494884],[-127.6985093488418,51.50773985863801],[-127.73128253761666,51.51017676481294]]],[[[-128.11267272394352,51.78372176487895],[-128.131314350063,51.751392174499294],[-128.08577107557787,51.74833157248797],[-128.07681674879572,51.782528274717144],[-128.11267272394352,51.78372176487895]]],[[[-128.00765944501126,51.79877138673397],[-128.04895666555186,51.77760476320794],[-128.00940265222047,51.754924280374844],[-128.00765944501126,51.79877138673397]]],[[[-128.45649084979166,52.35047308236378],[-128.45106735050337,52.32361107891573],[-128.3962743235242,52.32285906955657],[-128.38909864761567,52.36022178042741],[-128.45649084979166,52.35047308236378]]],[[[-128.43025137423095,52.0028107749179],[-128.42947373690131,51.98821406156877],[-128.47723955355156,51.95445888227649],[-128.4277543748708,51.940319273881144],[-128.4088303427917,51.99337248001257],[-128.43025137423095,52.0028107749179]]],[[[-127.5794407447638,51.57394428242824],[-127.64350482413256,51.51358196530003],[-127.68301033196381,51.49353057632283],[-127.61543497140045,51.48356257456839],[-127.60385974615713,51.50646377320954],[-127.56375065950839,51.53375595825656],[-127.5794407447638,51.57394428242824]]],[[[-128.27391853417865,52.215341263860175],[-128.30319553917735,52.20203197234301],[-128.32786814542075,52.15739157816198],[-128.3065053652079,52.128542770236514],[-128.26421646334626,52.18331926729136],[-128.20785204995047,52.209271268281434],[-128.2439977375625,52.22501727041511],[-128.27391853417865,52.215341263860175]]],[[[-127.59613875539792,51.3035994696413],[-127.58306694152097,51.27012478388933],[-127.49545494636982,51.273860483129994],[-127.4739965320846,51.30058716428963],[-127.5317102286313,51.30768406643138],[-127.59613875539792,51.3035994696413]]],[[[-128.36788084167,52.23751478336217],[-128.38955083199593,52.20905616962058],[-128.37149362992528,52.19534956803101],[-128.37708205621692,52.15249226448372],[-128.31866966518965,52.18629016806848],[-128.30549585527478,52.20467107510938],[-128.2790788667612,52.21390847941705],[-128.31317503149208,52.23059166940187],[-128.36788084167,52.23751478336217]]],[[[-128.43438385542365,52.237312465447594],[-128.4957773597853,52.17224606549547],[-128.4912968417135,52.158748874130374],[-128.39364843126904,52.161704077019714],[-128.39899335814906,52.194637462886845],[-128.3773607564362,52.237195762622285],[-128.43438385542365,52.237312465447594]]],[[[-128.0102813462355,51.73198446758988],[-128.0780961373952,51.68913436885309],[-128.07510056330995,51.65941107683886],[-127.96378052903786,51.6573117679737],[-127.99395223651733,51.72783576868172],[-128.0102813462355,51.73198446758988]]],[[[-128.0970563227097,52.29259316630076],[-128.13816126681405,52.26809536844512],[-128.15402236271942,52.24173187357035],[-128.1238251651146,52.2267391777461],[-128.0799125542504,52.231161359222725],[-128.00279985113477,52.29142108269307],[-128.0462019719001,52.30915957584565],[-128.0970563227097,52.29259316630076]]],[[[-128.39948813817674,52.4581731779878],[-128.45375436101753,52.36159046198564],[-128.37993313968613,52.36457136934466],[-128.33088394121347,52.410029281202306],[-128.288571841139,52.41653357524724],[-128.2669889546383,52.45543875756694],[-128.28679863874817,52.47631907020667],[-128.34573205706013,52.472667373577885],[-128.39948813817674,52.4581731779878]]],[[[-128.10764954770121,52.438070478319496],[-128.11920856546223,52.406447379187846],[-128.15499934296864,52.368265679466106],[-128.1737518567747,52.3290643747049],[-128.20156074820352,52.30548366532863],[-128.20302153024724,52.281200969238306],[-128.16183815911594,52.27305738210836],[-128.11914294456426,52.299737060530894],[-128.04659862672207,52.32068007483248],[-128.07978485491813,52.41060746313777],[-128.10764954770121,52.438070478319496]]],[[[-127.98249115893985,52.301732362697436],[-128.01975636309297,52.24593466348867],[-128.09570954697762,52.20387068397951],[-128.03349315322708,52.17522697628587],[-127.9868726402928,52.176480267694195],[-127.91478775602212,52.16443856044053],[-127.90660712446775,52.1987534642705],[-127.91569437273267,52.24563557453886],[-127.95464473270985,52.295347673286095],[-127.98249115893985,52.301732362697436]]],[[[-128.1160713640988,52.15931286887392],[-128.1352366640818,52.14795477453664],[-128.1010382348109,52.08979716814388],[-128.04244764540695,52.07899596266115],[-127.99615327270496,52.08574957409148],[-127.94248935320246,52.075812881246264],[-127.91841426068174,52.11975966497666],[-127.89026382793664,52.12646627258024],[-127.8840338504854,52.15533217109819],[-128.00352276778352,52.16965407829739],[-128.0438024552767,52.157625174221174],[-128.1160713640988,52.15931286887392]]],[[[-128.1857922589392,52.21113417425646],[-128.23996859443574,52.18266520390166],[-128.26564322753924,52.144577969564956],[-128.2720937540723,52.09856605558812],[-128.23661395270972,52.086005960720414],[-128.25204193450676,52.03090896718802],[-128.18740823608184,52.0099445764463],[-128.18203085167943,52.0419964834345],[-128.13442047052538,52.08676507557851],[-128.1457660407183,52.117003873370074],[-128.13401214840073,52.19672256104212],[-128.1857922589392,52.21113417425646]]],[[[-128.09979236583723,51.68793517225998],[-128.14076415273883,51.662552877934196],[-128.151234226614,51.60286136570827],[-128.12305854226116,51.579077184780424],[-128.08710685713316,51.48036796213748],[-128.0374854428078,51.46313795775443],[-128.00446314292458,51.47627058203418],[-127.95656057532302,51.45710497238989],[-127.93837724545187,51.42689896896377],[-127.8985151338793,51.42045297801503],[-127.8764040346617,51.44943136535507],[-127.88635243970987,51.495394877103585],[-127.91682295058096,51.5269367784139],[-127.89522792880518,51.569762765298954],[-127.91502252692648,51.608630869702885],[-127.95523195925628,51.64619436450649],[-128.09815176883706,51.65619096960591],[-128.09979236583723,51.68793517225998]]],[[[-128.10965615904843,52.07117846016961],[-128.1564579458669,52.03964937367648],[-128.16323423423952,52.00387747422083],[-128.20453594956612,51.96434997966017],[-128.19231305487148,51.913115482592005],[-128.25059304551345,51.88985388628574],[-128.23306756228266,51.863477460040706],[-128.20135223008086,51.86004797118913],[-128.11544093952335,51.87932188132222],[-128.11003835235536,51.83878456248594],[-128.13354365849386,51.80819967622713],[-128.07577446042268,51.787447472911126],[-128.01789696260565,51.86212165992411],[-128.00136654757657,51.89836207663912],[-127.9792746462706,51.9105347678848],[-127.95453364286146,51.96928347080066],[-127.95072104827884,52.06386516071618],[-127.99643764860714,52.07565475606596],[-128.0885356388354,52.04726317064726],[-128.10965615904843,52.07117846016961]]],[[[-127.37005893883932,52.40459728800934],[-127.38983714976082,52.38666075799755],[-127.44193163377143,52.377441867984096],[-127.45047264304034,52.33320026042807],[-127.49301304260533,52.31101245796024],[-127.53175943204911,52.308703882099486],[-127.61348385258972,52.26957226232776],[-127.66837245823025,52.26699445868942],[-127.75363284395988,52.24352348537541],[-127.84421175098971,52.167850972892374],[-127.8592980397362,52.094233577384315],[-127.88959654279165,52.0662991781914],[-127.9015436443544,52.00331915788008],[-127.88804295620967,51.96195726018688],[-127.89811992771928,51.93382916947674],[-127.84406845766334,51.9377699713068],[-127.81833395697291,51.95218865982149],[-127.74367294703416,51.969219370939236],[-127.69592495442839,51.988238257469014],[-127.69621205839532,52.038072760731296],[-127.66796004029172,52.07418075875695],[-127.66130173424163,52.11095237371049],[-127.64099702845785,52.13417837353081],[-127.57215477507204,52.153127474078154],[-127.56746455412294,52.18543998255909],[-127.51763413577503,52.18427638317359],[-127.4928366580988,52.2130373679039],[-127.45704284248743,52.21659506082586],[-127.43821715351838,52.241639865437634],[-127.31850214267693,52.2622062778297],[-127.24188394840277,52.30351255535884],[-127.20598303484903,52.36139957714897],[-127.24967322285228,52.391151367571894],[-127.23055897266578,52.4185502752092],[-127.27566966084636,52.43834257000843],[-127.29642275493688,52.411417861227356],[-127.37005893883932,52.40459728800934]]],[[[-126.60910991847167,53.00027962206946],[-126.65552020999243,53.03120099909044],[-126.72393869539884,52.99256360062776],[-126.78989978341579,53.0004555615039],[-126.80027384376044,53.07434210572636],[-126.84116168436546,53.11039547411406],[-126.88274659753681,53.08391881748594],[-126.94810750507395,53.093539396704365],[-126.98568207343935,53.07223713104443],[-127.0328092088038,53.11418341611252],[-127.00373637355631,53.15877627317076],[-127.01330807498988,53.18920887878808],[-127.0507203978229,53.20661967427896],[-126.98208791877286,53.2784599773931],[-127.01553197232803,53.30903267125439],[-127.06978360955456,53.28423677573084],[-127.07448726928347,53.25080518954749],[-127.12100500741818,53.23967660242406],[-127.15091733679158,53.281229949830845],[-127.2248727959887,53.25028273634887],[-127.266861576586,53.2775262573471],[-127.30678914771775,53.215480940630414],[-127.3642060655086,53.221166836609214],[-127.35321239686472,53.18671054949427],[-127.40582686675003,53.184324641276575],[-127.44174029984653,53.16087805127389],[-127.47278931822835,53.12432582703349],[-127.43471386049713,53.117927684660195],[-127.43413309058529,53.08852280955621],[-127.3758069199144,53.086414053585635],[-127.32219778109383,53.067564884742715],[-127.2435463108314,53.01642078065383],[-127.25640099273248,52.97886146088223],[-127.23688512457815,52.96177605214431],[-127.28606413750808,52.9370104254752],[-127.29766218729354,52.90766041698284],[-127.24940786195978,52.86264643767688],[-127.22296730920668,52.85077725665827],[-127.22224620968207,52.822356429436475],[-127.35282661166623,52.80824980989615],[-127.37972742439918,52.78371617139408],[-127.36883344956492,52.755657687816424],[-127.49045319126682,52.692569165793714],[-127.56269966218748,52.69096870223555],[-127.58830129120831,52.72213359689964],[-127.6163826063269,52.73274802198805],[-127.59720796634518,52.77932043461804],[-127.67921955890219,52.79133926986824],[-127.71879295645707,52.77094895587979],[-127.71996091256678,52.71875435898948],[-127.78217312797887,52.696553311327314],[-127.80976601907904,52.664497803542865],[-127.89022885335434,52.67958859732477],[-127.91250622369373,52.67597610635079],[-127.9285057546898,52.7170774975942],[-127.96793505977233,52.708226573821506],[-128.01168164330045,52.71948310859437],[-128.1093401817433,52.67920586099741],[-128.1461872735088,52.62514179178752],[-128.18960272579383,52.6073615170686],[-128.17481776719106,52.57547913279439],[-128.19664054739292,52.483698502830684],[-128.2247282301101,52.474355065564886],[-128.23598884079934,52.42524977711219],[-128.26382184499062,52.40615966261571],[-128.31145794227265,52.39906566831169],[-128.3394827487803,52.371804885447474],[-128.33249193741705,52.33469707071991],[-128.37024245211921,52.29317996743538],[-128.35528355375214,52.266135672824376],[-128.29488192907777,52.25587276916099],[-128.1490928373972,52.41499257464814],[-128.15004865646475,52.43099355843964],[-128.0704477504243,52.511273454905094],[-128.01431555266734,52.529276871037595],[-128.03958834335265,52.46608328054585],[-128.07468985709986,52.459413661683996],[-128.0785489609132,52.41904017067977],[-128.03510196894607,52.327896478003446],[-127.9777279491369,52.31435796765501],[-127.93236646803219,52.317427173548566],[-127.92594144717224,52.28105565901577],[-127.90082154769539,52.2589134620289],[-127.89849096726502,52.22461707244656],[-127.854586635548,52.206891379724276],[-127.81892375553963,52.25031837563287],[-127.77957295035928,52.276055261074376],[-127.71685385748194,52.27200906491416],[-127.67116995515188,52.2940088581722],[-127.60847005822632,52.29111057191065],[-127.6062610373679,52.31524388601071],[-127.48862382856083,52.33820776680716],[-127.48223595242786,52.37559327947397],[-127.43717344242503,52.41274096794162],[-127.4859023340521,52.451335581564],[-127.53642655938896,52.520888274119486],[-127.41417113185831,52.41903446564267],[-127.34568623858993,52.41747645954307],[-127.30695765387424,52.45342345733911],[-127.26203086743017,52.473450670583865],[-127.26748253268697,52.51683356955275],[-127.25532632119133,52.542809673013664],[-127.21544155162204,52.567696380511805],[-127.13415184254413,52.59378647590147],[-127.11713895807341,52.61694836301675],[-127.03725913026825,52.643425768445574],[-127.03203263765072,52.66470207643708],[-126.96575634602881,52.7202462845419],[-127.00234003510307,52.764395264690755],[-126.99662134119859,52.81374986904077],[-126.95396243526709,52.8038515877477],[-126.9583274583494,52.76735057867687],[-126.93001694657374,52.70226557368806],[-126.9756289593042,52.67780476639253],[-126.98986614452542,52.6283334639026],[-127.0378570410656,52.62844596466305],[-127.09975204568586,52.60565575523722],[-127.11729984225573,52.578036058903564],[-127.15608755219432,52.57170548156198],[-127.19184394196525,52.54159628519456],[-127.22991375736255,52.53553627966354],[-127.23772982566324,52.51381276466638],[-127.22017824608,52.487115957417835],[-127.24200914510861,52.45015488203707],[-127.201035452026,52.43830835759172],[-127.18811222628695,52.41833097234665],[-127.20997825283847,52.39513346604306],[-127.15966994777175,52.342083067563806],[-127.1099203343814,52.33408607629253],[-126.98090902498394,52.335484675095195],[-126.958924429352,52.365643762404574],[-126.8941757563247,52.37367057318138],[-126.79679245016035,52.400048358024186],[-126.80480365635286,52.37639505998269],[-126.8820958357482,52.36177417379449],[-126.96536444068634,52.31213616292903],[-126.91607504589639,52.252306561723415],[-126.90060182784096,52.19678517409749],[-126.81537294728203,52.16108457834741],[-126.75070565625703,52.114286465597715],[-126.7198227648707,52.075446871109946],[-126.67281573765263,52.04262168334431],[-126.68673954884818,52.01897557746876],[-126.7656572314278,52.09135237289257],[-126.83821242029485,52.14899726977598],[-126.92713253437795,52.18859457809914],[-126.95804543841795,52.26297677987238],[-127.00615085982085,52.30133076874357],[-127.0324784352295,52.31056677155825],[-127.08445444279488,52.29838406134626],[-127.15291935784512,52.3169728690996],[-127.20539395745307,52.293242665585005],[-127.21248915057532,52.27329946934335],[-127.25786592644681,52.2610027751203],[-127.29762083668763,52.232429968550804],[-127.33951206175642,52.23335136841356],[-127.39972912786182,52.21748546413029],[-127.42655794077722,52.18859667730682],[-127.45806576337118,52.19169277296663],[-127.4324360455046,52.101726858961385],[-127.46776964747477,52.07698827202683],[-127.55421104808153,52.089771556339045],[-127.55462876652463,52.10531397244363],[-127.4746238346093,52.09985258113409],[-127.46360314636534,52.126935371823905],[-127.49161894756958,52.15738348337138],[-127.52644675062506,52.156189557488204],[-127.54418063917561,52.13063068706488],[-127.60729496140465,52.118050676265085],[-127.65533725858224,52.0295474595798],[-127.65146743788337,52.005567976647896],[-127.66806524433386,51.964197556918656],[-127.70407135155166,51.94111396407115],[-127.74738393719059,51.9510236832593],[-127.80907804311792,51.93464236024305],[-127.88242365051093,51.8969862778396],[-127.86248754502145,51.86635018011562],[-127.89623554900147,51.819671664303264],[-127.87294253853533,51.757066258971214],[-127.8914569408983,51.715205864381595],[-127.87699383059025,51.66964257147632],[-127.82399285474025,51.63791267819573],[-127.72686403950328,51.62823087741837],[-127.72357494182904,51.615175163151974],[-127.79583285838376,51.595652058832236],[-127.78724674570786,51.55595367583799],[-127.7969388599776,51.529231264247144],[-127.72987476854013,51.52191507477474],[-127.69609335104352,51.536803761420344],[-127.66174336621201,51.51676796921056],[-127.5954385595072,51.56614387802742],[-127.55950883378505,51.60823207806589],[-127.54806982799688,51.63814337463301],[-127.48455036359316,51.646369862034895],[-127.45201496438867,51.67052147398607],[-127.33536835031873,51.692690569989985],[-127.26221955220268,51.68496838017591],[-127.26568194166947,51.666665872215475],[-127.38501635858103,51.65594887348412],[-127.50768945422367,51.62021825838112],[-127.52125774192109,51.578773758588355],[-127.52109555064003,51.51345237452774],[-127.56319203811555,51.499767184000724],[-127.56335545290027,51.4775850601518],[-127.63385914767622,51.43038105932141],[-127.65524544223827,51.394811480544384],[-127.72019703384971,51.40118626091881],[-127.75466644965915,51.36955458022703],[-127.7907940547319,51.358790370630665],[-127.77451064031422,51.3204406659047],[-127.6887543547189,51.337343263395866],[-127.65334676201704,51.33307487155406],[-127.52452673099113,51.34237637233029],[-127.4939240505462,51.315396166250636],[-127.35628495631272,51.308831965713864],[-127.42262096027993,51.27225396220804],[-127.46908635520747,51.26487655948237],[-127.5808097401409,51.2619683692487],[-127.60232324969276,51.28373737521465],[-127.67702782759974,51.272375070786865],[-127.7115744408417,51.255602172276895],[-127.76669983629357,51.24834577332259],[-127.78594014010638,51.23047197045277],[-127.77787624807635,51.1867017591512],[-127.78745635343913,51.16350136817448],[-127.74909053440989,51.1587150491245],[-127.7382395308001,51.188722903962336],[-127.61079573063881,51.19154359296478],[-127.4568263070147,51.2043336335772],[-127.45290022622906,51.224481344818685],[-127.39100198581517,51.22850781071052],[-127.32340038708901,51.20924591708383],[-127.23498036667999,51.219406053947004],[-127.19454755690275,51.204024315100874],[-127.15510804241559,51.207196116788545],[-127.0734758613103,51.22960372133552],[-126.99726839949685,51.24074127653931],[-126.92251483320804,51.24201423118871],[-126.92377080188365,51.27788547646084],[-126.89211194251273,51.30674415202375],[-126.84064468654853,51.323011044470626],[-126.81018602844317,51.29905824775551],[-126.76405352233361,51.301295852542786],[-126.75025052821682,51.33331396921363],[-126.72545645916472,51.34517328062297],[-126.69907057472345,51.40972759472434],[-126.7235674684575,51.43485654473313],[-126.7073557929555,51.46025048839909],[-126.61992640014597,51.443444913348024],[-126.58542317620731,51.406300264813886],[-126.5283952408165,51.41821054973881],[-126.48175777992797,51.442474870559714],[-126.45115164318888,51.47644104955074],[-126.38898627704566,51.48166409296434],[-126.34562801995258,51.46205361211859],[-126.29272469955582,51.45414587829086],[-126.21711654089216,51.453971747561255],[-126.17240350370241,51.43585480700048],[-126.14966459794785,51.460616252503215],[-126.09903163642014,51.47510635161935],[-126.117981971841,51.5183200372358],[-126.05301754589101,51.5655576525904],[-126.06255715077789,51.58189959710752],[-126.02812905514807,51.599942234908745],[-125.9817983779726,51.58068623634849],[-125.93242410027479,51.595598755710995],[-125.91032136192044,51.614332320136185],[-125.95067813600483,51.64843552199858],[-125.95518426309731,51.69221088484292],[-125.9911783772984,51.68829617051804],[-125.99730286292616,51.72835402105631],[-125.96216424299874,51.7473641799003],[-125.9501714670445,51.775572336660105],[-125.9716467520725,51.78881610270392],[-125.92705651667838,51.81777891787837],[-125.91437244050427,51.89015228243193],[-125.87062318854537,51.9108766182848],[-125.88081254096376,51.96339773430073],[-125.85591827696204,51.977365010496165],[-125.81464678908077,51.975418500025434],[-125.77707923348574,52.00090146997352],[-125.72082804693642,52.00849998679291],[-125.67857356867941,51.94317143658904],[-125.61162566020698,51.903255004124446],[-125.57529156166571,51.91336322114326],[-125.58584579617701,51.95166764241634],[-125.61632122050044,51.987860056222054],[-125.57960170978912,52.05557332099856],[-125.62336741784692,52.048768672196914],[-125.65909722623091,52.06056285432705],[-125.66884336766128,52.122034350121886],[-125.59922426991012,52.158469943577636],[-125.48272764980837,52.17755367766363],[-125.45135843865219,52.204553205361165],[-125.50266766064081,52.22926205479107],[-125.47746974876168,52.280095606156344],[-125.43940268730765,52.27615946285637],[-125.38280981026597,52.32956318335962],[-125.34371562113611,52.34494182530952],[-125.35864715049276,52.38069414697354],[-125.42969316276678,52.404512639563855],[-125.46641476310275,52.39877461877687],[-125.48938222094917,52.43196510062959],[-125.45601831964845,52.4715413833897],[-125.53013695937112,52.49701324487957],[-125.62045876803427,52.511151928929436],[-125.73517764311782,52.47983875217299],[-125.75409549418758,52.5079502347586],[-125.79935912825823,52.52523375760732],[-125.85056860904143,52.57674702178839],[-125.88492910903948,52.62816892208789],[-125.9879941420308,52.6193019664516],[-126.04678464313498,52.58157272768201],[-126.08418432977909,52.59170521053315],[-126.13602534040098,52.57691345782295],[-126.15401054483105,52.54563493474424],[-126.19778243735524,52.49996820644382],[-126.22007345273822,52.49629532356046],[-126.27040579190972,52.5412111138843],[-126.3008051855368,52.54531158208241],[-126.31798781165777,52.51833591864489],[-126.35884190165231,52.53504940217036],[-126.41048459245903,52.593227911266084],[-126.41306682056221,52.614748895076524],[-126.44567406918698,52.6541682486917],[-126.41658039558595,52.661490685326996],[-126.41138912897394,52.68885652207603],[-126.36112167277766,52.70693424338591],[-126.333533322409,52.75160063448083],[-126.33565614945111,52.829532510485635],[-126.37024924634594,52.82290787129629],[-126.41615760962854,52.79422956895584],[-126.53027968673206,52.77515152204931],[-126.55585367722269,52.79235403771668],[-126.55351406805518,52.81525261949873],[-126.60111948731536,52.81297916064878],[-126.63919710165784,52.84600862245689],[-126.58734841708907,52.879381377319035],[-126.59775988269813,52.91348365278462],[-126.6460628730721,52.94192569695321],[-126.60910991847167,53.00027962206946]]]]},"properties":{"district_id":"CA:5945","name":"Central Coast"}},
{"type":"Feature","geometry":{"type":"MultiPolygon","coordinates":[[[[-130.3787697531717,53.78230335978872],[-130.39078154625903,53.75998036897558],[-130.33328854021983,53.7499809665763],[-130.32778334914153,53.76728367113954],[-130.3787697531717,53.78230335978872]]],[[[-130.8078789343275,54.492187775046034],[-130.8567077642106,54.452121868113565],[-130.81196785186847,54.45230707048084],[-130.78861387554034,54.47426268357308],[-130.8078789343275,54.492187775046034]]],[[[-129.27074423466414,53.40101686826605],[-129.26158783752956,53.367103683691425],[-129.22318304177736,53.37171238731481],[-129.23202706853561,53.40863077736139],[-129.27074423466414,53.40101686826605]]],[[[-132.13082675918923,53.201053685526524],[-132.11050776747194,53.18900767380354],[-132.038315151923,53.20395908687085],[-132.049234850471,53.22309756828979],[-132.13082675918923,53.201053685526524]]],[[[-130.63282694909253,53.92066676937523],[-130.66171164151635,53.90024217854506],[-130.62090895346915,53.874838583931755],[-130.58958023324539,53.90111097841882],[-130.63282694909253,53.92066676937523]]],[[[-130.4595669428735,53.79202646893152],[-130.4623141440689,53.76411766985789],[-130.43372056450553,53.74951387018275],[-130.4030909290937,53.76973337410643],[-130.40630083821517,53.78906698066873],[-130.4595669428735,53.79202646893152]]],[[[-130.64343795603182,54.12038368751099],[-130.65232274490654,54.10254397350359],[-130.61770217169558,54.07558937237904],[-130.57141974763564,54.080913076268004],[-130.60291426559377,54.107158464490894],[-130.64343795603182,54.12038368751099]]],[[[-130.78623444087773,54.46925657236978],[-130.8079763501298,54.44858278575835],[-130.76096694403864,54.41309707002963],[-130.73098352560248,54.42637507475743],[-130.78623444087773,54.46925657236978]]],[[[-131.75563225693938,52.769200583389136],[-131.71105795135045,52.745705373673886],[-131.6104249604464,52.75113027842962],[-131.64147264141596,52.77831837966729],[-131.68915375529767,52.76876616933144],[-131.75563225693938,52.769200583389136]]],[[[-130.77681376900287,54.399256684410176],[-130.7738006629375,54.36194377293221],[-130.72681065043224,54.359776182257036],[-130.70234022967347,54.392877576215504],[-130.72128247266366,54.4085994802797],[-130.77681376900287,54.399256684410176]]],[[[-133.0597393716285,54.256285984330304],[-133.06976839226078,54.234512679329825],[-133.01652477815153,54.1928730778246],[-132.98107096325938,54.18681878340991],[-132.96688214271163,54.22422707864408],[-133.0017189486336,54.25600257143862],[-133.0597393716285,54.256285984330304]]],[[[-132.37851557360685,53.00513086612033],[-132.2876639684926,52.970089577816346],[-132.19782173946098,52.97691586853629],[-132.21601847308816,52.99325158029226],[-132.33451006288053,53.00802766108936],[-132.37851557360685,53.00513086612033]]],[[[-130.44733196850564,54.32819008270805],[-130.47340675907293,54.30519617418766],[-130.40819105921824,54.2488544803351],[-130.36752506720978,54.260233872863296],[-130.38824904994928,54.306737167117305],[-130.44733196850564,54.32819008270805]]],[[[-130.57735305292138,53.84725586627824],[-130.62317324158815,53.82603228052567],[-130.62672715981157,53.80913836420348],[-130.58975745411215,53.788222389445636],[-130.54951307021972,53.787805065167255],[-130.50037365855817,53.8196219851099],[-130.57735305292138,53.84725586627824]]],[[[-132.14118575940526,53.823535787621395],[-132.20343084775004,53.790720466420005],[-132.2154005698608,53.77141528589063],[-132.16354165589775,53.72656267267125],[-132.1374959428178,53.77001106873306],[-132.14118575940526,53.823535787621395]]],[[[-132.58418945744805,53.15213918568104],[-132.5949947547263,53.12768546315812],[-132.54276837879752,53.10509326972764],[-132.39321324537468,53.10794306749712],[-132.40876715548228,53.128820571532884],[-132.4915114593205,53.124731687198995],[-132.58418945744805,53.15213918568104]]],[[[-129.94091878211373,53.54741997729317],[-130.02616425114775,53.50998027137388],[-129.97467244640902,53.47605427210334],[-129.92768277467016,53.469471572115985],[-129.89492714732535,53.52084137289288],[-129.89567487166252,53.54124027184842],[-129.94091878211373,53.54741997729317]]],[[[-131.84103116128253,52.84651808753126],[-131.83047107234862,52.81912767205831],[-131.739438743788,52.807137277546204],[-131.69395145383294,52.816884573742804],[-131.69700523991392,52.84341477224795],[-131.75177824664138,52.86056366909898],[-131.80609235431996,52.84435617290242],[-131.84103116128253,52.84651808753126]]],[[[-130.1863343438269,54.07930517690032],[-130.22420955309033,54.05431596094004],[-130.20630864599715,54.003270891249],[-130.14732686321312,53.98792076599887],[-130.13078914206395,54.02661938364916],[-130.1611878266843,54.06774917635288],[-130.1863343438269,54.07930517690032]]],[[[-130.25923943822977,54.19461346796849],[-130.28940754777025,54.15184156309246],[-130.24601317634233,54.11721758043449],[-130.1728461347411,54.125161880416336],[-130.15485176855472,54.15054697389305],[-130.2280782478671,54.190036086623714],[-130.25923943822977,54.19461346796849]]],[[[-130.29200706392143,54.33193856826981],[-130.3529392779229,54.30054047448487],[-130.3596975559416,54.27475796255188],[-130.3359468430089,54.24127198837347],[-130.25958195766987,54.254750686184586],[-130.2483978434451,54.29966308116963],[-130.29200706392143,54.33193856826981]]],[[[-129.40865244730338,53.40878597778465],[-129.4570682557167,53.37707736876809],[-129.45190497317031,53.360720370946616],[-129.40036514850888,53.33853967604166],[-129.385542966305,53.295413176258826],[-129.33789355317137,53.30128376550989],[-129.3346691548421,53.362715679555954],[-129.40865244730338,53.40878597778465]]],[[[-131.34934376784776,52.42845425881283],[-131.37075343954055,52.418971868517325],[-131.35015104666766,52.357615463716385],[-131.3088027483194,52.35499498076968],[-131.30364556415535,52.38344916499258],[-131.2542046449321,52.4176458756172],[-131.23582466835578,52.44183327798198],[-131.28568785429195,52.44884608551302],[-131.34934376784776,52.42845425881283]]],[[[-130.79346395993912,54.216104772406645],[-130.81793067471142,54.16554247891122],[-130.7469429483334,54.14335758851758],[-130.72754563543532,54.12167687241044],[-130.68706283609046,54.107537275404034],[-130.6525584616928,54.11307608398476],[-130.64268885183583,54.14090646882839],[-130.66248316601397,54.15732616239038],[-130.79346395993912,54.216104772406645]]],[[[-131.1146017548207,52.15178588524499],[-131.13219307471184,52.099872069136254],[-131.12824884895997,52.0725428753708],[-131.081112356967,52.038900164740426],[-131.08915427595372,51.983400171996365],[-131.06822445346936,51.96566878052274],[-131.01971795879282,51.97275137123242],[-131.0308221529037,51.997118176032714],[-130.9771004687051,52.011089672215256],[-131.0319383377196,52.03362636868311],[-131.0413391422405,52.05627696514238],[-130.9923027565946,52.05840186462086],[-130.9396678757932,52.07748917774445],[-130.93657875348146,52.0934744707787],[-131.04649204700874,52.118251482132656],[-131.05575865807265,52.14980627536382],[-131.1146017548207,52.15178588524499]]],[[[-130.89493035047795,54.63479956547258],[-130.9275097562135,54.62090066603845],[-130.94819354663838,54.56460596509976],[-130.97136053643746,54.550692880419895],[-130.94969884635935,54.4690571911631],[-130.87544886483164,54.494214370282364],[-130.76010025134676,54.56820776775979],[-130.7522746573009,54.60470595995267],[-130.76850986726504,54.623462766581945],[-130.85818206622503,54.60744048254285],[-130.89493035047795,54.63479956547258]]],[[[-131.68995456136477,52.73269807471041],[-131.7193695502333,52.69789046474812],[-131.65565703833184,52.659751572343175],[-131.66270547032877,52.63899087265636],[-131.6063521552713,52.58348518439945],[-131.54630543425924,52.59867577335317],[-131.59556846349872,52.641057365381094],[-131.56399786115165,52.64667296595147],[-131.51992817214517,52.61639717788445],[-131.46362505237258,52.62504636960757],[-131.463448480705,52.67476697758548],[-131.44166248012456,52.70428087968648],[-131.48843705414035,52.73852028493577],[-131.52535883312655,52.72702977002622],[-131.55495784920103,52.700533773239734],[-131.57824706438294,52.7257379708413],[-131.68995456136477,52.73269807471041]]],[[[-131.92695986954547,53.015588772907634],[-131.8934447768567,52.93346177852263],[-131.82006445341253,52.86721608212349],[-131.79456997265177,52.886478562902376],[-131.6952015538945,52.87375037364848],[-131.65851284856518,52.889406769191886],[-131.60572386199738,52.96300846916783],[-131.66279335808696,52.999374174805965],[-131.7547392364808,53.009840676201264],[-131.7817688735647,53.02883257427205],[-131.87810764723372,53.03839038547687],[-131.92695986954547,53.015588772907634]]],[[[-130.31175654216958,53.79675487230818],[-130.3179800590082,53.77981387794122],[-130.2875676589177,53.751074776204554],[-130.33099044001335,53.74059547532487],[-130.40452165220677,53.68801358327594],[-130.35633984867192,53.62933048933857],[-130.332863156752,53.6175850640543],[-130.22763995193853,53.5942066832314],[-130.1543249418273,53.56809516683289],[-130.10041033061512,53.58422577092938],[-130.12342004350833,53.64750197670868],[-130.12202374875284,53.69287298715015],[-130.1578152480614,53.70958329258101],[-130.20788425776084,53.710904970007064],[-130.2311615630743,53.72561697805696],[-130.22073794988944,53.76025946783166],[-130.24206055140155,53.79247229133509],[-130.31175654216958,53.79675487230818]]],[[[-130.55004835764484,54.05670577954474],[-130.56135915181264,54.032828966757435],[-130.6022095440331,54.03292006894875],[-130.6279590487673,54.00727008598546],[-130.664227169794,53.99413457234456],[-130.68990594005794,53.95502436647569],[-130.7225682412099,53.93985367061703],[-130.73212737910455,53.91023157938891],[-130.71120035282064,53.89776688797496],[-130.72190284299114,53.86895518113603],[-130.70684165936626,53.847164764828136],[-130.61581106528567,53.84519787985703],[-130.6157063477962,53.861802769918185],[-130.69897625762988,53.892807760664795],[-130.67960907093826,53.932812373560786],[-130.61116317084424,53.94889747333819],[-130.55135765762296,53.897781160060156],[-130.47241396241714,53.89219538051886],[-130.51074196229104,53.865039960984305],[-130.50345765026844,53.83745447847574],[-130.43982635307464,53.84822147004144],[-130.4010800447055,53.82509376314745],[-130.34373235143207,53.827664472243754],[-130.33470887547549,53.87980188062826],[-130.2795019703125,53.90176897311315],[-130.2310258530912,53.95207346593386],[-130.24081353956225,53.98607496631004],[-130.32641863735105,54.06032326688775],[-130.37863366699347,54.08728647966911],[-130.4156183484153,54.089535288240974],[-130.5003171408243,54.06431967757676],[-130.55004835764484,54.05670577954474]]],[[[-130.54010795324675,53.627466186252036],[-130.54810786536498,53.55137497453421],[-130.48750883110574,53.53398537017542],[-130.45642383273517,53.50714757709797],[-130.419509452968,53.51570985954335],[-130.41468124954477,53.46677406562625],[-130.3488774623607,53.42306507481821],[-130.31048116449816,53.38763216444758],[-130.2327444677253,53.37478728269652],[-130.21037354162206,53.3545392668869],[-130.1188284583645,53.3242306615196],[-130.09366876004864,53.28735507585293],[-130.09976114324897,53.27224128386545],[-130.0012144493488,53.21543388829134],[-129.96175673326834,53.17019096777583],[-129.8952088573937,53.17203966690023],[-129.83380503903078,53.18721038175952],[-129.7824118593774,53.165956879028755],[-129.75569475127654,53.21857426977817],[-129.8202603509613,53.298556463889064],[-129.90554343436696,53.39182217586087],[-129.97751914681933,53.44251977324888],[-130.07671775038102,53.49233867494607],[-130.10771125478317,53.514456572758796],[-130.24691396787784,53.56987117204896],[-130.35954023700663,53.601356173840394],[-130.39943814356187,53.61829857358029],[-130.48780365753345,53.63272157026138],[-130.54010795324675,53.627466186252036]]],[[[-130.22052957738347,53.90672377799963],[-130.2872111647491,53.868805569632926],[-130.29007977799955,53.82360547682335],[-130.21074056349104,53.81038307115925],[-130.20586384046507,53.721379980561466],[-130.10186733660154,53.69815688032791],[-130.09904353709763,53.66827686609952],[-130.06182414761835,53.59789676505038],[-130.00864586044406,53.56478246503622],[-129.9561670329637,53.57845487195452],[-129.9141699599766,53.56965037454904],[-129.86807583486822,53.51776787224096],[-129.89037643305534,53.51385557021503],[-129.91307615780255,53.46623145936884],[-129.85443184302568,53.448236577506286],[-129.84979535293715,53.40836726905943],[-129.83258187416317,53.38735587959727],[-129.77961293616818,53.37109286716327],[-129.73220064914884,53.33041176572526],[-129.6995474552056,53.32062887602186],[-129.66264335063502,53.27587586623537],[-129.60647505981683,53.23636267760469],[-129.56376276814888,53.21842188101073],[-129.49945153597326,53.21704607279168],[-129.51234596357816,53.25829687847609],[-129.4692599675408,53.29371988159698],[-129.47206416818634,53.35213806624531],[-129.4593998438723,53.38292948833293],[-129.43546404952284,53.40194978516058],[-129.4518674587323,53.43957878333479],[-129.48768784334752,53.45716498518225],[-129.57109553553977,53.515771166662276],[-129.70616022808912,53.59972407196605],[-129.73987967811365,53.638953877801185],[-129.82504403830148,53.70995496514146],[-129.93312113887396,53.7648838678736],[-129.97122044164863,53.79796396468417],[-130.08159165237043,53.85419747321627],[-130.1275228628649,53.88937827279666],[-130.22052957738347,53.90672377799963]]],[[[-132.5705530833979,53.09670897598737],[-132.53305276107469,53.047183486083675],[-132.49759037026905,53.027300065455464],[-132.46871105077858,53.0355362680802],[-132.40693965323288,53.025328968048825],[-132.34396765377625,53.0453134647237],[-132.30782284707433,53.0188459680887],[-132.27241155758227,53.02067327624588],[-132.1569519398719,52.97809506949213],[-132.22986085452393,52.960474789540655],[-132.3565604559056,52.94751728955627],[-132.32274797056326,52.89213266944551],[-132.261419841711,52.865222277426476],[-132.26396614786432,52.840327080766734],[-132.23334475189554,52.80084937877849],[-132.17574367036005,52.78144307706981],[-132.13239663342415,52.74417156974169],[-132.1024521800205,52.75683276954928],[-132.10019475713008,52.78455649046759],[-132.06885875258223,52.78646627345715],[-132.06302674870636,52.812922368902626],[-131.95022367040625,52.77298046943491],[-131.95780956878363,52.75431907946265],[-132.0246253589795,52.771064875379125],[-132.1082821426948,52.734844369276345],[-132.04554145724467,52.68444586448051],[-131.9418671757568,52.63822887511342],[-131.8940531651543,52.578138678628676],[-131.8626120572545,52.57611486688627],[-131.7829083749282,52.5116935680232],[-131.65507566828018,52.473356670882005],[-131.6542278660226,52.456100983314556],[-131.6133191523227,52.41904447906927],[-131.56910636494763,52.4347349815821],[-131.5352765772762,52.415708981030654],[-131.59114756743,52.39862557834183],[-131.59973737141297,52.37746606385112],[-131.55834015895954,52.350437463342715],[-131.53339767456484,52.31772058185776],[-131.48150243222736,52.27510106965163],[-131.44306745673597,52.25515647574142],[-131.42975507916807,52.22179006840103],[-131.3905947470851,52.19523567184674],[-131.3225563531513,52.18076718344154],[-131.2592720445151,52.120991663739034],[-131.15432315305716,52.127605665778184],[-131.12065953059533,52.166344170574064],[-131.04513705574183,52.16328928555034],[-131.01481076632103,52.18140946822059],[-131.00990567393012,52.21697477608619],[-131.02701744416814,52.23170827356505],[-131.092941371715,52.22536906357601],[-131.08386294135425,52.265715567529156],[-131.12635817467458,52.280854876232475],[-131.139325259711,52.312633262689054],[-131.1761217508459,52.3248999616012],[-131.29998883977603,52.28649327192689],[-131.3412758379068,52.30471896987061],[-131.36301256605302,52.376251274566215],[-131.42658145963776,52.40796417354355],[-131.41637944796176,52.45775736981449],[-131.47275726334723,52.47738157342132],[-131.47860323990793,52.506187572113625],[-131.53417706418497,52.51440807293912],[-131.5753479440025,52.53688068030844],[-131.60193246237677,52.52056217173233],[-131.64565367001302,52.53842316990046],[-131.63160435970025,52.57594816459508],[-131.67489345511032,52.58075069004347],[-131.70110476408865,52.612060465804625],[-131.69851125648427,52.6390705907344],[-131.73256828448734,52.68427787755521],[-131.76723833287886,52.70601837091666],[-131.83222215157627,52.71955408302126],[-131.80384256811752,52.74187427068856],[-131.77725304071754,52.80185197122517],[-131.81355474874047,52.79645428138352],[-131.85119807363634,52.83325296866033],[-131.85214785903744,52.870387887805016],[-131.88890415091979,52.89189907562056],[-131.9021895509581,52.954047267703224],[-131.96263946270486,53.015558871822535],[-131.95523163943184,53.03717267349432],[-131.887724659391,53.06419137439393],[-131.80564526153518,53.06801678942629],[-131.78269177862236,53.05562617351751],[-131.66482464850904,53.041267272366596],[-131.6248460767505,53.05827947671161],[-131.6456224725183,53.10916366695113],[-131.68983666350343,53.11058218063655],[-131.70826387267167,53.14837067259268],[-131.77707405612935,53.158483982318906],[-131.77306975365659,53.19750447776363],[-131.8028403719037,53.23056326488519],[-131.91197326889517,53.23767576899],[-131.98203456400873,53.201086362739574],[-132.01396294739524,53.19836047810857],[-132.08396184099357,53.14799327460909],[-132.12883724686,53.159137780159426],[-132.23231113792582,53.139342674184476],[-132.3020710412043,53.15313757138061],[-132.39383708841717,53.126282677501706],[-132.38872935196605,53.10798017747739],[-132.4164203623444,53.09920697436],[-132.5705530833979,53.09670897598737]]],[[[-130.21744809187118,54.726094979649936],[-130.26788117999007,54.70661097927826],[-130.34963805511316,54.694664770848476],[-130.36935327482118,54.680674777606384],[-130.39179662840274,54.63077047384159],[-130.29160655027812,54.57345026265734],[-130.30433883056276,54.566662473745346],[-130.2151320476433,54.48484166889622],[-130.26915956566515,54.5017398713666],[-130.34032464853203,54.58107267855498],[-130.4287511491876,54.63621809198742],[-130.45711815876712,54.62007036920224],[-130.41596503223658,54.58797718156152],[-130.4506901450432,54.5295034787878],[-130.4478818728788,54.45710087977867],[-130.4837508520346,54.43883398539416],[-130.47427877188014,54.39014318031808],[-130.48442776836362,54.37433437208529],[-130.44451623701062,54.336456181035004],[-130.37247142725832,54.31940267385041],[-130.27532005980828,54.33937007962184],[-130.24256765527133,54.30155728114098],[-130.23174763099038,54.268061378383955],[-130.27274915744965,54.242190562761664],[-130.2783858319501,54.20406447445114],[-130.1780823683235,54.17870788088013],[-130.12957584168325,54.148414979967015],[-130.0611308566826,54.174023674142504],[-130.02239494065017,54.17003587628305],[-129.98477764602222,54.19672976415734],[-129.9539032462891,54.20056378976216],[-129.8608793306016,54.23595827639798],[-129.80881394119186,54.233226578444686],[-129.7763559458319,54.198396162965366],[-129.85321886458988,54.213442869393006],[-129.95335794841512,54.17824218568604],[-129.9295057542659,54.13737156821054],[-130.05354573188018,54.14740517555717],[-130.08412594986055,54.11303188359307],[-130.10219773946486,54.06363037064767],[-130.0853427526988,54.023739685039665],[-130.10918534328746,53.94840607142438],[-130.07239405259585,53.89174386744177],[-130.01464904004123,53.85476286453164],[-129.89522024023003,53.76756288125122],[-129.82185755847206,53.732188271799316],[-129.75909214442405,53.678823172893566],[-129.74931734903248,53.65606286268713],[-129.6469942506016,53.56687176513832],[-129.44613286179796,53.45399176215829],[-129.38396024882985,53.40816787090591],[-129.31295866413672,53.371672472035165],[-129.2909898350294,53.39645658069752],[-129.2388969646572,53.42371877273321],[-129.23404395613414,53.518586757570056],[-129.24977984069537,53.60366767149639],[-129.23118924164635,53.63112061045118],[-129.2947454355646,53.69805311763069],[-129.29428548964307,53.709240036998764],[-129.37348442749385,53.796540991213156],[-129.37485003521846,53.94072209198467],[-129.3711170050141,54.35650354312912],[-129.47565954304,54.368227365352105],[-129.49673669392507,54.38485507476555],[-129.52504985612993,54.438547075856526],[-129.56514829580357,54.460699638628675],[-129.6536962240793,54.487211644846305],[-129.69228744497366,54.527262809083666],[-129.65861922917918,54.55687810330937],[-129.65822419135867,54.58094121429193],[-129.68717345002958,54.59476258381519],[-129.6460477318485,54.62912796274274],[-129.5684484890757,54.63560485753031],[-129.54601423909114,54.602567669116546],[-129.50121758089384,54.603283752549956],[-129.47458588763644,54.618674191788415],[-129.46393839229324,54.66028769401973],[-129.5130048892039,54.65844128168146],[-129.56697348644812,54.68030249261593],[-129.68434001387416,54.69541212750018],[-129.70113971008823,54.73643290736383],[-129.7538583218572,54.72357650968252],[-129.79535370576477,54.745787634777486],[-129.9655992831814,54.6989254664451],[-130.0588254697519,54.70320042786308],[-130.13988538379198,54.73072440382687],[-130.21744809187118,54.726094979649936]]],[[[-133.07629605047788,54.18195937087627],[-133.05153828389837,54.160616173207494],[-133.10003947192888,54.123015579219086],[-133.09631013919426,54.10386427721656],[-133.05034858467835,54.04538908240972],[-133.0787831703385,54.00847776095151],[-133.11877706290514,54.000489480691236],[-133.11350154882683,53.961625566432915],[-133.1341401811376,53.92274467464557],[-133.15427366296598,53.9148317733357],[-133.13952858660045,53.8676334775969],[-133.10956877600597,53.83587218402497],[-133.08139885488794,53.82603087762768],[-133.12827105954366,53.79787856819663],[-133.11116774494516,53.77535187156931],[-133.0207257649781,53.76673677127008],[-132.99428756919127,53.74711257978108],[-132.9943336812218,53.7139755768169],[-132.93060855130864,53.704675473853456],[-132.95058255486163,53.684655368664295],[-133.0007015632038,53.68482057899153],[-133.00445055158391,53.66704636815613],[-132.9522557782386,53.6626583760184],[-132.93365745803214,53.62391567588244],[-133.00305736702217,53.58986986080268],[-132.92430458009974,53.54019777611493],[-132.88908915962588,53.49899826758505],[-132.8838072720428,53.46672707742409],[-132.81356557130815,53.481654167889424],[-132.72970863553752,53.490851771021624],[-132.75905086605505,53.455901678432106],[-132.66242786973177,53.44451087078314],[-132.64261375266128,53.425104584826265],[-132.53485688205043,53.41613917235383],[-132.515349573029,53.37773817691418],[-132.42092597149895,53.34081987590067],[-132.411984749595,53.32076418545076],[-132.4832855649622,53.32225527636792],[-132.54086654444345,53.36572356653705],[-132.69234846336602,53.36534328768058],[-132.7205745552902,53.37693498721327],[-132.7252591526623,53.32544408459065],[-132.63287746315515,53.32506668051384],[-132.62826888573082,53.29119467781728],[-132.70724834943914,53.28433286568269],[-132.71720155706376,53.25974526175067],[-132.61953486717726,53.24856387538813],[-132.56702725491283,53.21915388665803],[-132.5936655556795,53.20438347160647],[-132.55697914878007,53.17091597756202],[-132.4587506813392,53.13528507147961],[-132.39758195413063,53.137784582298195],[-132.36063736615424,53.153335481471196],[-132.29946597205017,53.15486798173142],[-132.2264296842771,53.14587837517059],[-132.13350316606602,53.177585467831136],[-132.13690465678587,53.19524719171919],[-132.1929064590101,53.1970757666756],[-132.25337665468882,53.18436908239052],[-132.2460842453254,53.21800178135668],[-132.18077805687528,53.2426675854983],[-132.12510807167,53.25200187772205],[-131.99169785023707,53.2529105776859],[-131.9659023468419,53.303086875339076],[-131.92606075273963,53.35834906558425],[-131.9338669633704,53.379854557548754],[-131.91200245401467,53.43184388589653],[-131.95537826112943,53.51198708957231],[-131.92490974614876,53.56302068598916],[-131.93503514854672,53.61561817427537],[-131.87423675245824,53.709376768459784],[-131.88471145589818,53.770241763851885],[-131.86262133720908,53.80693647685173],[-131.75943468858625,53.912135779426244],[-131.70803955050064,53.97728766318476],[-131.67803187349205,54.05298147409831],[-131.65809396134208,54.15532517652218],[-131.72000935368152,54.108384693509095],[-131.79083557586847,54.07377357988844],[-131.83698124560098,54.068889970326026],[-131.89326408841836,54.046894477979414],[-131.99473876875882,54.028485067272236],[-132.11272555534822,54.03124098742673],[-132.1663265546699,54.04053817403926],[-132.12321025309194,53.96721279181524],[-132.12378666738582,53.92831187481778],[-132.09682864826758,53.90864497326032],[-132.09078305110998,53.88171319072725],[-132.1284693664952,53.808584367290756],[-132.14029497743653,53.74891997302879],[-132.15981993949256,53.7134001778625],[-132.21133986230646,53.6519753881967],[-132.24849594132505,53.666854178655925],[-132.31835677744067,53.676325183525634],[-132.34618776597014,53.664303365197284],[-132.3586220499287,53.624055175638304],[-132.4400409774507,53.61176288210096],[-132.45882796624633,53.618412458106015],[-132.36073976803527,53.664005681403566],[-132.42762436112073,53.66724148144968],[-132.47828667725798,53.655238277754876],[-132.57867226756102,53.661123087246374],[-132.59266487234186,53.67959367892081],[-132.53731487539133,53.697501685995796],[-132.48292324865275,53.702591873263465],[-132.43183234686333,53.72222317463364],[-132.4078421589523,53.746494467276634],[-132.35911515926847,53.758674369635386],[-132.25964205760957,53.7646759765807],[-132.224460572449,53.783377270809126],[-132.20353355425385,53.81516986892796],[-132.12930054682602,53.842880667625636],[-132.10572385264467,53.88088718222269],[-132.15272793106072,53.93061197326711],[-132.14439067464383,53.9663340790328],[-132.18815405682474,54.019777479420014],[-132.2504804392146,54.03966937614983],[-132.23827877583588,54.06952796927246],[-132.29180515467704,54.106735482807146],[-132.36107905768455,54.1092106679903],[-132.4349842793462,54.10073098456051],[-132.48431525433546,54.06565838016579],[-132.5232166609314,54.06147688499538],[-132.5638602703394,54.038923167189154],[-132.58941076775378,53.979562084070395],[-132.66101016398795,53.96560488579519],[-132.68311486333076,53.982404770902654],[-132.5909890673846,54.024599860587244],[-132.56646065452796,54.052695276250184],[-132.58429975780408,54.12121969425643],[-132.66134664120665,54.15344238116139],[-132.76357396948205,54.13256065989702],[-132.82025745038013,54.12735228304212],[-132.91780534514422,54.148281083809124],[-132.93683736901554,54.16618336208713],[-132.97939327182914,54.165593777183965],[-133.02599395801766,54.184282184054595],[-133.07629605047788,54.18195937087627]]]]},"properties":{"district_id":"CA:5947","name":"Skeena-Queen Charlotte"}},
{"type":"Feature","geometry":{"type":"MultiPolygon","coordinates":[[[[-129.37158762974497,53.281354877399714],[-129.37946135666894,53.26087897730848],[-129.3456717499557,53.24623096634498],[-129.32562976653455,53.28477007225243],[-129.37158762974497,53.281354877399714]]],[[[-129.57534583309075,53.052162570687614],[-129.5924588489846,53.02067036104263],[-129.5542930310556,53.00896906643249],[-129.53113355398426,53.02596707277268],[-129.57534583309075,53.052162570687614]]],[[[-129.35635856738128,52.85734496731212],[-129.37302233878427,52.82096637705379],[-129.3260182554699,52.798280081093274],[-129.31358955589832,52.83557585822815],[-129.35635856738128,52.85734496731212]]],[[[-129.67080174701502,53.01393388053073],[-129.67625404349556,52.99276016961381],[-129.6326523507717,52.97385236250911],[-129.53926603458288,52.97159787448365],[-129.5780410680324,53.00036118270936],[-129.63211924776954,53.020996562971725],[-129.67080174701502,53.01393388053073]]],[[[-128.89202263717996,53.774947377432746],[-128.94240394839014,53.74958077027268],[-129.01623324860358,53.72679057015166],[-129.08177443178488,53.698027265850925],[-129.05530665745954,53.68023597961437],[-128.98631672262266,53.716489271578006],[-128.9378376655394,53.71047057198383],[-128.89800796690187,53.73434317341869],[-128.89202263717996,53.774947377432746]]],[[[-128.43756435440486,52.54466686553556],[-128.41046172439604,52.510453072031076],[-128.41275112369124,52.46571866897992],[-128.34940594224602,52.48305416775018],[-128.28225044840084,52.48618028692621],[-128.2757516541613,52.514254270570056],[-128.35155495184821,52.52429495504682],[-128.43756435440486,52.54466686553556]]],[[[-130.37689744985224,54.69360538743929],[-130.23489486416057,54.72282418731551],[-130.2109318631584,54.74972186649568],[-130.2278018628916,54.80041227952047],[-130.2611551738587,54.7669433777888],[-130.3267165473503,54.74687488616428],[-130.3697620547212,54.71996438852219],[-130.3796989781871,54.69318250014233],[-130.37689744985224,54.69360538743929]]],[[[-129.75033496109634,53.1321831598194],[-129.7334730753536,53.0775518732325],[-129.6217748611008,53.05108437762414],[-129.59858375235132,53.07855878867611],[-129.663357553105,53.127206984025534],[-129.68676452975623,53.1357678690661],[-129.75033496109634,53.1321831598194]]],[[[-128.51030423657178,52.883353884696774],[-128.52691064852826,52.79125738288433],[-128.53743676417002,52.778902280924704],[-128.54466264971276,52.710077368769966],[-128.52507424829832,52.64392287030877],[-128.50591074976901,52.641984472825314],[-128.4755557382783,52.706113878401084],[-128.49093434198122,52.772239870348834],[-128.45287875036223,52.80794906511403],[-128.46592796359653,52.843535776604924],[-128.51030423657178,52.883353884696774]]],[[[-130.6290373499184,54.774487391558075],[-130.64410603365957,54.76157407197374],[-130.59349503664774,54.7238439774822],[-130.53120276488707,54.701368486133475],[-130.47906195469747,54.704470375118156],[-130.4359566655826,54.757080673117215],[-130.44435733112198,54.77736577075367],[-130.49504365347528,54.82539286901132],[-130.58708987046984,54.77092687534608],[-130.6290373499184,54.774487391558075]]],[[[-128.34378072894674,52.78431007669324],[-128.33181705507104,52.772627268012656],[-128.3295940461512,52.73000208506541],[-128.31017683588715,52.71518317597977],[-128.27108032852854,52.67259786655933],[-128.2922238436683,52.61794817532151],[-128.2497871674081,52.60070527619503],[-128.2085862489522,52.68772296518514],[-128.16633695130324,52.737957657665405],[-128.14566272586657,52.82565196822919],[-128.17650753649534,52.830149672108945],[-128.22025263728494,52.787661177234206],[-128.31631642559546,52.779839470896675],[-128.34378072894674,52.78431007669324]]],[[[-129.53397744650633,53.18495726522988],[-129.55969644346985,53.17180608572892],[-129.56336243820826,53.14104457379471],[-129.5221189519564,53.13261188827738],[-129.48784424447862,53.10336148667481],[-129.49845536116953,53.08837726642512],[-129.43562973691334,53.04027888282117],[-129.43195503511552,53.017333475151226],[-129.37068497335363,52.97525377472944],[-129.3223118571134,52.96079515683966],[-129.30229394976652,52.97870177801591],[-129.31651504881515,53.0475594586133],[-129.3877356457795,53.08802558349601],[-129.41798836680817,53.12686517976491],[-129.4509451507994,53.14582988011332],[-129.48642195709246,53.190491672759784],[-129.53397744650633,53.18495726522988]]],[[[-128.7649029562795,52.47263465567128],[-128.77233994200293,52.41789798309217],[-128.75701066860344,52.376376579975144],[-128.73515632672556,52.35607447367473],[-128.7306822435344,52.31208207562285],[-128.68736655212908,52.284725871642905],[-128.63061873237592,52.30587827597238],[-128.6161155502607,52.36484616015699],[-128.63117423771845,52.415294580513724],[-128.61969064784446,52.446346558952825],[-128.65657313474512,52.477106676432136],[-128.6893289242378,52.48602647157084],[-128.7649029562795,52.47263465567128]]],[[[-129.02296023285362,53.530219768081736],[-129.06559723058882,53.4920381805834],[-129.05354466152428,53.448421670158325],[-129.1112334489673,53.40408606791092],[-129.15291596440522,53.33797998120838],[-129.12505744045436,53.31245667473973],[-129.05809916067332,53.332904074181045],[-128.99585605105543,53.336487383461844],[-128.95578064150058,53.312865470300814],[-128.9286807463916,53.32666748706245],[-128.92047116586915,53.397378067809065],[-128.98946942363247,53.46857717077434],[-129.00564333949683,53.530078765957946],[-129.02296023285362,53.530219768081736]]],[[[-130.20100796641464,55.030232666028965],[-130.22976534395542,55.0103179906885],[-130.27386994724563,54.95478087019007],[-130.34647253155902,54.90436107464534],[-130.39089116084298,54.88664106826507],[-130.457786345858,54.84117888507526],[-130.4888042344802,54.82928097011326],[-130.42233775839435,54.76844018447096],[-130.27595485490076,54.833654769656086],[-130.22539523555685,54.88948378344092],[-130.15375193692418,54.95644726985036],[-130.15800626484432,54.98601957505415],[-130.20100796641464,55.030232666028965]]],[[[-129.27355984847617,53.326223174783756],[-129.25620823797033,53.2693971719651],[-129.34502984707677,53.20722896955276],[-129.34150235521687,53.134578667923236],[-129.32653563696098,53.112211466670836],[-129.2635176612349,53.09009207802041],[-129.2259991435673,53.09069878786969],[-129.14033252992337,53.11859906871375],[-129.17254364603045,53.15505307958315],[-129.16741242452517,53.20028457141688],[-129.17231515434693,53.284361377658826],[-129.22192187925378,53.314024778029726],[-129.27355984847617,53.326223174783756]]],[[[-128.39010764295656,52.80511627377109],[-128.45117584164808,52.7524006591661],[-128.42939243691822,52.723107478366444],[-128.4493619496627,52.63067777752246],[-128.4366579548899,52.54871727400837],[-128.3524051483249,52.52957736347501],[-128.29207786580855,52.52525778062844],[-128.29726213784713,52.6593327687714],[-128.28779862712418,52.67849697295084],[-128.31546245064558,52.71798318628342],[-128.34647872047307,52.73876386801188],[-128.3565689466527,52.754622372766484],[-128.35247212624046,52.78522007220178],[-128.39010764295656,52.80511627377109]]],[[[-128.5492764528725,52.677478665137656],[-128.57991535260174,52.62751737576354],[-128.58281876315277,52.59882247036966],[-128.66893516874984,52.60705006713341],[-128.75019023929636,52.595535376073634],[-128.75236245994282,52.56133298075689],[-128.70989492375878,52.53639646985109],[-128.74122135087194,52.51435258556962],[-128.80767406057186,52.55269657543855],[-128.82064863787429,52.517980075683845],[-128.76418994317535,52.48489568782723],[-128.70409704206872,52.49715805973758],[-128.52132903992134,52.4316131821515],[-128.48077515699708,52.44686067108211],[-128.46628134685608,52.47366006408959],[-128.51817072052722,52.57259556889483],[-128.53978233899184,52.66337328093268],[-128.5492764528725,52.677478665137656]]],[[[-129.0879767378068,53.67301668065754],[-129.17600503333085,53.62681817297551],[-129.18316825879987,53.59775716476472],[-129.17084955101302,53.54819467563988],[-129.17889564697094,53.50234937888491],[-129.17359355117344,53.444083560569425],[-129.14929485153309,53.414875886736965],[-129.08073435179566,53.45480646630926],[-129.1030388564661,53.49247965914556],[-129.06150646253337,53.529325369089875],[-128.99480526791652,53.569285872787404],[-128.94921355155572,53.57296167854405],[-128.8945074590025,53.55840917640517],[-128.87219242273812,53.63383666971284],[-128.8828974667919,53.662484677075824],[-128.83642886772918,53.68817317643665],[-128.8365941581754,53.71203716872709],[-128.87738283506658,53.716670165215405],[-128.90853034123876,53.69847867606167],[-128.9681251448657,53.70681456815897],[-129.06673615722138,53.67079348423915],[-129.0879767378068,53.67301668065754]]],[[[-129.2903704543669,52.82186217760825],[-129.27866574216466,52.79235967066687],[-129.3034027709365,52.75601527293717],[-129.27568296530606,52.73548817681363],[-129.2694047721777,52.70936817374818],[-129.22815185519818,52.67242557027284],[-129.21280085084126,52.62966227490017],[-129.17711274678928,52.60617567291195],[-129.13108863434948,52.60261227316971],[-129.1456119465312,52.57358396229709],[-129.08231554184417,52.52286936268429],[-129.00915014531918,52.51064396354488],[-128.9743344622145,52.45390486694371],[-128.94346595820693,52.48518906986104],[-128.93546464820528,52.518753361403505],[-128.9422897432523,52.562476575266984],[-128.92745116135603,52.60603466066291],[-129.00647643782088,52.66950736883382],[-129.03986395606543,52.680611958246],[-129.1130383404785,52.74291967438172],[-129.1453383422213,52.75442726673275],[-129.21490583497436,52.79990797938358],[-129.2752678386489,52.82716587366939],[-129.2903704543669,52.82186217760825]]],[[[-129.08606884966207,53.29293225861987],[-129.08969565681332,53.26932307306032],[-129.0485130698777,53.20879707491159],[-129.0924802344719,53.190658371088894],[-129.0821978419357,53.09703366813574],[-129.16870185276977,53.05579857882775],[-129.1966066432416,53.02076017304335],[-129.1981231401623,52.95160197918285],[-129.16118243678415,52.92407766520215],[-129.12788876682362,52.92223896750499],[-129.12527426670508,52.882211574542964],[-129.13703884335646,52.84808328224196],[-129.11325344519236,52.797207665406376],[-129.0667851652946,52.75729276647441],[-129.06257934470136,52.7384974862928],[-129.00238285537108,52.6989500751425],[-128.8944333690252,52.65511287721023],[-128.79687674651979,52.68416676110738],[-128.76505093762168,52.704191184922685],[-128.79131335698335,52.733709269275884],[-128.7175761573271,52.893817463986856],[-128.67734976390636,52.90832308095627],[-128.6811452638303,52.96434716382757],[-128.65416953632732,52.95860767832363],[-128.65583644315686,52.900395876386035],[-128.7068618360547,52.862678564384524],[-128.7318586698617,52.79285957451187],[-128.7559271493288,52.76639206253215],[-128.75741062984923,52.726282064825114],[-128.73831635583656,52.67296817964396],[-128.75424766250254,52.65397916921227],[-128.75505123833543,52.60034637608287],[-128.68338326214746,52.610488179369725],[-128.5932426397093,52.6083703709805],[-128.5698263641165,52.68600536687209],[-128.58788583044995,52.73039946690155],[-128.56554632847403,52.73431177311887],[-128.54566604207787,52.80023128872123],[-128.54215495010948,52.877476084873194],[-128.52314234338476,52.89856296017502],[-128.5236175318865,52.964979576415956],[-128.53930003938348,53.02756357872137],[-128.57567327328587,53.09368107431477],[-128.63765124435747,53.15687466770085],[-128.6981148425909,53.16553668710597],[-128.81308475784243,53.227106678642365],[-128.88653184167603,53.27148786792456],[-128.89798535091427,53.29131858594975],[-128.96571114984465,53.28440976434486],[-129.03628902992503,53.30803167612043],[-129.08606884966207,53.29293225861987]]],[[[-128.36462689175127,56.00317912370992],[-128.3915266223864,56.02775354701404],[-128.5114291812933,56.07675800945556],[-128.49209066353583,56.10217272596447],[-128.40930346363092,56.10914748758699],[-128.32162047997852,56.09208688390273],[-128.27871168131216,56.1102845870279],[-128.29557149116832,56.19050643528689],[-128.27549173557796,56.21420323706013],[-128.2840900452354,56.24657477147799],[-128.2411636397188,56.265466757369474],[-128.20206004410045,56.30091777374937],[-128.10580942540253,56.30942579996197],[-128.10934408534683,56.34818375235876],[-128.22725222516587,56.36885425728787],[-128.27317577973747,56.383415597421795],[-128.2652334500861,56.41902868025618],[-128.16351761250087,56.45347754955275],[-128.13650552435124,56.42760780834484],[-128.08010323889013,56.41412423540938],[-127.97862240679113,56.435425874975344],[-127.96379459931043,56.45115126178893],[-127.98874221646132,56.5104419608459],[-127.96677690766924,56.52860925481209],[-127.85449311170439,56.542909841437215],[-127.84759920847145,56.559158845233064],[-127.89736736799544,56.5846514739837],[-127.91621840587958,56.61507143494133],[-127.98947867069468,56.61131676256104],[-128.0711191287649,56.66664086854145],[-128.11058845682567,56.639382399006074],[-128.17651951689095,56.643447667581405],[-128.1610036817984,56.69400004120011],[-128.170246223745,56.71971600970106],[-128.25926713244718,56.7482255197333],[-128.35851848773478,56.7529813778214],[-128.41830341602218,56.77184544007577],[-128.44902450266756,56.79474413102925],[-128.56269135775355,56.843425068922066],[-128.63446993841902,56.88364117776517],[-128.693341149162,56.87842646897562],[-128.66407441786325,56.92632128189023],[-128.66151631430728,56.97227103922177],[-128.68656797375726,56.985422882516154],[-128.72627203026246,57.04214604541853],[-128.7806564854684,57.05289427511465],[-128.78611589667364,57.07566827257185],[-128.85004463702523,57.11665819863913],[-128.93061529663208,57.147634314152924],[-128.97769334611914,57.14393978534694],[-129.00205422043283,57.164389392919134],[-129.00249982666972,57.62835465647045],[-129.0022460991406,57.9987593256127],[-128.9587355525461,58.747812776261604],[-128.9431905455439,59.00225460328817],[-129.4894914123931,59.00111520394554],[-129.79776144849617,59.00058811789474],[-130.23992880938778,59.00117449622063],[-131.00978700692468,59.002096856791646],[-131.00458374743968,58.60983808783206],[-131.00421573453755,58.06751692132854],[-131.001674767914,58.000551353679306],[-131.3189896646541,57.999927552111735],[-132.0007806415546,57.9998967976808],[-132.50059206084634,57.999913960110646],[-133.06954316545793,58.000052425503696],[-132.98899322173406,57.942973330749936],[-132.91796568823412,57.87948996909289],[-132.86806838482207,57.844587314264565],[-132.75944309070218,57.707526446803314],[-132.68674278078433,57.64296648646693],[-132.56357904462448,57.506826422130395],[-132.36958172869117,57.351424126546235],[-132.24462075162955,57.2120127546359],[-132.36930758793554,57.091422051219816],[-132.04592656010223,57.04404365265793],[-132.12114693725223,56.86690115495564],[-131.87075825998997,56.806249786349674],[-131.90183823643395,56.75436068036255],[-131.85745704860312,56.7017734547864],[-131.8336316797367,56.598775162283495],[-131.58175481622735,56.61237151128218],[-131.4673848881219,56.55107303885087],[-131.1641573371426,56.44728541122129],[-131.08720274545183,56.40635317596773],[-130.78139029881874,56.36806129091903],[-130.6562363961477,56.28339488104217],[-130.58551316431405,56.255445850770556],[-130.46511226962386,56.24147417282735],[-130.41972424022035,56.13887662653655],[-130.33154544279532,56.12259133109471],[-130.2412405913852,56.09580747987771],[-130.10370110643143,56.12202372962257],[-130.00213909421856,56.006610749156444],[-130.00806303583857,55.92512327934961],[-129.99571492513488,55.899138575292994],[-130.06845056589643,55.81816938614611],[-130.1088330386066,55.79756677439922],[-130.13793545879417,55.75128426808873],[-130.13249482591644,55.71739377944009],[-130.0862972436255,55.68699829319865],[-130.09160832392732,55.62926937344473],[-130.10513803597772,55.61896808320099],[-130.11044535997016,55.566287976812816],[-130.0749854394732,55.50472507289711],[-130.0240722457578,55.46093066488916],[-130.0159443400008,55.380967066614545],[-129.99862092602442,55.33236727641281],[-129.9436824383233,55.28788927309426],[-130.07552276971228,55.201453984719514],[-130.12957243619198,55.14762027106992],[-130.16586556376546,55.07969687943444],[-130.13533265987047,55.04978996881403],[-130.11404447188312,54.9905556742369],[-130.09371225537043,54.984907162279725],[-130.03414244759594,55.029984878163496],[-130.00779165677437,55.082761774274395],[-129.90096965274702,55.16650816301509],[-129.88781882909984,55.21328058238352],[-129.81585116693336,55.288550075118636],[-129.83420913802743,55.32075006819266],[-129.8129242425976,55.35877079049381],[-129.839483424345,55.39432037858578],[-129.78194464606736,55.429163681543265],[-129.76742284036317,55.473160390320174],[-129.79937765450688,55.531671168973006],[-129.77365192650282,55.53439707661304],[-129.72061413869173,55.43421248142076],[-129.6644710309403,55.43195088463025],[-129.67360062716105,55.39371087361259],[-129.7171099627787,55.351659683952256],[-129.75477035200376,55.28105307201106],[-129.80674005519876,55.26871507199286],[-129.8515112499956,55.213962768752324],[-129.8597785337324,55.17747318546582],[-129.88778565195906,55.14615196805911],[-129.9526908428321,55.101115569620795],[-129.98946496673636,55.05496267168208],[-130.00405423477164,55.0129726858158],[-129.94341076382773,54.987747065377846],[-129.87444133472783,55.00356717981953],[-129.81678763250312,55.00705088043749],[-129.73995334750893,54.99944409336487],[-129.69068954614036,54.97004277126842],[-129.8396085599254,54.981966286967854],[-129.8822560397755,54.94434998577244],[-129.98581116524733,54.91377227760718],[-129.949473866765,54.95725188133604],[-130.0118263335137,54.976287873018464],[-130.0504215388281,54.95910908373081],[-130.17661874683282,54.84749238292928],[-130.10796092997555,54.83820657940773],[-130.16942394608677,54.81517989305544],[-130.19564435828073,54.75081848655838],[-130.21744809187118,54.726094979649936],[-130.13988538379198,54.73072440382687],[-130.0588254697519,54.70320042786308],[-129.9655992831814,54.6989254664451],[-129.79535370576477,54.745787634777486],[-129.7538583218572,54.72357650968252],[-129.70113971008823,54.73643290736383],[-129.68434001387416,54.69541212750018],[-129.56697348644812,54.68030249261593],[-129.5130048892039,54.65844128168146],[-129.46393839229324,54.66028769401973],[-129.47458588763644,54.618674191788415],[-129.50121758089384,54.603283752549956],[-129.54601423909114,54.602567669116546],[-129.5684484890757,54.63560485753031],[-129.6460477318485,54.62912796274274],[-129.68717345002958,54.59476258381519],[-129.65822419135867,54.58094121429193],[-129.65861922917918,54.55687810330937],[-129.69228744497366,54.527262809083666],[-129.6536962240793,54.487211644846305],[-129.56514829580357,54.460699638628675],[-129.52504985612993,54.438547075856526],[-129.49673669392507,54.38485507476555],[-129.47565954304,54.368227365352105],[-129.3711170050141,54.35650354312912],[-129.37485003521846,53.94072209198467],[-129.37348442749385,53.796540991213156],[-129.29428548964307,53.709240036998764],[-129.2947454355646,53.69805311763069],[-129.23118924164635,53.63112061045118],[-129.13758395802208,53.68735276706762],[-129.12767363721173,53.70965447492738],[-129.0310601506246,53.75344607182414],[-129.1008652605321,53.78917237356892],[-129.06671734140264,53.80248018156448],[-129.04666496286643,53.76663568421806],[-129.01162027096336,53.760641175588916],[-128.96267915362742,53.78360087820887],[-128.9807965728972,53.82620898010867],[-128.94268775797528,53.820606074331074],[-128.9275551398722,53.78677537295871],[-128.87336086608482,53.81443217779239],[-128.847152242595,53.85864097799752],[-128.79238732334943,53.87381166858117],[-128.78949403982574,53.90161507030436],[-128.7305670663833,53.922475473013776],[-128.7028995548146,53.96301847018611],[-128.69372195844102,54.00077288509358],[-128.64937315161137,54.00439038168379],[-128.66124645960656,53.943791675452665],[-128.71560846291118,53.900870266947365],[-128.70760443734454,53.87667298714556],[-128.59483273764644,53.84344897401495],[-128.60788602915767,53.8324184802352],[-128.6781880227731,53.8527789716139],[-128.72357843093144,53.81392797970997],[-128.78496927554164,53.79001117909068],[-128.80821023872775,53.769852983928004],[-128.78083825266162,53.711930385216306],[-128.80293483900363,53.67156686589614],[-128.8353831453721,53.6494673874344],[-128.81831784172033,53.610847090185764],[-128.76890973111182,53.568820081120954],[-128.74954053692994,53.5400624629926],[-128.7112987433206,53.53602198341064],[-128.68681894017865,53.50202758717083],[-128.64412264245323,53.5021685799538],[-128.58646134495459,53.47683328900603],[-128.59884194695906,53.45972427427691],[-128.5450291369663,53.429904183177],[-128.4778698550491,53.44482125954794],[-128.4444080357276,53.43852206519675],[-128.38543494624724,53.45552705876127],[-128.3960436550511,53.48268248166174],[-128.37571854442604,53.49889288843087],[-128.30837223081642,53.47506157210042],[-128.24130925758806,53.4683264608819],[-128.18576986449364,53.47910777892314],[-128.1312594633888,53.472099175555385],[-128.0825435552112,53.43321686271731],[-127.99999996239056,53.35091206799278],[-127.92772162584365,53.3299972779824],[-127.93243964052482,53.27568076036609],[-127.87726203817279,53.25059618026729],[-127.9023679656737,53.239448873829296],[-127.95364202892554,53.26788607938725],[-127.94164124477186,53.32088948178519],[-128.00593966699586,53.33972607118034],[-128.07386773374017,53.37951138518843],[-128.0982923535398,53.42661276814316],[-128.17686353564923,53.458839771095235],[-128.27952194634994,53.44729516138605],[-128.3413980536279,53.472281466244645],[-128.37354513762332,53.439708385004124],[-128.53906025371197,53.4070313863647],[-128.6379626628523,53.45549007487874],[-128.65722925016698,53.47520538712608],[-128.7311176279489,53.48950727801165],[-128.75562333392324,53.48471487782525],[-128.81440846146313,53.56836007506757],[-128.87195124971873,53.52932677597589],[-128.9267354323688,53.533471275671594],[-128.96690063252035,53.550244175806576],[-128.97291217078092,53.49631357726143],[-128.95212956132167,53.4655036691309],[-128.914118360126,53.44635378151766],[-128.88537764445576,53.41113877600532],[-128.8901293603015,53.31271448223731],[-128.84710893037627,53.26765967517169],[-128.7282642406566,53.20213317037114],[-128.61138394428966,53.164279186555454],[-128.5795433610529,53.1286183650593],[-128.5506147518713,53.067978381584815],[-128.51239295026295,53.007067759539176],[-128.49804382606155,52.88341937460535],[-128.428796563887,52.81524246713223],[-128.40129825060464,52.82521186135071],[-128.3312512562184,52.79792266117427],[-128.2729339405808,52.79692286761422],[-128.2254056641754,52.80654767376733],[-128.19760192755703,52.84125277035831],[-128.1600050563303,52.85996975812237],[-128.12322705572842,52.832113655654034],[-128.13013046048025,52.770277265549296],[-128.11304787344685,52.75966837523745],[-128.13518794377072,52.71323628285599],[-128.17100273709198,52.67625528493598],[-128.1948486480243,52.62296417233107],[-128.24806126184822,52.535802566233315],[-128.2385732435103,52.50138937970322],[-128.19664054739292,52.483698502830684],[-128.17481776719106,52.57547913279439],[-128.18960272579383,52.6073615170686],[-128.1461872735088,52.62514179178752],[-128.1093401817433,52.67920586099741],[-128.01168164330045,52.71948310859437],[-127.96793505977233,52.708226573821506],[-127.9285057546898,52.7170774975942],[-127.91250622369373,52.67597610635079],[-127.89022885335434,52.67958859732477],[-127.80976601907904,52.664497803542865],[-127.78217312797887,52.696553311327314],[-127.71996091256678,52.71875435898948],[-127.71879295645707,52.77094895587979],[-127.67921955890219,52.79133926986824],[-127.59720796634518,52.77932043461804],[-127.6163826063269,52.73274802198805],[-127.58830129120831,52.72213359689964],[-127.56269966218748,52.69096870223555],[-127.49045319126682,52.692569165793714],[-127.36883344956492,52.755657687816424],[-127.37972742439918,52.78371617139408],[-127.35282661166623,52.80824980989615],[-127.22224620968207,52.822356429436475],[-127.22296730920668,52.85077725665827],[-127.24940786195978,52.86264643767688],[-127.29766218729354,52.90766041698284],[-127.28606413750808,52.9370104254752],[-127.23688512457815,52.96177605214431],[-127.25640099273248,52.97886146088223],[-127.2435463108314,53.01642078065383],[-127.32219778109383,53.067564884742715],[-127.3758069199144,53.086414053585635],[-127.43413309058529,53.08852280955621],[-127.43471386049713,53.117927684660195],[-127.47278931822835,53.12432582703349],[-127.44174029984653,53.16087805127389],[-127.40582686675003,53.184324641276575],[-127.35321239686472,53.18671054949427],[-127.3642060655086,53.221166836609214],[-127.30678914771775,53.215480940630414],[-127.266861576586,53.2775262573471],[-127.25869107682382,53.302151535253955],[-127.31479589995443,53.32843267687308],[-127.32667518996863,53.35813509562943],[-127.35501390781536,53.372921497737465],[-127.37049130755445,53.42783022042157],[-127.39275452399424,53.42659677080469],[-127.4349752958948,53.49089429667526],[-127.47917734812543,53.48802148163709],[-127.51870233833523,53.4611436489221],[-127.56537228831118,53.49293830441409],[-127.55430689958092,53.52510576651766],[-127.60347529152045,53.54836057311635],[-127.64928676027722,53.53358708227929],[-127.67746713155805,53.549454638931344],[-127.75911688741046,53.552864129545675],[-127.76782723832545,53.56602023149416],[-127.74927796424478,53.608070020302925],[-127.8141286125014,53.66233841602977],[-127.82753694629223,53.696703278693526],[-127.82011949224514,53.72765837442448],[-127.90107107312458,53.74507850998289],[-127.89922716466877,53.77789662808778],[-127.9366765957205,53.826206858811005],[-127.99813798471425,53.85635658624842],[-128.00023514969666,53.995002681677526],[-127.89253995346874,54.02209098515773],[-127.85366846219524,54.073050935292585],[-127.80475527461763,54.11097979792485],[-127.72167945988677,54.124020589411295],[-127.7579041843694,54.17295967930983],[-127.75000035943239,54.204121948150835],[-127.70558956381038,54.20645255103346],[-127.65516619150236,54.245877668213645],[-127.67487324882914,54.2612412802188],[-127.64115847428798,54.30448298223656],[-127.59380758572163,54.31300081614226],[-127.56800904967739,54.35957384546028],[-127.53557665044274,54.38704014083395],[-127.56179508172382,54.39782549028539],[-127.53775517020556,54.4351898363162],[-127.5804273340455,54.4514611375248],[-127.62140107579859,54.444588875855395],[-127.69391079606488,54.46361428871243],[-127.75770678971313,54.44306953716163],[-127.77956905292258,54.46735864870883],[-127.75722295929414,54.53777831792757],[-127.70025986706284,54.54723406090783],[-127.68734830676912,54.578402653080246],[-127.77765760923022,54.60443932491874],[-127.7996456353651,54.63246818661331],[-127.80104571145097,54.999466691415016],[-126.93720119287977,55.00003509481612],[-126.9128469140695,55.02531227871113],[-126.873473601403,55.034967888744944],[-126.88000136442399,55.05985000486278],[-126.84345387664287,55.075021828573924],[-126.71615488423885,55.06410348661979],[-126.64762450062251,55.100780286048966],[-126.73494363337933,55.16030465754063],[-126.7420025916374,55.207145854519524],[-126.78546461180993,55.22703501009202],[-126.83807556399655,55.2219284034688],[-126.87996966886564,55.26897870011335],[-126.92834010067799,55.268260312414085],[-126.95364617307368,55.28854471930238],[-126.88102963447847,55.30399494530412],[-126.8711698300259,55.35200795960121],[-126.93740319369341,55.38614509137362],[-126.96108551665213,55.378372762204364],[-127.0318419006574,55.38586683339043],[-127.08975493934742,55.40532901073462],[-127.17260377947336,55.462592917211744],[-127.25723306221452,55.473922756726374],[-127.30016885471797,55.5121196814432],[-127.39503533851605,55.51090797934145],[-127.41558233811996,55.49400535400182],[-127.45840545527385,55.50929370022543],[-127.45770087191882,55.537563790320284],[-127.53336958885562,55.5500252348204],[-127.5908693708539,55.60156791834188],[-127.65279419972181,55.6384940977694],[-127.66409697460496,55.685445325461046],[-127.71332117099772,55.710818489472764],[-127.78538821788491,55.70499926097007],[-127.91507216336508,55.71703101031087],[-127.96294849492246,55.688450113581695],[-127.99615573203707,55.726692268130996],[-128.07174893553275,55.759570702566066],[-128.11512092174797,55.72140931097215],[-128.18016760647578,55.727738555635966],[-128.24061020299987,55.767968817313346],[-128.18948998288676,55.8223876168817],[-128.1428732815797,55.84649297282833],[-128.1884814984333,55.87091596175348],[-128.1890439205983,55.91078690719304],[-128.22425607744773,55.93245087931588],[-128.27537305101282,55.93605314278795],[-128.3309356784836,55.9141640877491],[-128.38689938498206,55.91429943373105],[-128.45516605581767,55.92882058528825],[-128.4855503752911,55.944837582893655],[-128.43928065806884,56.002952486740014],[-128.36462689175127,56.00317912370992]]]]},"properties":{"district_id":"CA:5949","name":"Kitimat-Stikine"}},
{"type":"Feature","geometry":{"type":"Polygon","coordinates":[[[-124.44068574746849,55.99892623537611],[-124.75094873080486,55.99950997608218],[-125.50030709464862,55.999880111055894],[-125.93978885488693,55.999484969778635],[-126.50020204960502,55.99996801880962],[-127.00006859828106,56.000075563421454],[-127.50040355543999,56.00150256750878],[-127.91822003617096,56.00281346298981],[-127.94153266919166,55.999935733574475],[-128.36462689175127,56.00317912370992],[-128.43928065806884,56.002952486740014],[-128.4855503752911,55.944837582893655],[-128.45516605581767,55.92882058528825],[-128.38689938498206,55.91429943373105],[-128.3309356784836,55.9141640877491],[-128.27537305101282,55.93605314278795],[-128.22425607744773,55.93245087931588],[-128.1890439205983,55.91078690719304],[-128.1884814984333,55.87091596175348],[-128.1428732815797,55.84649297282833],[-128.18948998288676,55.8223876168817],[-128.24061020299987,55.767968817313346],[-128.18016760647578,55.727738555635966],[-128.11512092174797,55.72140931097215],[-128.07174893553275,55.759570702566066],[-127.99615573203707,55.726692268130996],[-127.96294849492246,55.688450113581695],[-127.91507216336508,55.71703101031087],[-127.78538821788491,55.70499926097007],[-127.71332117099772,55.710818489472764],[-127.66409697460496,55.685445325461046],[-127.65279419972181,55.6384940977694],[-127.5908693708539,55.60156791834188],[-127.53336958885562,55.5500252348204],[-127.45770087191882,55.537563790320284],[-127.45840545527385,55.50929370022543],[-127.41558233811996,55.49400535400182],[-127.39503533851605,55.51090797934145],[-127.30016885471797,55.5121196814432],[-127.25723306221452,55.473922756726374],[-127.17260377947336,55.462592917211744],[-127.08975493934742,55.40532901073462],[-127.0318419006574,55.38586683339043],[-126.96108551665213,55.378372762204364],[-126.93740319369341,55.38614509137362],[-126.8711698300259,55.35200795960121],[-126.88102963447847,55.30399494530412],[-126.95364617307368,55.28854471930238],[-126.92834010067799,55.268260312414085],[-126.87996966886564,55.26897870011335],[-126.83807556399655,55.2219284034688],[-126.78546461180993,55.22703501009202],[-126.7420025916374,55.207145854519524],[-126.73494363337933,55.16030465754063],[-126.64762450062251,55.100780286048966],[-126.71615488423885,55.06410348661979],[-126.84345387664287,55.075021828573924],[-126.88000136442399,55.05985000486278],[-126.873473601403,55.034967888744944],[-126.9128469140695,55.02531227871113],[-126.93720119287977,55.00003509481612],[-127.80104571145097,54.999466691415016],[-127.7996456353651,54.63246818661331],[-127.77765760923022,54.60443932491874],[-127.68734830676912,54.578402653080246],[-127.70025986706284,54.54723406090783],[-127.75722295929414,54.53777831792757],[-127.77956905292258,54.46735864870883],[-127.75770678971313,54.44306953716163],[-127.69391079606488,54.46361428871243],[-127.62140107579859,54.444588875855395],[-127.5804273340455,54.4514611375248],[-127.53775517020556,54.4351898363162],[-127.56179508172382,54.39782549028539],[-127.53557665044274,54.38704014083395],[-127.56800904967739,54.35957384546028],[-127.59380758572163,54.31300081614226],[-127.64115847428798,54.30448298223656],[-127.67487324882914,54.2612412802188],[-127.65516619150236,54.245877668213645],[-127.70558956381038,54.20645255103346],[-127.75000035943239,54.204121948150835],[-127.7579041843694,54.17295967930983],[-127.72167945988677,54.124020589411295],[-127.80475527461763,54.11097979792485],[-127.85366846219524,54.073050935292585],[-127.89253995346874,54.02209098515773],[-128.00023514969666,53.995002681677526],[-127.99813798471425,53.85635658624842],[-127.9366765957205,53.826206858811005],[-127.89922716466877,53.77789662808778],[-127.90107107312458,53.74507850998289],[-127.82011949224514,53.72765837442448],[-127.82753694629223,53.696703278693526],[-127.8141286125014,53.66233841602977],[-127.74927796424478,53.608070020302925],[-127.76782723832545,53.56602023149416],[-127.75911688741046,53.552864129545675],[-127.67746713155805,53.549454638931344],[-127.64928676027722,53.53358708227929],[-127.60347529152045,53.54836057311635],[-127.55430689958092,53.52510576651766],[-127.56537228831118,53.49293830441409],[-127.51870233833523,53.4611436489221],[-127.47917734812543,53.48802148163709],[-127.4349752958948,53.49089429667526],[-127.39275452399424,53.42659677080469],[-127.37049130755445,53.42783022042157],[-127.35501390781536,53.372921497737465],[-127.32667518996863,53.35813509562943],[-127.31479589995443,53.32843267687308],[-127.25869107682382,53.302151535253955],[-127.266861576586,53.2775262573471],[-127.2248727959887,53.25028273634887],[-127.15091733679158,53.281229949830845],[-127.12100500741818,53.23967660242406],[-127.07448726928347,53.25080518954749],[-127.06978360955456,53.28423677573084],[-127.01553197232803,53.30903267125439],[-126.98208791877286,53.2784599773931],[-127.0507203978229,53.20661967427896],[-127.01330807498988,53.18920887878808],[-127.00373637355631,53.15877627317076],[-127.0328092088038,53.11418341611252],[-126.98568207343935,53.07223713104443],[-126.94810750507395,53.093539396704365],[-126.88274659753681,53.08391881748594],[-126.84116168436546,53.11039547411406],[-126.80027384376044,53.07434210572636],[-126.78989978341579,53.0004555615039],[-126.72393869539884,52.99256360062776],[-126.65552020999243,53.03120099909044],[-126.60910991847167,53.00027962206946],[-126.24970341851483,53.00008683194655],[-125.7508057492114,53.00039502124391],[-125.00033476542107,53.00028240219839],[-125.00061963835138,53.190369955073976],[-124.99631284524293,53.241811028404605],[-125.00172120502995,53.44683820336824],[-124.98383183470543,53.431527792418706],[-124.89881610268733,53.43530616272893],[-124.8550847798633,53.39646083582747],[-124.80588500868812,53.369095260202194],[-124.73662227434254,53.35462321285844],[-124.64734162537914,53.40755032624746],[-124.62884796188168,53.386032330252796],[-124.52328845923415,53.40236854809796],[-124.55209992863273,53.46234849701911],[-124.51848465501786,53.47697198405601],[-124.50477161939527,53.528644854240355],[-124.3861562069548,53.4852607687559],[-124.38097716667656,53.45482000162212],[-124.30564964847818,53.45544480623314],[-124.25384935312995,53.46652498458209],[-124.21565559640266,53.44369257249049],[-124.21538185983114,53.42065043279437],[-124.13661937253362,53.40815710634872],[-124.08589239710483,53.43494921997744],[-124.04655624023688,53.432179357915395],[-123.99756090044815,53.44399585249729],[-123.99762864049879,53.4843075322041],[-123.4198809660933,53.48351053661467],[-123.41896027520684,53.4701830082821],[-123.3017093718524,53.47023147647682],[-123.30471803888273,53.627589101013776],[-123.40540985925135,53.67660922464432],[-123.4473355074289,53.70883415933423],[-123.49936754297872,53.728503527665545],[-123.51812708734417,53.758977769890684],[-123.50071045132644,53.787462399156375],[-123.42524967130443,53.79263383935784],[-123.42556079431544,53.97474703968241],[-123.49136377998279,54.002860696465156],[-123.53480880288653,53.98726559771864],[-123.58452161710845,54.023794208704814],[-123.58678008964183,54.05813928853747],[-123.48453319044512,54.07137621032563],[-123.48394379544025,54.0839427005644],[-123.56601958765123,54.105569598964266],[-123.5203575834777,54.15440079042401],[-123.52049399862679,54.252469344142916],[-123.55268907958832,54.2701990252278],[-123.55439168747718,54.306244987983625],[-123.64425645530076,54.33012263127027],[-123.74117133876459,54.32178894478509],[-123.81941191928001,54.336532344223684],[-123.85305395526022,54.37564211741271],[-123.93342439717976,54.37982660116384],[-123.98647868544431,54.42951075670159],[-123.95244509198474,54.45875825976996],[-123.84804436236197,54.51248667497202],[-123.82171506308907,54.54419897693683],[-123.81967778450705,54.58081031918981],[-123.78005612426676,54.59261603356548],[-123.77849891793444,54.65912592580553],[-123.79595130128308,54.69265913840905],[-123.8422371584407,54.69615259090226],[-123.88039100989404,54.71966233773172],[-123.88051867799413,54.738196455007376],[-123.94815587851797,54.767497674210176],[-123.91955737456439,54.83174271243711],[-123.9267255954501,54.862120373092765],[-124.0231156467694,54.86793856347576],[-123.99503628465075,54.893024492414085],[-124.03411038510302,54.90298699805122],[-124.05127173017821,54.95077719199034],[-124.02148539242545,54.95305491486356],[-124.01202201710596,54.98162731766003],[-123.9800822274393,55.01221021305624],[-123.90445785583898,55.01963302744688],[-123.86298216332715,55.04704962717781],[-123.81055474931023,55.037606367586584],[-123.79421195120403,54.995415723995976],[-123.72728017390949,54.95522801600183],[-123.69061074450379,54.92312797812599],[-123.65834127019667,54.92030823128479],[-123.61983574259413,54.95503939271264],[-123.5504714729239,54.95823794954559],[-123.51537617509354,55.01714432292046],[-123.4541893278979,55.01441162493301],[-123.4155659099829,55.032890629728676],[-123.41345343417757,55.085941586786554],[-123.39627290761196,55.10297727699606],[-123.41866114508032,55.14803339432765],[-123.39225944186173,55.17108644701904],[-123.41388307467517,55.20192996363261],[-123.4133259152857,55.23493057798086],[-123.45730062916294,55.27019405352567],[-123.49420887630208,55.313965423564945],[-123.53456457196826,55.32746199224373],[-123.5685067292374,55.31275975049707],[-123.64589303958823,55.30652898373652],[-123.74207794544597,55.28750708918726],[-123.79717176360255,55.32445560858204],[-123.8517886765498,55.33953347731635],[-123.87497213266037,55.40024087110065],[-123.90675806713584,55.4290752049283],[-123.88451218495717,55.503715096451884],[-123.92837814181821,55.554379528343816],[-124.05035329167023,55.54131676058583],[-124.09262898216457,55.568813960793946],[-124.12301102811296,55.63971952660575],[-124.15308318699272,55.64910693623828],[-124.19229073060033,55.68315440142935],[-124.26715092775488,55.68661339849844],[-124.30833268413626,55.70586372098834],[-124.32778279866882,55.75375401324457],[-124.35726747652363,55.78670896327595],[-124.3336162012721,55.83215662660976],[-124.37402457896953,55.878978851903085],[-124.39912690529833,55.95054852512343],[-124.4315819392134,55.95481746386143],[-124.44068574746849,55.99892623537611]]]},"properties":{"district_id":"CA:5951","name":"Bulkley-Nechako"}},
{"type":"Feature","geometry":{"type":"Polygon","coordinates":[[[-119.9999999784289,53.80621976386821],[-120.03708743688551,53.80465020375742],[-120.04979003740503,53.82900733423176],[-120.01742562559525,53.864196043037],[-120.05282219380082,53.88324705184938],[-120.0639123921853,53.96431109835271],[-120.09681674025272,53.98457154385673],[-120.15551482060367,53.9381634718056],[-120.19181837243762,53.9400028231968],[-120.20958263005326,53.972820962927045],[-120.26000412146318,53.97662783293537],[-120.26290373239213,53.999629471556325],[-120.22962825077295,54.04154911566833],[-120.19654626641207,54.02980976024474],[-120.14357943179067,54.064601061383534],[-120.16729661590614,54.121521478854824],[-120.23141488360322,54.1113385029884],[-120.28840340529294,54.114165573102376],[-120.3289981199748,54.10436139663172],[-120.39321978316956,54.12175497543825],[-120.44024543775078,54.118419198714264],[-120.47922711460092,54.13508028287554],[-120.5318082571966,54.13601689374859],[-120.58146975282412,54.17383642795148],[-120.56625282067208,54.218821284697995],[-120.60631240465848,54.28968663022623],[-120.67664059821571,54.28229651113884],[-120.71338279311817,54.30516431904989],[-120.6831233664471,54.322956426499665],[-120.69901686901063,54.34636574563939],[-120.65962667730214,54.35502369511851],[-120.68897163703208,54.39181388525484],[-120.73219988544524,54.40861133257622],[-120.77596079215417,54.397137400060764],[-120.80207054665833,54.42798952101448],[-120.78989519697284,54.46874415005377],[-120.82507867380431,54.49371230935956],[-120.8751783457967,54.48894328185457],[-120.87684579298939,54.46516756777793],[-120.93417836601883,54.451970837152935],[-121.00468414786327,54.46369689466308],[-121.07416324861752,54.45119249832002],[-121.11304170647755,54.470069830591065],[-121.13426684736605,54.51360009443533],[-121.12244976065521,54.53690068932681],[-121.14502215056699,54.552759455758896],[-121.24816519574689,54.54656787007245],[-121.27207452238865,54.51723735270027],[-121.31021984479217,54.514803911740636],[-121.3554547834237,54.53574004506846],[-121.3973555215611,54.53367022439997],[-121.39737344796713,54.568963190312466],[-121.4818769884731,54.608814335371804],[-121.52350697424109,54.65198524925511],[-121.518686990288,54.684965168127796],[-121.48565804785741,54.69527685413546],[-121.47392948093088,54.72361344607961],[-121.48887909049546,54.75232972404339],[-121.52711742485945,54.77145322613941],[-121.52205716987439,54.7981927599137],[-121.55381898827493,54.8203756712143],[-121.64309348872763,54.84527115403684],[-121.69522376296683,54.87882032273143],[-121.73497913663009,54.87057128423015],[-121.79187864752286,54.83931555668428],[-121.8025858817479,54.85882910445932],[-121.86509650366959,54.86913855015226],[-121.86824636885805,54.904594988250935],[-121.84484607304931,54.93332490907398],[-121.90430512089146,54.96622430123988],[-121.93489368172244,55.00360760424941],[-121.97137164623868,55.02725741097285],[-122.00878492397696,55.03375315379293],[-122.0351379055025,55.065298013549935],[-122.10020972807489,55.10515379286768],[-122.15940129365174,55.10546587462427],[-122.16113841026586,55.134145293262634],[-122.25124409711474,55.16168632928742],[-122.27388341594565,55.18111090272228],[-122.23851224905825,55.2228136619199],[-122.29662802898393,55.251089413545294],[-122.38596669844785,55.33530870325897],[-122.42922552724774,55.33076624767984],[-122.48475707462245,55.34875543013483],[-122.5785490613251,55.412580487170636],[-122.63008141600342,55.39395099535562],[-122.65494477986304,55.342431515628334],[-122.71989745171736,55.34397838835665],[-122.7427080592379,55.365541635294285],[-122.84604239626834,55.398915522727755],[-122.87440953942827,55.41901712120316],[-122.97453482100016,55.398084755796695],[-123.00571977081913,55.446078087388415],[-122.95666110900146,55.48828706692565],[-122.93291946991673,55.52178450487602],[-122.94804104369929,55.58091873481367],[-123.01362927671111,55.559745582709624],[-123.07180901272783,55.58266664042009],[-123.07816130498108,55.62549765463123],[-123.1429355330427,55.64044097206246],[-123.12037902890154,55.68879131971342],[-123.14376974812762,55.73168631570975],[-123.19117454992005,55.73321569477264],[-123.20364838849828,55.714246774389395],[-123.26082907132525,55.69710814556386],[-123.3069279194496,55.70688581283917],[-123.34139884802669,55.7312602201911],[-123.30740774624928,55.77609636959083],[-123.33925837176143,55.81989651968269],[-123.38287116200709,55.839487114368524],[-123.36772601825372,55.86107783360172],[-123.44235086096032,55.882474277288495],[-123.5236603832695,55.86316735348073],[-123.57619760526994,55.87053534942186],[-123.68428631753217,55.91367631984817],[-123.68294008252357,55.93921219518182],[-123.75153069671468,55.93389479984832],[-123.80993745452629,55.97908620581284],[-123.85712056973769,55.972037222152885],[-123.87467401129155,55.926976637200084],[-123.93272521090061,55.9097083971475],[-123.88025256774408,55.82545468004669],[-123.81913013449602,55.79044402149788],[-123.80589264305736,55.75797342932947],[-123.76177856959693,55.74558427174939],[-123.81798465252011,55.71695681284507],[-123.84614106389641,55.682402405120406],[-123.91643917693672,55.656769604023566],[-123.97505617096229,55.60945447647093],[-123.95346221248484,55.60272943068339],[-123.92837814181821,55.554379528343816],[-123.88451218495717,55.503715096451884],[-123.90675806713584,55.4290752049283],[-123.87497213266037,55.40024087110065],[-123.8517886765498,55.33953347731635],[-123.79717176360255,55.32445560858204],[-123.74207794544597,55.28750708918726],[-123.64589303958823,55.30652898373652],[-123.5685067292374,55.31275975049707],[-123.53456457196826,55.32746199224373],[-123.49420887630208,55.313965423564945],[-123.45730062916294,55.27019405352567],[-123.4133259152857,55.23493057798086],[-123.41388307467517,55.20192996363261],[-123.39225944186173,55.17108644701904],[-123.41866114508032,55.14803339432765],[-123.39627290761196,55.10297727699606],[-123.41345343417757,55.085941586786554],[-123.4155659099829,55.032890629728676],[-123.4541893278979,55.01441162493301],[-123.51537617509354,55.01714432292046],[-123.5504714729239,54.95823794954559],[-123.61983574259413,54.95503939271264],[-123.65834127019667,54.92030823128479],[-123.69061074450379,54.92312797812599],[-123.72728017390949,54.95522801600183],[-123.79421195120403,54.995415723995976],[-123.81055474931023,55.037606367586584],[-123.86298216332715,55.04704962717781],[-123.90445785583898,55.01963302744688],[-123.9800822274393,55.01221021305624],[-124.01202201710596,54.98162731766003],[-124.02148539242545,54.95305491486356],[-124.05127173017821,54.95077719199034],[-124.03411038510302,54.90298699805122],[-123.99503628465075,54.893024492414085],[-124.0231156467694,54.86793856347576],[-123.9267255954501,54.862120373092765],[-123.91955737456439,54.83174271243711],[-123.94815587851797,54.767497674210176],[-123.88051867799413,54.738196455007376],[-123.88039100989404,54.71966233773172],[-123.8422371584407,54.69615259090226],[-123.79595130128308,54.69265913840905],[-123.77849891793444,54.65912592580553],[-123.78005612426676,54.59261603356548],[-123.81967778450705,54.58081031918981],[-123.82171506308907,54.54419897693683],[-123.84804436236197,54.51248667497202],[-123.95244509198474,54.45875825976996],[-123.98647868544431,54.42951075670159],[-123.93342439717976,54.37982660116384],[-123.85305395526022,54.37564211741271],[-123.81941191928001,54.336532344223684],[-123.74117133876459,54.32178894478509],[-123.64425645530076,54.33012263127027],[-123.55439168747718,54.306244987983625],[-123.55268907958832,54.2701990252278],[-123.52049399862679,54.252469344142916],[-123.5203575834777,54.15440079042401],[-123.56601958765123,54.105569598964266],[-123.48394379544025,54.0839427005644],[-123.48453319044512,54.07137621032563],[-123.58678008964183,54.05813928853747],[-123.58452161710845,54.023794208704814],[-123.53480880288653,53.98726559771864],[-123.49136377998279,54.002860696465156],[-123.42556079431544,53.97474703968241],[-123.42524967130443,53.79263383935784],[-123.50071045132644,53.787462399156375],[-123.51812708734417,53.758977769890684],[-123.49936754297872,53.728503527665545],[-123.4473355074289,53.70883415933423],[-123.40540985925135,53.67660922464432],[-123.30471803888273,53.627589101013776],[-123.3017093718524,53.47023147647682],[-123.30512038570276,53.283640086182736],[-123.20846350127995,53.301218212564315],[-123.14267490545892,53.28733358593363],[-123.02928329530742,53.2924323156118],[-123.00416701176347,53.2752761891769],[-122.9667081091656,53.2988683077885],[-122.88553241443944,53.304429793469765],[-122.88483141132292,53.325244600773935],[-122.83684706942358,53.37355770669888],[-122.6982099767725,53.39168589353046],[-122.6460481685437,53.386900332310496],[-122.61246142167549,53.37243435604463],[-122.34861691261736,53.37349116332546],[-122.32642196788024,53.41165603764472],[-122.33626530101503,53.450127017109764],[-122.27543013683965,53.45601365577517],[-121.8140290854392,53.45691053242975],[-121.57134351828705,53.452549622386194],[-121.55542567849923,53.4393865130129],[-121.28829575838633,53.44571377327167],[-121.26405345424176,53.403215968615854],[-121.22816378435265,53.38473009724913],[-121.15998107860804,53.381282820509846],[-121.1350022099717,53.39458459198976],[-121.07347708479342,53.39316147464648],[-121.00828606866143,53.43040327245935],[-120.99827799501547,53.38303612945527],[-121.01819301224103,53.32976619182554],[-120.98022094441896,53.31359322001429],[-120.97205465215082,53.27877901153977],[-120.92281197990974,53.30706978247864],[-120.85298043481203,53.28163907657455],[-120.81116310330638,53.28784507753516],[-120.78748103717749,53.256644325942304],[-120.71500909612234,53.26452281333781],[-120.62716310041456,53.213961404099784],[-120.46671840361859,53.149096408194445],[-120.46259716622988,53.12471265282138],[-120.41706619484106,53.10024210200739],[-120.42528755745745,53.06784119934929],[-120.48841889814604,53.054554000920405],[-120.43420133345718,52.97262576469698],[-120.37676277498687,52.964766410791334],[-120.33843793729048,52.927388959739254],[-120.26935085495688,52.92886662534508],[-120.22712962425149,52.91831506943289],[-120.17036973019466,52.92495357933994],[-120.14254549439053,52.876740776693524],[-120.111481338626,52.843142125092236],[-120.06142917336281,52.824294295805466],[-120.02474603536513,52.75757772907656],[-119.97378115343923,52.737325254828455],[-119.95115890087483,52.71008095269486],[-119.92030191003317,52.719197119840814],[-119.76832698744906,52.660291390565085],[-119.75202805830304,52.67933762891077],[-119.708003438545,52.67817205651926],[-119.67748339298382,52.6956134335536],[-119.61606006916384,52.68913509623726],[-119.57795469385286,52.64799119148498],[-119.53111838977546,52.63154157639393],[-119.46491103194954,52.64921197148372],[-119.44258646208627,52.63876380273567],[-119.36947961505335,52.65611080621633],[-119.3644014212987,52.63250937927889],[-119.26936658524109,52.63090314613225],[-119.19256750031958,52.6368903685368],[-119.05608806683716,52.63329783147064],[-119.03363497457788,52.59450823820908],[-118.9932999342337,52.590394312904806],[-118.92755699142674,52.56878594176501],[-118.8863221543526,52.47415478301839],[-118.92426376533528,52.4631567173899],[-118.94169566717294,52.43970817917711],[-118.92162942231668,52.422119588565494],[-118.94793457668851,52.39121269149611],[-118.92637720379115,52.353597999180344],[-118.86844898706389,52.34430522588226],[-118.79214274558493,52.317419624094896],[-118.78802059778039,52.305294027187806],[-118.88212374818603,52.264089558583166],[-118.89073208531045,52.245679573066845],[-118.83983242566879,52.23281109354806],[-118.8471913236682,52.20679912884988],[-118.80320419853585,52.17722257491503],[-118.75197844802746,52.18515182842614],[-118.71606235300857,52.16134426093655],[-118.64008122226407,52.16955216671494],[-118.58241469667664,52.193001604061344],[-118.55492291080125,52.239950633165535],[-118.56352160795838,52.25838177745228],[-118.50156617668537,52.28167312369794],[-118.49312467464101,52.3124986330677],[-118.39524391856679,52.33484582762909],[-118.35364733518152,52.36605482413586],[-118.31710963352761,52.36777840932463],[-118.28975577098238,52.33895049822775],[-118.25420275558672,52.34797155315649],[-118.22601544486616,52.38028949074519],[-118.25533801784493,52.44953694844027],[-118.19335093282193,52.47782011660918],[-118.23552910270065,52.49017789387047],[-118.28914629729856,52.53849400493267],[-118.27278338303375,52.5659558083674],[-118.33256828987743,52.5801715984263],[-118.35449111823144,52.63368398157164],[-118.30103784508388,52.65408122989788],[-118.2901411857454,52.6776934424848],[-118.34329466527943,52.70888888244603],[-118.34282282867126,52.73855633416535],[-118.42241012943732,52.77578651287288],[-118.39962643062546,52.82446021078355],[-118.40316593576172,52.85076336440369],[-118.44446262459697,52.852225130691394],[-118.44827945001737,52.88528679278064],[-118.50014237105817,52.90638195213484],[-118.54378774498969,52.90845463404341],[-118.58721310756017,52.882248123139206],[-118.61382974913936,52.883721694604496],[-118.61342207156207,52.93601196435534],[-118.66020489429717,52.96393768153689],[-118.66976912599488,52.98341561013532],[-118.64077215980544,52.999331069856325],[-118.65534778600279,53.034797234301344],[-118.75905843996367,53.065776060944835],[-118.7323409334805,53.11924941100981],[-118.77248808119033,53.13303927177583],[-118.78652165888717,53.159224180532654],[-118.9159608272631,53.21184491634125],[-118.94744409721628,53.2389351589198],[-119.02383383346668,53.23194970816974],[-118.99941805270812,53.19276477100552],[-119.04688152684767,53.144909624979014],[-119.08849667207207,53.16553190984468],[-119.11952400620206,53.16176576487741],[-119.14601293054662,53.19118076952077],[-119.23271506781921,53.181768314927616],[-119.34049629263689,53.28708029871121],[-119.35587852064707,53.340102180582655],[-119.40608481035802,53.36808929544364],[-119.45924030972667,53.3572193639179],[-119.51753424652811,53.37006846341685],[-119.66890020525736,53.36782819261547],[-119.69544782045398,53.39060992536983],[-119.72542263011681,53.38875432021816],[-119.7906332684114,53.47926590784935],[-119.83015780532374,53.51473382600593],[-119.85385753138085,53.49993203194107],[-119.89947701022146,53.51912780704748],[-119.86225650779859,53.54850858787389],[-119.91071278358169,53.60125461686909],[-119.8540662114685,53.607706631096356],[-119.74872565869926,53.59336587642251],[-119.71340854121924,53.61457992551685],[-119.79738076094429,53.707772197307506],[-119.84432779434361,53.71473925297937],[-119.90798088649723,53.710601036133696],[-119.88743039821719,53.75001939724587],[-119.88823655626418,53.77948461794034],[-119.942340519519,53.77586190143269],[-119.9999999784289,53.80621976386821]]]},"properties":{"district_id":"CA:5953","name":"Fraser-Fort George"}},
{"type":"Feature","geometry":{"type":"Polygon","coordinates":[[[-124.94836471156147,57.99987025390682],[-124.98234871716532,57.981424774621615],[-125.0947007981805,58.0191019808147],[-125.20390712165862,58.02235629265409],[-125.25083079397758,58.00541789281885],[-125.38658025491144,57.98871411593955],[-125.45103236313132,57.97156270140676],[-125.48897578289285,57.9411915056163],[-125.59382799487803,57.91425245590309],[-125.65344340332003,57.9222210044341],[-125.69960128177385,57.86827013763921],[-125.74735831650428,57.865548727569966],[-125.76677161095877,57.90815989000408],[-125.78964937730373,57.92259719620535],[-125.79735616036369,57.96604646765169],[-125.83745973242807,57.97939419183182],[-125.91639514807426,57.98068269556396],[-125.97473640625563,57.967032577562094],[-126.0440911664879,57.966938631795166],[-126.05395820718199,57.93021112291183],[-126.07794258643176,57.91366828290715],[-126.14009412366384,57.92236739783167],[-126.18290926209467,57.94455961757723],[-126.22874815912726,57.93374019867262],[-126.26871181242356,57.85570431109743],[-126.31593371748438,57.86191574706138],[-126.38525079443215,57.926192124821746],[-126.51803226322461,57.94094655602916],[-126.6041241232571,57.96020741330916],[-126.66290597411904,57.9908223935612],[-126.70305576113378,58.02710422002747],[-126.77301503608916,58.01106945740994],[-126.86800798544243,58.0033608275262],[-126.95093980402444,57.9894467607252],[-126.98002797722384,57.961223680957175],[-126.97059238666208,57.93311986034133],[-126.887956564674,57.8673193943817],[-126.86915363009408,57.78532760141766],[-126.95909120290024,57.79708139810054],[-126.9812672375925,57.760809831366394],[-126.95398488135376,57.744130330916654],[-126.91819229356216,57.69872076484366],[-126.85251346213366,57.68816644837712],[-126.83666198788364,57.668219235401125],[-126.87013022968384,57.64011713170502],[-126.78429763337904,57.576054359739565],[-126.79613810572332,57.56586074193704],[-126.98797135294794,57.52995722313378],[-127.05704518574942,57.50727249946142],[-127.09307882357488,57.52813324383247],[-127.15014627342147,57.53589891160348],[-127.1452501691178,57.57754610361226],[-127.18140489294274,57.59766068079623],[-127.27191057780857,57.60318716870228],[-127.34188682545243,57.54904730192299],[-127.32508630386786,57.48224888481204],[-127.30290313290166,57.446671943071806],[-127.37426531915747,57.418194280599195],[-127.41118872947551,57.38297506281844],[-127.48027220142991,57.33569304158175],[-127.49123615890261,57.303443076350305],[-127.46726998070531,57.21003140661329],[-127.52153611260907,57.170681369858656],[-127.60237561575704,57.151645713514135],[-127.69695564027226,57.140901194415314],[-127.73034937549606,57.10996592041483],[-127.73286907871727,57.01963208796445],[-127.67709542173266,56.976777662997314],[-127.56117430689211,56.97717457998481],[-127.54107735544099,56.96899651579885],[-127.5447878981242,56.93135470028823],[-127.60380666995485,56.88877957552556],[-127.56399081974284,56.86165542345264],[-127.6108158233984,56.85327515170256],[-127.60335234314107,56.83398518482596],[-127.52331490084075,56.773049565893764],[-127.5327383070855,56.74067010627114],[-127.41585663280422,56.676814718755075],[-127.36228685471923,56.68996262165259],[-127.2692312925782,56.73276750202741],[-127.22228546377086,56.74590304137761],[-127.12886368133759,56.62639718324263],[-127.10107534159323,56.61353576156389],[-127.03791141050549,56.61797288682746],[-126.99288282207358,56.632224676136616],[-126.90227497184368,56.692476644236386],[-126.85668220182218,56.67733113760388],[-126.81148711071664,56.68032254114916],[-126.71722302855058,56.766342515904626],[-126.67483776965237,56.77175921121483],[-126.48831323541286,56.664694209712074],[-126.41767038361715,56.65477854412612],[-126.3315095125651,56.67736953385926],[-126.23126880821539,56.64730084259112],[-126.17041023827441,56.612160549155895],[-126.14302735297808,56.576677504556265],[-126.1608147955226,56.563169978820234],[-126.14192543268337,56.5295009519393],[-126.19308306150387,56.481046651517794],[-126.18245635248044,56.46489734833641],[-126.10187289898425,56.42543834122247],[-126.1003623269269,56.39261806088057],[-126.19583645209957,56.350355422092036],[-126.11632286830985,56.27192221715687],[-125.98062199638174,56.24562939531618],[-125.97172873867063,56.166341185370186],[-125.95550025483486,56.142927912891174],[-125.86563951842972,56.145203938118634],[-125.73761841824016,56.19057509836452],[-125.6566276022841,56.22858523859966],[-125.65318908835442,56.16916435213211],[-125.6351796585703,56.151264130040296],[-125.57478856211831,56.16899164858579],[-125.45768812660107,56.23335394850149],[-125.40377374737628,56.25294838729888],[-125.32462936236365,56.24399149626322],[-125.24546383747567,56.25056431001205],[-125.18902778044944,56.294742850758894],[-125.1190958690729,56.30359588703392],[-125.06366117060766,56.26306861566162],[-125.04165338959696,56.20310438695369],[-124.98554131991328,56.21519880560464],[-124.98018059227748,56.22941030854242],[-124.92350692055042,56.244372900752325],[-124.83285271718208,56.223537576645846],[-124.71546395694212,56.13380027560383],[-124.6610171600009,56.116116308214536],[-124.48399810155541,56.1300029151265],[-124.47541608699422,56.11887599920926],[-124.49763221997287,56.06725261262576],[-124.44068574746849,55.99892623537611],[-124.4315819392134,55.95481746386143],[-124.39912690529833,55.95054852512343],[-124.37402457896953,55.878978851903085],[-124.3336162012721,55.83215662660976],[-124.35726747652363,55.78670896327595],[-124.32778279866882,55.75375401324457],[-124.30833268413626,55.70586372098834],[-124.26715092775488,55.68661339849844],[-124.19229073060033,55.68315440142935],[-124.15308318699272,55.64910693623828],[-124.12301102811296,55.63971952660575],[-124.09262898216457,55.568813960793946],[-124.05035329167023,55.54131676058583],[-123.92837814181821,55.554379528343816],[-123.95346221248484,55.60272943068339],[-123.97505617096229,55.60945447647093],[-123.91643917693672,55.656769604023566],[-123.84614106389641,55.682402405120406],[-123.81798465252011,55.71695681284507],[-123.76177856959693,55.74558427174939],[-123.80589264305736,55.75797342932947],[-123.81913013449602,55.79044402149788],[-123.88025256774408,55.82545468004669],[-123.93272521090061,55.9097083971475],[-123.87467401129155,55.926976637200084],[-123.85712056973769,55.972037222152885],[-123.80993745452629,55.97908620581284],[-123.75153069671468,55.93389479984832],[-123.68294008252357,55.93921219518182],[-123.68428631753217,55.91367631984817],[-123.57619760526994,55.87053534942186],[-123.5236603832695,55.86316735348073],[-123.44235086096032,55.882474277288495],[-123.36772601825372,55.86107783360172],[-123.38287116200709,55.839487114368524],[-123.33925837176143,55.81989651968269],[-123.30740774624928,55.77609636959083],[-123.34139884802669,55.7312602201911],[-123.3069279194496,55.70688581283917],[-123.26082907132525,55.69710814556386],[-123.20364838849828,55.714246774389395],[-123.19117454992005,55.73321569477264],[-123.14376974812762,55.73168631570975],[-123.12037902890154,55.68879131971342],[-123.1429355330427,55.64044097206246],[-123.07816130498108,55.62549765463123],[-123.07180901272783,55.58266664042009],[-123.01362927671111,55.559745582709624],[-122.94804104369929,55.58091873481367],[-122.93291946991673,55.52178450487602],[-122.95666110900146,55.48828706692565],[-123.00571977081913,55.446078087388415],[-122.97453482100016,55.398084755796695],[-122.87440953942827,55.41901712120316],[-122.84604239626834,55.398915522727755],[-122.7427080592379,55.365541635294285],[-122.71989745171736,55.34397838835665],[-122.65494477986304,55.342431515628334],[-122.63008141600342,55.39395099535562],[-122.5785490613251,55.412580487170636],[-122.48475707462245,55.34875543013483],[-122.42922552724774,55.33076624767984],[-122.38596669844785,55.33530870325897],[-122.29662802898393,55.251089413545294],[-122.23851224905825,55.2228136619199],[-122.27388341594565,55.18111090272228],[-122.25124409711474,55.16168632928742],[-122.16113841026586,55.134145293262634],[-122.15940129365174,55.10546587462427],[-122.10020972807489,55.10515379286768],[-122.0351379055025,55.065298013549935],[-122.00878492397696,55.03375315379293],[-121.97137164623868,55.02725741097285],[-121.93489368172244,55.00360760424941],[-121.90430512089146,54.96622430123988],[-121.84484607304931,54.93332490907398],[-121.86824636885805,54.904594988250935],[-121.86509650366959,54.86913855015226],[-121.8025858817479,54.85882910445932],[-121.79187864752286,54.83931555668428],[-121.73497913663009,54.87057128423015],[-121.69522376296683,54.87882032273143],[-121.64309348872763,54.84527115403684],[-121.55381898827493,54.8203756712143],[-121.52205716987439,54.7981927599137],[-121.52711742485945,54.77145322613941],[-121.48887909049546,54.75232972404339],[-121.47392948093088,54.72361344607961],[-121.48565804785741,54.69527685413546],[-121.518686990288,54.684965168127796],[-121.52350697424109,54.65198524925511],[-121.4818769884731,54.608814335371804],[-121.39737344796713,54.568963190312466],[-121.3973555215611,54.53367022439997],[-121.3554547834237,54.53574004506846],[-121.31021984479217,54.514803911740636],[-121.27207452238865,54.51723735270027],[-121.24816519574689,54.54656787007245],[-121.14502215056699,54.552759455758896],[-121.12244976065521,54.53690068932681],[-121.13426684736605,54.51360009443533],[-121.11304170647755,54.470069830591065],[-121.07416324861752,54.45119249832002],[-121.00468414786327,54.46369689466308],[-120.93417836601883,54.451970837152935],[-120.87684579298939,54.46516756777793],[-120.8751783457967,54.48894328185457],[-120.82507867380431,54.49371230935956],[-120.78989519697284,54.46874415005377],[-120.80207054665833,54.42798952101448],[-120.77596079215417,54.397137400060764],[-120.73219988544524,54.40861133257622],[-120.68897163703208,54.39181388525484],[-120.65962667730214,54.35502369511851],[-120.69901686901063,54.34636574563939],[-120.6831233664471,54.322956426499665],[-120.71338279311817,54.30516431904989],[-120.67664059821571,54.28229651113884],[-120.60631240465848,54.28968663022623],[-120.56625282067208,54.218821284697995],[-120.58146975282412,54.17383642795148],[-120.5318082571966,54.13601689374859],[-120.47922711460092,54.13508028287554],[-120.44024543775078,54.118419198714264],[-120.39321978316956,54.12175497543825],[-120.3289981199748,54.10436139663172],[-120.28840340529294,54.114165573102376],[-120.23141488360322,54.1113385029884],[-120.16729661590614,54.121521478854824],[-120.14357943179067,54.064601061383534],[-120.19654626641207,54.02980976024474],[-120.22962825077295,54.04154911566833],[-120.26290373239213,53.999629471556325],[-120.26000412146318,53.97662783293537],[-120.20958263005326,53.972820962927045],[-120.19181837243762,53.9400028231968],[-120.15551482060367,53.9381634718056],[-120.09681674025272,53.98457154385673],[-120.0639123921853,53.96431109835271],[-120.05282219380082,53.88324705184938],[-120.01742562559525,53.864196043037],[-120.04979003740503,53.82900733423176],[-120.03708743688551,53.80465020375742],[-119.9999999784289,53.80621976386821],[-120.00000000311572,53.9374103852157],[-119.999999985214,54.21398175817435],[-119.99999998550364,54.73697509295939],[-120.00031396288092,55.11919840472888],[-120.00000000851108,55.40234407005439],[-119.99994596937276,55.77838166331419],[-119.99999999001135,56.145535074087235],[-120.00005923000995,56.65604821832189],[-120.0000218791126,57.00000002567381],[-120.00000001064892,57.38062883251601],[-119.99995870437432,57.75000003167677],[-120.00002255688638,58.000000050919844],[-120.50600139104536,57.99979321976236],[-121.27382340826533,58.00141230094129],[-121.7532935563478,57.999121156669894],[-122.25516314445254,58.00002496185622],[-122.73982288775247,58.000582342382096],[-122.75770082258377,57.99756581470671],[-123.00643787436468,57.999798201874995],[-123.50300322865208,57.99954480240062],[-124.0010526696572,57.99930833013429],[-124.50096983748868,57.999581724955576],[-124.94836471156147,57.99987025390682]]]},"properties":{"district_id":"CA:5955","name":"Peace River"}},
{"type":"Feature","geometry":{"type":"Polygon","coordinates":[[[-127.72500008774561,60.000022150123904],[-128.49999999605447,59.999999990925886],[-128.99999996852793,59.99999999944817],[-129.75000000875934,59.99999999277255],[-130.49999999012093,59.99999998747072],[-130.99999997560155,60.000000003981505],[-131.5000000145379,59.99999999911813],[-131.99999998654897,59.9999999961408],[-132.50000000977428,59.99999998934207],[-133.00000000502882,60.00000000339855],[-133.5000000209851,60.00000000576068],[-133.9999999784831,60.000000001536215],[-134.75000000330718,59.999999987958795],[-135.5000000095547,59.999999990124486],[-136.00000001226786,59.99999999277346],[-136.50000001039547,59.99999998880522],[-137.0000000100816,60.00000000508895],[-137.49999997394292,60.00000000135668],[-137.99999998414827,60.00000000706285],[-138.50000003442145,60.00000000138776],[-139.05220104118408,60.000040648292185],[-139.04213094516095,59.99156796361586],[-138.7908234329654,59.922990716224],[-138.70578523037895,59.906239996530836],[-138.65629932969114,59.799224081975645],[-138.60542550811186,59.75769014900749],[-138.23666079490695,59.57012415096424],[-137.87804393868262,59.38144171654275],[-137.6020692130019,59.240725055699194],[-137.499313520145,58.983138533754314],[-137.52672886439254,58.90659879358031],[-137.44656238465566,58.90866173847873],[-137.28840773955162,58.99948195419783],[-137.23664809866443,59.01143785946137],[-136.99963448320622,59.091363957705],[-136.8246700387304,59.15980142525872],[-136.58199214807445,59.165541194213965],[-136.4674946102449,59.28456206455473],[-136.4762480522563,59.464192708751],[-136.39773530844113,59.447177032514304],[-136.30143606390337,59.465837690607465],[-136.23628501754598,59.52671140427651],[-136.2414060506501,59.559102803166745],[-136.35571247559085,59.60067303914675],[-136.19525108676726,59.63881268526803],[-135.94568892689415,59.66362239886329],[-135.47900520794397,59.798612597902746],[-135.37702283652004,59.74292598142713],[-135.2347073582716,59.69594991472444],[-135.22181480394403,59.66414686838548],[-135.1544546627279,59.626478673152576],[-135.11754594845996,59.62338338990689],[-135.02770806232826,59.56391807182024],[-135.02798883695024,59.47630230483416],[-135.09752762584284,59.42700311085036],[-134.9892463631884,59.38787571323724],[-135.03020196242994,59.348351092743556],[-134.95893515335575,59.28108635025614],[-134.69929969859356,59.24838876646301],[-134.6779472774595,59.1928043134577],[-134.56979928896263,59.13350376644203],[-134.48478307227984,59.133387135579305],[-134.44491903832076,59.08647402524209],[-134.38537490218116,59.041396668962726],[-134.40760749037076,58.97844545363361],[-134.31227859598036,58.96139114003966],[-134.33738290363445,58.92033537187299],[-134.25643375791057,58.85907245347336],[-134.0025858093119,58.77409484841139],[-133.84133308491855,58.7301489724151],[-133.69947134485622,58.609113612374465],[-133.50418276283258,58.49637769743026],[-133.38179769690612,58.432551604950596],[-133.4612743984247,58.389872672521875],[-133.35407056742565,58.28339962651377],[-133.17239918952708,58.151641312841036],[-133.06954316545793,58.000052425503696],[-132.50059206084634,57.999913960110646],[-132.0007806415546,57.9998967976808],[-131.3189896646541,57.999927552111735],[-131.001674767914,58.000551353679306],[-131.00421573453755,58.06751692132854],[-131.00458374743968,58.60983808783206],[-131.00978700692468,59.002096856791646],[-130.23992880938778,59.00117449622063],[-129.79776144849617,59.00058811789474],[-129.4894914123931,59.00111520394554],[-128.9431905455439,59.00225460328817],[-128.9587355525461,58.747812776261604],[-129.0022460991406,57.9987593256127],[-129.00249982666972,57.62835465647045],[-129.00205422043283,57.164389392919134],[-128.97769334611914,57.14393978534694],[-128.93061529663208,57.147634314152924],[-128.85004463702523,57.11665819863913],[-128.78611589667364,57.07566827257185],[-128.7806564854684,57.05289427511465],[-128.72627203026246,57.04214604541853],[-128.68656797375726,56.985422882516154],[-128.66151631430728,56.97227103922177],[-128.66407441786325,56.92632128189023],[-128.693341149162,56.87842646897562],[-128.63446993841902,56.88364117776517],[-128.56269135775355,56.843425068922066],[-128.44902450266756,56.79474413102925],[-128.41830341602218,56.77184544007577],[-128.35851848773478,56.7529813778214],[-128.25926713244718,56.7482255197333],[-128.170246223745,56.71971600970106],[-128.1610036817984,56.69400004120011],[-128.17651951689095,56.643447667581405],[-128.11058845682567,56.639382399006074],[-128.0711191287649,56.66664086854145],[-127.98947867069468,56.61131676256104],[-127.91621840587958,56.61507143494133],[-127.89736736799544,56.5846514739837],[-127.84759920847145,56.559158845233064],[-127.85449311170439,56.542909841437215],[-127.96677690766924,56.52860925481209],[-127.98874221646132,56.5104419608459],[-127.96379459931043,56.45115126178893],[-127.97862240679113,56.435425874975344],[-128.08010323889013,56.41412423540938],[-128.13650552435124,56.42760780834484],[-128.16351761250087,56.45347754955275],[-128.2652334500861,56.41902868025618],[-128.27317577973747,56.383415597421795],[-128.22725222516587,56.36885425728787],[-128.10934408534683,56.34818375235876],[-128.10580942540253,56.30942579996197],[-128.20206004410045,56.30091777374937],[-128.2411636397188,56.265466757369474],[-128.2840900452354,56.24657477147799],[-128.27549173557796,56.21420323706013],[-128.29557149116832,56.19050643528689],[-128.27871168131216,56.1102845870279],[-128.32162047997852,56.09208688390273],[-128.40930346363092,56.10914748758699],[-128.49209066353583,56.10217272596447],[-128.5114291812933,56.07675800945556],[-128.3915266223864,56.02775354701404],[-128.36462689175127,56.00317912370992],[-127.94153266919166,55.999935733574475],[-127.91822003617096,56.00281346298981],[-127.50040355543999,56.00150256750878],[-127.00006859828106,56.000075563421454],[-126.50020204960502,55.99996801880962],[-125.93978885488693,55.999484969778635],[-125.50030709464862,55.999880111055894],[-124.75094873080486,55.99950997608218],[-124.44068574746849,55.99892623537611],[-124.49763221997287,56.06725261262576],[-124.47541608699422,56.11887599920926],[-124.48399810155541,56.1300029151265],[-124.6610171600009,56.116116308214536],[-124.71546395694212,56.13380027560383],[-124.83285271718208,56.223537576645846],[-124.92350692055042,56.244372900752325],[-124.98018059227748,56.22941030854242],[-124.98554131991328,56.21519880560464],[-125.04165338959696,56.20310438695369],[-125.06366117060766,56.26306861566162],[-125.1190958690729,56.30359588703392],[-125.18902778044944,56.294742850758894],[-125.24546383747567,56.25056431001205],[-125.32462936236365,56.24399149626322],[-125.40377374737628,56.25294838729888],[-125.45768812660107,56.23335394850149],[-125.57478856211831,56.16899164858579],[-125.6351796585703,56.151264130040296],[-125.65318908835442,56.16916435213211],[-125.6566276022841,56.22858523859966],[-125.73761841824016,56.19057509836452],[-125.86563951842972,56.145203938118634],[-125.95550025483486,56.142927912891174],[-125.97172873867063,56.166341185370186],[-125.98062199638174,56.24562939531618],[-126.11632286830985,56.27192221715687],[-126.19583645209957,56.350355422092036],[-126.1003623269269,56.39261806088057],[-126.10187289898425,56.42543834122247],[-126.18245635248044,56.46489734833641],[-126.19308306150387,56.481046651517794],[-126.14192543268337,56.5295009519393],[-126.1608147955226,56.563169978820234],[-126.14302735297808,56.576677504556265],[-126.17041023827441,56.612160549155895],[-126.23126880821539,56.64730084259112],[-126.3315095125651,56.67736953385926],[-126.41767038361715,56.65477854412612],[-126.48831323541286,56.664694209712074],[-126.67483776965237,56.77175921121483],[-126.71722302855058,56.766342515904626],[-126.81148711071664,56.68032254114916],[-126.85668220182218,56.67733113760388],[-126.90227497184368,56.692476644236386],[-126.99288282207358,56.632224676136616],[-127.03791141050549,56.61797288682746],[-127.10107534159323,56.61353576156389],[-127.12886368133759,56.62639718324263],[-127.22228546377086,56.74590304137761],[-127.2692312925782,56.73276750202741],[-127.36228685471923,56.68996262165259],[-127.41585663280422,56.676814718755075],[-127.5327383070855,56.74067010627114],[-127.52331490084075,56.773049565893764],[-127.60335234314107,56.83398518482596],[-127.6108158233984,56.85327515170256],[-127.56399081974284,56.86165542345264],[-127.60380666995485,56.88877957552556],[-127.5447878981242,56.93135470028823],[-127.54107735544099,56.96899651579885],[-127.56117430689211,56.97717457998481],[-127.67709542173266,56.976777662997314],[-127.73286907871727,57.01963208796445],[-127.73034937549606,57.10996592041483],[-127.69695564027226,57.140901194415314],[-127.60237561575704,57.151645713514135],[-127.52153611260907,57.170681369858656],[-127.46726998070531,57.21003140661329],[-127.49123615890261,57.303443076350305],[-127.48027220142991,57.33569304158175],[-127.41118872947551,57.38297506281844],[-127.37426531915747,57.418194280599195],[-127.30290313290166,57.446671943071806],[-127.32508630386786,57.48224888481204],[-127.34188682545243,57.54904730192299],[-127.27191057780857,57.60318716870228],[-127.18140489294274,57.59766068079623],[-127.1452501691178,57.57754610361226],[-127.15014627342147,57.53589891160348],[-127.09307882357488,57.52813324383247],[-127.05704518574942,57.50727249946142],[-126.98797135294794,57.52995722313378],[-126.79613810572332,57.56586074193704],[-126.78429763337904,57.576054359739565],[-126.87013022968384,57.64011713170502],[-126.83666198788364,57.668219235401125],[-126.85251346213366,57.68816644837712],[-126.91819229356216,57.69872076484366],[-126.95398488135376,57.744130330916654],[-126.9812672375925,57.760809831366394],[-126.95909120290024,57.79708139810054],[-126.86915363009408,57.78532760141766],[-126.887956564674,57.8673193943817],[-126.97059238666208,57.93311986034133],[-126.98002797722384,57.961223680957175],[-126.95093980402444,57.9894467607252],[-126.86800798544243,58.0033608275262],[-126.77301503608916,58.01106945740994],[-126.70305576113378,58.02710422002747],[-126.66290597411904,57.9908223935612],[-126.6041241232571,57.96020741330916],[-126.51803226322461,57.94094655602916],[-126.38525079443215,57.926192124821746],[-126.31593371748438,57.86191574706138],[-126.26871181242356,57.85570431109743],[-126.22874815912726,57.93374019867262],[-126.18290926209467,57.94455961757723],[-126.14009412366384,57.92236739783167],[-126.07794258643176,57.91366828290715],[-126.05395820718199,57.93021112291183],[-126.0440911664879,57.966938631795166],[-125.97473640625563,57.967032577562094],[-125.91639514807426,57.98068269556396],[-125.83745973242807,57.97939419183182],[-125.79735616036369,57.96604646765169],[-125.78964937730373,57.92259719620535],[-125.76677161095877,57.90815989000408],[-125.74735831650428,57.865548727569966],[-125.69960128177385,57.86827013763921],[-125.65344340332003,57.9222210044341],[-125.59382799487803,57.91425245590309],[-125.48897578289285,57.9411915056163],[-125.45103236313132,57.97156270140676],[-125.38658025491144,57.98871411593955],[-125.25083079397758,58.00541789281885],[-125.20390712165862,58.02235629265409],[-125.0947007981805,58.0191019808147],[-124.98234871716532,57.981424774621615],[-124.94836471156147,57.99987025390682],[-124.91702713540542,58.03042733020243],[-124.91906686116542,58.07397154863103],[-124.8609649251897,58.12489038659723],[-124.88395537530269,58.16431677605343],[-124.8297049637389,58.20706136401647],[-124.87985297368712,58.22343748562805],[-124.9262669607889,58.25321411029888],[-124.95186697741087,58.23083551642334],[-125.03879237222657,58.241553099394125],[-125.05696298683516,58.235387602241964],[-125.16010571789516,58.24383674511336],[-125.20129913933482,58.23926415908479],[-125.28862133809383,58.30289376820161],[-125.32853319011876,58.27777076094213],[-125.37727573182586,58.298388272186166],[-125.4393467446412,58.34113453973862],[-125.48049818883504,58.308653137442256],[-125.55184269281874,58.31955345261667],[-125.65019138901526,58.30391260049025],[-125.71739303146806,58.3072759089002],[-125.82296812389738,58.369404095082395],[-125.85745432967705,58.412657442830856],[-125.93089005764331,58.39528784912164],[-126.01456064272982,58.40655000815718],[-126.06009712044713,58.420484207143204],[-126.07055007571022,58.449416803093804],[-126.13812282048526,58.46506405650343],[-126.2075936221801,58.49342354983372],[-126.28482571545601,58.5493188506624],[-126.30289601714803,58.59835136871225],[-126.33239395450174,58.610038481412566],[-126.40327062486615,58.596896271036165],[-126.4867697838163,58.605044583075916],[-126.551985705485,58.57913497353889],[-126.60559181916649,58.58515322388052],[-126.69990127972027,58.648869906601014],[-126.74386777760127,58.667261445074786],[-126.83557061102405,58.663114423610175],[-126.87351514374288,58.63674020895124],[-126.90668012921408,58.66116645446149],[-126.8398033733606,58.70805158485844],[-126.83439598824552,58.72210944581639],[-126.89534845075316,58.778130981137146],[-126.94867705604933,58.80897347396452],[-127.02138492542232,58.8066288217631],[-127.05941939565609,58.850601768095316],[-126.99239779667768,58.90933567261502],[-126.94346329590252,58.97177157538383],[-126.95138547408693,59.024687937349185],[-126.97856134837366,59.049811203020845],[-126.97214828277993,59.10299484912441],[-127.02763400741492,59.13295183476902],[-127.11320357873808,59.12046249326981],[-127.17093650941882,59.14019722684686],[-127.22305003550784,59.21721136755673],[-127.22739097444212,59.24219625757901],[-127.27970592304122,59.28216879726977],[-127.33312279131121,59.3465788372726],[-127.3426456895986,59.378663142292474],[-127.42771386541598,59.45525053909744],[-127.44617526125018,59.48894918813465],[-127.49398869233765,59.53008095773026],[-127.53267728460433,59.53441693141333],[-127.59267264941344,59.597040749827705],[-127.72766554342132,59.6299752132306],[-127.75261060553429,59.66664882723989],[-127.79785007139799,59.69513220790107],[-127.81058614698597,59.759338083483236],[-127.80272594142218,59.785446060663986],[-127.76164166170851,59.79969698193602],[-127.76918761410886,59.82823856708961],[-127.6606356469355,59.85503454519824],[-127.65549982549133,59.880142591395916],[-127.72860753660206,59.895707452459206],[-127.72500008774561,60.000022150123904]]]},"properties":{"district_id":"CA:5957","name":"Stikine"}},
{"type":"Feature","geometry":{"type":"Polygon","coordinates":[[[-123.7893248355608,60.00003262053759],[-124.49999998419172,59.99999999166563],[-124.99999999384656,59.999999993580985],[-125.49999998069141,59.99999999151279],[-125.99999999458548,59.999999998206796],[-126.49999997133322,59.99999999817298],[-126.99999997369925,59.999999998271086],[-127.72500008774561,60.000022150123904],[-127.72860753660206,59.895707452459206],[-127.65549982549133,59.880142591395916],[-127.6606356469355,59.85503454519824],[-127.76918761410886,59.82823856708961],[-127.76164166170851,59.79969698193602],[-127.80272594142218,59.785446060663986],[-127.81058614698597,59.759338083483236],[-127.79785007139799,59.69513220790107],[-127.75261060553429,59.66664882723989],[-127.72766554342132,59.6299752132306],[-127.59267264941344,59.597040749827705],[-127.53267728460433,59.53441693141333],[-127.49398869233765,59.53008095773026],[-127.44617526125018,59.48894918813465],[-127.42771386541598,59.45525053909744],[-127.3426456895986,59.378663142292474],[-127.33312279131121,59.3465788372726],[-127.27970592304122,59.28216879726977],[-127.22739097444212,59.24219625757901],[-127.22305003550784,59.21721136755673],[-127.17093650941882,59.14019722684686],[-127.11320357873808,59.12046249326981],[-127.02763400741492,59.13295183476902],[-126.97214828277993,59.10299484912441],[-126.97856134837366,59.049811203020845],[-126.95138547408693,59.024687937349185],[-126.94346329590252,58.97177157538383],[-126.99239779667768,58.90933567261502],[-127.05941939565609,58.850601768095316],[-127.02138492542232,58.8066288217631],[-126.94867705604933,58.80897347396452],[-126.89534845075316,58.778130981137146],[-126.83439598824552,58.72210944581639],[-126.8398033733606,58.70805158485844],[-126.90668012921408,58.66116645446149],[-126.87351514374288,58.63674020895124],[-126.83557061102405,58.663114423610175],[-126.74386777760127,58.667261445074786],[-126.69990127972027,58.648869906601014],[-126.60559181916649,58.58515322388052],[-126.551985705485,58.57913497353889],[-126.4867697838163,58.605044583075916],[-126.40327062486615,58.596896271036165],[-126.33239395450174,58.610038481412566],[-126.30289601714803,58.59835136871225],[-126.28482571545601,58.5493188506624],[-126.2075936221801,58.49342354983372],[-126.13812282048526,58.46506405650343],[-126.07055007571022,58.449416803093804],[-126.06009712044713,58.420484207143204],[-126.01456064272982,58.40655000815718],[-125.93089005764331,58.39528784912164],[-125.85745432967705,58.412657442830856],[-125.82296812389738,58.369404095082395],[-125.71739303146806,58.3072759089002],[-125.65019138901526,58.30391260049025],[-125.55184269281874,58.31955345261667],[-125.48049818883504,58.308653137442256],[-125.4393467446412,58.34113453973862],[-125.37727573182586,58.298388272186166],[-125.32853319011876,58.27777076094213],[-125.28862133809383,58.30289376820161],[-125.20129913933482,58.23926415908479],[-125.16010571789516,58.24383674511336],[-125.05696298683516,58.235387602241964],[-125.03879237222657,58.241553099394125],[-124.95186697741087,58.23083551642334],[-124.9262669607889,58.25321411029888],[-124.87985297368712,58.22343748562805],[-124.8297049637389,58.20706136401647],[-124.88395537530269,58.16431677605343],[-124.8609649251897,58.12489038659723],[-124.91906686116542,58.07397154863103],[-124.91702713540542,58.03042733020243],[-124.94836471156147,57.99987025390682],[-124.50096983748868,57.999581724955576],[-124.0010526696572,57.99930833013429],[-123.50300322865208,57.99954480240062],[-123.00643787436468,57.999798201874995],[-122.75770082258377,57.99756581470671],[-122.73982288775247,58.000582342382096],[-122.25516314445254,58.00002496185622],[-121.7532935563478,57.999121156669894],[-121.27382340826533,58.00141230094129],[-120.50600139104536,57.99979321976236],[-120.00002255688638,58.000000050919844],[-119.9999950832677,58.48232990723623],[-120.00000001910713,58.75000000646959],[-119.99999998964032,59.089331791102346],[-120.00000001546502,59.49999999835129],[-119.99999998322919,60.00000000016975],[-120.49999997008521,59.99999999707509],[-121.00000002378944,59.999999997488146],[-121.7499999774629,59.99999999097586],[-122.50000001140657,59.99999999684144],[-122.99999999299169,60.00000000808986],[-123.7893248355608,60.00003262053759]]]},"properties":{"district_id":"CA:5959","name":"Northern Rockies"}}
]}