path,unit,bytes,species_slug,shape,detail
glossary/Veins_jpg.jpg.7d3d03c7.partial,object,2017073,,glossary-no-row,no row in data/glossary.csv names this image
glossary/body_regions_collar_jpeg.jpg,object,2071524,,glossary-no-row,no row in data/glossary.csv names this image
key-images/Abdomen and thorax distinct.webp,object,43846,,key-image-no-row,no row in data/key-character-images.csv names this image
key-images/Abdomen striped.webp,object,201770,,key-image-no-row,no row in data/key-character-images.csv names this image
key-images/Blue Hindwing.webp,object,51042,,key-image-no-row,no row in data/key-character-images.csv names this image
key-images/Blue copy.webp,object,22712,,key-image-no-row,no row in data/key-character-images.csv names this image
key-images/Discal spot hindwing present.webp,object,114658,,key-image-no-row,no row in data/key-character-images.csv names this image
key-images/Eyespot absent forewing.webp,object,86602,,key-image-no-row,no row in data/key-character-images.csv names this image
key-images/Eyespot absent hindwing.webp,object,96598,,key-image-no-row,no row in data/key-character-images.csv names this image
"key-images/Forewing Discal Spot Present, no.webp",object,337152,,key-image-no-row,no row in data/key-character-images.csv names this image
"key-images/Forewing Discal Spot Present, yes.webp",object,237962,,key-image-no-row,no row in data/key-character-images.csv names this image
key-images/Forewing Discal Spot Reniform.webp,object,135738,,key-image-no-row,no row in data/key-character-images.csv names this image
"key-images/Forewing Orbicular Spot Present, yes.webp",object,238584,,key-image-no-row,no row in data/key-character-images.csv names this image
key-images/Forewing Orbicular Spot dark outline light filling.webp,object,252588,,key-image-no-row,no row in data/key-character-images.csv names this image
key-images/Forewing discal spot dark outline light filling.webp,object,103416,,key-image-no-row,no row in data/key-character-images.csv names this image
key-images/Forewing discal spot light outline dark interior.webp,object,105368,,key-image-no-row,no row in data/key-character-images.csv names this image
key-images/Forewing discal spot no outline.webp,object,135130,,key-image-no-row,no row in data/key-character-images.csv names this image
key-images/Forewing discal spot orbicular.webp,object,164496,,key-image-no-row,no row in data/key-character-images.csv names this image
key-images/Forewing orbicular spot no outline.webp,object,136708,,key-image-no-row,no row in data/key-character-images.csv names this image
key-images/Forewing veins distinct.webp,object,52308,,key-image-no-row,no row in data/key-character-images.csv names this image
"key-images/Forewing with large spot spanning orbicular and reniform, No.webp",object,248728,,key-image-no-row,no row in data/key-character-images.csv names this image
key-images/Forewing_length.webp,object,161450,,key-image-no-row,no row in data/key-character-images.csv names this image
key-images/Hindwing fringe scalloped.webp,object,16714,,key-image-no-row,no row in data/key-character-images.csv names this image
key-images/Hindwing veins distinct.webp,object,21238,,key-image-no-row,no row in data/key-character-images.csv names this image
key-images/Light costal stripe present.webp,object,159168,,key-image-no-row,no row in data/key-character-images.csv names this image
key-images/Patagia somewhat distinct.webp,object,38840,,key-image-no-row,no row in data/key-character-images.csv names this image
key-images/Pink copy.webp,object,23964,,key-image-no-row,no row in data/key-character-images.csv names this image
key-images/Puget lowland.webp,object,81626,,key-image-no-row,no row in data/key-character-images.csv names this image
key-images/Purple copy.webp,object,23370,,key-image-no-row,no row in data/key-character-images.csv names this image
key-images/Scalloped fringe 2.webp,object,13084,,key-image-no-row,no row in data/key-character-images.csv names this image
key-images/Smooth fringe 1.webp,object,20144,,key-image-no-row,no row in data/key-character-images.csv names this image
key-images/forewing discal spot absent.webp,object,67196,,key-image-no-row,no row in data/key-character-images.csv names this image
key-images/forewing discal spot present.webp,object,185776,,key-image-no-row,no row in data/key-character-images.csv names this image
"key-images/forewing median line, no.webp",object,244022,,key-image-no-row,no row in data/key-character-images.csv names this image
"key-images/forewing with large spot spanning both orbicular and discal region, no.webp",object,196206,,key-image-no-row,no row in data/key-character-images.csv names this image
"key-images/forewing with large spot spanning both orbicular and discal region, yes.webp",object,162930,,key-image-no-row,no row in data/key-character-images.csv names this image
dasyfidonia-avuncularia/Dasyfidonia avuncularia - A-D.jpg,object,,dasyfidonia-avuncularia,missing-photo,a row in data/images.csv with no object in the zone
dasyfidonia-avuncularia/Dasyfidonia avuncularia - A-V.jpg,object,,dasyfidonia-avuncularia,missing-photo,a row in data/images.csv with no object in the zone
dasyfidonia-avuncularia/Dasyfidonia avuncularia - B-D.jpg,object,,dasyfidonia-avuncularia,missing-photo,a row in data/images.csv with no object in the zone
dasyfidonia-avuncularia/Dasyfidonia avuncularia - B-V.jpg,object,,dasyfidonia-avuncularia,missing-photo,a row in data/images.csv with no object in the zone
digrammia-burneyata/Digrammia burnegata - A-D.jpg,object,,digrammia-burneyata,missing-photo,a row in data/images.csv with no object in the zone
digrammia-burneyata/Digrammia burnegata - A-V.jpg,object,,digrammia-burneyata,missing-photo,a row in data/images.csv with no object in the zone
digrammia-burneyata/Digrammia burnegata - B-D.jpg,object,,digrammia-burneyata,missing-photo,a row in data/images.csv with no object in the zone
digrammia-burneyata/Digrammia burnegata - B-V.jpg,object,,digrammia-burneyata,missing-photo,a row in data/images.csv with no object in the zone
digrammia-californiaria/Digrammia californaria - A-D.jpg,object,,digrammia-californiaria,missing-photo,a row in data/images.csv with no object in the zone
digrammia-californiaria/Digrammia californaria - A-V.jpg,object,,digrammia-californiaria,missing-photo,a row in data/images.csv with no object in the zone
digrammia-cinereola/Digrammia cinereola - A-D.jpg,object,,digrammia-cinereola,missing-photo,a row in data/images.csv with no object in the zone
digrammia-cinereola/Digrammia cinereola - A-V.jpg,object,,digrammia-cinereola,missing-photo,a row in data/images.csv with no object in the zone
digrammia-curvata/Digrammia curvata - A-V.jpg,object,,digrammia-curvata,missing-photo,a row in data/images.csv with no object in the zone
digrammia-curvata/Digrammia curvata - B-D.jpg,object,,digrammia-curvata,missing-photo,a row in data/images.csv with no object in the zone
digrammia-curvata/Digrammia curvata - B-V.jpg,object,,digrammia-curvata,missing-photo,a row in data/images.csv with no object in the zone
digrammia-decorata/Digrammia decorata - A-D.jpg,object,,digrammia-decorata,missing-photo,a row in data/images.csv with no object in the zone
digrammia-decorata/Digrammia decorata - A-V.jpg,object,,digrammia-decorata,missing-photo,a row in data/images.csv with no object in the zone
digrammia-decorata/Digrammia decorata - B-D.jpg,object,,digrammia-decorata,missing-photo,a row in data/images.csv with no object in the zone
digrammia-decorata/Digrammia decorata - B-V.jpg,object,,digrammia-decorata,missing-photo,a row in data/images.csv with no object in the zone
digrammia-excurvata/Digrammia excurvata - A-D.jpg,object,,digrammia-excurvata,missing-photo,a row in data/images.csv with no object in the zone
digrammia-excurvata/Digrammia excurvata - A-V.jpg,object,,digrammia-excurvata,missing-photo,a row in data/images.csv with no object in the zone
digrammia-excurvata/Digrammia excurvata - B-D.jpg,object,,digrammia-excurvata,missing-photo,a row in data/images.csv with no object in the zone
digrammia-excurvata/Digrammia excurvata - B-V.jpg,object,,digrammia-excurvata,missing-photo,a row in data/images.csv with no object in the zone
digrammia-extenuata/Digrammia extenuate - A-D.jpg,object,,digrammia-extenuata,missing-photo,a row in data/images.csv with no object in the zone
digrammia-extenuata/Digrammia extenuate - A-V.jpg,object,,digrammia-extenuata,missing-photo,a row in data/images.csv with no object in the zone
digrammia-irrorata/Digrammia irrorata - A-D.jpg,object,,digrammia-irrorata,missing-photo,a row in data/images.csv with no object in the zone
digrammia-irrorata/Digrammia irrorata - A-V.jpg,object,,digrammia-irrorata,missing-photo,a row in data/images.csv with no object in the zone
digrammia-modocata/Digrammia modocata - A-D.jpg,object,,digrammia-modocata,missing-photo,a row in data/images.csv with no object in the zone
digrammia-modocata/Digrammia modocata - A-V.jpg,object,,digrammia-modocata,missing-photo,a row in data/images.csv with no object in the zone
digrammia-modocata/Digrammia modocata - B-D.jpg,object,,digrammia-modocata,missing-photo,a row in data/images.csv with no object in the zone
digrammia-modocata/Digrammia modocata - B-V.jpg,object,,digrammia-modocata,missing-photo,a row in data/images.csv with no object in the zone
digrammia-muscariata/Digrammia muscariata - A-D.jpg,object,,digrammia-muscariata,missing-photo,a row in data/images.csv with no object in the zone
digrammia-muscariata/Digrammia muscariata - A-V.jpg,object,,digrammia-muscariata,missing-photo,a row in data/images.csv with no object in the zone
digrammia-muscariata/Digrammia muscariata - B-D.jpg,object,,digrammia-muscariata,missing-photo,a row in data/images.csv with no object in the zone
digrammia-muscariata/Digrammia muscariata - B-V.jpg,object,,digrammia-muscariata,missing-photo,a row in data/images.csv with no object in the zone
digrammia-napensis/Digrammia napensis -A-D.jpg,object,,digrammia-napensis,missing-photo,a row in data/images.csv with no object in the zone
digrammia-napensis/Digrammia napensis -A-V.jpg,object,,digrammia-napensis,missing-photo,a row in data/images.csv with no object in the zone
digrammia-napensis/Digrammia napensis -B-D.jpg,object,,digrammia-napensis,missing-photo,a row in data/images.csv with no object in the zone
digrammia-napensis/Digrammia napensis -B-V.jpg,object,,digrammia-napensis,missing-photo,a row in data/images.csv with no object in the zone
digrammia-neptaria/Digrammia neptaria - A-D.jpg,object,,digrammia-neptaria,missing-photo,a row in data/images.csv with no object in the zone
digrammia-neptaria/Digrammia neptaria - A-V.jpg,object,,digrammia-neptaria,missing-photo,a row in data/images.csv with no object in the zone
digrammia-neptaria/Digrammia neptaria - B -V.jpg,object,,digrammia-neptaria,missing-photo,a row in data/images.csv with no object in the zone
digrammia-neptaria/Digrammia neptaria - B-D.jpg,object,,digrammia-neptaria,missing-photo,a row in data/images.csv with no object in the zone
digrammia-rippertaria/Digrammia rippertaria - A-D.jpg,object,,digrammia-rippertaria,missing-photo,a row in data/images.csv with no object in the zone
digrammia-rippertaria/Digrammia rippertaria - A-V.jpg,object,,digrammia-rippertaria,missing-photo,a row in data/images.csv with no object in the zone
digrammia-rippertaria/Digrammia rippertaria - B-D.jpg,object,,digrammia-rippertaria,missing-photo,a row in data/images.csv with no object in the zone
digrammia-rippertaria/Digrammia rippertaria - B-V.jpg,object,,digrammia-rippertaria,missing-photo,a row in data/images.csv with no object in the zone
digrammia-sexpunctata/Digrammia sexpunctata - A-D.jpg,object,,digrammia-sexpunctata,missing-photo,a row in data/images.csv with no object in the zone
digrammia-subminiata/Digrammia subminiata - A-D.jpg,object,,digrammia-subminiata,missing-photo,a row in data/images.csv with no object in the zone
digrammia-subminiata/Digrammia subminiata - A-V.jpg,object,,digrammia-subminiata,missing-photo,a row in data/images.csv with no object in the zone
digrammia-subminiata/Digrammia subminiata - B-D.jpg,object,,digrammia-subminiata,missing-photo,a row in data/images.csv with no object in the zone
digrammia-subminiata/Digrammia subminiata - B-V.jpg,object,,digrammia-subminiata,missing-photo,a row in data/images.csv with no object in the zone
epelis-truncataria/Epelis truncataria - A-D.jpg,object,,epelis-truncataria,missing-photo,a row in data/images.csv with no object in the zone
epelis-truncataria/Epelis truncataria - A-V.jpg,object,,epelis-truncataria,missing-photo,a row in data/images.csv with no object in the zone
epelis-truncataria/Epelis truncataria - B-V.jpg,object,,epelis-truncataria,missing-photo,a row in data/images.csv with no object in the zone
fernaldella-fimetaria/Fernaldella fimeteria - A-D.jpg,object,,fernaldella-fimetaria,missing-photo,a row in data/images.csv with no object in the zone
fernaldella-fimetaria/Fernaldella fimeteria - A-V.jpg,object,,fernaldella-fimetaria,missing-photo,a row in data/images.csv with no object in the zone
macaria-adonis/Macaria adonis - A-D.jpg,object,,macaria-adonis,missing-photo,a row in data/images.csv with no object in the zone
macaria-adonis/Macaria adonis - A-V.jpg,object,,macaria-adonis,missing-photo,a row in data/images.csv with no object in the zone
macaria-adonis/Macaria adonis - B-V.jpg,object,,macaria-adonis,missing-photo,a row in data/images.csv with no object in the zone
macaria-aemulataria/Macaria aemulataria - A-D.jpg,object,,macaria-aemulataria,missing-photo,a row in data/images.csv with no object in the zone
macaria-aemulataria/Macaria aemulataria - A-V.jpg,object,,macaria-aemulataria,missing-photo,a row in data/images.csv with no object in the zone
macaria-aemulataria/Macaria aemulataria - B-V.jpg,object,,macaria-aemulataria,missing-photo,a row in data/images.csv with no object in the zone
macaria-notata/Macaria notata - A-V.jpg,object,,macaria-notata,missing-photo,a row in data/images.csv with no object in the zone
macaria-oweni/Macaria oweni - A-D.jpg,object,,macaria-oweni,missing-photo,a row in data/images.csv with no object in the zone
macaria-oweni/Macaria oweni - A-V.jpg,object,,macaria-oweni,missing-photo,a row in data/images.csv with no object in the zone
macaria-sexmaculata/Macaria sexmaculata - A-D.jpg,object,,macaria-sexmaculata,missing-photo,a row in data/images.csv with no object in the zone
macaria-sexmaculata/Macaria sexmaculata - A-V.jpg,object,,macaria-sexmaculata,missing-photo,a row in data/images.csv with no object in the zone
macaria-sexmaculata/Macaria sexmaculata - B-D.jpg,object,,macaria-sexmaculata,missing-photo,a row in data/images.csv with no object in the zone
macaria-sexmaculata/Macaria sexmaculata - B-V.jpg,object,,macaria-sexmaculata,missing-photo,a row in data/images.csv with no object in the zone
macaria-signaria/Macaria marmorata - F-D.jpg,object,,macaria-signaria,missing-photo,a row in data/images.csv with no object in the zone
macaria-signaria/Macaria marmorata - F-V.jpg,object,,macaria-signaria,missing-photo,a row in data/images.csv with no object in the zone
macaria-signaria/Macaria marmorata - G-D.jpg,object,,macaria-signaria,missing-photo,a row in data/images.csv with no object in the zone
macaria-signaria/Macaria marmorata - G-V.jpg,object,,macaria-signaria,missing-photo,a row in data/images.csv with no object in the zone
macaria-signaria/Macaria signaria - A-D.jpg,object,,macaria-signaria,missing-photo,a row in data/images.csv with no object in the zone
macaria-signaria/Macaria signaria - A-V.jpg,object,,macaria-signaria,missing-photo,a row in data/images.csv with no object in the zone
macaria-signaria/Macaria signaria - B-V.jpg,object,,macaria-signaria,missing-photo,a row in data/images.csv with no object in the zone
macaria-signaria/Macaria submarmorata -E-D.jpg,object,,macaria-signaria,missing-photo,a row in data/images.csv with no object in the zone
macaria-signaria/Macaria submarmorata -E-V.jpg,object,,macaria-signaria,missing-photo,a row in data/images.csv with no object in the zone
macaria-signaria/Macaria unipunctaria - C-D.jpg,object,,macaria-signaria,missing-photo,a row in data/images.csv with no object in the zone
macaria-signaria/Macaria unipunctaria - C-V.jpg,object,,macaria-signaria,missing-photo,a row in data/images.csv with no object in the zone
macaria-signaria/Macaria unipunctaria -D-D.jpg,object,,macaria-signaria,missing-photo,a row in data/images.csv with no object in the zone
macaria-signaria/Macaria unipunctaria -D-V.jpg,object,,macaria-signaria,missing-photo,a row in data/images.csv with no object in the zone
abagrotis-rubicundis/Abagrotis rubicundis-A-D.jpg,object,139006,abagrotis-rubicundis,photo-no-row,no row in data/images.csv; abagrotis-rubicundis is not in data/species.csv
abagrotis-rubicundis/Abagrotis rubicundis-A-V.jpg,object,139874,abagrotis-rubicundis,photo-no-row,no row in data/images.csv; abagrotis-rubicundis is not in data/species.csv
acronicta-dactylina/Acronicta dactylina-A-D.jpg,object,137843,acronicta-dactylina,photo-no-row,no row in data/images.csv; acronicta-dactylina is not in data/species.csv
acronicta-dactylina/Acronicta dactylina-A-V.jpg,object,118280,acronicta-dactylina,photo-no-row,no row in data/images.csv; acronicta-dactylina is not in data/species.csv
acronicta-dactylina/Acronicta dactylina-B-D.jpg,object,141886,acronicta-dactylina,photo-no-row,no row in data/images.csv; acronicta-dactylina is not in data/species.csv
acronicta-dactylina/Acronicta dactylina-B-V.jpg,object,127311,acronicta-dactylina,photo-no-row,no row in data/images.csv; acronicta-dactylina is not in data/species.csv
acronicta-dactylina/Acronicta dactylina-C-V.jpg,object,139918,acronicta-dactylina,photo-no-row,no row in data/images.csv; acronicta-dactylina is not in data/species.csv
acronicta-parallela/Acronicta parallela-A-D.jpg,object,130892,acronicta-parallela,photo-no-row,no row in data/images.csv; acronicta-parallela is not in data/species.csv
acronicta-parallela/Acronicta parallela-A-V.jpg,object,126356,acronicta-parallela,photo-no-row,no row in data/images.csv; acronicta-parallela is not in data/species.csv
acronicta-parallela/Acronicta parallela-B-D.jpg,object,142348,acronicta-parallela,photo-no-row,no row in data/images.csv; acronicta-parallela is not in data/species.csv
acronicta-parallela/Acronicta parallela-B-V.jpg,object,136821,acronicta-parallela,photo-no-row,no row in data/images.csv; acronicta-parallela is not in data/species.csv
amphipoea-keiferi/Amphipoea keiferi-A-D.jpg,object,126964,amphipoea-keiferi,photo-no-row,no row in data/images.csv; amphipoea-keiferi is published
amphipoea-keiferi/Amphipoea keiferi-A-V.jpg,object,126125,amphipoea-keiferi,photo-no-row,no row in data/images.csv; amphipoea-keiferi is published
amphipoea-senilis/Amphipoea senilis-A-D.jpg,object,113858,amphipoea-senilis,photo-no-row,no row in data/images.csv; amphipoea-senilis is not in data/species.csv
amphipoea-senilis/Amphipoea senilis-A-V.jpg,object,112870,amphipoea-senilis,photo-no-row,no row in data/images.csv; amphipoea-senilis is not in data/species.csv
amphipoea-senilis/Amphipoea senilis-B-D.jpg,object,125649,amphipoea-senilis,photo-no-row,no row in data/images.csv; amphipoea-senilis is not in data/species.csv
amphipoea-senilis/Amphipoea senilis-B-V.jpg,object,118333,amphipoea-senilis,photo-no-row,no row in data/images.csv; amphipoea-senilis is not in data/species.csv
anarta-fervida/Anarta fervida-A-D.jpg,object,154324,anarta-fervida,photo-no-row,no row in data/images.csv; anarta-fervida is not in data/species.csv
anarta-fervida/Anarta fervida-A-V.jpg,object,147800,anarta-fervida,photo-no-row,no row in data/images.csv; anarta-fervida is not in data/species.csv
anarta-hadeniformis/Anarta hadeniformis-A-D.jpg,object,134137,anarta-hadeniformis,photo-no-row,no row in data/images.csv; anarta-hadeniformis is not in data/species.csv
anarta-hadeniformis/Anarta hadeniformis-A-V.jpg,object,127018,anarta-hadeniformis,photo-no-row,no row in data/images.csv; anarta-hadeniformis is not in data/species.csv
anarta-montanica/Anarta montanica-A-D.jpg,object,162981,anarta-montanica,photo-no-row,no row in data/images.csv; anarta-montanica is not in data/species.csv
anarta-montanica/Anarta montanica-A-V.jpg,object,155234,anarta-montanica,photo-no-row,no row in data/images.csv; anarta-montanica is not in data/species.csv
anarta-ptilodonta/Anarta ptilodonta-A-D.jpg,object,141725,anarta-ptilodonta,photo-no-row,no row in data/images.csv; anarta-ptilodonta is not in data/species.csv
anarta-ptilodonta/Anarta ptilodonta-A-V.jpg,object,120334,anarta-ptilodonta,photo-no-row,no row in data/images.csv; anarta-ptilodonta is not in data/species.csv
anarta-ptilodonta/Anarta ptilodonta-B-D.jpg,object,161333,anarta-ptilodonta,photo-no-row,no row in data/images.csv; anarta-ptilodonta is not in data/species.csv
anarta-ptilodonta/Anarta ptilodonta-B-V.jpg,object,143830,anarta-ptilodonta,photo-no-row,no row in data/images.csv; anarta-ptilodonta is not in data/species.csv
apamea-aurianticolor/Apamea aurianticolor-A-D.jpg,object,151634,apamea-aurianticolor,photo-no-row,no row in data/images.csv; apamea-aurianticolor is not in data/species.csv
apamea-aurianticolor/Apamea aurianticolor-A-V.jpg,object,142408,apamea-aurianticolor,photo-no-row,no row in data/images.csv; apamea-aurianticolor is not in data/species.csv
aseptis-ethnica/Aseptis ethnica-A-D.jpg,object,148771,aseptis-ethnica,photo-no-row,no row in data/images.csv; aseptis-ethnica is published
aseptis-ethnica/Aseptis ethnica-A-V.jpg,object,150444,aseptis-ethnica,photo-no-row,no row in data/images.csv; aseptis-ethnica is published
aseptis-fannatica/Aseptis fannatica-A-D.jpg,object,144893,aseptis-fannatica,photo-no-row,no row in data/images.csv; aseptis-fannatica is not in data/species.csv
aseptis-fannatica/Aseptis fannatica-A-V.jpg,object,161971,aseptis-fannatica,photo-no-row,no row in data/images.csv; aseptis-fannatica is not in data/species.csv
autographa-v/Autographa v-alba-A-D.jpg,object,137665,autographa-v,photo-no-row,no row in data/images.csv; autographa-v is not in data/species.csv
autographa-v/Autographa v-alba-A-V.jpg,object,137286,autographa-v,photo-no-row,no row in data/images.csv; autographa-v is not in data/species.csv
axenus-amplus/Axenus amplus-A-D.jpg,object,165295,axenus-amplus,photo-no-row,no row in data/images.csv; axenus-amplus is not in data/species.csv
axenus-amplus/Axenus amplus-A-V.jpg,object,163194,axenus-amplus,photo-no-row,no row in data/images.csv; axenus-amplus is not in data/species.csv
besma-quercivoraria/Besma quercivoraria-OSAC_0001081358-D.jpg,object,440201,besma-quercivoraria,photo-no-row,no row in data/images.csv; besma-quercivoraria is not in data/species.csv
besma-quercivoraria/Besma quercivoraria-OSAC_0001081358-V.jpg,object,404797,besma-quercivoraria,photo-no-row,no row in data/images.csv; besma-quercivoraria is not in data/species.csv
besma-quercivoraria/Besma quercivoraria-OSAC_0001081359-D.jpg,object,432846,besma-quercivoraria,photo-no-row,no row in data/images.csv; besma-quercivoraria is not in data/species.csv
besma-quercivoraria/Besma quercivoraria-OSAC_0001081359-V.jpg,object,413285,besma-quercivoraria,photo-no-row,no row in data/images.csv; besma-quercivoraria is not in data/species.csv
caradrina-multifera/Caradrina multifera-A-D.jpg,object,132650,caradrina-multifera,photo-no-row,no row in data/images.csv; caradrina-multifera is not in data/species.csv
caradrina-multifera/Caradrina multifera-A-V.jpg,object,126246,caradrina-multifera,photo-no-row,no row in data/images.csv; caradrina-multifera is not in data/species.csv
caradrina-multifera/Caradrina multifera-B-D.jpg,object,136831,caradrina-multifera,photo-no-row,no row in data/images.csv; caradrina-multifera is not in data/species.csv
caradrina-multifera/Caradrina multifera-B-V.jpg,object,132832,caradrina-multifera,photo-no-row,no row in data/images.csv; caradrina-multifera is not in data/species.csv
caradrina-multifera/Caradrina multifera-C-D.jpg,object,141356,caradrina-multifera,photo-no-row,no row in data/images.csv; caradrina-multifera is not in data/species.csv
caradrina-multifera/Caradrina multifera-C-V.jpg,object,132636,caradrina-multifera,photo-no-row,no row in data/images.csv; caradrina-multifera is not in data/species.csv
caripeta -divisata/Caripeta divisata-A-D.jpg,object,90731,caripeta -divisata,photo-no-row,no row in data/images.csv; caripeta -divisata is not in data/species.csv
caripeta -divisata/Caripeta divisata-A-V.jpg,object,90282,caripeta -divisata,photo-no-row,no row in data/images.csv; caripeta -divisata is not in data/species.csv
chesiadodes-cinerea/Chesiadodes cinerea-OSAC_0001081315-D.jpg,object,373558,chesiadodes-cinerea,photo-no-row,no row in data/images.csv; chesiadodes-cinerea is not in data/species.csv
chesiadodes-cinerea/Chesiadodes cinerea-OSAC_0001081315-V.jpg,object,400602,chesiadodes-cinerea,photo-no-row,no row in data/images.csv; chesiadodes-cinerea is not in data/species.csv
chlorochlamys-appellaria/Chlorochlamys appellaria-OSAC_0001081322-D.jpg,object,269987,chlorochlamys-appellaria,photo-no-row,no row in data/images.csv; chlorochlamys-appellaria is not in data/species.csv
chlorochlamys-appellaria/Chlorochlamys appellaria-OSAC_0001081322-V.jpg,object,268643,chlorochlamys-appellaria,photo-no-row,no row in data/images.csv; chlorochlamys-appellaria is not in data/species.csv
chlorochlamys-appellaria/Chlorochlamys appellaria-OSAC_0001081324-D.jpg,object,311302,chlorochlamys-appellaria,photo-no-row,no row in data/images.csv; chlorochlamys-appellaria is not in data/species.csv
chlorochlamys-appellaria/Chlorochlamys appellaria-OSAC_0001081324-V.jpg,object,307998,chlorochlamys-appellaria,photo-no-row,no row in data/images.csv; chlorochlamys-appellaria is not in data/species.csv
chrysodeixis-eriosoma/Chrysodeixis eriosoma-A-D.jpg,object,116337,chrysodeixis-eriosoma,photo-no-row,no row in data/images.csv; chrysodeixis-eriosoma is not in data/species.csv
chrysodeixis-eriosoma/Chrysodeixis eriosoma-A-V.jpg,object,112316,chrysodeixis-eriosoma,photo-no-row,no row in data/images.csv; chrysodeixis-eriosoma is not in data/species.csv
chytolita-petrealis/Chytolita petrealis-A-D.jpg,object,158862,chytolita-petrealis,photo-no-row,no row in data/images.csv; chytolita-petrealis is not in data/species.csv
chytolita-petrealis/Chytolita petrealis-A-V.jpg,object,155710,chytolita-petrealis,photo-no-row,no row in data/images.csv; chytolita-petrealis is not in data/species.csv
clemensia-albata/Clemensia albata-A-D.jpg,object,153722,clemensia-albata,photo-no-row,no row in data/images.csv; clemensia-albata is not in data/species.csv
clemensia-albata/Clemensia albata-A-V.jpg,object,139627,clemensia-albata,photo-no-row,no row in data/images.csv; clemensia-albata is not in data/species.csv
condica-lunata/Condica lunata-A-D.jpg,object,154362,condica-lunata,photo-no-row,no row in data/images.csv; condica-lunata is not in data/species.csv
condica-lunata/Condica lunata-A-V.jpg,object,160043,condica-lunata,photo-no-row,no row in data/images.csv; condica-lunata is not in data/species.csv
datana-ministra/Datana ministra-A-D.jpg,object,129910,datana-ministra,photo-no-row,no row in data/images.csv; datana-ministra is not in data/species.csv
datana-ministra/Datana ministra-A-V.jpg,object,125639,datana-ministra,photo-no-row,no row in data/images.csv; datana-ministra is not in data/species.csv
diachrysia-aeroides/Diachrysia aeroides-A-D.jpg,object,144214,diachrysia-aeroides,photo-no-row,no row in data/images.csv; diachrysia-aeroides is not in data/species.csv
diachrysia-aeroides/Diachrysia aeroides-A-V.jpg,object,140416,diachrysia-aeroides,photo-no-row,no row in data/images.csv; diachrysia-aeroides is not in data/species.csv
dichorda-illustraria/Dichorda illustraria-OSAC_0001081352-D.jpg,object,309652,dichorda-illustraria,photo-no-row,no row in data/images.csv; dichorda-illustraria is not in data/species.csv
dichorda-illustraria/Dichorda illustraria-OSAC_0001081352-V.jpg,object,321578,dichorda-illustraria,photo-no-row,no row in data/images.csv; dichorda-illustraria is not in data/species.csv
dichorda-illustraria/Dichorda illustraria-OSAC_0001081354-D.jpg,object,320962,dichorda-illustraria,photo-no-row,no row in data/images.csv; dichorda-illustraria is not in data/species.csv
dichorda-illustraria/Dichorda illustraria-OSAC_0001081354-V.jpg,object,301690,dichorda-illustraria,photo-no-row,no row in data/images.csv; dichorda-illustraria is not in data/species.csv
digrammia-nubicalatata/Digrammia nubicalatata-A-D.jpg,object,118384,digrammia-nubicalatata,photo-no-row,no row in data/images.csv; digrammia-nubicalatata is not in data/species.csv
digrammia-nubicalatata/Digrammia nubicalatata-A-V.jpg,object,109792,digrammia-nubicalatata,photo-no-row,no row in data/images.csv; digrammia-nubicalatata is not in data/species.csv
digrammia-nubicalatata/Digrammia nubicalatata-B-D.jpg,object,95310,digrammia-nubicalatata,photo-no-row,no row in data/images.csv; digrammia-nubicalatata is not in data/species.csv
digrammia-nubicalatata/Digrammia nubicalatata-B-V.jpg,object,97589,digrammia-nubicalatata,photo-no-row,no row in data/images.csv; digrammia-nubicalatata is not in data/species.csv
drasteria-convergens/Drasteria convergens-A-D.jpg,object,155644,drasteria-convergens,photo-no-row,no row in data/images.csv; drasteria-convergens is not in data/species.csv
drasteria-convergens/Drasteria convergens-A-V.jpg,object,143768,drasteria-convergens,photo-no-row,no row in data/images.csv; drasteria-convergens is not in data/species.csv
drasteria-species/Drasteria species-A-D.jpg,object,152055,drasteria-species,photo-no-row,no row in data/images.csv; drasteria-species is not in data/species.csv
drasteria-species/Drasteria species-A-V.jpg,object,137833,drasteria-species,photo-no-row,no row in data/images.csv; drasteria-species is not in data/species.csv
drepanulatrix-unicabararia/Drepanulatrix unicabararia-A-D.jpg,object,103956,drepanulatrix-unicabararia,photo-no-row,no row in data/images.csv; drepanulatrix-unicabararia is not in data/species.csv
drepanulatrix-unicabararia/Drepanulatrix unicabararia-A-V.jpg,object,100115,drepanulatrix-unicabararia,photo-no-row,no row in data/images.csv; drepanulatrix-unicabararia is not in data/species.csv
dysstroma-colvillei/Dysstroma colvillei-OSAC_0000130334-D.jpg,object,389151,dysstroma-colvillei,photo-no-row,no row in data/images.csv; dysstroma-colvillei is not in data/species.csv
dysstroma-colvillei/Dysstroma colvillei-OSAC_0000130334-V.jpg,object,378470,dysstroma-colvillei,photo-no-row,no row in data/images.csv; dysstroma-colvillei is not in data/species.csv
dysstroma-truncata/Dysstroma truncata-OSAC_0001081384-D.jpg,object,385642,dysstroma-truncata,photo-no-row,no row in data/images.csv; dysstroma-truncata is gated and gets no page
dysstroma-truncata/Dysstroma truncata-OSAC_0001081384-V.jpg,object,423495,dysstroma-truncata,photo-no-row,no row in data/images.csv; dysstroma-truncata is gated and gets no page
dysstroma-truncata/Dysstroma truncata-OSAC_0001081385-D.jpg,object,396953,dysstroma-truncata,photo-no-row,no row in data/images.csv; dysstroma-truncata is gated and gets no page
dysstroma-truncata/Dysstroma truncata-OSAC_0001081385-V.jpg,object,402389,dysstroma-truncata,photo-no-row,no row in data/images.csv; dysstroma-truncata is gated and gets no page
dysstroma-walkerata/Dysstroma walkerata-OSAC_0000130335-D.jpg,object,375067,dysstroma-walkerata,photo-no-row,no row in data/images.csv; dysstroma-walkerata is not in data/species.csv
dysstroma-walkerata/Dysstroma walkerata-OSAC_0000130335-V.jpg,object,367071,dysstroma-walkerata,photo-no-row,no row in data/images.csv; dysstroma-walkerata is not in data/species.csv
dysstroma-walkerata/Dysstroma walkerata-OSAC_0001081386-D.jpg,object,365776,dysstroma-walkerata,photo-no-row,no row in data/images.csv; dysstroma-walkerata is not in data/species.csv
dysstroma-walkerata/Dysstroma walkerata-OSAC_0001081386-V.jpg,object,361127,dysstroma-walkerata,photo-no-row,no row in data/images.csv; dysstroma-walkerata is not in data/species.csv
dysstroma-walkerata/Dysstroma walkerata-OSAC_0001081387-D.jpg,object,357041,dysstroma-walkerata,photo-no-row,no row in data/images.csv; dysstroma-walkerata is not in data/species.csv
dysstroma-walkerata/Dysstroma walkerata-OSAC_0001081387-V.jpg,object,342642,dysstroma-walkerata,photo-no-row,no row in data/images.csv; dysstroma-walkerata is not in data/species.csv
egira-aff-curialis/Egira_aff_curialis-A-D.jpg,object,125842,egira-aff-curialis,photo-no-row,no row in data/images.csv; egira-aff-curialis is gated and gets no page
enargia-fausta/Enargia fausta-A-D.jpg,object,117054,enargia-fausta,photo-no-row,no row in data/images.csv; enargia-fausta is published
enargia-fausta/Enargia fausta-A-V.jpg,object,113825,enargia-fausta,photo-no-row,no row in data/images.csv; enargia-fausta is published
eulithis-harveyata/Eulithis harveyata-A-D.jpg,object,126831,eulithis-harveyata,photo-no-row,no row in data/images.csv; eulithis-harveyata is not in data/species.csv
eulithis-harveyata/Eulithis harveyata-A-V.jpg,object,126612,eulithis-harveyata,photo-no-row,no row in data/images.csv; eulithis-harveyata is not in data/species.csv
eulithis-xylena/Eulithis xylena-A-D.jpg,object,121836,eulithis-xylena,photo-no-row,no row in data/images.csv; eulithis-xylena is not in data/species.csv
eulithis-xylena/Eulithis xylena-A-V.jpg,object,115022,eulithis-xylena,photo-no-row,no row in data/images.csv; eulithis-xylena is not in data/species.csv
eumacaria-madopata/Eumacaria madopata-OSAC_0000992639-D.jpg,object,378220,eumacaria-madopata,photo-no-row,no row in data/images.csv; eumacaria-madopata is gated and gets no page
eumacaria-madopata/Eumacaria madopata-OSAC_0000992639-V.jpg,object,391309,eumacaria-madopata,photo-no-row,no row in data/images.csv; eumacaria-madopata is gated and gets no page
eumacaria-madopata/Eumacaria madopata-OSAC_0001033424-D.jpg,object,386720,eumacaria-madopata,photo-no-row,no row in data/images.csv; eumacaria-madopata is gated and gets no page
eumacaria-madopata/Eumacaria madopata-OSAC_0001033424-V.jpg,object,405920,eumacaria-madopata,photo-no-row,no row in data/images.csv; eumacaria-madopata is gated and gets no page
eupithecia-bivittata/Eupithecia bivittata-OSAC_0001081334-D.jpg,object,336890,eupithecia-bivittata,photo-no-row,no row in data/images.csv; eupithecia-bivittata is not in data/species.csv
eupithecia-bivittata/Eupithecia bivittata-OSAC_0001081334-V.jpg,object,316768,eupithecia-bivittata,photo-no-row,no row in data/images.csv; eupithecia-bivittata is not in data/species.csv
eupithecia-bivittata/Eupithecia bivittata-OSAC_0001081341-D.jpg,object,322490,eupithecia-bivittata,photo-no-row,no row in data/images.csv; eupithecia-bivittata is not in data/species.csv
eupithecia-bivittata/Eupithecia bivittata-OSAC_0001081341-V.jpg,object,319665,eupithecia-bivittata,photo-no-row,no row in data/images.csv; eupithecia-bivittata is not in data/species.csv
eupithecia-castellata/Eupithecia castellata-OSAC_0001081325-D.jpg,object,320121,eupithecia-castellata,photo-no-row,no row in data/images.csv; eupithecia-castellata is not in data/species.csv
eupithecia-castellata/Eupithecia castellata-OSAC_0001081325-V.jpg,object,337078,eupithecia-castellata,photo-no-row,no row in data/images.csv; eupithecia-castellata is not in data/species.csv
eupithecia-castellata/Eupithecia castellata-OSAC_0001081329-D.jpg,object,332379,eupithecia-castellata,photo-no-row,no row in data/images.csv; eupithecia-castellata is not in data/species.csv
eupithecia-castellata/Eupithecia castellata-OSAC_0001081329-V.jpg,object,330602,eupithecia-castellata,photo-no-row,no row in data/images.csv; eupithecia-castellata is not in data/species.csv
eupithecia-columbiata/Eupithecia columbiata-OSAC_0001081327-D.jpg,object,330374,eupithecia-columbiata,photo-no-row,no row in data/images.csv; eupithecia-columbiata is not in data/species.csv
eupithecia-columbiata/Eupithecia columbiata-OSAC_0001081327-V.jpg,object,343020,eupithecia-columbiata,photo-no-row,no row in data/images.csv; eupithecia-columbiata is not in data/species.csv
eupithecia-columbiata/Eupithecia columbiata-OSAC_0001081331-D.jpg,object,351085,eupithecia-columbiata,photo-no-row,no row in data/images.csv; eupithecia-columbiata is not in data/species.csv
eupithecia-columbiata/Eupithecia columbiata-OSAC_0001081331-V.jpg,object,322917,eupithecia-columbiata,photo-no-row,no row in data/images.csv; eupithecia-columbiata is not in data/species.csv
eupithecia-dichroma/Eupithecia dichroma-OSAC_000028495-D.jpg,object,320578,eupithecia-dichroma,photo-no-row,no row in data/images.csv; eupithecia-dichroma is not in data/species.csv
eupithecia-dichroma/Eupithecia dichroma-OSAC_000028495-V.jpg,object,302484,eupithecia-dichroma,photo-no-row,no row in data/images.csv; eupithecia-dichroma is not in data/species.csv
eupithecia-harrisonata/Eupithecia harrisonata-OSAC_0001081340-D.jpg,object,346023,eupithecia-harrisonata,photo-no-row,no row in data/images.csv; eupithecia-harrisonata is not in data/species.csv
eupithecia-harrisonata/Eupithecia harrisonata-OSAC_0001081340-V.jpg,object,356703,eupithecia-harrisonata,photo-no-row,no row in data/images.csv; eupithecia-harrisonata is not in data/species.csv
eupithecia-lachrymosa/Eupithecia lachrymosa-OSAC_0001081337-D.jpg,object,362173,eupithecia-lachrymosa,photo-no-row,no row in data/images.csv; eupithecia-lachrymosa is not in data/species.csv
eupithecia-lachrymosa/Eupithecia lachrymosa-OSAC_0001081337-V.jpg,object,355294,eupithecia-lachrymosa,photo-no-row,no row in data/images.csv; eupithecia-lachrymosa is not in data/species.csv
eupithecia-lachrymosa/Eupithecia lachrymosa-OSAC_0001081343-D.jpg,object,339073,eupithecia-lachrymosa,photo-no-row,no row in data/images.csv; eupithecia-lachrymosa is not in data/species.csv
eupithecia-lachrymosa/Eupithecia lachrymosa-OSAC_0001081343-V.jpg,object,347870,eupithecia-lachrymosa,photo-no-row,no row in data/images.csv; eupithecia-lachrymosa is not in data/species.csv
eupithecia-lariciata/Eupithecia lariciata-OSAC_0001079604-D.jpg,object,350339,eupithecia-lariciata,photo-no-row,no row in data/images.csv; eupithecia-lariciata is not in data/species.csv
eupithecia-lariciata/Eupithecia lariciata-OSAC_0001079604-V.jpg,object,317513,eupithecia-lariciata,photo-no-row,no row in data/images.csv; eupithecia-lariciata is not in data/species.csv
eupithecia-lariciata/Eupithecia lariciata-OSAC_0001081333-D.jpg,object,323209,eupithecia-lariciata,photo-no-row,no row in data/images.csv; eupithecia-lariciata is not in data/species.csv
eupithecia-lariciata/Eupithecia lariciata-OSAC_0001081333-V.jpg,object,326880,eupithecia-lariciata,photo-no-row,no row in data/images.csv; eupithecia-lariciata is not in data/species.csv
eupithecia-lariciata/Eupithecia lariciata-OSAC_0001081338-D.jpg,object,374619,eupithecia-lariciata,photo-no-row,no row in data/images.csv; eupithecia-lariciata is not in data/species.csv
eupithecia-lariciata/Eupithecia lariciata-OSAC_0001081338-V.jpg,object,326792,eupithecia-lariciata,photo-no-row,no row in data/images.csv; eupithecia-lariciata is not in data/species.csv
eupithecia-maestosa/Eupithecia maestosa-OSAC_0000449169-D.jpg,object,343692,eupithecia-maestosa,photo-no-row,no row in data/images.csv; eupithecia-maestosa is not in data/species.csv
eupithecia-maestosa/Eupithecia maestosa-OSAC_0000449169-V.jpg,object,303108,eupithecia-maestosa,photo-no-row,no row in data/images.csv; eupithecia-maestosa is not in data/species.csv
eupithecia-miserulata/Eupithecia miserulata-OSAC_0001081328-D.jpg,object,343392,eupithecia-miserulata,photo-no-row,no row in data/images.csv; eupithecia-miserulata is not in data/species.csv
eupithecia-miserulata/Eupithecia miserulata-OSAC_0001081328-V.jpg,object,358922,eupithecia-miserulata,photo-no-row,no row in data/images.csv; eupithecia-miserulata is not in data/species.csv
eupithecia-miserulata/Eupithecia miserulata-OSAC_0001081330-D.jpg,object,344642,eupithecia-miserulata,photo-no-row,no row in data/images.csv; eupithecia-miserulata is not in data/species.csv
eupithecia-miserulata/Eupithecia miserulata-OSAC_0001081330-V.jpg,object,364034,eupithecia-miserulata,photo-no-row,no row in data/images.csv; eupithecia-miserulata is not in data/species.csv
eupithecia-perfusca/Eupithecia perfusca-OSAC_0001081346-D.jpg,object,371394,eupithecia-perfusca,photo-no-row,no row in data/images.csv; eupithecia-perfusca is not in data/species.csv
eupithecia-perfusca/Eupithecia perfusca-OSAC_0001081346-V.jpg,object,378930,eupithecia-perfusca,photo-no-row,no row in data/images.csv; eupithecia-perfusca is not in data/species.csv
eupithecia-perfusca/Eupithecia perfusca-OSAC_0001081347-D.jpg,object,359043,eupithecia-perfusca,photo-no-row,no row in data/images.csv; eupithecia-perfusca is not in data/species.csv
eupithecia-perfusca/Eupithecia perfusca-OSAC_0001081347-V.jpg,object,363005,eupithecia-perfusca,photo-no-row,no row in data/images.csv; eupithecia-perfusca is not in data/species.csv
eupithecia-placidata/Eupithecia placidata-OSAC_0001081313-D.jpg,object,337065,eupithecia-placidata,photo-no-row,no row in data/images.csv; eupithecia-placidata is not in data/species.csv
eupithecia-placidata/Eupithecia placidata-OSAC_0001081313-V.jpg,object,319981,eupithecia-placidata,photo-no-row,no row in data/images.csv; eupithecia-placidata is not in data/species.csv
eupithecia-segregata/Eupithecia segregata-OSAC_0001081339-D.jpg,object,343061,eupithecia-segregata,photo-no-row,no row in data/images.csv; eupithecia-segregata is not in data/species.csv
eupithecia-segregata/Eupithecia segregata-OSAC_0001081339-V.jpg,object,353160,eupithecia-segregata,photo-no-row,no row in data/images.csv; eupithecia-segregata is not in data/species.csv
eupithecia-segregata/Eupithecia segregata-OSAC_0001081344-D.jpg,object,343877,eupithecia-segregata,photo-no-row,no row in data/images.csv; eupithecia-segregata is not in data/species.csv
eupithecia-segregata/Eupithecia segregata-OSAC_0001081344-V.jpg,object,314581,eupithecia-segregata,photo-no-row,no row in data/images.csv; eupithecia-segregata is not in data/species.csv
eupithecia-subfuscata/Eupithecia subfuscata-OSAC_0001081332-D.jpg,object,351769,eupithecia-subfuscata,photo-no-row,no row in data/images.csv; eupithecia-subfuscata is not in data/species.csv
eupithecia-subfuscata/Eupithecia subfuscata-OSAC_0001081332-V.jpg,object,319344,eupithecia-subfuscata,photo-no-row,no row in data/images.csv; eupithecia-subfuscata is not in data/species.csv
eupithecia-subfuscata/Eupithecia subfuscata-OSAC_0001081336-D.jpg,object,365034,eupithecia-subfuscata,photo-no-row,no row in data/images.csv; eupithecia-subfuscata is not in data/species.csv
eupithecia-subfuscata/Eupithecia subfuscata-OSAC_0001081336-V.jpg,object,345328,eupithecia-subfuscata,photo-no-row,no row in data/images.csv; eupithecia-subfuscata is not in data/species.csv
eupithecia-subvirens/Eupithecia subvirens-OSAC_0001081326-D.jpg,object,324259,eupithecia-subvirens,photo-no-row,no row in data/images.csv; eupithecia-subvirens is not in data/species.csv
eupithecia-subvirens/Eupithecia subvirens-OSAC_0001081326-V.jpg,object,331356,eupithecia-subvirens,photo-no-row,no row in data/images.csv; eupithecia-subvirens is not in data/species.csv
eupithecia-tripunctaria/Eupithecia tripunctaria-OSAC_0001081335-D.jpg,object,341284,eupithecia-tripunctaria,photo-no-row,no row in data/images.csv; eupithecia-tripunctaria is not in data/species.csv
eupithecia-tripunctaria/Eupithecia tripunctaria-OSAC_0001081335-V.jpg,object,334033,eupithecia-tripunctaria,photo-no-row,no row in data/images.csv; eupithecia-tripunctaria is not in data/species.csv
eupithecia-tripunctaria/Eupithecia tripunctaria-OSAC_0001081345-D.jpg,object,368804,eupithecia-tripunctaria,photo-no-row,no row in data/images.csv; eupithecia-tripunctaria is not in data/species.csv
eupithecia-tripunctaria/Eupithecia tripunctaria-OSAC_0001081345-V.jpg,object,355757,eupithecia-tripunctaria,photo-no-row,no row in data/images.csv; eupithecia-tripunctaria is not in data/species.csv
eupsilia-sidus/Eupsilia sidus-A-D.jpg,object,151129,eupsilia-sidus,photo-no-row,no row in data/images.csv; eupsilia-sidus is not in data/species.csv
eupsilia-sidus/Eupsilia sidus-A-V.jpg,object,153542,eupsilia-sidus,photo-no-row,no row in data/images.csv; eupsilia-sidus is not in data/species.csv
eusarca-falcata/Eusarca falcata-OSAC_0000908217-D.jpg,object,364381,eusarca-falcata,photo-no-row,no row in data/images.csv; eusarca-falcata is not in data/species.csv
eusarca-falcata/Eusarca falcata-OSAC_0000908217-V.jpg,object,360097,eusarca-falcata,photo-no-row,no row in data/images.csv; eusarca-falcata is not in data/species.csv
eusarca-falcata/Eusarca falcata-OSAC_0000990713-D.jpg,object,391533,eusarca-falcata,photo-no-row,no row in data/images.csv; eusarca-falcata is not in data/species.csv
eusarca-falcata/Eusarca falcata-OSAC_0000990713-V.jpg,object,386960,eusarca-falcata,photo-no-row,no row in data/images.csv; eusarca-falcata is not in data/species.csv
eustroma-semiatrata/Eustroma semiatrata-A-D.jpg,object,109261,eustroma-semiatrata,photo-no-row,no row in data/images.csv; eustroma-semiatrata is not in data/species.csv
eustroma-semiatrata/Eustroma semiatrata-A-V.jpg,object,109567,eustroma-semiatrata,photo-no-row,no row in data/images.csv; eustroma-semiatrata is not in data/species.csv
eustroma-semiatrata/Eustroma semiatrata-B-D.jpg,object,109500,eustroma-semiatrata,photo-no-row,no row in data/images.csv; eustroma-semiatrata is not in data/species.csv
eustroma-semiatrata/Eustroma semiatrata-B-V.jpg,object,107878,eustroma-semiatrata,photo-no-row,no row in data/images.csv; eustroma-semiatrata is not in data/species.csv
fernaldella-stalactaria/Fernaldella stalactaria-OSAC_0001006957-D.jpg,object,370462,fernaldella-stalactaria,photo-no-row,no row in data/images.csv; fernaldella-stalactaria is not in data/species.csv
fernaldella-stalactaria/Fernaldella stalactaria-OSAC_0001006957-V.jpg,object,376070,fernaldella-stalactaria,photo-no-row,no row in data/images.csv; fernaldella-stalactaria is not in data/species.csv
fernaldella-stalactaria/Fernaldella stalactaria-OSAC_0001006996-D.jpg,object,383046,fernaldella-stalactaria,photo-no-row,no row in data/images.csv; fernaldella-stalactaria is not in data/species.csv
fernaldella-stalactaria/Fernaldella stalactaria-OSAC_0001006996-V.jpg,object,369363,fernaldella-stalactaria,photo-no-row,no row in data/images.csv; fernaldella-stalactaria is not in data/species.csv
fishia-species/Fishia species-A-D.jpg,object,133366,fishia-species,photo-no-row,no row in data/images.csv; fishia-species is not in data/species.csv
fishia-species/Fishia species-A-V.jpg,object,130855,fishia-species,photo-no-row,no row in data/images.csv; fishia-species is not in data/species.csv
furcula-cinerea/Furcula cinerea-A-D.jpg,object,128109,furcula-cinerea,photo-no-row,no row in data/images.csv; furcula-cinerea is not in data/species.csv
furcula-cinerea/Furcula cinerea-A-V.jpg,object,118143,furcula-cinerea,photo-no-row,no row in data/images.csv; furcula-cinerea is not in data/species.csv
furcula-cinerea/Furcula cinerea-B-D.jpg,object,133172,furcula-cinerea,photo-no-row,no row in data/images.csv; furcula-cinerea is not in data/species.csv
furcula-cinerea/Furcula cinerea-B-V.jpg,object,127272,furcula-cinerea,photo-no-row,no row in data/images.csv; furcula-cinerea is not in data/species.csv
furcula-occidentalis/Furcula occidentalis-A-D.jpg,object,130171,furcula-occidentalis,photo-no-row,no row in data/images.csv; furcula-occidentalis is not in data/species.csv
furcula-occidentalis/Furcula occidentalis-A-V.jpg,object,119527,furcula-occidentalis,photo-no-row,no row in data/images.csv; furcula-occidentalis is not in data/species.csv
furcula-occidentalis/Furcula occidentalis-B-D.jpg,object,126980,furcula-occidentalis,photo-no-row,no row in data/images.csv; furcula-occidentalis is not in data/species.csv
furcula-occidentalis/Furcula occidentalis-B-V.jpg,object,119637,furcula-occidentalis,photo-no-row,no row in data/images.csv; furcula-occidentalis is not in data/species.csv
grammia-behrii/Grammia behrii-B-D.jpg,object,152981,grammia-behrii,photo-no-row,no row in data/images.csv; grammia-behrii is not in data/species.csv
grammia-behrii/Grammia behrii-B-V.jpg,object,149960,grammia-behrii,photo-no-row,no row in data/images.csv; grammia-behrii is not in data/species.csv
grammia-blakei/Grammia blakei-A-D.jpg,object,139931,grammia-blakei,photo-no-row,no row in data/images.csv; grammia-blakei is not in data/species.csv
grammia-blakei/Grammia blakei-A-V.jpg,object,132470,grammia-blakei,photo-no-row,no row in data/images.csv; grammia-blakei is not in data/species.csv
grammia-complicata/Grammia complicata-A-D.jpg,object,150797,grammia-complicata,photo-no-row,no row in data/images.csv; grammia-complicata is not in data/species.csv
grammia-complicata/Grammia complicata-A-V.jpg,object,146920,grammia-complicata,photo-no-row,no row in data/images.csv; grammia-complicata is not in data/species.csv
grammia-doris/Grammia doris-A-D.jpg,object,144623,grammia-doris,photo-no-row,no row in data/images.csv; grammia-doris is not in data/species.csv
grammia-doris/Grammia doris-A-V.jpg,object,139167,grammia-doris,photo-no-row,no row in data/images.csv; grammia-doris is not in data/species.csv
grammia-edwardsii/Grammia edwardsii-A-D.jpg,object,146052,grammia-edwardsii,photo-no-row,no row in data/images.csv; grammia-edwardsii is not in data/species.csv
grammia-edwardsii/Grammia edwardsii-A-V.jpg,object,140361,grammia-edwardsii,photo-no-row,no row in data/images.csv; grammia-edwardsii is not in data/species.csv
grammia-edwardsii/Grammia edwardsii-B-D.jpg,object,142819,grammia-edwardsii,photo-no-row,no row in data/images.csv; grammia-edwardsii is not in data/species.csv
grammia-edwardsii/Grammia edwardsii-B-V.jpg,object,119699,grammia-edwardsii,photo-no-row,no row in data/images.csv; grammia-edwardsii is not in data/species.csv
grammia-eureka/Grammia eureka-A-D.jpg,object,131074,grammia-eureka,photo-no-row,no row in data/images.csv; grammia-eureka is not in data/species.csv
grammia-eureka/Grammia eureka-A-V.jpg,object,120702,grammia-eureka,photo-no-row,no row in data/images.csv; grammia-eureka is not in data/species.csv
grammia-margo/Grammia margo-C-D.jpg,object,145679,grammia-margo,photo-no-row,no row in data/images.csv; grammia-margo is not in data/species.csv
grammia-margo/Grammia margo-C-V.jpg,object,128502,grammia-margo,photo-no-row,no row in data/images.csv; grammia-margo is not in data/species.csv
grammia-nevadensis/Grammia nevadensis-A-D.jpg,object,136725,grammia-nevadensis,photo-no-row,no row in data/images.csv; grammia-nevadensis is not in data/species.csv
grammia-nevadensis/Grammia nevadensis-A-V.jpg,object,134610,grammia-nevadensis,photo-no-row,no row in data/images.csv; grammia-nevadensis is not in data/species.csv
grammia-nevadensis/Grammia nevadensis-B-D.jpg,object,140529,grammia-nevadensis,photo-no-row,no row in data/images.csv; grammia-nevadensis is not in data/species.csv
grammia-nevadensis/Grammia nevadensis-B-V.jpg,object,132113,grammia-nevadensis,photo-no-row,no row in data/images.csv; grammia-nevadensis is not in data/species.csv
grammia-nevadensis/Grammia nevadensis-C-D.jpg,object,141976,grammia-nevadensis,photo-no-row,no row in data/images.csv; grammia-nevadensis is not in data/species.csv
grammia-nevadensis/Grammia nevadensis-C-V.jpg,object,140060,grammia-nevadensis,photo-no-row,no row in data/images.csv; grammia-nevadensis is not in data/species.csv
grammia-nevadensis/Grammia nevadensis-D-D.jpg,object,141532,grammia-nevadensis,photo-no-row,no row in data/images.csv; grammia-nevadensis is not in data/species.csv
grammia-nevadensis/Grammia nevadensis-D-V.jpg,object,130932,grammia-nevadensis,photo-no-row,no row in data/images.csv; grammia-nevadensis is not in data/species.csv
grammia-ornata/Grammia ornata-A-D.jpg,object,149537,grammia-ornata,photo-no-row,no row in data/images.csv; grammia-ornata is not in data/species.csv
grammia-ornata/Grammia ornata-A-V.jpg,object,140424,grammia-ornata,photo-no-row,no row in data/images.csv; grammia-ornata is not in data/species.csv
grammia-ornata/Grammia ornata-B-D.jpg,object,149129,grammia-ornata,photo-no-row,no row in data/images.csv; grammia-ornata is not in data/species.csv
grammia-ornata/Grammia ornata-B-V.jpg,object,145585,grammia-ornata,photo-no-row,no row in data/images.csv; grammia-ornata is not in data/species.csv
grammia-ornata/Grammia ornata-C-D.jpg,object,142124,grammia-ornata,photo-no-row,no row in data/images.csv; grammia-ornata is not in data/species.csv
grammia-ornata/Grammia ornata-C-V.jpg,object,131983,grammia-ornata,photo-no-row,no row in data/images.csv; grammia-ornata is not in data/species.csv
grammia-parthenice/Grammia parthenice-A-D.jpg,object,140090,grammia-parthenice,photo-no-row,no row in data/images.csv; grammia-parthenice is not in data/species.csv
grammia-parthenice/Grammia parthenice-A-V.jpg,object,135187,grammia-parthenice,photo-no-row,no row in data/images.csv; grammia-parthenice is not in data/species.csv
grammia-quenseli/Grammia quenseli-A-D.jpg,object,162095,grammia-quenseli,photo-no-row,no row in data/images.csv; grammia-quenseli is not in data/species.csv
grammia-quenseli/Grammia quenseli-A-V.jpg,object,153797,grammia-quenseli,photo-no-row,no row in data/images.csv; grammia-quenseli is not in data/species.csv
grammia-quenseli/Grammia quenseli-B-D.jpg,object,148170,grammia-quenseli,photo-no-row,no row in data/images.csv; grammia-quenseli is not in data/species.csv
grammia-quenseli/Grammia quenseli-B-V.jpg,object,142769,grammia-quenseli,photo-no-row,no row in data/images.csv; grammia-quenseli is not in data/species.csv
grammia-speciosa/Grammia speciosa-A-D.jpg,object,153015,grammia-speciosa,photo-no-row,no row in data/images.csv; grammia-speciosa is not in data/species.csv
grammia-speciosa/Grammia speciosa-A-V.jpg,object,152734,grammia-speciosa,photo-no-row,no row in data/images.csv; grammia-speciosa is not in data/species.csv
grammia-virgo/Grammia virgo-A-D.jpg,object,142453,grammia-virgo,photo-no-row,no row in data/images.csv; grammia-virgo is not in data/species.csv
grammia-virgo/Grammia virgo-A-V.jpg,object,136367,grammia-virgo,photo-no-row,no row in data/images.csv; grammia-virgo is not in data/species.csv
grammia-virguncula/Grammia virguncula-A-D.jpg,object,144040,grammia-virguncula,photo-no-row,no row in data/images.csv; grammia-virguncula is not in data/species.csv
grammia-virguncula/Grammia virguncula-A-V.jpg,object,138983,grammia-virguncula,photo-no-row,no row in data/images.csv; grammia-virguncula is not in data/species.csv
grammia-williamsii/Grammia williamsii-A-D.jpg,object,139770,grammia-williamsii,photo-no-row,no row in data/images.csv; grammia-williamsii is not in data/species.csv
grammia-williamsii/Grammia williamsii-A-V.jpg,object,138000,grammia-williamsii,photo-no-row,no row in data/images.csv; grammia-williamsii is not in data/species.csv
grammia-yukona/Grammia yukona-A-D.jpg,object,122638,grammia-yukona,photo-no-row,no row in data/images.csv; grammia-yukona is not in data/species.csv
grammia-yukona/Grammia yukona-A-V.jpg,object,117740,grammia-yukona,photo-no-row,no row in data/images.csv; grammia-yukona is not in data/species.csv
grammia-yukona/Grammia yukona-B-D.jpg,object,130856,grammia-yukona,photo-no-row,no row in data/images.csv; grammia-yukona is not in data/species.csv
grammia-yukona/Grammia yukona-B-V.jpg,object,130169,grammia-yukona,photo-no-row,no row in data/images.csv; grammia-yukona is not in data/species.csv
gynaephora-rossi/Gynaephora rossi-A-D.jpg,object,165615,gynaephora-rossi,photo-no-row,no row in data/images.csv; gynaephora-rossi is not in data/species.csv
gynaephora-rossi/Gynaephora rossi-A-V.jpg,object,153308,gynaephora-rossi,photo-no-row,no row in data/images.csv; gynaephora-rossi is not in data/species.csv
gynaephora-rossi/Gynaephora rossi-B-D.jpg,object,140454,gynaephora-rossi,photo-no-row,no row in data/images.csv; gynaephora-rossi is not in data/species.csv
gynaephora-rossi/Gynaephora rossi-B-V.jpg,object,134139,gynaephora-rossi,photo-no-row,no row in data/images.csv; gynaephora-rossi is not in data/species.csv
heliothis-virescens/Heliothis virescens-B-D.jpg,object,127892,heliothis-virescens,photo-no-row,no row in data/images.csv; heliothis-virescens is not in data/species.csv
heliothis-virescens/Heliothis virescens-B-V.jpg,object,122787,heliothis-virescens,photo-no-row,no row in data/images.csv; heliothis-virescens is not in data/species.csv
hemeroplanis-finitima/Hemeroplanis finitima-A-D.jpg,object,141176,hemeroplanis-finitima,photo-no-row,no row in data/images.csv; hemeroplanis-finitima is not in data/species.csv
hemeroplanis-finitima/Hemeroplanis finitima-A-V.jpg,object,126831,hemeroplanis-finitima,photo-no-row,no row in data/images.csv; hemeroplanis-finitima is not in data/species.csv
hemeroplanis-finitima/Hemeroplanis finitima-B-D.jpg,object,157947,hemeroplanis-finitima,photo-no-row,no row in data/images.csv; hemeroplanis-finitima is not in data/species.csv
hemeroplanis-finitima/Hemeroplanis finitima-B-V.jpg,object,145597,hemeroplanis-finitima,photo-no-row,no row in data/images.csv; hemeroplanis-finitima is not in data/species.csv
hesperumia-fumosaria/Hesperumia fumosaria-OSAC_0000449697-D.jpg,object,342847,hesperumia-fumosaria,photo-no-row,no row in data/images.csv; hesperumia-fumosaria is not in data/species.csv
hesperumia-fumosaria/Hesperumia fumosaria-OSAC_0000449697-V.jpg,object,318894,hesperumia-fumosaria,photo-no-row,no row in data/images.csv; hesperumia-fumosaria is not in data/species.csv
hesperumia-fumosaria/Hesperumia fumosaria-OSAC_0001081314-D.jpg,object,362314,hesperumia-fumosaria,photo-no-row,no row in data/images.csv; hesperumia-fumosaria is not in data/species.csv
hesperumia-fumosaria/Hesperumia fumosaria-OSAC_0001081314-V.jpg,object,360887,hesperumia-fumosaria,photo-no-row,no row in data/images.csv; hesperumia-fumosaria is not in data/species.csv
holarctia-obliterata/Holarctia obliterata-A-D.jpg,object,144508,holarctia-obliterata,photo-no-row,no row in data/images.csv; holarctia-obliterata is not in data/species.csv
holarctia-obliterata/Holarctia obliterata-A-V.jpg,object,139490,holarctia-obliterata,photo-no-row,no row in data/images.csv; holarctia-obliterata is not in data/species.csv
holoarctia-sordida/Holoarctia sordida-A-D.jpg,object,136704,holoarctia-sordida,photo-no-row,no row in data/images.csv; holoarctia-sordida is not in data/species.csv
holoarctia-sordida/Holoarctia sordida-A-V.jpg,object,138330,holoarctia-sordida,photo-no-row,no row in data/images.csv; holoarctia-sordida is not in data/species.csv
holoarctia-sordida/Holoarctia sordida-B-D.jpg,object,144312,holoarctia-sordida,photo-no-row,no row in data/images.csv; holoarctia-sordida is not in data/species.csv
holoarctia-sordida/Holoarctia sordida-B-V.jpg,object,140208,holoarctia-sordida,photo-no-row,no row in data/images.csv; holoarctia-sordida is not in data/species.csv
holoarctia-sordida/Holoarctia sordida-C-D.jpg,object,148797,holoarctia-sordida,photo-no-row,no row in data/images.csv; holoarctia-sordida is not in data/species.csv
holoarctia-sordida/Holoarctia sordida-C-V.jpg,object,141862,holoarctia-sordida,photo-no-row,no row in data/images.csv; holoarctia-sordida is not in data/species.csv
horisme-intestinata/Horisme intestinata-OSAC_0001033503-D.jpg,object,367650,horisme-intestinata,photo-no-row,no row in data/images.csv; horisme-intestinata is not in data/species.csv
horisme-intestinata/Horisme intestinata-OSAC_0001033503-V.jpg,object,379986,horisme-intestinata,photo-no-row,no row in data/images.csv; horisme-intestinata is not in data/species.csv
hyalophora-columbia/Hyalophora columbia-A-D.jpg,object,171827,hyalophora-columbia,photo-no-row,no row in data/images.csv; hyalophora-columbia is not in data/species.csv
hyalophora-columbia/Hyalophora columbia-A-V.jpg,object,181767,hyalophora-columbia,photo-no-row,no row in data/images.csv; hyalophora-columbia is not in data/species.csv
hyalophora-columbia/Hyalophora columbia-B-D.jpg,object,168044,hyalophora-columbia,photo-no-row,no row in data/images.csv; hyalophora-columbia is not in data/species.csv
hyalophora-columbia/Hyalophora columbia-B-V.jpg,object,178141,hyalophora-columbia,photo-no-row,no row in data/images.csv; hyalophora-columbia is not in data/species.csv
hydraecia-pallescens/Hydraecia pallescens-A-D.jpg,object,114567,hydraecia-pallescens,photo-no-row,no row in data/images.csv; hydraecia-pallescens is not in data/species.csv
hydraecia-pallescens/Hydraecia pallescens-A-V.jpg,object,112172,hydraecia-pallescens,photo-no-row,no row in data/images.csv; hydraecia-pallescens is not in data/species.csv
hydraecia-pallescens/Hydraecia pallescens-B-D.jpg,object,130696,hydraecia-pallescens,photo-no-row,no row in data/images.csv; hydraecia-pallescens is not in data/species.csv
hydraecia-pallescens/Hydraecia pallescens-B-V.jpg,object,130976,hydraecia-pallescens,photo-no-row,no row in data/images.csv; hydraecia-pallescens is not in data/species.csv
hydraecia-pallescens/Hydraecia pallescens-C-D.jpg,object,128324,hydraecia-pallescens,photo-no-row,no row in data/images.csv; hydraecia-pallescens is not in data/species.csv
hydraecia-pallescens/Hydraecia pallescens-C-V.jpg,object,124586,hydraecia-pallescens,photo-no-row,no row in data/images.csv; hydraecia-pallescens is not in data/species.csv
hydriomena-irata/Hydriomena irata-OSAC_0000892692-D.jpg,object,374534,hydriomena-irata,photo-no-row,no row in data/images.csv; hydriomena-irata is not in data/species.csv
hydriomena-irata/Hydriomena irata-OSAC_0000892692-V.jpg,object,387962,hydriomena-irata,photo-no-row,no row in data/images.csv; hydriomena-irata is not in data/species.csv
hydriomena-irata/Hydriomena irata-OSAC_0001081377-D.jpg,object,372546,hydriomena-irata,photo-no-row,no row in data/images.csv; hydriomena-irata is not in data/species.csv
hydriomena-irata/Hydriomena irata-OSAC_0001081377-V.jpg,object,384544,hydriomena-irata,photo-no-row,no row in data/images.csv; hydriomena-irata is not in data/species.csv
hydriomena-irata/Hydriomena irata-OSAC_0001081381-D.jpg,object,371790,hydriomena-irata,photo-no-row,no row in data/images.csv; hydriomena-irata is not in data/species.csv
hydriomena-irata/Hydriomena irata-OSAC_0001081381-V.jpg,object,360464,hydriomena-irata,photo-no-row,no row in data/images.csv; hydriomena-irata is not in data/species.csv
hydriomena-marinata/Hydriomena marinata-OSAC_0001081378-D.jpg,object,363899,hydriomena-marinata,photo-no-row,no row in data/images.csv; hydriomena-marinata is not in data/species.csv
hydriomena-marinata/Hydriomena marinata-OSAC_0001081378-V.jpg,object,361373,hydriomena-marinata,photo-no-row,no row in data/images.csv; hydriomena-marinata is not in data/species.csv
hydriomena-marinata/Hydriomena marinata-OSAC_0001081380-D.jpg,object,390246,hydriomena-marinata,photo-no-row,no row in data/images.csv; hydriomena-marinata is not in data/species.csv
hydriomena-marinata/Hydriomena marinata-OSAC_0001081380-V.jpg,object,383171,hydriomena-marinata,photo-no-row,no row in data/images.csv; hydriomena-marinata is not in data/species.csv
hydriomena-morosata/Hydriomena morosata-OSAC_0001081383-D.jpg,object,380177,hydriomena-morosata,photo-no-row,no row in data/images.csv; hydriomena-morosata is not in data/species.csv
hydriomena-morosata/Hydriomena morosata-OSAC_0001081383-V.jpg,object,357030,hydriomena-morosata,photo-no-row,no row in data/images.csv; hydriomena-morosata is not in data/species.csv
hydriomena-perfracta/Hydriomena perfracta-OSAC_0001078379-D.jpg,object,400993,hydriomena-perfracta,photo-no-row,no row in data/images.csv; hydriomena-perfracta is gated and gets no page
hydriomena-perfracta/Hydriomena perfracta-OSAC_0001078379-V.jpg,object,380722,hydriomena-perfracta,photo-no-row,no row in data/images.csv; hydriomena-perfracta is gated and gets no page
hydriomena-perfracta/Hydriomena perfracta-OSAC_0001081382-D.jpg,object,397621,hydriomena-perfracta,photo-no-row,no row in data/images.csv; hydriomena-perfracta is gated and gets no page
hydriomena-perfracta/Hydriomena perfracta-OSAC_0001081382-V.jpg,object,376508,hydriomena-perfracta,photo-no-row,no row in data/images.csv; hydriomena-perfracta is gated and gets no page
hypenodes-sobria/Hypenodes sobria-A-D.jpg,object,131982,hypenodes-sobria,photo-no-row,no row in data/images.csv; hypenodes-sobria is not in data/species.csv
hypenodes-sobria/Hypenodes sobria-A-V.jpg,object,129892,hypenodes-sobria,photo-no-row,no row in data/images.csv; hypenodes-sobria is not in data/species.csv
idaea-bonifata/Idaea bonifata-OSAC_0001081349-D.jpg,object,281715,idaea-bonifata,photo-no-row,no row in data/images.csv; idaea-bonifata is not in data/species.csv
idaea-bonifata/Idaea bonifata-OSAC_0001081349-V.jpg,object,261935,idaea-bonifata,photo-no-row,no row in data/images.csv; idaea-bonifata is not in data/species.csv
idaea-bonifata/Idaea bonifata-OSAC_0001081350-D.jpg,object,296280,idaea-bonifata,photo-no-row,no row in data/images.csv; idaea-bonifata is not in data/species.csv
idaea-bonifata/Idaea bonifata-OSAC_0001081350-V.jpg,object,263158,idaea-bonifata,photo-no-row,no row in data/images.csv; idaea-bonifata is not in data/species.csv
itame-quadrilinearia/Itame quadrilinearia-A-D.jpg,object,127353,itame-quadrilinearia,photo-no-row,no row in data/images.csv; itame-quadrilinearia is not in data/species.csv
itame-quadrilinearia/Itame quadrilinearia-A-V.jpg,object,125563,itame-quadrilinearia,photo-no-row,no row in data/images.csv; itame-quadrilinearia is not in data/species.csv
lacinipolia-olivacea/Lacinipolia olivacea-D-D.jpg,object,142140,lacinipolia-olivacea,photo-no-row,no row in data/images.csv; lacinipolia-olivacea is published
lacinipolia-olivacea/Lacinipolia olivacea-D-V.jpg,object,140832,lacinipolia-olivacea,photo-no-row,no row in data/images.csv; lacinipolia-olivacea is published
lacinipolia-vicina/Lacinipolia vicina-A-D.jpg,object,139740,lacinipolia-vicina,photo-no-row,no row in data/images.csv; lacinipolia-vicina is not in data/species.csv
lacinipolia-vicina/Lacinipolia vicina-A-V.jpg,object,144364,lacinipolia-vicina,photo-no-row,no row in data/images.csv; lacinipolia-vicina is not in data/species.csv
lacinipolia-vicina/Lacinipolia vicina-B-D.jpg,object,155868,lacinipolia-vicina,photo-no-row,no row in data/images.csv; lacinipolia-vicina is not in data/species.csv
lacinipolia-vicina/Lacinipolia vicina-B-V.jpg,object,151292,lacinipolia-vicina,photo-no-row,no row in data/images.csv; lacinipolia-vicina is not in data/species.csv
lacinipolia-vittula/Lacinipolia vittula-A-D.jpg,object,148471,lacinipolia-vittula,photo-no-row,no row in data/images.csv; lacinipolia-vittula is not in data/species.csv
lacinipolia-vittula/Lacinipolia vittula-A-V.jpg,object,122588,lacinipolia-vittula,photo-no-row,no row in data/images.csv; lacinipolia-vittula is not in data/species.csv
lacinipolia-vittula/Lacinipolia vittula-B-D.jpg,object,155379,lacinipolia-vittula,photo-no-row,no row in data/images.csv; lacinipolia-vittula is not in data/species.csv
lacinipolia-vittula/Lacinipolia vittula-B-V.jpg,object,138076,lacinipolia-vittula,photo-no-row,no row in data/images.csv; lacinipolia-vittula is not in data/species.csv
leucania-anteoclara/Leucania anteoclara-A-D.jpg,object,106983,leucania-anteoclara,photo-no-row,no row in data/images.csv; leucania-anteoclara is not in data/species.csv
leucania-anteoclara/Leucania anteoclara-A-V.jpg,object,109328,leucania-anteoclara,photo-no-row,no row in data/images.csv; leucania-anteoclara is not in data/species.csv
leucania-species/Leucania species-A-D.jpg,object,119095,leucania-species,photo-no-row,no row in data/images.csv; leucania-species is not in data/species.csv
leucania-species/Leucania species-A-V.jpg,object,114686,leucania-species,photo-no-row,no row in data/images.csv; leucania-species is not in data/species.csv
lithophane-jefferyi/Lithophane jefferyi-A-D.jpg,object,132353,lithophane-jefferyi,photo-no-row,no row in data/images.csv; lithophane-jefferyi is not in data/species.csv
lithophane-jefferyi/Lithophane jefferyi-A-V.jpg,object,132734,lithophane-jefferyi,photo-no-row,no row in data/images.csv; lithophane-jefferyi is not in data/species.csv
lycia-ursaria/Lycia ursaria-OSAC_0001081316-D.jpg,object,414348,lycia-ursaria,photo-no-row,no row in data/images.csv; lycia-ursaria is not in data/species.csv
lycia-ursaria/Lycia ursaria-OSAC_0001081316-V.jpg,object,414685,lycia-ursaria,photo-no-row,no row in data/images.csv; lycia-ursaria is not in data/species.csv
macaria-ulsterata/Macaria ulsterata-A-D.jpg,object,127883,macaria-ulsterata,photo-no-row,no row in data/images.csv; macaria-ulsterata is not in data/species.csv
macaria-ulsterata/Macaria ulsterata-A-V.jpg,object,125454,macaria-ulsterata,photo-no-row,no row in data/images.csv; macaria-ulsterata is not in data/species.csv
malacodea-pulchraria/Malacodea pulchraria-OSAC_0001079537-D.jpg,object,361111,malacodea-pulchraria,photo-no-row,no row in data/images.csv; malacodea-pulchraria is not in data/species.csv
malacodea-pulchraria/Malacodea pulchraria-OSAC_0001079537-V.jpg,object,336620,malacodea-pulchraria,photo-no-row,no row in data/images.csv; malacodea-pulchraria is not in data/species.csv
mniotype-ducta/Mniotype ducta-A-D.jpg,object,131887,mniotype-ducta,photo-no-row,no row in data/images.csv; mniotype-ducta is published
mniotype-species/Mniotype species-A-D.jpg,object,142700,mniotype-species,photo-no-row,no row in data/images.csv; mniotype-species is not in data/species.csv
mniotype-species/Mniotype species-A-V.jpg,object,134351,mniotype-species,photo-no-row,no row in data/images.csv; mniotype-species is not in data/species.csv
mniotype-tenera/Mniotype tenera-A-D.jpg,object,138796,mniotype-tenera,photo-no-row,no row in data/images.csv; mniotype-tenera is published
mniotype-tenera/Mniotype tenera-A-V.jpg,object,134908,mniotype-tenera,photo-no-row,no row in data/images.csv; mniotype-tenera is published
nacophoria-mexicanaria/Nacophoria mexicanaria-A-D.jpg,object,128864,nacophoria-mexicanaria,photo-no-row,no row in data/images.csv; nacophoria-mexicanaria is not in data/species.csv
nacophoria-mexicanaria/Nacophoria mexicanaria-A-V.jpg,object,120621,nacophoria-mexicanaria,photo-no-row,no row in data/images.csv; nacophoria-mexicanaria is not in data/species.csv
nemoria-pulcherrima/Nemoria pulcherrima-OSAC_0001081351-D.jpg,object,334835,nemoria-pulcherrima,photo-no-row,no row in data/images.csv; nemoria-pulcherrima is not in data/species.csv
nemoria-pulcherrima/Nemoria pulcherrima-OSAC_0001081351-V.jpg,object,311848,nemoria-pulcherrima,photo-no-row,no row in data/images.csv; nemoria-pulcherrima is not in data/species.csv
nemoria-pulcherrima/Nemoria pulcherrima-OSAC_0001081355-D.jpg,object,324143,nemoria-pulcherrima,photo-no-row,no row in data/images.csv; nemoria-pulcherrima is not in data/species.csv
nemoria-pulcherrima/Nemoria pulcherrima-OSAC_0001081355-V.jpg,object,312401,nemoria-pulcherrima,photo-no-row,no row in data/images.csv; nemoria-pulcherrima is not in data/species.csv
neoarctia-beanii/Neoarctia beanii-A-D.jpg,object,142976,neoarctia-beanii,photo-no-row,no row in data/images.csv; neoarctia-beanii is not in data/species.csv
neoarctia-beanii/Neoarctia beanii-A-V.jpg,object,132618,neoarctia-beanii,photo-no-row,no row in data/images.csv; neoarctia-beanii is not in data/species.csv
neoarctia-brucei/Neoarctia brucei-A-D.jpg,object,123306,neoarctia-brucei,photo-no-row,no row in data/images.csv; neoarctia-brucei is not in data/species.csv
neoarctia-brucei/Neoarctia brucei-A-V.jpg,object,129780,neoarctia-brucei,photo-no-row,no row in data/images.csv; neoarctia-brucei is not in data/species.csv
neoterpes-edwardsata/Neoterpes edwardsata-OSAC_0000874687-D.jpg,object,348365,neoterpes-edwardsata,photo-no-row,no row in data/images.csv; neoterpes-edwardsata is not in data/species.csv
neoterpes-edwardsata/Neoterpes edwardsata-OSAC_0000874687-V.jpg,object,343835,neoterpes-edwardsata,photo-no-row,no row in data/images.csv; neoterpes-edwardsata is not in data/species.csv
neoterpes-edwardsata/Neoterpes edwardsata-OSAC_0001081357-D.jpg,object,324007,neoterpes-edwardsata,photo-no-row,no row in data/images.csv; neoterpes-edwardsata is not in data/species.csv
neoterpes-edwardsata/Neoterpes edwardsata-OSAC_0001081357-V.jpg,object,327578,neoterpes-edwardsata,photo-no-row,no row in data/images.csv; neoterpes-edwardsata is not in data/species.csv
neoterpes-edwardsata/Neoterpes edwardsata-OSAC_0001081362-D.jpg,object,373114,neoterpes-edwardsata,photo-no-row,no row in data/images.csv; neoterpes-edwardsata is not in data/species.csv
neoterpes-edwardsata/Neoterpes edwardsata-OSAC_0001081362-V.jpg,object,367194,neoterpes-edwardsata,photo-no-row,no row in data/images.csv; neoterpes-edwardsata is not in data/species.csv
neoterpes-ephelidaria/Neoterpes ephelidaria-OSAC_0001081353-D.jpg,object,354250,neoterpes-ephelidaria,photo-no-row,no row in data/images.csv; neoterpes-ephelidaria is not in data/species.csv
neoterpes-ephelidaria/Neoterpes ephelidaria-OSAC_0001081353-V.jpg,object,357203,neoterpes-ephelidaria,photo-no-row,no row in data/images.csv; neoterpes-ephelidaria is not in data/species.csv
neoterpes-ephelidaria/Neoterpes ephelidaria-OSAC_0001081356-D.jpg,object,328447,neoterpes-ephelidaria,photo-no-row,no row in data/images.csv; neoterpes-ephelidaria is not in data/species.csv
neoterpes-ephelidaria/Neoterpes ephelidaria-OSAC_0001081356-V.jpg,object,324163,neoterpes-ephelidaria,photo-no-row,no row in data/images.csv; neoterpes-ephelidaria is not in data/species.csv
nepytia-freemani/Nepytia freemani-OSAC_0001081360-D.jpg,object,377371,nepytia-freemani,photo-no-row,no row in data/images.csv; nepytia-freemani is not in data/species.csv
nepytia-freemani/Nepytia freemani-OSAC_0001081360-V.jpg,object,350157,nepytia-freemani,photo-no-row,no row in data/images.csv; nepytia-freemani is not in data/species.csv
notarctia-proxima/Notarctia proxima-A-D.jpg,object,136383,notarctia-proxima,photo-no-row,no row in data/images.csv; notarctia-proxima is not in data/species.csv
notarctia-proxima/Notarctia proxima-A-V.jpg,object,133834,notarctia-proxima,photo-no-row,no row in data/images.csv; notarctia-proxima is not in data/species.csv
notarctia-proxima/Notarctia proxima-B-D.jpg,object,138805,notarctia-proxima,photo-no-row,no row in data/images.csv; notarctia-proxima is not in data/species.csv
notarctia-proxima/Notarctia proxima-B-V.jpg,object,136039,notarctia-proxima,photo-no-row,no row in data/images.csv; notarctia-proxima is not in data/species.csv
notodonta-scitipennis/Notodonta scitipennis-A-D.jpg,object,126545,notodonta-scitipennis,photo-no-row,no row in data/images.csv; notodonta-scitipennis is not in data/species.csv
nycteola-frigidana/Nycteola frigidana-A-D.jpg,object,131204,nycteola-frigidana,photo-no-row,no row in data/images.csv; nycteola-frigidana is published
nycteola-frigidana/Nycteola frigidana-A-V.jpg,object,121976,nycteola-frigidana,photo-no-row,no row in data/images.csv; nycteola-frigidana is published
odontosia-elegans/Odontosia elegans-A-D.jpg,object,125739,odontosia-elegans,photo-no-row,no row in data/images.csv; odontosia-elegans is not in data/species.csv
odontosia-elegans/Odontosia elegans-A-V.jpg,object,120867,odontosia-elegans,photo-no-row,no row in data/images.csv; odontosia-elegans is not in data/species.csv
operophtera-danbyi/Operophtera danbyi-OSAC_0001081367-D.jpg,object,212836,operophtera-danbyi,photo-no-row,no row in data/images.csv; operophtera-danbyi is not in data/species.csv
operophtera-danbyi/Operophtera danbyi-OSAC_0001081368-D.jpg,object,393404,operophtera-danbyi,photo-no-row,no row in data/images.csv; operophtera-danbyi is not in data/species.csv
operophtera-danbyi/Operophtera danbyi-OSAC_0001081368-V.jpg,object,382253,operophtera-danbyi,photo-no-row,no row in data/images.csv; operophtera-danbyi is not in data/species.csv
orthodes-delecta/Orthodes delecta-A-D.jpg,object,150320,orthodes-delecta,photo-no-row,no row in data/images.csv; orthodes-delecta is not in data/species.csv
orthodes-delecta/Orthodes delecta-A-V.jpg,object,149268,orthodes-delecta,photo-no-row,no row in data/images.csv; orthodes-delecta is not in data/species.csv
pararctia-yarrowii/Pararctia yarrowii-A-D.jpg,object,149942,pararctia-yarrowii,photo-no-row,no row in data/images.csv; pararctia-yarrowii is not in data/species.csv
pararctia-yarrowii/Pararctia yarrowii-A-V.jpg,object,145661,pararctia-yarrowii,photo-no-row,no row in data/images.csv; pararctia-yarrowii is not in data/species.csv
parasemia-plantaginis/Parasemia plantaginis-A-D.jpg,object,155524,parasemia-plantaginis,photo-no-row,no row in data/images.csv; parasemia-plantaginis is not in data/species.csv
parasemia-plantaginis/Parasemia plantaginis-A-V.jpg,object,158728,parasemia-plantaginis,photo-no-row,no row in data/images.csv; parasemia-plantaginis is not in data/species.csv
parasemia-plantaginis/Parasemia plantaginis-B-D.jpg,object,138243,parasemia-plantaginis,photo-no-row,no row in data/images.csv; parasemia-plantaginis is not in data/species.csv
parasemia-plantaginis/Parasemia plantaginis-B-V.jpg,object,145999,parasemia-plantaginis,photo-no-row,no row in data/images.csv; parasemia-plantaginis is not in data/species.csv
pasiphila-rectangula/Pasiphila rectangula-A-D.jpg,object,151736,pasiphila-rectangula,photo-no-row,no row in data/images.csv; pasiphila-rectangula is not in data/species.csv
pasiphila-rectangula/Pasiphila rectangula-A-V.jpg,object,145899,pasiphila-rectangula,photo-no-row,no row in data/images.csv; pasiphila-rectangula is not in data/species.csv
pero-honestaria/Pero honestaria-OSAC_0001077563-D.jpg,object,397747,pero-honestaria,photo-no-row,no row in data/images.csv; pero-honestaria is not in data/species.csv
pero-honestaria/Pero honestaria-OSAC_0001077563-V.jpg,object,390153,pero-honestaria,photo-no-row,no row in data/images.csv; pero-honestaria is not in data/species.csv
pero-honestaria/Pero honestaria-OSAC_0001077564-D.jpg,object,402420,pero-honestaria,photo-no-row,no row in data/images.csv; pero-honestaria is not in data/species.csv
pero-honestaria/Pero honestaria-OSAC_0001077564-V.jpg,object,395744,pero-honestaria,photo-no-row,no row in data/images.csv; pero-honestaria is not in data/species.csv
peromiza-costiguttata/Peromiza costiguttata-A-D.jpg,object,102739,peromiza-costiguttata,photo-no-row,no row in data/images.csv; peromiza-costiguttata is not in data/species.csv
peromiza-costiguttata/Peromiza costiguttata-A-V.jpg,object,100354,peromiza-costiguttata,photo-no-row,no row in data/images.csv; peromiza-costiguttata is not in data/species.csv
pheosia-rimosa/Pheosia rimosa-A-D.jpg,object,132065,pheosia-rimosa,photo-no-row,no row in data/images.csv; pheosia-rimosa is not in data/species.csv
pheosia-rimosa/Pheosia rimosa-A-V.jpg,object,130238,pheosia-rimosa,photo-no-row,no row in data/images.csv; pheosia-rimosa is not in data/species.csv
pheosia-rimosa/Pheosia rimosa-B-D.jpg,object,135850,pheosia-rimosa,photo-no-row,no row in data/images.csv; pheosia-rimosa is not in data/species.csv
pheosia-rimosa/Pheosia rimosa-B-V.jpg,object,134721,pheosia-rimosa,photo-no-row,no row in data/images.csv; pheosia-rimosa is not in data/species.csv
pheosia-rimosa/Pheosia rimosa-C-D.jpg,object,137068,pheosia-rimosa,photo-no-row,no row in data/images.csv; pheosia-rimosa is not in data/species.csv
pheosia-rimosa/Pheosia rimosa-C-V.jpg,object,132860,pheosia-rimosa,photo-no-row,no row in data/images.csv; pheosia-rimosa is not in data/species.csv
pheosia-rimosa/Pheosia rimosa-D-D.jpg,object,139505,pheosia-rimosa,photo-no-row,no row in data/images.csv; pheosia-rimosa is not in data/species.csv
pheosia-rimosa/Pheosia rimosa-D-V.jpg,object,140505,pheosia-rimosa,photo-no-row,no row in data/images.csv; pheosia-rimosa is not in data/species.csv
pherne-subpunctata/Pherne subpunctata-OSAC_0001081370-D.jpg,object,339176,pherne-subpunctata,photo-no-row,no row in data/images.csv; pherne-subpunctata is not in data/species.csv
pherne-subpunctata/Pherne subpunctata-OSAC_0001081370-V.jpg,object,352974,pherne-subpunctata,photo-no-row,no row in data/images.csv; pherne-subpunctata is not in data/species.csv
pherne-subpunctata/Pherne subpunctata-OSAC_0001081371-D.jpg,object,390864,pherne-subpunctata,photo-no-row,no row in data/images.csv; pherne-subpunctata is not in data/species.csv
pherne-subpunctata/Pherne subpunctata-OSAC_0001081371-V.jpg,object,358659,pherne-subpunctata,photo-no-row,no row in data/images.csv; pherne-subpunctata is not in data/species.csv
phigalia-plumogeraria/Phigalia plumogeraria-OSAC_0000120823-D.jpg,object,437046,phigalia-plumogeraria,photo-no-row,no row in data/images.csv; phigalia-plumogeraria is gated and gets no page
phigalia-plumogeraria/Phigalia plumogeraria-OSAC_0000120823-V.jpg,object,398942,phigalia-plumogeraria,photo-no-row,no row in data/images.csv; phigalia-plumogeraria is gated and gets no page
phigalia-plumogeraria/Phigalia plumogeraria-OSAC_0000499919-D.jpg,object,211767,phigalia-plumogeraria,photo-no-row,no row in data/images.csv; phigalia-plumogeraria is gated and gets no page
plagiomimicus-tepperi/Plagiomimicus tepperi-A-D.jpg,object,128627,plagiomimicus-tepperi,photo-no-row,no row in data/images.csv; plagiomimicus-tepperi is not in data/species.csv
plagiomimicus-tepperi/Plagiomimicus tepperi-A-V.jpg,object,122861,plagiomimicus-tepperi,photo-no-row,no row in data/images.csv; plagiomimicus-tepperi is not in data/species.csv
plataea-n sp/Plataea sp-A-D.jpg,object,129723,plataea-n sp,photo-no-row,no row in data/images.csv; plataea-n sp is not in data/species.csv
plataea-n sp/Plataea sp-A-V.jpg,object,134023,plataea-n sp,photo-no-row,no row in data/images.csv; plataea-n sp is not in data/species.csv
plataea-sp/Plataea sp-A-D.jpg,object,152494,plataea-sp,photo-no-row,no row in data/images.csv; plataea-sp is not in data/species.csv
plataea-sp/Plataea sp-A-V.jpg,object,157149,plataea-sp,photo-no-row,no row in data/images.csv; plataea-sp is not in data/species.csv
platarctia-parthenos/Platarctia parthenos-A-D.jpg,object,138137,platarctia-parthenos,photo-no-row,no row in data/images.csv; platarctia-parthenos is not in data/species.csv
platarctia-parthenos/Platarctia parthenos-A-V.jpg,object,139583,platarctia-parthenos,photo-no-row,no row in data/images.csv; platarctia-parthenos is not in data/species.csv
platyprepia-virginalis/Platyprepia virginalis-A-D.jpg,object,125630,platyprepia-virginalis,photo-no-row,no row in data/images.csv; platyprepia-virginalis is not in data/species.csv
platyprepia-virginalis/Platyprepia virginalis-A-V.jpg,object,122397,platyprepia-virginalis,photo-no-row,no row in data/images.csv; platyprepia-virginalis is not in data/species.csv
platyprepia-virginalis/Platyprepia virginalis-B-D.jpg,object,135918,platyprepia-virginalis,photo-no-row,no row in data/images.csv; platyprepia-virginalis is not in data/species.csv
platyprepia-virginalis/Platyprepia virginalis-B-V.jpg,object,131256,platyprepia-virginalis,photo-no-row,no row in data/images.csv; platyprepia-virginalis is not in data/species.csv
probole-amicaria/Probole amicaria-OSAC_0000997164-D.jpg,object,378406,probole-amicaria,photo-no-row,no row in data/images.csv; probole-amicaria is not in data/species.csv
probole-amicaria/Probole amicaria-OSAC_0000997164-V.jpg,object,417189,probole-amicaria,photo-no-row,no row in data/images.csv; probole-amicaria is not in data/species.csv
prorella-leucata/Prorella leucata-OSAC0001081348-D.jpg,object,317144,prorella-leucata,photo-no-row,no row in data/images.csv; prorella-leucata is not in data/species.csv
prorella-leucata/Prorella leucata-OSAC0001081348-V.jpg,object,284004,prorella-leucata,photo-no-row,no row in data/images.csv; prorella-leucata is not in data/species.csv
protitame-matilda/Protitame matilda-A-D.jpg,object,120624,protitame-matilda,photo-no-row,no row in data/images.csv; protitame-matilda is not in data/species.csv
protitame-matilda/Protitame matilda-A-V.jpg,object,111982,protitame-matilda,photo-no-row,no row in data/images.csv; protitame-matilda is not in data/species.csv
protogygia-elevata/Protogygia elevata-B-D.jpg,object,136733,protogygia-elevata,photo-no-row,no row in data/images.csv; protogygia-elevata is not in data/species.csv
protogygia-elevata/Protogygia elevata-B-V.jpg,object,127609,protogygia-elevata,photo-no-row,no row in data/images.csv; protogygia-elevata is not in data/species.csv
protorthodes-perforata/Protorthodes perforata-A-D.jpg,object,146412,protorthodes-perforata,photo-no-row,no row in data/images.csv; protorthodes-perforata is not in data/species.csv
protorthodes-perforata/Protorthodes perforata-A-V.jpg,object,148753,protorthodes-perforata,photo-no-row,no row in data/images.csv; protorthodes-perforata is not in data/species.csv
proxenus-miranda/Proxenus miranda-B-D.jpg,object,128093,proxenus-miranda,photo-no-row,no row in data/images.csv; proxenus-miranda is published
proxenus-miranda/Proxenus miranda-B-V.jpg,object,128842,proxenus-miranda,photo-no-row,no row in data/images.csv; proxenus-miranda is published
resapamea-venosa/Resapamea venosa-B-D.jpg,object,140467,resapamea-venosa,photo-no-row,no row in data/images.csv; resapamea-venosa is published
resapamea-venosa/Resapamea venosa-B-V.jpg,object,127233,resapamea-venosa,photo-no-row,no row in data/images.csv; resapamea-venosa is published
scelidocantha-triseriata/Scelidocantha triseriata-OSAC0000130395-D.jpg,object,366545,scelidocantha-triseriata,photo-no-row,no row in data/images.csv; scelidocantha-triseriata is not in data/species.csv
scelidocantha-triseriata/Scelidocantha triseriata-OSAC0000130395-V.jpg,object,339862,scelidocantha-triseriata,photo-no-row,no row in data/images.csv; scelidocantha-triseriata is not in data/species.csv
schinia-intermontana/Schinia intermontana-A-D.jpg,object,143083,schinia-intermontana,photo-no-row,no row in data/images.csv; schinia-intermontana is published
schinia-intermontana/Schinia intermontana-A-V.jpg,object,138719,schinia-intermontana,photo-no-row,no row in data/images.csv; schinia-intermontana is published
schinia-nuchalis/Schinia nuchalis-A-D.jpg,object,158963,schinia-nuchalis,photo-no-row,no row in data/images.csv; schinia-nuchalis is not in data/species.csv
schinia-nuchalis/Schinia nuchalis-A-V.jpg,object,121044,schinia-nuchalis,photo-no-row,no row in data/images.csv; schinia-nuchalis is not in data/species.csv
sicya-mersicaria/Sicya mersicaria-A-D.jpg,object,147509,sicya-mersicaria,photo-no-row,no row in data/images.csv; sicya-mersicaria is not in data/species.csv
sicya-mersicaria/Sicya mersicaria-A-V.jpg,object,128713,sicya-mersicaria,photo-no-row,no row in data/images.csv; sicya-mersicaria is not in data/species.csv
sicya-mersicaria/Sicya mersicaria-B-D.jpg,object,144914,sicya-mersicaria,photo-no-row,no row in data/images.csv; sicya-mersicaria is not in data/species.csv
sicya-mersicaria/Sicya mersicaria-B-V.jpg,object,132230,sicya-mersicaria,photo-no-row,no row in data/images.csv; sicya-mersicaria is not in data/species.csv
sicya-morsicaria/Sicya morsicaria-OSAC_0001081361-D.jpg,object,400865,sicya-morsicaria,photo-no-row,no row in data/images.csv; sicya-morsicaria is gated and gets no page
sicya-morsicaria/Sicya morsicaria-OSAC_0001081361-V.jpg,object,361299,sicya-morsicaria,photo-no-row,no row in data/images.csv; sicya-morsicaria is gated and gets no page
sicya-morsicaria/Sicya morsicaria-OSAC_0001081364-D.jpg,object,387174,sicya-morsicaria,photo-no-row,no row in data/images.csv; sicya-morsicaria is gated and gets no page
sicya-morsicaria/Sicya morsicaria-OSAC_0001081364-V.jpg,object,350788,sicya-morsicaria,photo-no-row,no row in data/images.csv; sicya-morsicaria is gated and gets no page
simyra-insularis/Simyra insularis-A-D.jpg,object,120904,simyra-insularis,photo-no-row,no row in data/images.csv; simyra-insularis is not in data/species.csv
simyra-insularis/Simyra insularis-A-V.jpg,object,112544,simyra-insularis,photo-no-row,no row in data/images.csv; simyra-insularis is not in data/species.csv
simyra-insularis/Simyra insularis-B-D.jpg,object,115444,simyra-insularis,photo-no-row,no row in data/images.csv; simyra-insularis is not in data/species.csv
simyra-insularis/Simyra insularis-B-V.jpg,object,109147,simyra-insularis,photo-no-row,no row in data/images.csv; simyra-insularis is not in data/species.csv
smerinthus-cerisyi/Smerinthus cerisyi-A-D.jpg,object,131898,smerinthus-cerisyi,photo-no-row,no row in data/images.csv; smerinthus-cerisyi is published
smerinthus-cerisyi/Smerinthus cerisyi-A-V.jpg,object,129631,smerinthus-cerisyi,photo-no-row,no row in data/images.csv; smerinthus-cerisyi is published
snowia-montanaria/Snowia montanaria-OSAC_0001081363-D.jpg,object,356777,snowia-montanaria,photo-no-row,no row in data/images.csv; snowia-montanaria is not in data/species.csv
snowia-montanaria/Snowia montanaria-OSAC_0001081363-V.jpg,object,379125,snowia-montanaria,photo-no-row,no row in data/images.csv; snowia-montanaria is not in data/species.csv
sometolephia-ectrapelaria/Sometolephia ectrapelaria-A-D.jpg,object,165080,sometolephia-ectrapelaria,photo-no-row,no row in data/images.csv; sometolephia-ectrapelaria is not in data/species.csv
sometolephia-ectrapelaria/Sometolephia ectrapelaria-A-V.jpg,object,158138,sometolephia-ectrapelaria,photo-no-row,no row in data/images.csv; sometolephia-ectrapelaria is not in data/species.csv
sometolephia-ectrapelaria/Sometolephia ectrapelaria-B-D.jpg,object,169256,sometolephia-ectrapelaria,photo-no-row,no row in data/images.csv; sometolephia-ectrapelaria is not in data/species.csv
sometolephia-ectrapelaria/Sometolephia ectrapelaria-B-V.jpg,object,165169,sometolephia-ectrapelaria,photo-no-row,no row in data/images.csv; sometolephia-ectrapelaria is not in data/species.csv
speranza-confederata/Speranza confederata-OSAC_000021258-D.jpg,object,399630,speranza-confederata,photo-no-row,no row in data/images.csv; speranza-confederata is not in data/species.csv
speranza-confederata/Speranza confederata-OSAC_000021258-V.jpg,object,389426,speranza-confederata,photo-no-row,no row in data/images.csv; speranza-confederata is not in data/species.csv
speranza-exhauspicata/Speranza exhauspicata-A-D.jpg,object,154389,speranza-exhauspicata,photo-no-row,no row in data/images.csv; speranza-exhauspicata is not in data/species.csv
speranza-exhauspicata/Speranza exhauspicata-A-V.jpg,object,146809,speranza-exhauspicata,photo-no-row,no row in data/images.csv; speranza-exhauspicata is not in data/species.csv
speranza-exhauspicata/Speranza exhauspicata-B-D.jpg,object,160021,speranza-exhauspicata,photo-no-row,no row in data/images.csv; speranza-exhauspicata is not in data/species.csv
speranza-exhauspicata/Speranza exhauspicata-B-V.jpg,object,154413,speranza-exhauspicata,photo-no-row,no row in data/images.csv; speranza-exhauspicata is not in data/species.csv
speranza-hesperata/Speranza hesperata-OSAC_0000993197-D.jpg,object,385340,speranza-hesperata,photo-no-row,no row in data/images.csv; speranza-hesperata is not in data/species.csv
speranza-hesperata/Speranza hesperata-OSAC_0000993197-V.jpg,object,376454,speranza-hesperata,photo-no-row,no row in data/images.csv; speranza-hesperata is not in data/species.csv
speranza-hesperata/Speranza hesperata-OSAC_0001027811-D.jpg,object,362802,speranza-hesperata,photo-no-row,no row in data/images.csv; speranza-hesperata is not in data/species.csv
speranza-hesperata/Speranza hesperata-OSAC_0001027811-V.jpg,object,384605,speranza-hesperata,photo-no-row,no row in data/images.csv; speranza-hesperata is not in data/species.csv
speranza-lorguinaria/Speranza lorguinaria-A-D.jpg,object,147876,speranza-lorguinaria,photo-no-row,no row in data/images.csv; speranza-lorguinaria is not in data/species.csv
speranza-lorguinaria/Speranza lorguinaria-A-V.jpg,object,145539,speranza-lorguinaria,photo-no-row,no row in data/images.csv; speranza-lorguinaria is not in data/species.csv
speranza-marcescaria/Speranza marcescaria-OSAC_0000899797-D.jpg,object,351710,speranza-marcescaria,photo-no-row,no row in data/images.csv; speranza-marcescaria is not in data/species.csv
speranza-marcescaria/Speranza marcescaria-OSAC_0000899797-V.jpg,object,451612,speranza-marcescaria,photo-no-row,no row in data/images.csv; speranza-marcescaria is not in data/species.csv
speranza-marcescaria/Speranza marcescaria-OSAC_0000994743-D.jpg,object,355150,speranza-marcescaria,photo-no-row,no row in data/images.csv; speranza-marcescaria is not in data/species.csv
speranza-marcescaria/Speranza marcescaria-OSAC_0000994743-V.jpg,object,396177,speranza-marcescaria,photo-no-row,no row in data/images.csv; speranza-marcescaria is not in data/species.csv
speranza-umbriferata/Speranza umbriferata-OSAC_0000447653-D.jpg,object,429105,speranza-umbriferata,photo-no-row,no row in data/images.csv; speranza-umbriferata is not in data/species.csv
speranza-umbriferata/Speranza umbriferata-OSAC_0000447653-V.jpg,object,361399,speranza-umbriferata,photo-no-row,no row in data/images.csv; speranza-umbriferata is not in data/species.csv
speranza-umbriferata/Speranza umbriferata-OSAC_0000993195-D.jpg,object,392842,speranza-umbriferata,photo-no-row,no row in data/images.csv; speranza-umbriferata is not in data/species.csv
speranza-umbriferata/Speranza umbriferata-OSAC_0000993195-V.jpg,object,393743,speranza-umbriferata,photo-no-row,no row in data/images.csv; speranza-umbriferata is not in data/species.csv
stamnodes-affiliata/Stamnodes affiliata-OSAC_0001081365-D.jpg,object,355145,stamnodes-affiliata,photo-no-row,no row in data/images.csv; stamnodes-affiliata is not in data/species.csv
stamnodes-affiliata/Stamnodes affiliata-OSAC_0001081365-V.jpg,object,421013,stamnodes-affiliata,photo-no-row,no row in data/images.csv; stamnodes-affiliata is not in data/species.csv
stamnodes-annellata/Stamnodes annellata-OSAC_0001081379-D.jpg,object,369319,stamnodes-annellata,photo-no-row,no row in data/images.csv; stamnodes-annellata is not in data/species.csv
stamnodes-annellata/Stamnodes annellata-OSAC_0001081379-V.jpg,object,396221,stamnodes-annellata,photo-no-row,no row in data/images.csv; stamnodes-annellata is not in data/species.csv
stamnodes-coenonymphata/Stamnodes coenonymphata-OSAC_0000120822-D.jpg,object,343272,stamnodes-coenonymphata,photo-no-row,no row in data/images.csv; stamnodes-coenonymphata is not in data/species.csv
stamnodes-coenonymphata/Stamnodes coenonymphata-OSAC_0000120822-V.jpg,object,391161,stamnodes-coenonymphata,photo-no-row,no row in data/images.csv; stamnodes-coenonymphata is not in data/species.csv
stretchia-plusiiformis/Stretchia plusiiformis-A-D.jpg,object,143328,stretchia-plusiiformis,photo-no-row,no row in data/images.csv; stretchia-plusiiformis is not in data/species.csv
stretchia-plusiiformis/Stretchia plusiiformis-A-V.jpg,object,134848,stretchia-plusiiformis,photo-no-row,no row in data/images.csv; stretchia-plusiiformis is not in data/species.csv
stretchia-plusiiformis/Stretchia plusiiformis-B-D.jpg,object,145432,stretchia-plusiiformis,photo-no-row,no row in data/images.csv; stretchia-plusiiformis is not in data/species.csv
stretchia-plusiiformis/Stretchia plusiiformis-B-V.jpg,object,140688,stretchia-plusiiformis,photo-no-row,no row in data/images.csv; stretchia-plusiiformis is not in data/species.csv
sympistis-chorda/Sympistis chorda-A-D.jpg,object,132843,sympistis-chorda,photo-no-row,no row in data/images.csv; sympistis-chorda is not in data/species.csv
sympistis-chorda/Sympistis chorda-A-V.jpg,object,127819,sympistis-chorda,photo-no-row,no row in data/images.csv; sympistis-chorda is not in data/species.csv
sympistis-melantho/Sympistis melantho-A-D.jpg,object,144986,sympistis-melantho,photo-no-row,no row in data/images.csv; sympistis-melantho is not in data/species.csv
sympistis-melantho/Sympistis melantho-A-V.jpg,object,136277,sympistis-melantho,photo-no-row,no row in data/images.csv; sympistis-melantho is not in data/species.csv
sympistis-nigrita/Sympistis nigrita-A-D.jpg,object,144582,sympistis-nigrita,photo-no-row,no row in data/images.csv; sympistis-nigrita is not in data/species.csv
sympistis-nigrita/Sympistis nigrita-A-V.jpg,object,139742,sympistis-nigrita,photo-no-row,no row in data/images.csv; sympistis-nigrita is not in data/species.csv
sympistis-nigrita/Sympistis nigrita-B-D.jpg,object,144620,sympistis-nigrita,photo-no-row,no row in data/images.csv; sympistis-nigrita is not in data/species.csv
sympistis-nigrita/Sympistis nigrita-B-V.jpg,object,143461,sympistis-nigrita,photo-no-row,no row in data/images.csv; sympistis-nigrita is not in data/species.csv
synchlora-aerata/Synchlora aerata-OSAC_0001081321-D.jpg,object,327818,synchlora-aerata,photo-no-row,no row in data/images.csv; synchlora-aerata is not in data/species.csv
synchlora-aerata/Synchlora aerata-OSAC_0001081321-V.jpg,object,296766,synchlora-aerata,photo-no-row,no row in data/images.csv; synchlora-aerata is not in data/species.csv
synchlora-aerata/Synchlora aerata-OSAC_0001081323-D.jpg,object,347173,synchlora-aerata,photo-no-row,no row in data/images.csv; synchlora-aerata is not in data/species.csv
synchlora-aerata/Synchlora aerata-OSAC_0001081323-V.jpg,object,316490,synchlora-aerata,photo-no-row,no row in data/images.csv; synchlora-aerata is not in data/species.csv
tetracis-cachexiata/Tetracis cachexiata-OSAC_0001081376-D.jpg,object,289911,tetracis-cachexiata,photo-no-row,no row in data/images.csv; tetracis-cachexiata is not in data/species.csv
tetracis-cachexiata/Tetracis cachexiata-OSAC_0001081376-V.jpg,object,299770,tetracis-cachexiata,photo-no-row,no row in data/images.csv; tetracis-cachexiata is not in data/species.csv
tetracis-pailldata/Tetracis pailldata-A-D.jpg,object,88349,tetracis-pailldata,photo-no-row,no row in data/images.csv; tetracis-pailldata is not in data/species.csv
tetracis-pailldata/Tetracis pailldata-A-V.jpg,object,88309,tetracis-pailldata,photo-no-row,no row in data/images.csv; tetracis-pailldata is not in data/species.csv
tetracis-pailldata/Tetracis pailldata-B-D.jpg,object,97490,tetracis-pailldata,photo-no-row,no row in data/images.csv; tetracis-pailldata is not in data/species.csv
tetracis-pailldata/Tetracis pailldata-B-V.jpg,object,95972,tetracis-pailldata,photo-no-row,no row in data/images.csv; tetracis-pailldata is not in data/species.csv
tetracis-pallidata/Tetracis pallidata-OSAC_0001081369-D.jpg,object,353105,tetracis-pallidata,photo-no-row,no row in data/images.csv; tetracis-pallidata is gated and gets no page
tetracis-pallidata/Tetracis pallidata-OSAC_0001081369-V.jpg,object,350089,tetracis-pallidata,photo-no-row,no row in data/images.csv; tetracis-pallidata is gated and gets no page
tetracis-pallidata/Tetracis pallidata-OSAC_0001081374-D.jpg,object,364868,tetracis-pallidata,photo-no-row,no row in data/images.csv; tetracis-pallidata is gated and gets no page
tetracis-pallidata/Tetracis pallidata-OSAC_0001081374-V.jpg,object,369739,tetracis-pallidata,photo-no-row,no row in data/images.csv; tetracis-pallidata is gated and gets no page
tetracis-pallidata/Tetracis pallidata-OSAC_0001081375-D.jpg,object,368295,tetracis-pallidata,photo-no-row,no row in data/images.csv; tetracis-pallidata is gated and gets no page
tetracis-pallidata/Tetracis pallidata-OSAC_0001081375-V.jpg,object,375042,tetracis-pallidata,photo-no-row,no row in data/images.csv; tetracis-pallidata is gated and gets no page
trichodezia-californiata/Trichodezia californiata-OSAC_0001081366-D.jpg,object,377318,trichodezia-californiata,photo-no-row,no row in data/images.csv; trichodezia-californiata is not in data/species.csv
trichodezia-californiata/Trichodezia californiata-OSAC_0001081366-V.jpg,object,369041,trichodezia-californiata,photo-no-row,no row in data/images.csv; trichodezia-californiata is not in data/species.csv
trichodezia-californiata/Trichodezia californiata-OSAC_0001081373-D.jpg,object,331500,trichodezia-californiata,photo-no-row,no row in data/images.csv; trichodezia-californiata is not in data/species.csv
trichodezia-californiata/Trichodezia californiata-OSAC_0001081373-V.jpg,object,332138,trichodezia-californiata,photo-no-row,no row in data/images.csv; trichodezia-californiata is not in data/species.csv
ufeus-hulsti/Ufeus hulsti-A-D.jpg,object,118628,ufeus-hulsti,photo-no-row,no row in data/images.csv; ufeus-hulsti is not in data/species.csv
ufeus-hulsti/Ufeus hulsti-A-V.jpg,object,115213,ufeus-hulsti,photo-no-row,no row in data/images.csv; ufeus-hulsti is not in data/species.csv
xestia-c/Xestia c-nigrum-A-D.jpg,object,126073,xestia-c,photo-no-row,no row in data/images.csv; xestia-c is not in data/species.csv
xestia-c/Xestia c-nigrum-A-v.jpg,object,128523,xestia-c,photo-no-row,no row in data/images.csv; xestia-c is not in data/species.csv
xestia-c/Xestia c-nigrum-B-D.jpg,object,131602,xestia-c,photo-no-row,no row in data/images.csv; xestia-c is not in data/species.csv
xestia-c/Xestia c-nigrum-B-V.jpg,object,132590,xestia-c,photo-no-row,no row in data/images.csv; xestia-c is not in data/species.csv
zanclognatha-lutalba/Zanclognatha lutalba-A-D.jpg,object,132906,zanclognatha-lutalba,photo-no-row,no row in data/images.csv; zanclognatha-lutalba is not in data/species.csv
zanclognatha-lutalba/Zanclognatha lutalba-A-V.jpg,object,136624,zanclognatha-lutalba,photo-no-row,no row in data/images.csv; zanclognatha-lutalba is not in data/species.csv
zanclognatha-lutalba/Zanclognatha lutalba-B-D.jpg,object,166038,zanclognatha-lutalba,photo-no-row,no row in data/images.csv; zanclognatha-lutalba is not in data/species.csv
zanclognatha-lutalba/Zanclognatha lutalba-B-V.jpg,object,156793,zanclognatha-lutalba,photo-no-row,no row in data/images.csv; zanclognatha-lutalba is not in data/species.csv
images/logos/lucid.png,object,3595,,stale-site,not in the current _site-manifest.json
plates/manifest.json,object,16954,,stale-site,not in the current _site-manifest.json
species/alsophila-pometaria/records.parquet,object,381,alsophila-pometaria,stale-site,not in the current _site-manifest.json; alsophila-pometaria is gated and gets no page
species/amphipoea-n sp/index.html,object,2893,amphipoea-n sp,stale-site,not in the current _site-manifest.json; amphipoea-n sp is not in data/species.csv
species/amphipoea-n-sp/records.parquet,object,2668,amphipoea-n-sp,stale-site,not in the current _site-manifest.json; amphipoea-n-sp is gated and gets no page
species/anavitrinella-pampinaria/records.parquet,object,381,anavitrinella-pampinaria,stale-site,not in the current _site-manifest.json; anavitrinella-pampinaria is gated and gets no page
species/antepirrhoe-semiatrata/records.parquet,object,381,antepirrhoe-semiatrata,stale-site,not in the current _site-manifest.json; antepirrhoe-semiatrata is gated and gets no page
species/anticlea-vasiliata/records.parquet,object,2200,anticlea-vasiliata,stale-site,not in the current _site-manifest.json; anticlea-vasiliata is gated and gets no page
species/archiearis-infans/records.parquet,object,381,archiearis-infans,stale-site,not in the current _site-manifest.json; archiearis-infans is gated and gets no page
species/aseptis-sp no 1/index.html,object,2987,aseptis-sp no 1,stale-site,not in the current _site-manifest.json; aseptis-sp no 1 is not in data/species.csv
species/aseptis-sp no 3/index.html,object,2897,aseptis-sp no 3,stale-site,not in the current _site-manifest.json; aseptis-sp no 3 is not in data/species.csv
species/aseptis-sp-no-1/records.parquet,object,2748,aseptis-sp-no-1,stale-site,not in the current _site-manifest.json; aseptis-sp-no-1 is gated and gets no page
species/aseptis-sp-no-3/records.parquet,object,1939,aseptis-sp-no-3,stale-site,not in the current _site-manifest.json; aseptis-sp-no-3 is gated and gets no page
species/autographa-v/index.html,object,41388,autographa-v,stale-site,not in the current _site-manifest.json; autographa-v is not in data/species.csv
species/autographa-v/records.parquet,object,4844,autographa-v,stale-site,not in the current _site-manifest.json; autographa-v is not in data/species.csv
species/biston-betularia/records.parquet,object,381,biston-betularia,stale-site,not in the current _site-manifest.json; biston-betularia is gated and gets no page
species/campaea-perlata/records.parquet,object,381,campaea-perlata,stale-site,not in the current _site-manifest.json; campaea-perlata is gated and gets no page
species/capsula-alameda/index.html,object,84350,capsula-alameda,stale-site,not in the current _site-manifest.json; capsula-alameda is not in data/species.csv
species/capsula-alameda/records.parquet,object,2209,capsula-alameda,stale-site,not in the current _site-manifest.json; capsula-alameda is not in data/species.csv
species/capsula-oblonga/index.html,object,89027,capsula-oblonga,stale-site,not in the current _site-manifest.json; capsula-oblonga is not in data/species.csv
species/capsula-oblonga/records.parquet,object,5151,capsula-oblonga,stale-site,not in the current _site-manifest.json; capsula-oblonga is not in data/species.csv
species/capsula-subflava/index.html,object,127566,capsula-subflava,stale-site,not in the current _site-manifest.json; capsula-subflava is not in data/species.csv
species/capsula-subflava/records.parquet,object,5220,capsula-subflava,stale-site,not in the current _site-manifest.json; capsula-subflava is not in data/species.csv
species/caripeta-aequaliaria/records.parquet,object,381,caripeta-aequaliaria,stale-site,not in the current _site-manifest.json; caripeta-aequaliaria is gated and gets no page
species/caripeta-angustiorata/records.parquet,object,2177,caripeta-angustiorata,stale-site,not in the current _site-manifest.json; caripeta-angustiorata is gated and gets no page
species/caripeta-divisata/index.html,object,4636,caripeta-divisata,stale-site,not in the current _site-manifest.json; caripeta-divisata is gated and gets no page
species/caripeta-divisata/records.parquet,object,381,caripeta-divisata,stale-site,not in the current _site-manifest.json; caripeta-divisata is gated and gets no page
species/catocala-allusa/records.parquet,object,5249,catocala-allusa,stale-site,not in the current _site-manifest.json; catocala-allusa is not in data/species.csv
species/ceratodalia-gueneata/records.parquet,object,381,ceratodalia-gueneata,stale-site,not in the current _site-manifest.json; ceratodalia-gueneata is gated and gets no page
species/cladara-limitaria/index.html,object,3541,cladara-limitaria,stale-site,not in the current _site-manifest.json; cladara-limitaria is gated and gets no page
species/cladara-limitaria/records.parquet,object,2260,cladara-limitaria,stale-site,not in the current _site-manifest.json; cladara-limitaria is gated and gets no page
species/dasyfidonia-avuncularia/index.html,object,5295,dasyfidonia-avuncularia,stale-site,not in the current _site-manifest.json; dasyfidonia-avuncularia is gated and gets no page
species/dasyfidonia-avuncularia/records.parquet,object,381,dasyfidonia-avuncularia,stale-site,not in the current _site-manifest.json; dasyfidonia-avuncularia is gated and gets no page
species/digrammia-burneyata/index.html,object,5037,digrammia-burneyata,stale-site,not in the current _site-manifest.json; digrammia-burneyata is gated and gets no page
species/digrammia-burneyata/records.parquet,object,381,digrammia-burneyata,stale-site,not in the current _site-manifest.json; digrammia-burneyata is gated and gets no page
species/digrammia-californiaria/index.html,object,4352,digrammia-californiaria,stale-site,not in the current _site-manifest.json; digrammia-californiaria is gated and gets no page
species/digrammia-californiaria/records.parquet,object,381,digrammia-californiaria,stale-site,not in the current _site-manifest.json; digrammia-californiaria is gated and gets no page
species/digrammia-cinereola/index.html,object,4125,digrammia-cinereola,stale-site,not in the current _site-manifest.json; digrammia-cinereola is gated and gets no page
species/digrammia-cinereola/records.parquet,object,381,digrammia-cinereola,stale-site,not in the current _site-manifest.json; digrammia-cinereola is gated and gets no page
species/digrammia-curvata/index.html,object,4727,digrammia-curvata,stale-site,not in the current _site-manifest.json; digrammia-curvata is gated and gets no page
species/digrammia-curvata/records.parquet,object,381,digrammia-curvata,stale-site,not in the current _site-manifest.json; digrammia-curvata is gated and gets no page
species/digrammia-decorata/index.html,object,5199,digrammia-decorata,stale-site,not in the current _site-manifest.json; digrammia-decorata is gated and gets no page
species/digrammia-decorata/records.parquet,object,381,digrammia-decorata,stale-site,not in the current _site-manifest.json; digrammia-decorata is gated and gets no page
species/digrammia-delectata/records.parquet,object,381,digrammia-delectata,stale-site,not in the current _site-manifest.json; digrammia-delectata is gated and gets no page
species/digrammia-denticulata/records.parquet,object,381,digrammia-denticulata,stale-site,not in the current _site-manifest.json; digrammia-denticulata is gated and gets no page
species/digrammia-excurvata/index.html,object,5218,digrammia-excurvata,stale-site,not in the current _site-manifest.json; digrammia-excurvata is gated and gets no page
species/digrammia-excurvata/records.parquet,object,381,digrammia-excurvata,stale-site,not in the current _site-manifest.json; digrammia-excurvata is gated and gets no page
species/digrammia-extenuata/index.html,object,4000,digrammia-extenuata,stale-site,not in the current _site-manifest.json; digrammia-extenuata is gated and gets no page
species/digrammia-extenuata/records.parquet,object,381,digrammia-extenuata,stale-site,not in the current _site-manifest.json; digrammia-extenuata is gated and gets no page
species/digrammia-irrorata/index.html,object,4288,digrammia-irrorata,stale-site,not in the current _site-manifest.json; digrammia-irrorata is gated and gets no page
species/digrammia-irrorata/records.parquet,object,381,digrammia-irrorata,stale-site,not in the current _site-manifest.json; digrammia-irrorata is gated and gets no page
species/digrammia-modocata/index.html,object,4898,digrammia-modocata,stale-site,not in the current _site-manifest.json; digrammia-modocata is gated and gets no page
species/digrammia-modocata/records.parquet,object,381,digrammia-modocata,stale-site,not in the current _site-manifest.json; digrammia-modocata is gated and gets no page
species/digrammia-muscariata/index.html,object,5055,digrammia-muscariata,stale-site,not in the current _site-manifest.json; digrammia-muscariata is gated and gets no page
species/digrammia-muscariata/records.parquet,object,381,digrammia-muscariata,stale-site,not in the current _site-manifest.json; digrammia-muscariata is gated and gets no page
species/digrammia-napensis/index.html,object,5063,digrammia-napensis,stale-site,not in the current _site-manifest.json; digrammia-napensis is gated and gets no page
species/digrammia-napensis/records.parquet,object,381,digrammia-napensis,stale-site,not in the current _site-manifest.json; digrammia-napensis is gated and gets no page
species/digrammia-neptaria/index.html,object,5201,digrammia-neptaria,stale-site,not in the current _site-manifest.json; digrammia-neptaria is gated and gets no page
species/digrammia-neptaria/records.parquet,object,381,digrammia-neptaria,stale-site,not in the current _site-manifest.json; digrammia-neptaria is gated and gets no page
species/digrammia-nubiculata/records.parquet,object,381,digrammia-nubiculata,stale-site,not in the current _site-manifest.json; digrammia-nubiculata is gated and gets no page
species/digrammia-rippertaria/index.html,object,5258,digrammia-rippertaria,stale-site,not in the current _site-manifest.json; digrammia-rippertaria is gated and gets no page
species/digrammia-rippertaria/records.parquet,object,381,digrammia-rippertaria,stale-site,not in the current _site-manifest.json; digrammia-rippertaria is gated and gets no page
species/digrammia-sexpunctata/index.html,object,3683,digrammia-sexpunctata,stale-site,not in the current _site-manifest.json; digrammia-sexpunctata is gated and gets no page
species/digrammia-sexpunctata/records.parquet,object,381,digrammia-sexpunctata,stale-site,not in the current _site-manifest.json; digrammia-sexpunctata is gated and gets no page
species/digrammia-subminiata/index.html,object,5236,digrammia-subminiata,stale-site,not in the current _site-manifest.json; digrammia-subminiata is gated and gets no page
species/digrammia-subminiata/records.parquet,object,381,digrammia-subminiata,stale-site,not in the current _site-manifest.json; digrammia-subminiata is gated and gets no page
species/drepanulatrix-carnearia/records.parquet,object,381,drepanulatrix-carnearia,stale-site,not in the current _site-manifest.json; drepanulatrix-carnearia is gated and gets no page
species/drepanulatrix-foeminaria/records.parquet,object,381,drepanulatrix-foeminaria,stale-site,not in the current _site-manifest.json; drepanulatrix-foeminaria is gated and gets no page
species/drepanulatrix-quadraria/records.parquet,object,381,drepanulatrix-quadraria,stale-site,not in the current _site-manifest.json; drepanulatrix-quadraria is gated and gets no page
species/drepanulatrix-secundaria/records.parquet,object,381,drepanulatrix-secundaria,stale-site,not in the current _site-manifest.json; drepanulatrix-secundaria is gated and gets no page
species/drepanulatrix-unicalcararia/records.parquet,object,381,drepanulatrix-unicalcararia,stale-site,not in the current _site-manifest.json; drepanulatrix-unicalcararia is gated and gets no page
species/dysstroma-brunneata/records.parquet,object,2235,dysstroma-brunneata,stale-site,not in the current _site-manifest.json; dysstroma-brunneata is gated and gets no page
species/dysstroma-citrata/records.parquet,object,381,dysstroma-citrata,stale-site,not in the current _site-manifest.json; dysstroma-citrata is gated and gets no page
species/dysstroma-sobria/records.parquet,object,381,dysstroma-sobria,stale-site,not in the current _site-manifest.json; dysstroma-sobria is gated and gets no page
species/dysstroma-truncata/records.parquet,object,381,dysstroma-truncata,stale-site,not in the current _site-manifest.json; dysstroma-truncata is gated and gets no page
species/ecliptopera-silaceata/records.parquet,object,381,ecliptopera-silaceata,stale-site,not in the current _site-manifest.json; ecliptopera-silaceata is gated and gets no page
species/egira-aff curialis/index.html,object,2913,egira-aff curialis,stale-site,not in the current _site-manifest.json; egira-aff curialis is not in data/species.csv
species/egira-aff-curialis/records.parquet,object,381,egira-aff-curialis,stale-site,not in the current _site-manifest.json; egira-aff-curialis is gated and gets no page
species/eilema-bicolor/records.parquet,object,5694,eilema-bicolor,stale-site,not in the current _site-manifest.json; eilema-bicolor is not in data/species.csv
species/enargia-n sp/index.html,object,2879,enargia-n sp,stale-site,not in the current _site-manifest.json; enargia-n sp is not in data/species.csv
species/enargia-n-sp/records.parquet,object,1938,enargia-n-sp,stale-site,not in the current _site-manifest.json; enargia-n-sp is gated and gets no page
species/ennomos-alniaria/records.parquet,object,381,ennomos-alniaria,stale-site,not in the current _site-manifest.json; ennomos-alniaria is gated and gets no page
species/enypia-packardata/records.parquet,object,381,enypia-packardata,stale-site,not in the current _site-manifest.json; enypia-packardata is gated and gets no page
species/enypia-venata/records.parquet,object,381,enypia-venata,stale-site,not in the current _site-manifest.json; enypia-venata is gated and gets no page
species/epelis-truncataria/records.parquet,object,381,epelis-truncataria,stale-site,not in the current _site-manifest.json; epelis-truncataria is gated and gets no page
species/epirrita-pulchraria/records.parquet,object,2317,epirrita-pulchraria,stale-site,not in the current _site-manifest.json; epirrita-pulchraria is gated and gets no page
species/euchlaena-johnsonaria/records.parquet,object,381,euchlaena-johnsonaria,stale-site,not in the current _site-manifest.json; euchlaena-johnsonaria is gated and gets no page
species/euchlaena-madusaria/records.parquet,object,381,euchlaena-madusaria,stale-site,not in the current _site-manifest.json; euchlaena-madusaria is gated and gets no page
species/euchlaena-tigrinaria/records.parquet,object,381,euchlaena-tigrinaria,stale-site,not in the current _site-manifest.json; euchlaena-tigrinaria is gated and gets no page
species/eulithis-destinata/records.parquet,object,381,eulithis-destinata,stale-site,not in the current _site-manifest.json; eulithis-destinata is gated and gets no page
species/eulithis-xylina/records.parquet,object,381,eulithis-xylina,stale-site,not in the current _site-manifest.json; eulithis-xylina is gated and gets no page
species/eumacaria-madopata/records.parquet,object,381,eumacaria-madopata,stale-site,not in the current _site-manifest.json; eumacaria-madopata is gated and gets no page
species/eupithecia-ravocostaliata/index.html,object,3429,eupithecia-ravocostaliata,stale-site,not in the current _site-manifest.json; eupithecia-ravocostaliata is gated and gets no page
species/eupithecia-ravocostaliata/records.parquet,object,2235,eupithecia-ravocostaliata,stale-site,not in the current _site-manifest.json; eupithecia-ravocostaliata is gated and gets no page
species/fernaldella-fimetaria/index.html,object,4329,fernaldella-fimetaria,stale-site,not in the current _site-manifest.json; fernaldella-fimetaria is gated and gets no page
species/fernaldella-fimetaria/records.parquet,object,381,fernaldella-fimetaria,stale-site,not in the current _site-manifest.json; fernaldella-fimetaria is gated and gets no page
species/furcula-furcula/records.parquet,object,7300,furcula-furcula,stale-site,not in the current _site-manifest.json; furcula-furcula is not in data/species.csv
species/gabriola-dyari/records.parquet,object,2342,gabriola-dyari,stale-site,not in the current _site-manifest.json; gabriola-dyari is gated and gets no page
species/heliolonche-n sp/index.html,object,2909,heliolonche-n sp,stale-site,not in the current _site-manifest.json; heliolonche-n sp is not in data/species.csv
species/heliolonche-n-sp/records.parquet,object,2028,heliolonche-n-sp,stale-site,not in the current _site-manifest.json; heliolonche-n-sp is gated and gets no page
species/hemithea-aestivaria/records.parquet,object,2265,hemithea-aestivaria,stale-site,not in the current _site-manifest.json; hemithea-aestivaria is gated and gets no page
species/hesperumia-sulphuraria/records.parquet,object,381,hesperumia-sulphuraria,stale-site,not in the current _site-manifest.json; hesperumia-sulphuraria is gated and gets no page
species/heterocampa-lunata/records.parquet,object,2634,heterocampa-lunata,stale-site,not in the current _site-manifest.json; heterocampa-lunata is not in data/species.csv
species/hydria-undulata/records.parquet,object,381,hydria-undulata,stale-site,not in the current _site-manifest.json; hydria-undulata is gated and gets no page
species/hydriomena-crokeri/records.parquet,object,1983,hydriomena-crokeri,stale-site,not in the current _site-manifest.json; hydriomena-crokeri is gated and gets no page
species/hydriomena-edenata/records.parquet,object,1983,hydriomena-edenata,stale-site,not in the current _site-manifest.json; hydriomena-edenata is gated and gets no page
species/hydriomena-furcata/records.parquet,object,381,hydriomena-furcata,stale-site,not in the current _site-manifest.json; hydriomena-furcata is gated and gets no page
species/hydriomena-perfracta/records.parquet,object,381,hydriomena-perfracta,stale-site,not in the current _site-manifest.json; hydriomena-perfracta is gated and gets no page
species/idaea-dimidiata/records.parquet,object,2240,idaea-dimidiata,stale-site,not in the current _site-manifest.json; idaea-dimidiata is gated and gets no page
species/idia-nr americalis/index.html,object,2913,idia-nr americalis,stale-site,not in the current _site-manifest.json; idia-nr americalis is not in data/species.csv
species/idia-nr-americalis/records.parquet,object,2590,idia-nr-americalis,stale-site,not in the current _site-manifest.json; idia-nr-americalis is gated and gets no page
species/lacinipolia-aff pensilis/index.html,object,2955,lacinipolia-aff pensilis,stale-site,not in the current _site-manifest.json; lacinipolia-aff pensilis is not in data/species.csv
species/lacinipolia-aff-pensilis/records.parquet,object,2150,lacinipolia-aff-pensilis,stale-site,not in the current _site-manifest.json; lacinipolia-aff-pensilis is gated and gets no page
species/leucobrephos-brephoides/records.parquet,object,2198,leucobrephos-brephoides,stale-site,not in the current _site-manifest.json; leucobrephos-brephoides is gated and gets no page
species/lobophora-nivigerata/index.html,object,3562,lobophora-nivigerata,stale-site,not in the current _site-manifest.json; lobophora-nivigerata is gated and gets no page
species/lobophora-nivigerata/records.parquet,object,2329,lobophora-nivigerata,stale-site,not in the current _site-manifest.json; lobophora-nivigerata is gated and gets no page
species/macaria-adonis/records.parquet,object,381,macaria-adonis,stale-site,not in the current _site-manifest.json; macaria-adonis is gated and gets no page
species/macaria-aemulataria/index.html,object,4757,macaria-aemulataria,stale-site,not in the current _site-manifest.json; macaria-aemulataria is gated and gets no page
species/macaria-aemulataria/records.parquet,object,381,macaria-aemulataria,stale-site,not in the current _site-manifest.json; macaria-aemulataria is gated and gets no page
species/macaria-marmorata/index.html,object,4876,macaria-marmorata,stale-site,not in the current _site-manifest.json; macaria-marmorata is not in data/species.csv
species/macaria-marmorata/records.parquet,object,381,macaria-marmorata,stale-site,not in the current _site-manifest.json; macaria-marmorata is not in data/species.csv
species/macaria-notata/records.parquet,object,381,macaria-notata,stale-site,not in the current _site-manifest.json; macaria-notata is gated and gets no page
species/macaria-oweni/index.html,object,4222,macaria-oweni,stale-site,not in the current _site-manifest.json; macaria-oweni is gated and gets no page
species/macaria-oweni/records.parquet,object,381,macaria-oweni,stale-site,not in the current _site-manifest.json; macaria-oweni is gated and gets no page
species/macaria-sexmaculata/index.html,object,5215,macaria-sexmaculata,stale-site,not in the current _site-manifest.json; macaria-sexmaculata is gated and gets no page
species/macaria-sexmaculata/records.parquet,object,381,macaria-sexmaculata,stale-site,not in the current _site-manifest.json; macaria-sexmaculata is gated and gets no page
species/macaria-signaria/index.html,object,4709,macaria-signaria,stale-site,not in the current _site-manifest.json; macaria-signaria is gated and gets no page
species/macaria-signaria/records.parquet,object,381,macaria-signaria,stale-site,not in the current _site-manifest.json; macaria-signaria is gated and gets no page
species/macaria-submarmorata/index.html,object,4184,macaria-submarmorata,stale-site,not in the current _site-manifest.json; macaria-submarmorata is not in data/species.csv
species/macaria-submarmorata/records.parquet,object,381,macaria-submarmorata,stale-site,not in the current _site-manifest.json; macaria-submarmorata is not in data/species.csv
species/macaria-unipunctaria/index.html,object,5046,macaria-unipunctaria,stale-site,not in the current _site-manifest.json; macaria-unipunctaria is not in data/species.csv
species/macaria-unipunctaria/records.parquet,object,381,macaria-unipunctaria,stale-site,not in the current _site-manifest.json; macaria-unipunctaria is not in data/species.csv
species/melanolophia-imitata/records.parquet,object,2310,melanolophia-imitata,stale-site,not in the current _site-manifest.json; melanolophia-imitata is gated and gets no page
species/mesoleuca-gratulata/records.parquet,object,2355,mesoleuca-gratulata,stale-site,not in the current _site-manifest.json; mesoleuca-gratulata is gated and gets no page
species/metanema-inatomaria/records.parquet,object,381,metanema-inatomaria,stale-site,not in the current _site-manifest.json; metanema-inatomaria is gated and gets no page
species/mniotype-aff tenera/index.html,object,2922,mniotype-aff tenera,stale-site,not in the current _site-manifest.json; mniotype-aff tenera is not in data/species.csv
species/mniotype-aff-tenera/records.parquet,object,2003,mniotype-aff-tenera,stale-site,not in the current _site-manifest.json; mniotype-aff-tenera is gated and gets no page
species/nematocampa-resistaria/records.parquet,object,381,nematocampa-resistaria,stale-site,not in the current _site-manifest.json; nematocampa-resistaria is gated and gets no page
species/nemoria-darwiniata/records.parquet,object,2240,nemoria-darwiniata,stale-site,not in the current _site-manifest.json; nemoria-darwiniata is gated and gets no page
species/neoalcis-californiaria/records.parquet,object,381,neoalcis-californiaria,stale-site,not in the current _site-manifest.json; neoalcis-californiaria is gated and gets no page
species/nepytia-phantasmaria/records.parquet,object,2402,nepytia-phantasmaria,stale-site,not in the current _site-manifest.json; nepytia-phantasmaria is gated and gets no page
species/nepytia-umbrosaria/records.parquet,object,381,nepytia-umbrosaria,stale-site,not in the current _site-manifest.json; nepytia-umbrosaria is gated and gets no page
species/oligocentria-pallida/records.parquet,object,10779,oligocentria-pallida,stale-site,not in the current _site-manifest.json; oligocentria-pallida is not in data/species.csv
species/oligocentria-semirufescens/records.parquet,object,13700,oligocentria-semirufescens,stale-site,not in the current _site-manifest.json; oligocentria-semirufescens is not in data/species.csv
species/perizoma-costiguttata/records.parquet,object,381,perizoma-costiguttata,stale-site,not in the current _site-manifest.json; perizoma-costiguttata is gated and gets no page
species/perizoma-curvilinea/records.parquet,object,2245,perizoma-curvilinea,stale-site,not in the current _site-manifest.json; perizoma-curvilinea is gated and gets no page
species/pero-behrensaria/records.parquet,object,2118,pero-behrensaria,stale-site,not in the current _site-manifest.json; pero-behrensaria is gated and gets no page
species/pero-mizon/records.parquet,object,2220,pero-mizon,stale-site,not in the current _site-manifest.json; pero-mizon is gated and gets no page
species/phaeoura-mexicanaria/records.parquet,object,381,phaeoura-mexicanaria,stale-site,not in the current _site-manifest.json; phaeoura-mexicanaria is gated and gets no page
species/phigalia-plumogeraria/records.parquet,object,1998,phigalia-plumogeraria,stale-site,not in the current _site-manifest.json; phigalia-plumogeraria is gated and gets no page
species/plagodis-phlogosaria/records.parquet,object,2370,plagodis-phlogosaria,stale-site,not in the current _site-manifest.json; plagodis-phlogosaria is gated and gets no page
species/plataea-diva/records.parquet,object,381,plataea-diva,stale-site,not in the current _site-manifest.json; plataea-diva is gated and gets no page
species/plataea-n-sp/records.parquet,object,381,plataea-n-sp,stale-site,not in the current _site-manifest.json; plataea-n-sp is gated and gets no page
species/plataea-trilinearia/records.parquet,object,381,plataea-trilinearia,stale-site,not in the current _site-manifest.json; plataea-trilinearia is gated and gets no page
species/protitame-subalbaria/records.parquet,object,381,protitame-subalbaria,stale-site,not in the current _site-manifest.json; protitame-subalbaria is gated and gets no page
species/protitame-virginalis/records.parquet,object,381,protitame-virginalis,stale-site,not in the current _site-manifest.json; protitame-virginalis is gated and gets no page
species/protoboarmia-porcelaria/records.parquet,object,381,protoboarmia-porcelaria,stale-site,not in the current _site-manifest.json; protoboarmia-porcelaria is gated and gets no page
species/protorthodes-alfkenii/records.parquet,object,4424,protorthodes-alfkenii,stale-site,not in the current _site-manifest.json; protorthodes-alfkenii is not in data/species.csv
species/protorthodes-curtica/records.parquet,object,11504,protorthodes-curtica,stale-site,not in the current _site-manifest.json; protorthodes-curtica is not in data/species.csv
species/protorthodes-eureka/records.parquet,object,2724,protorthodes-eureka,stale-site,not in the current _site-manifest.json; protorthodes-eureka is not in data/species.csv
species/protorthodes-incincta/records.parquet,object,3022,protorthodes-incincta,stale-site,not in the current _site-manifest.json; protorthodes-incincta is not in data/species.csv
species/protorthodes-oviduca/records.parquet,object,3064,protorthodes-oviduca,stale-site,not in the current _site-manifest.json; protorthodes-oviduca is not in data/species.csv
species/protorthodes-rufula/records.parquet,object,6552,protorthodes-rufula,stale-site,not in the current _site-manifest.json; protorthodes-rufula is not in data/species.csv
species/resapamea-aff passer/index.html,object,2929,resapamea-aff passer,stale-site,not in the current _site-manifest.json; resapamea-aff passer is not in data/species.csv
species/resapamea-aff-passer/records.parquet,object,381,resapamea-aff-passer,stale-site,not in the current _site-manifest.json; resapamea-aff-passer is gated and gets no page
species/resapamea-n sp nr innota/index.html,object,2953,resapamea-n sp nr innota,stale-site,not in the current _site-manifest.json; resapamea-n sp nr innota is not in data/species.csv
species/resapamea-n-sp-nr-innota/records.parquet,object,2043,resapamea-n-sp-nr-innota,stale-site,not in the current _site-manifest.json; resapamea-n-sp-nr-innota is gated and gets no page
species/rheumaptera-hastata/records.parquet,object,381,rheumaptera-hastata,stale-site,not in the current _site-manifest.json; rheumaptera-hastata is gated and gets no page
species/saturnia-mendocino/records.parquet,object,2953,saturnia-mendocino,stale-site,not in the current _site-manifest.json; saturnia-mendocino is not in data/species.csv
species/schinia-aff verna/index.html,object,2911,schinia-aff verna,stale-site,not in the current _site-manifest.json; schinia-aff verna is not in data/species.csv
species/schinia-aff-verna/records.parquet,object,381,schinia-aff-verna,stale-site,not in the current _site-manifest.json; schinia-aff-verna is gated and gets no page
species/schizura-concinna/records.parquet,object,4409,schizura-concinna,stale-site,not in the current _site-manifest.json; schizura-concinna is not in data/species.csv
species/schizura-conspecta/records.parquet,object,4663,schizura-conspecta,stale-site,not in the current _site-manifest.json; schizura-conspecta is not in data/species.csv
species/schizura-unicornis/records.parquet,object,15578,schizura-unicornis,stale-site,not in the current _site-manifest.json; schizura-unicornis is not in data/species.csv
species/sicya-macularia/records.parquet,object,381,sicya-macularia,stale-site,not in the current _site-manifest.json; sicya-macularia is gated and gets no page
species/sicya-morsicaria/records.parquet,object,381,sicya-morsicaria,stale-site,not in the current _site-manifest.json; sicya-morsicaria is gated and gets no page
species/somatolophia-ectrapelaria/records.parquet,object,381,somatolophia-ectrapelaria,stale-site,not in the current _site-manifest.json; somatolophia-ectrapelaria is gated and gets no page
species/spargania-luctuata/records.parquet,object,2205,spargania-luctuata,stale-site,not in the current _site-manifest.json; spargania-luctuata is gated and gets no page
species/speranza-amboflava/records.parquet,object,381,speranza-amboflava,stale-site,not in the current _site-manifest.json; speranza-amboflava is gated and gets no page
species/speranza-andersoni/records.parquet,object,381,speranza-andersoni,stale-site,not in the current _site-manifest.json; speranza-andersoni is not in data/species.csv
species/speranza-bitactata/records.parquet,object,381,speranza-bitactata,stale-site,not in the current _site-manifest.json; speranza-bitactata is gated and gets no page
species/speranza-boreata/records.parquet,object,381,speranza-boreata,stale-site,not in the current _site-manifest.json; speranza-boreata is gated and gets no page
species/speranza-brunneata/records.parquet,object,381,speranza-brunneata,stale-site,not in the current _site-manifest.json; speranza-brunneata is gated and gets no page
species/speranza-colata/records.parquet,object,381,speranza-colata,stale-site,not in the current _site-manifest.json; speranza-colata is not in data/species.csv
species/speranza-decorata/records.parquet,object,381,speranza-decorata,stale-site,not in the current _site-manifest.json; speranza-decorata is gated and gets no page
species/speranza-exauspicata/records.parquet,object,381,speranza-exauspicata,stale-site,not in the current _site-manifest.json; speranza-exauspicata is gated and gets no page
species/speranza-guenearia/records.parquet,object,381,speranza-guenearia,stale-site,not in the current _site-manifest.json; speranza-guenearia is gated and gets no page
species/speranza-helena/records.parquet,object,381,speranza-helena,stale-site,not in the current _site-manifest.json; speranza-helena is gated and gets no page
species/speranza-loricaria/records.parquet,object,381,speranza-loricaria,stale-site,not in the current _site-manifest.json; speranza-loricaria is gated and gets no page
species/speranza-lorquinaria/records.parquet,object,381,speranza-lorquinaria,stale-site,not in the current _site-manifest.json; speranza-lorquinaria is not in data/species.csv
species/speranza-occiduaria/records.parquet,object,381,speranza-occiduaria,stale-site,not in the current _site-manifest.json; speranza-occiduaria is gated and gets no page
species/speranza-plumosata/records.parquet,object,381,speranza-plumosata,stale-site,not in the current _site-manifest.json; speranza-plumosata is not in data/species.csv
species/speranza-quadrilinearia/records.parquet,object,381,speranza-quadrilinearia,stale-site,not in the current _site-manifest.json; speranza-quadrilinearia is gated and gets no page
species/speranza-simplex/records.parquet,object,381,speranza-simplex,stale-site,not in the current _site-manifest.json; speranza-simplex is gated and gets no page
species/stamnoctenis-pearsalli/records.parquet,object,2280,stamnoctenis-pearsalli,stale-site,not in the current _site-manifest.json; stamnoctenis-pearsalli is gated and gets no page
species/stamnodes-topazata/records.parquet,object,381,stamnodes-topazata,stale-site,not in the current _site-manifest.json; stamnodes-topazata is gated and gets no page
species/sympistis-chionanti/records.parquet,object,381,sympistis-chionanti,stale-site,not in the current _site-manifest.json; sympistis-chionanti is not in data/species.csv
species/tetracis-cervinaria/records.parquet,object,381,tetracis-cervinaria,stale-site,not in the current _site-manifest.json; tetracis-cervinaria is gated and gets no page
species/tetracis-formosa/records.parquet,object,381,tetracis-formosa,stale-site,not in the current _site-manifest.json; tetracis-formosa is gated and gets no page
species/tetracis-jubararia/records.parquet,object,381,tetracis-jubararia,stale-site,not in the current _site-manifest.json; tetracis-jubararia is gated and gets no page
species/tetracis-pallidata/records.parquet,object,381,tetracis-pallidata,stale-site,not in the current _site-manifest.json; tetracis-pallidata is gated and gets no page
species/tetracis-pallulata/records.parquet,object,381,tetracis-pallulata,stale-site,not in the current _site-manifest.json; tetracis-pallulata is gated and gets no page
species/trichodezia-albovittata/records.parquet,object,381,trichodezia-albovittata,stale-site,not in the current _site-manifest.json; trichodezia-albovittata is gated and gets no page
species/triphosa-haesitata/records.parquet,object,2260,triphosa-haesitata,stale-site,not in the current _site-manifest.json; triphosa-haesitata is gated and gets no page
species/venusia-pearsalli/records.parquet,object,381,venusia-pearsalli,stale-site,not in the current _site-manifest.json; venusia-pearsalli is gated and gets no page
species/xestia-c/index.html,object,5160,xestia-c,stale-site,not in the current _site-manifest.json; xestia-c is not in data/species.csv
species/xestia-c/records.parquet,object,15960,xestia-c,stale-site,not in the current _site-manifest.json; xestia-c is not in data/species.csv
species/xylophanes-nr libya/index.html,object,2847,xylophanes-nr libya,stale-site,not in the current _site-manifest.json; xylophanes-nr libya is not in data/species.csv
species/xylophanes-nr-libya/records.parquet,object,2137,xylophanes-nr-libya,stale-site,not in the current _site-manifest.json; xylophanes-nr-libya is gated and gets no page
species-tiles/catocala-allusa/A-D.dzi,object,206,catocala-allusa,tiles-no-photo,no uploaded row in data/species-photos-manifest.csv; catocala-allusa is not in data/species.csv
species-tiles/catocala-allusa/A-D_files/,tile-pyramid,,catocala-allusa,tiles-no-photo,no uploaded row in data/species-photos-manifest.csv; catocala-allusa is not in data/species.csv
species-tiles/catocala-allusa/A-V.dzi,object,206,catocala-allusa,tiles-no-photo,no uploaded row in data/species-photos-manifest.csv; catocala-allusa is not in data/species.csv
species-tiles/catocala-allusa/A-V_files/,tile-pyramid,,catocala-allusa,tiles-no-photo,no uploaded row in data/species-photos-manifest.csv; catocala-allusa is not in data/species.csv
species-tiles/macaria-bitactata/A-D.dzi,object,206,macaria-bitactata,tiles-no-photo,no uploaded row in data/species-photos-manifest.csv; macaria-bitactata is not in data/species.csv
species-tiles/macaria-bitactata/A-D_files/,tile-pyramid,,macaria-bitactata,tiles-no-photo,no uploaded row in data/species-photos-manifest.csv; macaria-bitactata is not in data/species.csv
species-tiles/macaria-bitactata/A-V.dzi,object,206,macaria-bitactata,tiles-no-photo,no uploaded row in data/species-photos-manifest.csv; macaria-bitactata is not in data/species.csv
species-tiles/macaria-bitactata/A-V_files/,tile-pyramid,,macaria-bitactata,tiles-no-photo,no uploaded row in data/species-photos-manifest.csv; macaria-bitactata is not in data/species.csv
species-tiles/macaria-bitactata/B-D.dzi,object,206,macaria-bitactata,tiles-no-photo,no uploaded row in data/species-photos-manifest.csv; macaria-bitactata is not in data/species.csv
species-tiles/macaria-bitactata/B-D_files/,tile-pyramid,,macaria-bitactata,tiles-no-photo,no uploaded row in data/species-photos-manifest.csv; macaria-bitactata is not in data/species.csv
species-tiles/macaria-bitactata/B-V.dzi,object,206,macaria-bitactata,tiles-no-photo,no uploaded row in data/species-photos-manifest.csv; macaria-bitactata is not in data/species.csv
species-tiles/macaria-bitactata/B-V_files/,tile-pyramid,,macaria-bitactata,tiles-no-photo,no uploaded row in data/species-photos-manifest.csv; macaria-bitactata is not in data/species.csv
species-tiles/macaria-bitactata/C-D.dzi,object,206,macaria-bitactata,tiles-no-photo,no uploaded row in data/species-photos-manifest.csv; macaria-bitactata is not in data/species.csv
species-tiles/macaria-bitactata/C-D_files/,tile-pyramid,,macaria-bitactata,tiles-no-photo,no uploaded row in data/species-photos-manifest.csv; macaria-bitactata is not in data/species.csv
species-tiles/macaria-bitactata/C-V.dzi,object,206,macaria-bitactata,tiles-no-photo,no uploaded row in data/species-photos-manifest.csv; macaria-bitactata is not in data/species.csv
species-tiles/macaria-bitactata/C-V_files/,tile-pyramid,,macaria-bitactata,tiles-no-photo,no uploaded row in data/species-photos-manifest.csv; macaria-bitactata is not in data/species.csv
species-tiles/protorthodes-alfkenii/A-D.dzi,object,206,protorthodes-alfkenii,tiles-no-photo,no uploaded row in data/species-photos-manifest.csv; protorthodes-alfkenii is not in data/species.csv
species-tiles/protorthodes-alfkenii/A-D_files/,tile-pyramid,,protorthodes-alfkenii,tiles-no-photo,no uploaded row in data/species-photos-manifest.csv; protorthodes-alfkenii is not in data/species.csv
species-tiles/protorthodes-alfkenii/A-D_thumbnail.webp,object,177270,protorthodes-alfkenii,tiles-no-photo,no uploaded row in data/species-photos-manifest.csv; protorthodes-alfkenii is not in data/species.csv
species-tiles/protorthodes-alfkenii/A-V.dzi,object,206,protorthodes-alfkenii,tiles-no-photo,no uploaded row in data/species-photos-manifest.csv; protorthodes-alfkenii is not in data/species.csv
species-tiles/protorthodes-alfkenii/A-V_files/,tile-pyramid,,protorthodes-alfkenii,tiles-no-photo,no uploaded row in data/species-photos-manifest.csv; protorthodes-alfkenii is not in data/species.csv
species-tiles/protorthodes-alfkenii/A-V_thumbnail.webp,object,164556,protorthodes-alfkenii,tiles-no-photo,no uploaded row in data/species-photos-manifest.csv; protorthodes-alfkenii is not in data/species.csv
species-tiles/protorthodes-curtica/A-D.dzi,object,206,protorthodes-curtica,tiles-no-photo,no uploaded row in data/species-photos-manifest.csv; protorthodes-curtica is not in data/species.csv
species-tiles/protorthodes-curtica/A-D_files/,tile-pyramid,,protorthodes-curtica,tiles-no-photo,no uploaded row in data/species-photos-manifest.csv; protorthodes-curtica is not in data/species.csv
species-tiles/protorthodes-curtica/A-D_thumbnail.webp,object,159668,protorthodes-curtica,tiles-no-photo,no uploaded row in data/species-photos-manifest.csv; protorthodes-curtica is not in data/species.csv
species-tiles/protorthodes-curtica/A-V.dzi,object,206,protorthodes-curtica,tiles-no-photo,no uploaded row in data/species-photos-manifest.csv; protorthodes-curtica is not in data/species.csv
species-tiles/protorthodes-curtica/A-V_files/,tile-pyramid,,protorthodes-curtica,tiles-no-photo,no uploaded row in data/species-photos-manifest.csv; protorthodes-curtica is not in data/species.csv
species-tiles/protorthodes-curtica/A-V_thumbnail.webp,object,153280,protorthodes-curtica,tiles-no-photo,no uploaded row in data/species-photos-manifest.csv; protorthodes-curtica is not in data/species.csv
species-tiles/protorthodes-curtica/B-D.dzi,object,206,protorthodes-curtica,tiles-no-photo,no uploaded row in data/species-photos-manifest.csv; protorthodes-curtica is not in data/species.csv
species-tiles/protorthodes-curtica/B-D_files/,tile-pyramid,,protorthodes-curtica,tiles-no-photo,no uploaded row in data/species-photos-manifest.csv; protorthodes-curtica is not in data/species.csv
species-tiles/protorthodes-curtica/B-D_thumbnail.webp,object,178436,protorthodes-curtica,tiles-no-photo,no uploaded row in data/species-photos-manifest.csv; protorthodes-curtica is not in data/species.csv
species-tiles/protorthodes-curtica/B-V.dzi,object,206,protorthodes-curtica,tiles-no-photo,no uploaded row in data/species-photos-manifest.csv; protorthodes-curtica is not in data/species.csv
species-tiles/protorthodes-curtica/B-V_files/,tile-pyramid,,protorthodes-curtica,tiles-no-photo,no uploaded row in data/species-photos-manifest.csv; protorthodes-curtica is not in data/species.csv
species-tiles/protorthodes-curtica/B-V_thumbnail.webp,object,157768,protorthodes-curtica,tiles-no-photo,no uploaded row in data/species-photos-manifest.csv; protorthodes-curtica is not in data/species.csv
species-tiles/protorthodes-eureka/A-D.dzi,object,206,protorthodes-eureka,tiles-no-photo,no uploaded row in data/species-photos-manifest.csv; protorthodes-eureka is not in data/species.csv
species-tiles/protorthodes-eureka/A-D_files/,tile-pyramid,,protorthodes-eureka,tiles-no-photo,no uploaded row in data/species-photos-manifest.csv; protorthodes-eureka is not in data/species.csv
species-tiles/protorthodes-eureka/A-D_thumbnail.webp,object,155516,protorthodes-eureka,tiles-no-photo,no uploaded row in data/species-photos-manifest.csv; protorthodes-eureka is not in data/species.csv
species-tiles/protorthodes-eureka/A-V.dzi,object,206,protorthodes-eureka,tiles-no-photo,no uploaded row in data/species-photos-manifest.csv; protorthodes-eureka is not in data/species.csv
species-tiles/protorthodes-eureka/A-V_files/,tile-pyramid,,protorthodes-eureka,tiles-no-photo,no uploaded row in data/species-photos-manifest.csv; protorthodes-eureka is not in data/species.csv
species-tiles/protorthodes-eureka/A-V_thumbnail.webp,object,136668,protorthodes-eureka,tiles-no-photo,no uploaded row in data/species-photos-manifest.csv; protorthodes-eureka is not in data/species.csv
species-tiles/protorthodes-incincta/B-D.dzi,object,206,protorthodes-incincta,tiles-no-photo,no uploaded row in data/species-photos-manifest.csv; protorthodes-incincta is not in data/species.csv
species-tiles/protorthodes-incincta/B-D_files/,tile-pyramid,,protorthodes-incincta,tiles-no-photo,no uploaded row in data/species-photos-manifest.csv; protorthodes-incincta is not in data/species.csv
species-tiles/protorthodes-incincta/B-D_thumbnail.webp,object,146582,protorthodes-incincta,tiles-no-photo,no uploaded row in data/species-photos-manifest.csv; protorthodes-incincta is not in data/species.csv
species-tiles/protorthodes-incincta/B-V.dzi,object,206,protorthodes-incincta,tiles-no-photo,no uploaded row in data/species-photos-manifest.csv; protorthodes-incincta is not in data/species.csv
species-tiles/protorthodes-incincta/B-V_files/,tile-pyramid,,protorthodes-incincta,tiles-no-photo,no uploaded row in data/species-photos-manifest.csv; protorthodes-incincta is not in data/species.csv
species-tiles/protorthodes-incincta/B-V_thumbnail.webp,object,155238,protorthodes-incincta,tiles-no-photo,no uploaded row in data/species-photos-manifest.csv; protorthodes-incincta is not in data/species.csv
species-tiles/protorthodes-incincta/C-D.dzi,object,206,protorthodes-incincta,tiles-no-photo,no uploaded row in data/species-photos-manifest.csv; protorthodes-incincta is not in data/species.csv
species-tiles/protorthodes-incincta/C-D_files/,tile-pyramid,,protorthodes-incincta,tiles-no-photo,no uploaded row in data/species-photos-manifest.csv; protorthodes-incincta is not in data/species.csv
species-tiles/protorthodes-incincta/C-D_thumbnail.webp,object,231688,protorthodes-incincta,tiles-no-photo,no uploaded row in data/species-photos-manifest.csv; protorthodes-incincta is not in data/species.csv
species-tiles/protorthodes-incincta/C-V.dzi,object,206,protorthodes-incincta,tiles-no-photo,no uploaded row in data/species-photos-manifest.csv; protorthodes-incincta is not in data/species.csv
species-tiles/protorthodes-incincta/C-V_files/,tile-pyramid,,protorthodes-incincta,tiles-no-photo,no uploaded row in data/species-photos-manifest.csv; protorthodes-incincta is not in data/species.csv
species-tiles/protorthodes-incincta/C-V_thumbnail.webp,object,201858,protorthodes-incincta,tiles-no-photo,no uploaded row in data/species-photos-manifest.csv; protorthodes-incincta is not in data/species.csv
species-tiles/protorthodes-oviduca/A-D.dzi,object,206,protorthodes-oviduca,tiles-no-photo,no uploaded row in data/species-photos-manifest.csv; protorthodes-oviduca is not in data/species.csv
species-tiles/protorthodes-oviduca/A-D_files/,tile-pyramid,,protorthodes-oviduca,tiles-no-photo,no uploaded row in data/species-photos-manifest.csv; protorthodes-oviduca is not in data/species.csv
species-tiles/protorthodes-oviduca/A-D_thumbnail.webp,object,166140,protorthodes-oviduca,tiles-no-photo,no uploaded row in data/species-photos-manifest.csv; protorthodes-oviduca is not in data/species.csv
species-tiles/protorthodes-oviduca/A-V.dzi,object,206,protorthodes-oviduca,tiles-no-photo,no uploaded row in data/species-photos-manifest.csv; protorthodes-oviduca is not in data/species.csv
species-tiles/protorthodes-oviduca/A-V_files/,tile-pyramid,,protorthodes-oviduca,tiles-no-photo,no uploaded row in data/species-photos-manifest.csv; protorthodes-oviduca is not in data/species.csv
species-tiles/protorthodes-oviduca/A-V_thumbnail.webp,object,137120,protorthodes-oviduca,tiles-no-photo,no uploaded row in data/species-photos-manifest.csv; protorthodes-oviduca is not in data/species.csv
species-tiles/protorthodes-rufula/A-D.dzi,object,206,protorthodes-rufula,tiles-no-photo,no uploaded row in data/species-photos-manifest.csv; protorthodes-rufula is not in data/species.csv
species-tiles/protorthodes-rufula/A-D_files/,tile-pyramid,,protorthodes-rufula,tiles-no-photo,no uploaded row in data/species-photos-manifest.csv; protorthodes-rufula is not in data/species.csv
species-tiles/protorthodes-rufula/A-D_thumbnail.webp,object,167356,protorthodes-rufula,tiles-no-photo,no uploaded row in data/species-photos-manifest.csv; protorthodes-rufula is not in data/species.csv
species-tiles/protorthodes-rufula/A-V.dzi,object,206,protorthodes-rufula,tiles-no-photo,no uploaded row in data/species-photos-manifest.csv; protorthodes-rufula is not in data/species.csv
species-tiles/protorthodes-rufula/A-V_files/,tile-pyramid,,protorthodes-rufula,tiles-no-photo,no uploaded row in data/species-photos-manifest.csv; protorthodes-rufula is not in data/species.csv
species-tiles/protorthodes-rufula/A-V_thumbnail.webp,object,155724,protorthodes-rufula,tiles-no-photo,no uploaded row in data/species-photos-manifest.csv; protorthodes-rufula is not in data/species.csv
species-tiles/speranza-andersoni/A-D.dzi,object,206,speranza-andersoni,tiles-no-photo,no uploaded row in data/species-photos-manifest.csv; speranza-andersoni is not in data/species.csv
species-tiles/speranza-andersoni/A-D_files/,tile-pyramid,,speranza-andersoni,tiles-no-photo,no uploaded row in data/species-photos-manifest.csv; speranza-andersoni is not in data/species.csv
species-tiles/speranza-andersoni/A-V.dzi,object,206,speranza-andersoni,tiles-no-photo,no uploaded row in data/species-photos-manifest.csv; speranza-andersoni is not in data/species.csv
species-tiles/speranza-andersoni/A-V_files/,tile-pyramid,,speranza-andersoni,tiles-no-photo,no uploaded row in data/species-photos-manifest.csv; speranza-andersoni is not in data/species.csv
species-tiles/sympistis-chionanti/A-D.dzi,object,206,sympistis-chionanti,tiles-no-photo,no uploaded row in data/species-photos-manifest.csv; sympistis-chionanti is not in data/species.csv
species-tiles/sympistis-chionanti/A-D_files/,tile-pyramid,,sympistis-chionanti,tiles-no-photo,no uploaded row in data/species-photos-manifest.csv; sympistis-chionanti is not in data/species.csv
species-tiles/sympistis-chionanti/A-D_thumbnail.webp,object,152552,sympistis-chionanti,tiles-no-photo,no uploaded row in data/species-photos-manifest.csv; sympistis-chionanti is not in data/species.csv
species-tiles/sympistis-chionanti/A-V.dzi,object,206,sympistis-chionanti,tiles-no-photo,no uploaded row in data/species-photos-manifest.csv; sympistis-chionanti is not in data/species.csv
species-tiles/sympistis-chionanti/A-V_files/,tile-pyramid,,sympistis-chionanti,tiles-no-photo,no uploaded row in data/species-photos-manifest.csv; sympistis-chionanti is not in data/species.csv
species-tiles/sympistis-chionanti/A-V_thumbnail.webp,object,139884,sympistis-chionanti,tiles-no-photo,no uploaded row in data/species-photos-manifest.csv; sympistis-chionanti is not in data/species.csv
test/somefile.jpg,object,750219,,unknown,
