species_slug,latitude,longitude,state,county,outcome,district_id_before,district_id_after,distance_km,notes
malacosoma-disstria,51.932,-114.035,AB,,unassigned,,,,
malacosoma-disstria,52.466,-114.051,AB,,unassigned,,,,
malacosoma-disstria,49.026,-113.685,AB,,unassigned,,,,
agrotis-vancouverensis,50.383,-114.667,AB,,unassigned,,,,
agrotis-orthogonia,49.694,-112.842,AB,,unassigned,,,,
feltia-jaculifera,51.05,-114.083,AB,,unassigned,,,,
feltia-jaculifera,49.694,-112.842,AB,,unassigned,,,,
feltia-nigrita,52.467,-116.083,AB,,unassigned,,,,
malacosoma-disstria,53.659,-111.366,AB,,unassigned,,,,
feltia-nigrita,52.517,-116.1,AB,,unassigned,,,,
feltia-mollis,52.467,-116.083,AB,,unassigned,,,,
anicla-tepperi,51.05,-114.083,AB,,unassigned,,,,
actebia-balanitis,51.05,-114.083,AB,,unassigned,,,,
actebia-balanitis,51.05,-114.083,AB,,unassigned,,,,
feltia-nigrita,51.167,-115.566,AB,,unassigned,,,,
copablepharon-viridisparsa,49.694,-112.842,AB,,unassigned,,,,
copablepharon-viridisparsa,51.05,-114.083,AB,,unassigned,,,,
copablepharon-viridisparsa,49.694,-112.842,AB,,unassigned,,,,
actebia-balanitis,50.209,-114.458,AB,,unassigned,,,,
actebia-fennica,49.694,-112.842,AB,,unassigned,,,,
anicla-tepperi,49.1,-110.567,AB,,unassigned,,,,
anicla-exuberans,50.58,-113.874,AB,,unassigned,,,,
malacosoma-disstria,51.05,-114.083,AB,,unassigned,,,,
acronicta-grisea,53.01,-114.5,AB,,unassigned,,,,
acronicta-hasta,53.545,-113.434,AB,,unassigned,,,,
raphia-frater,53.566,-113.822,AB,,unassigned,,,,
lasionycta-impingens,50.2,-114.44,AB,,unassigned,,,,
cryptocala-acadiensis,50.2,-114.44,AB,,unassigned,,,,
acronicta-lupini,51.049,-114.863,AB,,unassigned,,,,
acronicta-grisea,53.363,-113.002,AB,,unassigned,,,,
panthea-virginarius,50.624,-115.129,AB,,unassigned,,,,
acronicta-radcliffei,53.545,-113.434,AB,,unassigned,,,,
xestia-smithii,51.7,-116.49,AB,,unassigned,,,,
acronicta-grisea,52.747,-114.739,AB,,unassigned,,,,
acronicta-impressa,53.55,-113.47,AB,,unassigned,,,,
panthea-furcilla,51.659,-114.143,AB,,unassigned,,,,
acronicta-grisea,52.494,-112.696,AB,,unassigned,,,,
acronicta-fragilis,53.545,-113.434,AB,,unassigned,,,,
acronicta-impressa,53.55,-113.47,AB,,unassigned,,,,
panthea-virginarius,50.624,-115.129,AB,,unassigned,,,,
raphia-frater,53.326,-113.092,AB,,unassigned,,,,
xestia-vernilis,51.77,-116.56,AB,,unassigned,,,,
heliothis-ononis,51.12,-114.12,AB,,unassigned,,,,
apantesis-parthenice,50.2,-114.44,AB,,unassigned,,,,
acronicta-hasta,53.545,-113.434,AB,,unassigned,,,,
acronicta-lepusculina,49.723,-113.404,AB,,unassigned,,,,
drasteria-petricola,50.2,-114.52,AB,,unassigned,,,,
lasionycta-impingens,51.7,-116.49,AB,,unassigned,,,,
acronicta-insita,53.55,-113.47,AB,,unassigned,,,,
lacinipolia-olivacea,53.1,-118,AB,,unassigned,,,,
euxoa-quadridentata,49.694,-112.842,AB,,unassigned,,,,
autographa-mappa,51.667,-114.133,AB,,unassigned,,,,
acronicta-fragilis,53.55,-113.47,AB,,unassigned,,,,
acronicta-hasta,53.545,-113.434,AB,,unassigned,,,,
arctia-parthenos,51.1,-115.066,AB,,unassigned,,,,
graphiphora-augur,53.19,-117.91,AB,,unassigned,,,,
panthea-acronyctoides,50.625,-115.13,AB,,unassigned,,,,
acronicta-impressa,53.01,-114.5,AB,,unassigned,,,,
raphia-frater,53.363,-113.002,AB,,unassigned,,,,
acronicta-oblinita,53.363,-113.002,AB,,unassigned,,,,
colocasia-propinquilinea,53.963,-113.074,AB,,unassigned,,,,
cryptocala-acadiensis,51.77,-116.56,AB,,unassigned,,,,
panthea-virginarius,49.66,-110.101,AB,,unassigned,,,,
acronicta-cyanescens,49.1,-113.903,AB,,unassigned,,,,
panthea-acronyctoides,54.28,-114.69,AB,,unassigned,,,,
lasionycta-fergusoni,51.7,-116.49,AB,,unassigned,,,,
xestia-lupa,51.77,-116.56,AB,,unassigned,,,,
acronicta-oblinita,49.122,-110.466,AB,,unassigned,,,,
panthea-virginarius,49.66,-110.101,AB,,unassigned,,,,
acronicta-grisea,53.533,-113.487,AB,,unassigned,,,,
syngrapha-interrogationis,52.77,-118.03,AB,,unassigned,,,,
acronicta-hasta,53.545,-113.434,AB,,unassigned,,,,
acronicta-oblinita,53.566,-113.822,AB,,unassigned,,,,
acronicta-fragilis,53.545,-113.434,AB,,unassigned,,,,
acronicta-lepusculina,49.122,-110.466,AB,,unassigned,,,,
acronicta-insularis,49.962,-112.084,AB,,unassigned,,,,
idia-immaculalis,49.694,-112.842,AB,,unassigned,,,,
lacinipolia-olivacea,52.92,-118.03,AB,,unassigned,,,,
caenurgina-crassiuscula,49.73,-113.56,AB,,unassigned,,,,
acronicta-innotata,53.55,-113.47,AB,,unassigned,,,,
acronicta-grisea,53.363,-113.002,AB,,unassigned,,,,
gnophaela-vermiculata,50.2,-114.52,AB,,unassigned,,,,
agrotis-orthogonia,49.694,-112.842,AB,,unassigned,,,,
feltia-herilis,50.2,-114.44,AB,,unassigned,,,,
panthea-acronyctoides,50.696,-115.134,AB,,unassigned,,,,
acronicta-vulpina,53.566,-113.822,AB,,unassigned,,,,
acronicta-grisea,53.55,-113.47,AB,,unassigned,,,,
anhimella-perbrunnea,49.694,-112.842,AB,,unassigned,,,,
acronicta-impleta,53.55,-113.47,AB,,unassigned,,,,
acronicta-impressa,53.363,-113.002,AB,,unassigned,,,,
polia-discalis,52.78,-118.05,AB,,unassigned,,,,
acronicta-vulpina,53.55,-113.47,AB,,unassigned,,,,
euxoa-pallipennis,49.694,-112.842,AB,,unassigned,,,,
acronicta-fragilis,53.545,-113.434,AB,,unassigned,,,,
acronicta-oblinita,52.5,-112.712,AB,,unassigned,,,,
acronicta-lanceolaria,49.962,-112.084,AB,,unassigned,,,,
raphia-frater,49.694,-112.842,AB,,unassigned,,,,
xestia-homogena,51.77,-116.56,AB,,unassigned,,,,
eurois-occulta,52.18,-117.1,AB,,unassigned,,,,
acronicta-lupini,53.617,-119.394,AB,,unassigned,,,,
acronicta-oblinita,54.28,-114.69,AB,,unassigned,,,,
lasionycta-brunnea,51.7,-116.49,AB,,unassigned,,,,
acronicta-vulpina,49.367,-114.298,AB,,unassigned,,,,
polia-purpurissata,49.694,-112.842,AB,,unassigned,,,,
acronicta-impressa,53.526,-113.475,AB,,unassigned,,,,
apamea-commoda,54.007,-113.269,AB,,unassigned,,,,
acronicta-fragilis,53.566,-113.822,AB,,unassigned,,,,
acronicta-innotata,53.55,-113.47,AB,,unassigned,,,,
acronicta-impressa,53.363,-113.002,AB,,unassigned,,,,
sympistis-cibalis,49.694,-112.842,AB,,unassigned,,,,
acronicta-grisea,53.01,-114.5,AB,,unassigned,,,,
leucania-anteroclara,53.1,-118,AB,,unassigned,,,,
catocala-relicta,53.528,-114.344,AB,,unassigned,,,,
anarta-trifolii,49.694,-112.842,AB,,unassigned,,,,
acronicta-impressa,53.01,-114.5,AB,,unassigned,,,,
pleromelloida-cinerea,49.694,-112.842,AB,,unassigned,,,,
raphia-frater,52.5,-112.712,AB,,unassigned,,,,
lacinipolia-olivacea,53.94,-119.18,AB,,unassigned,,,,
sympistis-stabilis,49.694,-112.842,AB,,unassigned,,,,
acronicta-impressa,53.963,-113.074,AB,,unassigned,,,,
acronicta-grisea,53.363,-113.002,AB,,unassigned,,,,
crambidia-casta,52.92,-118.03,AB,,unassigned,,,,
panthea-virginarius,49.1,-113.95,AB,,unassigned,,,,
chelis-beanii,50.2,-114.44,AB,,unassigned,,,,
acronicta-impleta,53.01,-114.5,AB,,unassigned,,,,
hydraecia-medialis,49.694,-112.842,AB,,unassigned,,,,
acronicta-lupini,50.2,-114.433,AB,,unassigned,,,,
acronicta-fragilis,54.28,-114.69,AB,,unassigned,,,,
acronicta-impressa,53.687,-119.478,AB,,unassigned,,,,
euxoa-ochrogaster,49.694,-112.842,AB,,unassigned,,,,
xestia-homogena,53.19,-117.91,AB,,unassigned,,,,
protoperigea-anotha,52.77,-118.03,AB,,unassigned,,,,
acronicta-impleta,53.363,-113.002,AB,,unassigned,,,,
acronicta-grisea,53.566,-113.822,AB,,unassigned,,,,
apamea-alia,50.2,-114.44,AB,,unassigned,,,,
raphia-frater,49.815,-112.164,AB,,unassigned,,,,
sympistis-dinalda,53.94,-119.18,AB,,unassigned,,,,
acronicta-fragilis,53.55,-113.47,AB,,unassigned,,,,
panthea-acronyctoides,52.449,-116.145,AB,,unassigned,,,,
acronicta-impressa,53.55,-113.47,AB,,unassigned,,,,
acronicta-mansueta,49.369,-114.301,AB,,unassigned,,,,
acronicta-grisea,53.526,-113.475,AB,,unassigned,,,,
acronicta-impressa,53.55,-113.47,AB,,unassigned,,,,
raphia-frater,52.499,-112.702,AB,,unassigned,,,,
panthea-acronyctoides,52.467,-116.083,AB,,unassigned,,,,
acronicta-lepusculina,54.409,-112.206,AB,,unassigned,,,,
colocasia-propinquilinea,53.55,-113.47,AB,,unassigned,,,,
spaelotis-clandestina,50.2,-114.44,AB,,unassigned,,,,
acronicta-mansueta,49.082,-111.615,AB,,unassigned,,,,
acronicta-innotata,53.55,-113.47,AB,,unassigned,,,,
acronicta-lepusculina,52.467,-116.083,AB,,unassigned,,,,
acronicta-grisea,53.55,-113.47,AB,,unassigned,,,,
raphia-frater,53.55,-113.47,AB,,unassigned,,,,
acronicta-radcliffei,52.351,-113.037,AB,,unassigned,,,,
acronicta-insita,53.55,-113.47,AB,,unassigned,,,,
enargia-fausta,49.881,-111.053,AB,,unassigned,,,,
cryptocala-acadiensis,51.834,-113.011,AB,,unassigned,,,,
acronicta-quadrata,53.963,-113.074,AB,,unassigned,,,,
colocasia-propinquilinea,54.816,-111.936,AB,,unassigned,,,,
chelis-beanii,50.2,-114.44,AB,,unassigned,,,,
acronicta-americana,49.083,-111.617,AB,,unassigned,,,,
acronicta-impleta,53.55,-113.47,AB,,unassigned,,,,
xestia-speciosa,52.77,-118.03,AB,,unassigned,,,,
panthea-acronyctoides,51.017,-115.067,AB,,unassigned,,,,
acronicta-impleta,52.483,-112.703,AB,,unassigned,,,,
panthea-furcilla,51.017,-115.067,AB,,unassigned,,,,
lacinipolia-renigera,50.2,-114.44,AB,,unassigned,,,,
hypocoena-inquinata,52.77,-118.03,AB,,unassigned,,,,
raphia-frater,52.53,-112.7,AB,,unassigned,,,,
euxoa-maimes,49.694,-112.842,AB,,unassigned,,,,
lasionycta-perplexella,52.18,-117.1,AB,,unassigned,,,,
acronicta-insularis,52.351,-113.037,AB,,unassigned,,,,
acronicta-lepusculina,52.467,-116.083,AB,,unassigned,,,,
acronicta-innotata,53.55,-113.47,AB,,unassigned,,,,
acronicta-oblinita,54.835,-111.977,AB,,unassigned,,,,
autographa-bimaculata,51.71,-116.49,AB,,unassigned,,,,
acronicta-innotata,52.351,-113.037,AB,,unassigned,,,,
acronicta-insita,53.55,-113.47,AB,,unassigned,,,,
acronicta-lupini,52.467,-116.083,AB,,unassigned,,,,
apamea-devastator,49.694,-112.842,AB,,unassigned,,,,
xestia-imperita,51.7,-116.49,AB,,unassigned,,,,
sympistis-stabilis,49.694,-112.842,AB,,unassigned,,,,
raphia-frater,53.963,-113.074,AB,,unassigned,,,,
acronicta-impressa,53.55,-113.47,AB,,unassigned,,,,
raphia-frater,53.526,-113.475,AB,,unassigned,,,,
acronicta-impleta,53.55,-113.47,AB,,unassigned,,,,
panthea-acronyctoides,53.55,-113.47,AB,,unassigned,,,,
acronicta-grisea,53.01,-114.5,AB,,unassigned,,,,
xestia-smithii,50.2,-114.44,AB,,unassigned,,,,
acronicta-innotata,53.01,-114.5,AB,,unassigned,,,,
acronicta-insita,53.55,-113.47,AB,,unassigned,,,,
raphia-frater,49.083,-111.617,AB,,unassigned,,,,
acronicta-grisea,53.526,-113.475,AB,,unassigned,,,,
lasionycta-perplexa,50.2,-114.44,AB,,unassigned,,,,
acronicta-impressa,53.55,-113.47,AB,,unassigned,,,,
acronicta-impleta,53.55,-113.47,AB,,unassigned,,,,
lasionycta-luteola,51.7,-116.49,AB,,unassigned,,,,
acronicta-impressa,53.55,-113.47,AB,,unassigned,,,,
syngrapha-alias,53.19,-117.91,AB,,unassigned,,,,
panthea-acronyctoides,51.02,-115.033,AB,,unassigned,,,,
euxoa-campestris,53.08,-117.99,AB,,unassigned,,,,
raphia-frater,49.1,-113.95,AB,,unassigned,,,,
euxoa-perolivalis,49.694,-112.842,AB,,unassigned,,,,
euxoa-laetificans,49.694,-112.842,AB,,unassigned,,,,
euxoa-servitus,52.92,-118.03,AB,,unassigned,,,,
acronicta-oblinita,53.566,-113.822,AB,,unassigned,,,,
panthea-acronyctoides,51.283,-115.417,AB,,unassigned,,,,
gnophaela-vermiculata,52.12,-115.75,AB,,unassigned,,,,
raphia-frater,53.01,-114.5,AB,,unassigned,,,,
acronicta-fragilis,53.55,-113.47,AB,,unassigned,,,,
raphia-frater,52.351,-113.037,AB,,unassigned,,,,
leucania-anteroclara,53.94,-119.18,AB,,unassigned,,,,
acronicta-mansueta,49.084,-111.617,AB,,unassigned,,,,
acronicta-impressa,53.01,-114.5,AB,,unassigned,,,,
acronicta-impressa,53.864,-119.806,AB,,unassigned,,,,
coenophila-opacifrons,50.2,-114.44,AB,,unassigned,,,,
acronicta-innotata,53.55,-113.47,AB,,unassigned,,,,
raphia-frater,49.084,-111.629,AB,,unassigned,,,,
acronicta-grisea,53.566,-113.822,AB,,unassigned,,,,
schinia-persimilis,49.63,-114.58,AB,,unassigned,,,,
acronicta-radcliffei,52.351,-113.037,AB,,unassigned,,,,
anarta-farnhami,51.667,-114.133,AB,,unassigned,,,,
acronicta-innotata,53.55,-113.466,AB,,unassigned,,,,
panthea-acronyctoides,53.944,-112.924,AB,,unassigned,,,,
acronicta-oblinita,53.566,-113.822,AB,,unassigned,,,,
panthea-virginarius,50.619,-115.125,AB,,unassigned,,,,
autographa-pseudogamma,51.7,-116.49,AB,,unassigned,,,,
acronicta-grisea,53.864,-119.806,AB,,unassigned,,,,
panthea-furcilla,51.02,-115.033,AB,,unassigned,,,,
acronicta-lupini,52.467,-116.083,AB,,unassigned,,,,
anaplectoides-pressus,52.77,-118.03,AB,,unassigned,,,,
egira-rubrica,49.694,-112.842,AB,,unassigned,,,,
acronicta-oblinita,52.53,-112.7,AB,,unassigned,,,,
acronicta-oblinita,53.55,-113.47,AB,,unassigned,,,,
acronicta-lupini,52.467,-116.083,AB,,unassigned,,,,
panthea-acronyctoides,53.326,-113.09,AB,,unassigned,,,,
acronicta-lepusculina,52.467,-116.083,AB,,unassigned,,,,
acronicta-radcliffei,53.319,-113.092,AB,,unassigned,,,,
xestia-imperita,51.383,-116.117,AB,,unassigned,,,,
acronicta-grisea,53.55,-113.47,AB,,unassigned,,,,
acronicta-lepusculina,52.467,-116.083,AB,,unassigned,,,,
syngrapha-interrogationis,51.77,-116.56,AB,,unassigned,,,,
raphia-frater,49.083,-111.617,AB,,unassigned,,,,
lasionycta-promulsa,50.209,-114.458,AB,,unassigned,,,,
acronicta-hasta,53.55,-113.47,AB,,unassigned,,,,
anathix-puta,49.694,-112.842,AB,,unassigned,,,,
acronicta-fragilis,53.566,-113.822,AB,,unassigned,,,,
acronicta-grisea,53.566,-113.822,AB,,unassigned,,,,
acronicta-fragilis,52.53,-112.7,AB,,unassigned,,,,
acronicta-mansueta,49.084,-111.623,AB,,unassigned,,,,
acronicta-oblinita,52.322,-112.883,AB,,unassigned,,,,
acronicta-fragilis,53.55,-113.47,AB,,unassigned,,,,
syngrapha-interrogationis,53.19,-117.91,AB,,unassigned,,,,
acronicta-fragilis,52.322,-112.883,AB,,unassigned,,,,
acronicta-hasta,52.351,-113.037,AB,,unassigned,,,,
acronicta-impleta,53.01,-114.5,AB,,unassigned,,,,
acronicta-fragilis,53.01,-114.5,AB,,unassigned,,,,
acronicta-vulpina,53.566,-113.822,AB,,unassigned,,,,
acronicta-lepusculina,52.467,-116.083,AB,,unassigned,,,,
diarsia-dislocata,52.77,-118.03,AB,,unassigned,,,,
colocasia-propinquilinea,53.944,-112.924,AB,,unassigned,,,,
euxoa-servitus,49.694,-112.842,AB,,unassigned,,,,
panthea-acronyctoides,52.764,-116.363,AB,,unassigned,,,,
panthea-acronyctoides,50.619,-115.125,AB,,unassigned,,,,
acronicta-impressa,53.326,-113.092,AB,,unassigned,,,,
euxoa-intrita,49.694,-112.842,AB,,unassigned,,,,
panthea-acronyctoides,51.024,-115.029,AB,,unassigned,,,,
acronicta-grisea,52.467,-116.083,AB,,unassigned,,,,
apantesis-williamsii,50.2,-114.44,AB,,unassigned,,,,
diarsia-dislocata,52.18,-117.1,AB,,unassigned,,,,
acronicta-impressa,53.326,-113.092,AB,,unassigned,,,,
lasionycta-uniformis,51.7,-116.49,AB,,unassigned,,,,
caenurgina-crassiuscula,52.15,-115.53,AB,,unassigned,,,,
panthea-acronyctoides,50.619,-115.125,AB,,unassigned,,,,
acronicta-lepusculina,52.467,-116.083,AB,,unassigned,,,,
acronicta-impressa,53.55,-113.47,AB,,unassigned,,,,
acronicta-vulpina,53.55,-113.47,AB,,unassigned,,,,
euxoa-perolivalis,49.694,-112.842,AB,,unassigned,,,,
acronicta-lupini,52.467,-116.083,AB,,unassigned,,,,
acronicta-insita,53.55,-113.47,AB,,unassigned,,,,
agrotis-orthogonia,49.694,-112.842,AB,,unassigned,,,,
acronicta-fragilis,53.01,-114.5,AB,,unassigned,,,,
acronicta-hasta,52.322,-112.883,AB,,unassigned,,,,
anaplectoides-pressus,53.18,-117.96,AB,,unassigned,,,,
xestia-smithii,52.77,-118.03,AB,,unassigned,,,,
euxoa-septentrionalis,49.694,-112.842,AB,,unassigned,,,,
acronicta-impressa,53.55,-113.47,AB,,unassigned,,,,
xylena-thoracica,52.18,-117.1,AB,,unassigned,,,,
acronicta-grisea,52.322,-112.883,AB,,unassigned,,,,
raphia-frater,52.322,-112.883,AB,,unassigned,,,,
acronicta-lupini,52.467,-116.083,AB,,unassigned,,,,
acronicta-insita,53.963,-113.074,AB,,unassigned,,,,
raphia-frater,53.326,-113.092,AB,,unassigned,,,,
raphia-frater,53.566,-113.822,AB,,unassigned,,,,
feltia-mollis,50.2,-114.44,AB,,unassigned,,,,
hypocoena-inquinata,53.08,-117.99,AB,,unassigned,,,,
agrotis-vetusta,53.08,-117.99,AB,,unassigned,,,,
panthea-acronyctoides,50.619,-115.125,AB,,unassigned,,,,
ceranemota-improvisa,49.05,-113.9,AB,,unassigned,,,,
acronicta-innotata,52.467,-116.083,AB,,unassigned,,,,
cryptocala-acadiensis,53.94,-119.18,AB,,unassigned,,,,
heliothis-oregonica,51.12,-114.12,AB,,unassigned,,,,
acronicta-hasta,52.322,-112.883,AB,,unassigned,,,,
raphia-frater,52.322,-112.883,AB,,unassigned,,,,
acronicta-insita,53.326,-113.092,AB,,unassigned,,,,
acronicta-oblinita,53.55,-113.47,AB,,unassigned,,,,
acronicta-lupini,52.467,-116.083,AB,,unassigned,,,,
neoligia-subjuncta,53.94,-119.18,AB,,unassigned,,,,
acronicta-insita,49.084,-111.623,AB,,unassigned,,,,
eurois-occulta,50.2,-114.44,AB,,unassigned,,,,
orgyia-antiqua,54.7,-114.15,AB,,unassigned,,,,
anaplectoides-prasina,52.77,-118.03,AB,,unassigned,,,,
protolampra-rufipectus,50.2,-114.44,AB,,unassigned,,,,
acronicta-insita,53.55,-113.47,AB,,unassigned,,,,
acronicta-innotata,53.01,-114.5,AB,,unassigned,,,,
acronicta-fragilis,53.55,-113.47,AB,,unassigned,,,,
panthea-acronyctoides,53.55,-113.47,AB,,unassigned,,,,
xestia-perquiritata,52.92,-118.03,AB,,unassigned,,,,
acronicta-impressa,53.95,-113.203,AB,,unassigned,,,,
raphia-frater,53.963,-113.074,AB,,unassigned,,,,
acronicta-impressa,52.351,-113.037,AB,,unassigned,,,,
acronicta-impressa,53.564,-113.824,AB,,unassigned,,,,
acronicta-vulpina,53.566,-113.822,AB,,unassigned,,,,
acronicta-fragilis,52.351,-113.037,AB,,unassigned,,,,
raphia-frater,53.55,-113.466,AB,,unassigned,,,,
panthea-virginarius,51.167,-115.566,AB,,unassigned,,,,
syngrapha-alias,52.92,-118.03,AB,,unassigned,,,,
pseudohermonassa-tenuicula,52.77,-118.03,AB,,unassigned,,,,
spaelotis-clandestina,51.834,-113.011,AB,,unassigned,,,,
cryphia-cuerva,51.167,-115.566,AB,,unassigned,,,,
acronicta-impleta,53.326,-113.092,AB,,unassigned,,,,
acronicta-grisea,52.767,-116.359,AB,,unassigned,,,,
raphia-frater,49.083,-111.617,AB,,unassigned,,,,
lasionycta-promulsa,50.2,-114.44,AB,,unassigned,,,,
lacinipolia-anguina,53.94,-119.18,AB,,unassigned,,,,
acronicta-grisea,53.55,-113.47,AB,,unassigned,,,,
anarta-farnhami,49.694,-112.842,AB,,unassigned,,,,
amphipyra-glabella,49.694,-112.842,AB,,unassigned,,,,
acronicta-insularis,52.351,-113.037,AB,,unassigned,,,,
acronicta-innotata,53.566,-113.822,AB,,unassigned,,,,
acronicta-impressa,53.55,-113.47,AB,,unassigned,,,,
acronicta-innotata,53.326,-113.092,AB,,unassigned,,,,
autographa-californica,51.692,-114.108,AB,,unassigned,,,,
sympistis-zetterstedtii,50.2,-114.52,AB,,unassigned,,,,
xestia-smithii,51.77,-116.56,AB,,unassigned,,,,
acronicta-fragilis,52.322,-112.883,AB,,unassigned,,,,
acronicta-impressa,52.467,-116.083,AB,,unassigned,,,,
raphia-frater,53.55,-113.47,AB,,unassigned,,,,
raphia-frater,49.083,-111.617,AB,,unassigned,,,,
euxoa-servitus,53.94,-119.18,AB,,unassigned,,,,
protolampra-rufipectus,52.77,-118.03,AB,,unassigned,,,,
syngrapha-octoscripta,52.77,-118.03,AB,,unassigned,,,,
acronicta-lepusculina,49.58,-113.95,AB,,unassigned,,,,
acronicta-impleta,52.727,-110.367,AB,,unassigned,,,,
acronicta-vulpina,53.01,-114.5,AB,,unassigned,,,,
xestia-smithii,49.694,-112.842,AB,,unassigned,,,,
trichordestra-lilacina,50.2,-114.44,AB,,unassigned,,,,
apantesis-parthenice,51.07,-114.63,AB,,unassigned,,,,
acronicta-vulpina,53.326,-113.092,AB,,unassigned,,,,
acronicta-impressa,53.326,-113.092,AB,,unassigned,,,,
acronicta-impressa,53.326,-113.092,AB,,unassigned,,,,
acronicta-impleta,52.92,-114.53,AB,,unassigned,,,,
acronicta-impleta,52.322,-112.883,AB,,unassigned,,,,
acronicta-oblinita,53.566,-113.822,AB,,unassigned,,,,
acronicta-grisea,52.467,-116.083,AB,,unassigned,,,,
acronicta-oblinita,53.55,-113.47,AB,,unassigned,,,,
euclidia-cuspidea,52.15,-115.53,AB,,unassigned,,,,
acronicta-impressa,52.322,-112.88,AB,,unassigned,,,,
acronicta-vulpina,50.562,-114.35,AB,,unassigned,,,,
apamea-zeta,50.2,-114.44,AB,,unassigned,,,,
lasionycta-promulsa,51.7,-116.49,AB,,unassigned,,,,
acronicta-fragilis,53.55,-113.47,AB,,unassigned,,,,
lacinipolia-lustralis,51.05,-114.083,AB,,unassigned,,,,
acronicta-lepusculina,49.52,-111.224,AB,,unassigned,,,,
acronicta-vulpina,52.351,-113.037,AB,,unassigned,,,,
euxoa-pallipennis,49.694,-112.842,AB,,unassigned,,,,
acronicta-fragilis,52.92,-114.53,AB,,unassigned,,,,
euxoa-vallus,51.7,-116.49,AB,,unassigned,,,,
lasionycta-perplexa,53.94,-119.18,AB,,unassigned,,,,
enargia-decolor,52.375,-114.992,AB,,unassigned,,,,
acronicta-insularis,52.322,-112.88,AB,,unassigned,,,,
sympistis-stabilis,49.694,-112.842,AB,,unassigned,,,,
lacinipolia-olivacea,53.94,-119.18,AB,,unassigned,,,,
antheraea-polyphemus,53.917,-115.167,AB,,unassigned,,,,
acronicta-grisea,52.467,-116.083,AB,,unassigned,,,,
raphia-frater,53.01,-114.5,AB,,unassigned,,,,
acronicta-grisea,53.326,-113.092,AB,,unassigned,,,,
syngrapha-alticola,50.2,-114.52,AB,,unassigned,,,,
gluphisia-septentrionis,49.7,-112.816,AB,,unassigned,,,,
acronicta-quadrata,53.944,-112.924,AB,,unassigned,,,,
apamea-vultuosa,50.2,-114.44,AB,,unassigned,,,,
acronicta-lepusculina,53.95,-113.203,AB,,unassigned,,,,
acronicta-grisea,52.467,-116.083,AB,,unassigned,,,,
acronicta-oblinita,53.55,-113.47,AB,,unassigned,,,,
acronicta-americana,50.044,-110.675,AB,,unassigned,,,,
acronicta-mansueta,49.067,-113.789,AB,,unassigned,,,,
xestia-speciosa,52.18,-117.1,AB,,unassigned,,,,
acronicta-impleta,53.01,-114.5,AB,,unassigned,,,,
acronicta-insularis,50.717,-110.067,AB,,unassigned,,,,
fishia-discors,49.694,-112.842,AB,,unassigned,,,,
smerinthus-jamaicensis,49.63,-114.58,AB,,unassigned,,,,
acronicta-innotata,53.55,-113.466,AB,,unassigned,,,,
acronicta-grisea,53.918,-112.95,AB,,unassigned,,,,
prognorisma-substrigata,50.85,-113.967,AB,,unassigned,,,,
acronicta-vulpina,53.061,-115.638,AB,,unassigned,,,,
malacosoma-disstria,50.2,-114.44,AB,,unassigned,,,,
raphia-frater,52.322,-112.88,AB,,unassigned,,,,
acronicta-cyanescens,51.167,-115.566,AB,,unassigned,,,,
acronicta-innotata,53.55,-113.466,AB,,unassigned,,,,
lasionycta-fergusoni,50.2,-114.44,AB,,unassigned,,,,
lasionycta-promulsa,51.167,-115.566,AB,,unassigned,,,,
acronicta-grisea,53.326,-113.092,AB,,unassigned,,,,
raphia-frater,50.044,-110.675,AB,,unassigned,,,,
raphia-frater,53.55,-113.47,AB,,unassigned,,,,
acronicta-innotata,53.326,-113.092,AB,,unassigned,,,,
acronicta-oblinita,53.566,-113.822,AB,,unassigned,,,,
acronicta-grisea,52.92,-114.53,AB,,unassigned,,,,
acronicta-impressa,52.31,-113.05,AB,,unassigned,,,,
raphia-frater,50.044,-110.675,AB,,unassigned,,,,
brachylomia-populi,53.08,-117.99,AB,,unassigned,,,,
acronicta-mansueta,50.667,-112.867,AB,,unassigned,,,,
acronicta-grisea,53.01,-114.5,AB,,unassigned,,,,
acronicta-innotata,53.55,-113.47,AB,,unassigned,,,,
acronicta-innotata,53.55,-113.466,AB,,unassigned,,,,
acronicta-americana,50.044,-110.675,AB,,unassigned,,,,
anarta-trifolii,49.694,-112.842,AB,,unassigned,,,,
euxoa-catenula,49.694,-112.842,AB,,unassigned,,,,
spaelotis-bicava,49.694,-112.842,AB,,unassigned,,,,
acronicta-insularis,52.269,-111.95,AB,,unassigned,,,,
acronicta-vulpina,52.92,-114.53,AB,,unassigned,,,,
ipimorpha-pleonectusa,49.694,-112.842,AB,,unassigned,,,,
acronicta-lepusculina,51.84,-112.75,AB,,unassigned,,,,
sympistis-anweileri,53.94,-119.18,AB,,unassigned,,,,
raphia-frater,52.322,-112.88,AB,,unassigned,,,,
acronicta-hasta,53.55,-113.47,AB,,unassigned,,,,
acronicta-lepusculina,49.52,-111.224,AB,,unassigned,,,,
acronicta-oblinita,52.31,-113.05,AB,,unassigned,,,,
panthea-furcilla,53.95,-113.203,AB,,unassigned,,,,
apamea-cinefacta,49.694,-112.842,AB,,unassigned,,,,
panthea-virginarius,49.294,-114.273,AB,,unassigned,,,,
feltia-jaculifera,53.94,-119.18,AB,,unassigned,,,,
acronicta-impleta,53.01,-114.5,AB,,unassigned,,,,
raphia-frater,52.31,-113.05,AB,,unassigned,,,,
euxoa-servitus,50.2,-114.44,AB,,unassigned,,,,
anathix-puta,49.694,-112.842,AB,,unassigned,,,,
acronicta-impressa,53.01,-114.5,AB,,unassigned,,,,
phyllodesma-americana,49.63,-114.58,AB,,unassigned,,,,
homoglaea-carbonaria,53.367,-117.683,AB,,unassigned,,,,
mesapamea-fractilinea,49.694,-112.842,AB,,unassigned,,,,
acronicta-fragilis,52.727,-110.367,AB,,unassigned,,,,
acronicta-impressa,53.95,-113.203,AB,,unassigned,,,,
abagrotis-placida,53.94,-119.18,AB,,unassigned,,,,
raphia-frater,52.727,-110.367,AB,,unassigned,,,,
acronicta-impleta,53.01,-114.5,AB,,unassigned,,,,
acronicta-grisea,53.566,-113.822,AB,,unassigned,,,,
acronicta-insita,53.326,-113.092,AB,,unassigned,,,,
euxoa-vallus,50.2,-114.44,AB,,unassigned,,,,
melanchra-picta,49.694,-112.842,AB,,unassigned,,,,
acronicta-fragilis,53.01,-114.5,AB,,unassigned,,,,
raphia-frater,53.55,-113.466,AB,,unassigned,,,,
acronicta-impressa,52.45,-110.23,AB,,unassigned,,,,
acronicta-insita,51.84,-112.75,AB,,unassigned,,,,
acronicta-impressa,51.84,-112.75,AB,,unassigned,,,,
acronicta-oblinita,53.566,-113.822,AB,,unassigned,,,,
acronicta-grisea,53.566,-113.822,AB,,unassigned,,,,
acronicta-grisea,53.01,-114.5,AB,,unassigned,,,,
papestra-cristifera,50.2,-114.44,BC,,unassigned,,,,
raphia-frater,52.31,-113.05,AB,,unassigned,,,,
euxoa-intrita,49.694,-112.842,AB,,unassigned,,,,
acronicta-insularis,52.31,-113.05,AB,,unassigned,,,,
acronicta-oblinita,53.01,-114.5,AB,,unassigned,,,,
alypia-langtoni,52,-115.38,AB,,unassigned,,,,
hyppa-contrasta,50.2,-114.44,AB,,unassigned,,,,
tarache-augustipennis,49.694,-112.842,AB,,unassigned,,,,
syngrapha-borea,51.7,-116.49,AB,,unassigned,,,,
lacinipolia-olivacea,50.2,-114.44,AB,,unassigned,,,,
acronicta-fragilis,53.55,-113.47,AB,,unassigned,,,,
raphia-frater,53.55,-113.47,AB,,unassigned,,,,
acronicta-innotata,53.01,-114.5,AB,,unassigned,,,,
raphia-frater,53.326,-113.092,AB,,unassigned,,,,
acronicta-innotata,53.55,-113.47,AB,,unassigned,,,,
syngrapha-alias,53.94,-119.18,AB,,unassigned,,,,
raphia-frater,52.322,-112.883,AB,,unassigned,,,,
acronicta-insita,53.944,-112.924,AB,,unassigned,,,,
acronicta-insularis,52.31,-113.05,AB,,unassigned,,,,
acronicta-oblinita,53.55,-113.47,AB,,unassigned,,,,
acronicta-fragilis,52.322,-112.883,AB,,unassigned,,,,
acronicta-innotata,49.073,-113.889,AB,,unassigned,,,,
acronicta-oblinita,53.097,-118.004,AB,,unassigned,,,,
lasionycta-promulsa,50.2,-114.44,AB,,unassigned,,,,
raphia-frater,52.322,-112.883,AB,,unassigned,,,,
acronicta-vulpina,53.55,-113.47,AB,,unassigned,,,,
acronicta-impressa,53.01,-114.5,AB,,unassigned,,,,
acronicta-fragilis,53.01,-114.5,AB,,unassigned,,,,
lasionycta-uniformis,52.18,-117.1,AB,,unassigned,,,,
lasionycta-luteola,52.18,-117.1,AB,,unassigned,,,,
acronicta-impleta,53.01,-114.5,AB,,unassigned,,,,
acronicta-lepusculina,53.117,-110.217,AB,,unassigned,,,,
acronicta-grisea,53.097,-118.004,AB,,unassigned,,,,
euxoa-perolivalis,49.694,-112.842,AB,,unassigned,,,,
raphia-frater,51.84,-112.75,AB,,unassigned,,,,
raphia-frater,52.322,-112.883,AB,,unassigned,,,,
amphipyra-glabella,49.694,-112.842,AB,,unassigned,,,,
acronicta-hasta,52.31,-113.05,AB,,unassigned,,,,
acronicta-impleta,53.326,-113.092,AB,,unassigned,,,,
acronicta-oblinita,53.566,-113.822,AB,,unassigned,,,,
resapamea-passer,49.694,-112.842,AB,,unassigned,,,,
acronicta-innotata,53.326,-113.092,AB,,unassigned,,,,
acronicta-lupini,51.167,-115.566,AB,,unassigned,,,,
apamea-inficita,49.694,-112.842,AB,,unassigned,,,,
acronicta-impressa,53.566,-113.822,AB,,unassigned,,,,
acronicta-grisea,53.01,-114.5,AB,,unassigned,,,,
acronicta-insularis,53.55,-113.47,AB,,unassigned,,,,
acronicta-impressa,53.117,-110.217,AB,,unassigned,,,,
sympistis-glennyi,50.2,-114.44,AB,,unassigned,,,,
euxoa-ochrogaster,49.694,-112.842,AB,,unassigned,,,,
acronicta-impressa,52.356,-113.757,AB,,unassigned,,,,
acronicta-hasta,53.944,-112.924,AB,,unassigned,,,,
caradrina-montana,53.08,-117.99,AB,,unassigned,,,,
acronicta-grisea,53.55,-113.47,AB,,unassigned,,,,
acronicta-innotata,53.097,-118.004,AB,,unassigned,,,,
acronicta-innotata,54.28,-114.685,AB,,unassigned,,,,
acronicta-radcliffei,52.356,-113.757,AB,,unassigned,,,,
apamea-niveivenosa,49.694,-112.842,AB,,unassigned,,,,
mesapamea-fractilinea,49.694,-112.842,AB,,unassigned,,,,
acronicta-grisea,52.322,-112.883,AB,,unassigned,,,,
acronicta-quadrata,49.083,-113.882,AB,,unassigned,,,,
sympistis-pudorata,50.2,-114.44,AB,,unassigned,,,,
apamea-zeta,51.7,-116.49,AB,,unassigned,,,,
lacinipolia-sareta,49.694,-112.842,AB,,unassigned,,,,
acronicta-impressa,53.566,-113.822,AB,,unassigned,,,,
panthea-acronyctoides,52.451,-115.011,AB,,unassigned,,,,
acronicta-grisea,53.01,-114.5,AB,,unassigned,,,,
catocala-briseis,51.12,-112.98,AB,,unassigned,,,,
acronicta-grisea,53.011,-118.09,AB,,unassigned,,,,
paradiarsia-littoralis,50.2,-114.44,AB,,unassigned,,,,
raphia-frater,53.326,-113.092,AB,,unassigned,,,,
graphiphora-augur,51.77,-116.56,AB,,unassigned,,,,
caenurgina-crassiuscula,50.2,-114.44,AB,,unassigned,,,,
acronicta-insita,52.31,-113.05,AB,,unassigned,,,,
lacinipolia-olivacea,49.694,-112.842,AB,,unassigned,,,,
lacinipolia-meditata,50.2,-114.44,AB,,unassigned,,,,
acronicta-quadrata,50.85,-113.967,AB,,unassigned,,,,
euxoa-adumbrata,50.85,-113.967,AB,,unassigned,,,,
raphia-frater,53.55,-113.47,AB,,unassigned,,,,
acronicta-innotata,53.55,-113.47,AB,,unassigned,,,,
acronicta-insita,51.05,-114.083,AB,,unassigned,,,,
acronicta-oblinita,52.31,-113.05,AB,,unassigned,,,,
raphia-frater,52.31,-113.05,AB,,unassigned,,,,
acronicta-fragilis,52.322,-112.883,AB,,unassigned,,,,
anagrapha-falcifera,51.05,-114.08,AB,,unassigned,,,,
acronicta-insita,52.356,-113.757,AB,,unassigned,,,,
panthea-acronyctoides,52.873,-118.114,AB,,unassigned,,,,
acronicta-impressa,53.564,-113.824,AB,,unassigned,,,,
anagrapha-falcifera,51.667,-114.133,AB,,unassigned,,,,
acronicta-hasta,52.717,-110.347,AB,,unassigned,,,,
acronicta-lanceolaria,52.717,-110.347,AB,,unassigned,,,,
acronicta-vulpina,49.083,-113.882,AB,,unassigned,,,,
tarache-augustipennis,49.694,-112.842,AB,,unassigned,,,,
acronicta-impressa,52.17,-113.46,AB,,unassigned,,,,
pseudohermonassa-tenuicula,53.18,-117.96,AB,,unassigned,,,,
acronicta-impleta,53.55,-113.47,AB,,unassigned,,,,
acronicta-fragilis,53.55,-113.47,AB,,unassigned,,,,
feltia-jaculifera,49.694,-112.842,AB,,unassigned,,,,
acronicta-innotata,53.01,-114.5,AB,,unassigned,,,,
acronicta-vulpina,53.55,-113.47,AB,,unassigned,,,,
acronicta-impressa,53.55,-113.47,AB,,unassigned,,,,
acronicta-impleta,53.55,-113.47,AB,,unassigned,,,,
acronicta-impleta,53.55,-113.47,AB,,unassigned,,,,
diarsia-dislocata,52.467,-116.083,AB,,unassigned,,,,
acronicta-lupini,53.205,-117.926,AB,,unassigned,,,,
acronicta-grisea,52.322,-112.883,AB,,unassigned,,,,
panthea-acronyctoides,52.972,-118.06,AB,,unassigned,,,,
acronicta-impressa,52.382,-113.795,AB,,unassigned,,,,
acronicta-vulpina,52.322,-112.883,AB,,unassigned,,,,
eurois-occulta,52.77,-118.03,AB,,unassigned,,,,
panthea-virginarius,49.908,-114.402,AB,,unassigned,,,,
syngrapha-parilis,52.9,-117.4,AB,,unassigned,,,,
graphiphora-augur,53.94,-119.18,AB,,unassigned,,,,
acronicta-impressa,53.326,-113.092,AB,,unassigned,,,,
raphia-frater,52.154,-113.469,AB,,unassigned,,,,
euxoa-ochrogaster,50.2,-114.44,AB,,unassigned,,,,
acronicta-impressa,52.322,-112.883,AB,,unassigned,,,,
anarta-oregonica,50.2,-114.44,AB,,unassigned,,,,
raphia-frater,49.694,-112.842,AB,,unassigned,,,,
acronicta-fragilis,52.46,-112.88,AB,,unassigned,,,,
anarta-trifolii,49.694,-112.842,AB,,unassigned,,,,
acronicta-impressa,53.566,-113.822,AB,,unassigned,,,,
panthea-acronyctoides,49.902,-114.389,AB,,unassigned,,,,
acronicta-grisea,51.05,-114.083,AB,,unassigned,,,,
acronicta-insularis,53.517,-114.233,AB,,unassigned,,,,
acronicta-insita,54.257,-111.008,AB,,unassigned,,,,
lasionycta-quadrilunata,52.99,-117.46,AB,,unassigned,,,,
acronicta-insita,51.05,-114.083,AB,,unassigned,,,,
euxoa-intrita,49.694,-112.842,AB,,unassigned,,,,
acronicta-insita,53.55,-113.47,AB,,unassigned,,,,
acronicta-vulpina,51.05,-114.083,AB,,unassigned,,,,
acronicta-hasta,50.755,-113.131,AB,,unassigned,,,,
acronicta-impressa,53.01,-114.5,AB,,unassigned,,,,
acronicta-innotata,53.01,-114.5,AB,,unassigned,,,,
acronicta-vulpina,53.55,-113.47,AB,,unassigned,,,,
acronicta-innotata,53.01,-114.5,AB,,unassigned,,,,
hemileuca-eglanterina,49.6,-114.47,AB,,unassigned,,,,
acronicta-impressa,52.322,-112.883,AB,,unassigned,,,,
protolampra-rufipectus,51.77,-116.56,AB,,unassigned,,,,
acronicta-insita,53.55,-113.47,AB,,unassigned,,,,
raphia-frater,52.322,-112.883,AB,,unassigned,,,,
feltia-jaculifera,49.694,-112.842,AB,,unassigned,,,,
euxoa-vallus,52.18,-117.1,AB,,unassigned,,,,
lasionycta-promulsa,50.209,-114.458,AB,,unassigned,,,,
syngrapha-angulidens,52.77,-118.03,AB,,unassigned,,,,
acronicta-fragilis,52.322,-112.883,AB,,unassigned,,,,
acronicta-hasta,52.322,-112.883,AB,,unassigned,,,,
acronicta-impleta,51.8,-113.02,AB,,unassigned,,,,
acronicta-lupini,52.18,-117.1,AB,,unassigned,,,,
polia-purpurissata,50.2,-114.44,AB,,unassigned,,,,
acronicta-fragilis,53.55,-113.47,AB,,unassigned,,,,
acronicta-fragilis,53.55,-113.466,AB,,unassigned,,,,
acronicta-innotata,53.517,-114.233,AB,,unassigned,,,,
acronicta-innotata,53.55,-113.466,AB,,unassigned,,,,
acronicta-fragilis,53.326,-113.092,AB,,unassigned,,,,
raphia-frater,53.566,-113.822,AB,,unassigned,,,,
acronicta-grisea,52.912,-117.989,AB,,unassigned,,,,
acronicta-hasta,52.46,-112.88,AB,,unassigned,,,,
raphia-frater,50.757,-113.132,AB,,unassigned,,,,
acronicta-vulpina,53.55,-113.47,AB,,unassigned,,,,
autographa-californica,49.694,-112.842,AB,,unassigned,,,,
acronicta-grisea,52.46,-112.88,AB,,unassigned,,,,
lacinipolia-pensilis,53.94,-119.18,AB,,unassigned,,,,
raphia-frater,52.46,-112.88,AB,,unassigned,,,,
acronicta-fragilis,53.55,-113.47,AB,,unassigned,,,,
acronicta-innotata,53.01,-114.5,AB,,unassigned,,,,
anagrapha-falcifera,49.694,-112.842,AB,,unassigned,,,,
acronicta-oblinita,53.566,-113.822,AB,,unassigned,,,,
acronicta-impressa,52.46,-112.88,AB,,unassigned,,,,
euxoa-tristicula,49.694,-112.842,AB,,unassigned,,,,
acronicta-fragilis,53.566,-113.822,AB,,unassigned,,,,
acronicta-innotata,53.55,-113.47,AB,,unassigned,,,,
acronicta-hasta,51.8,-113.02,AB,,unassigned,,,,
acronicta-impressa,52.46,-112.88,AB,,unassigned,,,,
acronicta-impressa,53.55,-113.47,AB,,unassigned,,,,
acronicta-quadrata,51.05,-114.083,AB,,unassigned,,,,
acronicta-grisea,53.566,-113.822,AB,,unassigned,,,,
feltia-jaculifera,52.92,-118.03,AB,,unassigned,,,,
raphia-frater,53.01,-114.5,AB,,unassigned,,,,
autographa-californica,51.667,-114.133,AB,,unassigned,,,,
hydraecia-medialis,49.694,-112.842,AB,,unassigned,,,,
sympistis-cibalis,49.694,-112.842,AB,,unassigned,,,,
polia-rogenhoferi,52.18,-117.1,AB,,unassigned,,,,
caenurgina-crassiuscula,49.1,-110.56,AB,,unassigned,,,,
apamea-zeta,51.71,-116.5,AB,,unassigned,,,,
acronicta-impressa,51.8,-113.02,AB,,unassigned,,,,
acronicta-impleta,53.55,-113.47,AB,,unassigned,,,,
acronicta-grisea,53.097,-118.004,AB,,unassigned,,,,
acronicta-impressa,51.05,-114.083,AB,,unassigned,,,,
hydraecia-medialis,49.694,-112.842,AB,,unassigned,,,,
apamea-scoparia,49.694,-112.842,AB,,unassigned,,,,
autographa-ampla,52.77,-118.03,AB,,unassigned,,,,
acronicta-impressa,53.55,-113.47,AB,,unassigned,,,,
acronicta-fragilis,52.552,-113.64,AB,,unassigned,,,,
acronicta-hasta,51.375,-113.05,AB,,unassigned,,,,
acronicta-innotata,53.01,-114.5,AB,,unassigned,,,,
hypocoena-rufostrigata,50.2,-114.44,AB,,unassigned,,,,
acronicta-grisea,51.05,-114.083,AB,,unassigned,,,,
acronicta-innotata,53.566,-113.822,AB,,unassigned,,,,
autographa-sansoni,51.71,-116.49,AB,,unassigned,,,,
euxoa-ridingsiana,51.834,-113.011,AB,,unassigned,,,,
polia-rogenhoferi,52.85,-117.283,AB,,unassigned,,,,
raphia-frater,50.757,-113.132,AB,,unassigned,,,,
diarsia-dislocata,50.2,-114.44,AB,,unassigned,,,,
apamea-cogitata,49.694,-112.842,AB,,unassigned,,,,
lasionycta-mutilata,51.717,-116.5,AB,,unassigned,,,,
abagrotis-placida,52.92,-118.03,AB,,unassigned,,,,
acronicta-fragilis,52.322,-112.883,AB,,unassigned,,,,
acronicta-fragilis,53.01,-114.5,AB,,unassigned,,,,
acronicta-innotata,53.326,-113.092,AB,,unassigned,,,,
acronicta-vulpina,53.55,-113.47,AB,,unassigned,,,,
acronicta-impressa,52.025,-112.945,AB,,unassigned,,,,
mesapamea-fractilinea,49.694,-112.842,AB,,unassigned,,,,
acronicta-insita,53.55,-113.47,AB,,unassigned,,,,
acronicta-impressa,53.01,-114.5,AB,,unassigned,,,,
apamea-inficita,50.2,-114.44,AB,,unassigned,,,,
alypia-langtoni,52,-115.38,AB,,unassigned,,,,
acronicta-fragilis,53.01,-114.5,AB,,unassigned,,,,
acronicta-oblinita,53.566,-113.822,AB,,unassigned,,,,
acronicta-grisea,52.552,-113.64,AB,,unassigned,,,,
apantesis-williamsii,52.77,-118.03,AB,,unassigned,,,,
acronicta-fragilis,51.959,-112.746,AB,,unassigned,,,,
acronicta-vulpina,51.05,-114.083,AB,,unassigned,,,,
acronicta-vulpina,53.326,-113.092,AB,,unassigned,,,,
acronicta-innotata,53.01,-114.5,AB,,unassigned,,,,
euxoa-maimes,53.08,-117.99,AB,,unassigned,,,,
acronicta-grisea,52.322,-112.883,AB,,unassigned,,,,
acronicta-innotata,52.552,-113.64,AB,,unassigned,,,,
acronicta-vulpina,53.517,-114.233,AB,,unassigned,,,,
acronicta-oblinita,53.326,-113.092,AB,,unassigned,,,,
acronicta-insita,53.55,-113.47,AB,,unassigned,,,,
acronicta-vulpina,52.322,-112.883,AB,,unassigned,,,,
acronicta-grisea,53.566,-113.822,AB,,unassigned,,,,
acronicta-insularis,53.416,-112.95,AB,,unassigned,,,,
feltia-jaculifera,49.694,-112.842,AB,,unassigned,,,,
xestia-imperita,51.77,-116.56,AB,,unassigned,,,,
arctia-plantaginis,50.2,-114.52,AB,,unassigned,,,,
nephelodes-minians,49.694,-112.842,AB,,unassigned,,,,
acronicta-vulpina,53.382,-112.19,AB,,unassigned,,,,
euxoa-pallipennis,49.694,-112.842,AB,,unassigned,,,,
acronicta-impressa,51.05,-114.083,AB,,unassigned,,,,
syngrapha-ignea,50.2,-114.516,AB,,unassigned,,,,
acronicta-innotata,53.55,-113.47,AB,,unassigned,,,,
idia-immaculalis,49.694,-112.842,AB,,unassigned,,,,
acronicta-oblinita,53.382,-112.19,AB,,unassigned,,,,
raphia-frater,53.566,-113.822,AB,,unassigned,,,,
syngrapha-orophila,52.18,-117.1,AB,,unassigned,,,,
acronicta-lepusculina,51.05,-114.083,AB,,unassigned,,,,
acronicta-grisea,53.01,-114.5,AB,,unassigned,,,,
acronicta-hasta,51.958,-112.942,AB,,unassigned,,,,
raphia-frater,52.46,-112.88,AB,,unassigned,,,,
acronicta-impressa,51.959,-112.746,AB,,unassigned,,,,
acronicta-lepusculina,53.55,-113.466,AB,,unassigned,,,,
hyalophora-gloveri,51.118,-114.222,AB,,unassigned,,,,
acronicta-quadrata,51.05,-114.083,AB,,unassigned,,,,
hydraecia-medialis,49.694,-112.842,AB,,unassigned,,,,
acronicta-oblinita,53.564,-113.824,AB,,unassigned,,,,
acronicta-vulpina,53.55,-113.47,AB,,unassigned,,,,
acronicta-impressa,53.326,-113.092,AB,,unassigned,,,,
acronicta-innotata,53.01,-114.5,AB,,unassigned,,,,
enargia-fausta,52.77,-118.03,AB,,unassigned,,,,
acronicta-fragilis,52.322,-112.883,AB,,unassigned,,,,
syngrapha-ignea,52.12,-115.75,AB,,unassigned,,,,
acronicta-hasta,50.752,-113.13,AB,,unassigned,,,,
abagrotis-hermina,51.834,-113.011,AB,,unassigned,,,,
euxoa-intrita,49.694,-112.842,AB,,unassigned,,,,
syngrapha-orophila,50.2,-114.44,AB,,unassigned,,,,
agrotis-vetusta,49.694,-112.842,AB,,unassigned,,,,
acronicta-fragilis,53.55,-113.47,AB,,unassigned,,,,
hypocoena-inquinata,53.55,-113.466,AB,,unassigned,,,,
euxoa-quebecensis,53.08,-117.99,AB,,unassigned,,,,
amphipyra-glabella,49.694,-112.842,AB,,unassigned,,,,
raphia-frater,52.552,-113.64,AB,,unassigned,,,,
acronicta-vulpina,53.01,-114.5,AB,,unassigned,,,,
acronicta-grisea,53.01,-114.5,AB,,unassigned,,,,
polia-purpurissata,50.2,-114.44,AB,,unassigned,,,,
enargia-fausta,53.94,-119.18,AB,,unassigned,,,,
acronicta-vulpina,53.55,-113.47,AB,,unassigned,,,,
syngrapha-borea,52.18,-117.1,AB,,unassigned,,,,
acronicta-grisea,52.46,-112.88,AB,,unassigned,,,,
acronicta-hasta,52.322,-112.883,AB,,unassigned,,,,
acronicta-vulpina,53.55,-113.47,AB,,unassigned,,,,
euxoa-ochrogaster,49.694,-112.842,AB,,unassigned,,,,
acronicta-fragilis,53.326,-113.092,AB,,unassigned,,,,
acronicta-impressa,52.53,-113.65,AB,,unassigned,,,,
acronicta-fragilis,52.46,-112.88,AB,,unassigned,,,,
abagrotis-hermina,53.08,-117.99,AB,,unassigned,,,,
acronicta-impleta,53.01,-114.5,AB,,unassigned,,,,
euxoa-ochrogaster,53.08,-117.99,AB,,unassigned,,,,
acronicta-insularis,53.55,-113.47,AB,,unassigned,,,,
agrotis-venerabilis,49.694,-112.842,AB,,unassigned,,,,
acronicta-impressa,53.01,-114.5,AB,,unassigned,,,,
lasionycta-promulsa,50.2,-114.44,AB,,unassigned,,,,
apantesis-williamsii,52.92,-118.03,AB,,unassigned,,,,
syngrapha-alias,51.167,-115.566,AB,,unassigned,,,,
drasteria-petricola,49.63,-114.58,AB,,unassigned,,,,
euxoa-basalis,49.694,-112.842,AB,,unassigned,,,,
acronicta-vulpina,52.46,-112.88,AB,,unassigned,,,,
raphia-frater,52.46,-112.88,AB,,unassigned,,,,
acronicta-fragilis,53.01,-114.5,AB,,unassigned,,,,
euxoa-servitus,49.694,-112.842,AB,,unassigned,,,,
acronicta-innotata,53.326,-113.092,AB,,unassigned,,,,
acronicta-vulpina,54.594,-111.543,AB,,unassigned,,,,
acronicta-impressa,53.326,-113.092,AB,,unassigned,,,,
acronicta-insita,54.594,-111.543,AB,,unassigned,,,,
raphia-frater,53.55,-113.47,AB,,unassigned,,,,
acronicta-grisea,53.01,-114.5,AB,,unassigned,,,,
euxoa-plagigera,49.694,-112.842,AB,,unassigned,,,,
polychrysia-esmeralda,53.94,-119.18,AB,,unassigned,,,,
acronicta-insularis,52.152,-112.706,AB,,unassigned,,,,
raphia-frater,50.752,-113.13,AB,,unassigned,,,,
acronicta-lepusculina,51.05,-114.083,AB,,unassigned,,,,
acronicta-fragilis,53.55,-113.47,AB,,unassigned,,,,
acronicta-quadrata,51.05,-114.083,AB,,unassigned,,,,
acronicta-fragilis,52.46,-112.88,AB,,unassigned,,,,
heliothis-oregonica,49.63,-114.58,AB,,unassigned,,,,
acronicta-impressa,53.01,-114.5,AB,,unassigned,,,,
euxoa-adumbrata,53.94,-119.18,AB,,unassigned,,,,
acronicta-insularis,53.55,-113.47,AB,,unassigned,,,,
acronicta-oblinita,53.564,-113.824,AB,,unassigned,,,,
euxoa-idahoensis,53.08,-117.99,AB,,unassigned,,,,
syngrapha-alticola,50.2,-114.516,AB,,unassigned,,,,
acronicta-fragilis,53.382,-112.19,AB,,unassigned,,,,
acronicta-fragilis,51.959,-112.746,AB,,unassigned,,,,
raphia-frater,53.55,-113.47,AB,,unassigned,,,,
panthea-acronyctoides,53.01,-114.5,AB,,unassigned,,,,
acronicta-insularis,51.05,-114.083,AB,,unassigned,,,,
acronicta-grisea,53.564,-113.824,AB,,unassigned,,,,
acronicta-insularis,52.154,-112.712,AB,,unassigned,,,,
megalographa-biloba,51.667,-114.133,AB,,unassigned,,,,
acronicta-vulpina,53.55,-113.47,AB,,unassigned,,,,
melanchra-adjuncta,50.2,-114.44,AB,,unassigned,,,,
acronicta-grisea,52.322,-112.883,AB,,unassigned,,,,
lasionycta-mutilata,51.7,-116.49,AB,,unassigned,,,,
raphia-frater,52.09,-112.425,AB,,unassigned,,,,
diachrysia-aereoides,49.694,-112.842,AB,,unassigned,,,,
acronicta-impleta,53.326,-113.092,AB,,unassigned,,,,
acronicta-grisea,51.959,-112.941,AB,,unassigned,,,,
acronicta-impressa,52.322,-112.883,AB,,unassigned,,,,
amphipyra-glabella,49.694,-112.842,AB,,unassigned,,,,
acronicta-hasta,52.46,-112.88,AB,,unassigned,,,,
sympistis-cibalis,49.694,-112.842,AB,,unassigned,,,,
raphia-frater,53.382,-112.19,AB,,unassigned,,,,
diarsia-dislocata,51.7,-116.49,AB,,unassigned,,,,
acronicta-impressa,52.23,-112.83,AB,,unassigned,,,,
acronicta-grisea,52.46,-112.88,AB,,unassigned,,,,
drasteria-hudsonica,50.4,-114.58,AB,,unassigned,,,,
acronicta-impressa,53.55,-113.47,AB,,unassigned,,,,
acronicta-fragilis,53.01,-114.5,AB,,unassigned,,,,
syngrapha-alticola,50.21,-114.46,AB,,unassigned,,,,
gluphisia-septentrionis,49.7,-112.816,AB,,unassigned,,,,
raphia-frater,51.936,-112.961,AB,,unassigned,,,,
acronicta-fragilis,53.326,-113.092,AB,,unassigned,,,,
apamea-commoda,50.2,-114.44,AB,,unassigned,,,,
acronicta-impressa,53.01,-114.5,AB,,unassigned,,,,
abagrotis-dodi,50.2,-114.44,AB,,unassigned,,,,
euxoa-ochrogaster,50.2,-114.44,AB,,unassigned,,,,
euxoa-tristicula,50.2,-114.44,AB,,unassigned,,,,
raphia-frater,53.566,-113.822,AB,,unassigned,,,,
acronicta-grisea,53.01,-114.5,AB,,unassigned,,,,
raphia-frater,53.55,-113.47,AB,,unassigned,,,,
panthea-furcilla,54.995,-111.736,AB,,unassigned,,,,
xestia-xanthographa,52.92,-118.03,AB,,unassigned,,,,
acronicta-impressa,52.487,-112.217,AB,,unassigned,,,,
acronicta-oblinita,53.564,-113.824,AB,,unassigned,,,,
euxoa-idahoensis,50.2,-114.44,AB,,unassigned,,,,
acronicta-innotata,53.01,-114.5,AB,,unassigned,,,,
acronicta-fragilis,51.959,-112.746,AB,,unassigned,,,,
acronicta-grisea,53.01,-114.5,AB,,unassigned,,,,
dasychira-grisefacta,50.4,-114.58,AB,,unassigned,,,,
acronicta-impleta,53.55,-113.47,AB,,unassigned,,,,
euxoa-castanea,53.94,-119.18,AB,,unassigned,,,,
acronicta-impressa,53.564,-113.824,AB,,unassigned,,,,
euxoa-tristicula,49.694,-112.842,AB,,unassigned,,,,
raphia-frater,51.498,-112.644,AB,,unassigned,,,,
acronicta-fragilis,53.55,-113.47,AB,,unassigned,,,,
apantesis-williamsii,53.94,-119.18,AB,,unassigned,,,,
acronicta-impressa,53.55,-113.47,AB,,unassigned,,,,
acronicta-vulpina,53.55,-113.47,AB,,unassigned,,,,
anarta-trifolii,49.694,-112.842,AB,,unassigned,,,,
acronicta-impressa,53.334,-112.807,AB,,unassigned,,,,
acronicta-impressa,53.01,-114.5,AB,,unassigned,,,,
acronicta-grisea,51.959,-112.746,AB,,unassigned,,,,
acronicta-americana,53.279,-110.041,AB,,unassigned,,,,
acronicta-innotata,53.55,-113.466,AB,,unassigned,,,,
acronicta-americana,53.279,-110.041,AB,,unassigned,,,,
acronicta-oblinita,53.01,-114.5,AB,,unassigned,,,,
eurois-astricta,50.2,-114.44,AB,,unassigned,,,,
euxoa-catenula,49.694,-112.842,AB,,unassigned,,,,
acronicta-fragilis,53.334,-112.807,AB,,unassigned,,,,
acronicta-grisea,53.564,-113.824,AB,,unassigned,,,,
acronicta-radcliffei,51.958,-112.942,AB,,unassigned,,,,
acronicta-fragilis,53.55,-113.47,AB,,unassigned,,,,
acronicta-oblinita,53.01,-114.5,AB,,unassigned,,,,
acronicta-impleta,50.752,-113.13,AB,,unassigned,,,,
hillia-maida,51.42,-116.21,AB,,unassigned,,,,
euxoa-castanea,50.2,-114.44,AB,,unassigned,,,,
acronicta-grisea,52.23,-112.83,AB,,unassigned,,,,
acronicta-impleta,53.01,-114.5,AB,,unassigned,,,,
acronicta-oblinita,53.564,-113.822,AB,,unassigned,,,,
protolampra-rufipectus,53.94,-119.18,AB,,unassigned,,,,
syngrapha-alias,52.77,-118.03,AB,,unassigned,,,,
acronicta-americana,53.279,-110.041,AB,,unassigned,,,,
raphia-frater,52.492,-112.213,AB,,unassigned,,,,
diarsia-dislocata,53.94,-119.18,AB,,unassigned,,,,
acronicta-vulpina,53.326,-113.092,AB,,unassigned,,,,
xestia-perquiritata,53.19,-117.91,AB,,unassigned,,,,
acronicta-fragilis,53.01,-114.5,AB,,unassigned,,,,
raphia-frater,51.667,-112.917,AB,,unassigned,,,,
cryptocala-acadiensis,50.2,-114.44,AB,,unassigned,,,,
acronicta-grisea,53.01,-114.5,AB,,unassigned,,,,
anarta-alta,52.467,-116.083,AB,,unassigned,,,,
raphia-frater,51.959,-112.746,AB,,unassigned,,,,
acronicta-fragilis,53.55,-113.47,AB,,unassigned,,,,
leucania-multilinea,52.77,-118.03,AB,,unassigned,,,,
acronicta-hasta,51.8,-113.02,AB,,unassigned,,,,
acronicta-lepusculina,49.056,-113.735,AB,,unassigned,,,,
raphia-frater,53.334,-112.807,AB,,unassigned,,,,
acronicta-impressa,53.55,-113.47,AB,,unassigned,,,,
schinia-cumatilis,49.694,-112.842,AB,,unassigned,,,,
acronicta-fragilis,52.487,-112.217,AB,,unassigned,,,,
acronicta-impleta,52.23,-112.83,AB,,unassigned,,,,
acronicta-insita,53.55,-113.47,AB,,unassigned,,,,
acronicta-insita,53.326,-113.092,AB,,unassigned,,,,
lacinipolia-olivacea,52.77,-118.03,AB,,unassigned,,,,
acronicta-fragilis,52.23,-112.83,AB,,unassigned,,,,
trichordestra-liquida,49.694,-112.842,AB,,unassigned,,,,
agrotis-venerabilis,49.694,-112.842,AB,,unassigned,,,,
amphipoea-americana,53.08,-117.99,AB,,unassigned,,,,
acronicta-insularis,51.834,-113.004,AB,,unassigned,,,,
acronicta-impressa,53.01,-114.5,AB,,unassigned,,,,
acronicta-vulpina,53.55,-113.47,AB,,unassigned,,,,
acronicta-impressa,53.382,-112.19,AB,,unassigned,,,,
acronicta-impressa,53.01,-114.5,AB,,unassigned,,,,
acronicta-impressa,51.959,-112.746,AB,,unassigned,,,,
lacinipolia-pensilis,53.94,-119.18,AB,,unassigned,,,,
acronicta-radcliffei,50.752,-113.13,AB,,unassigned,,,,
autographa-bimaculata,53.19,-117.91,AB,,unassigned,,,,
lasionycta-mutilata,52.18,-117.1,AB,,unassigned,,,,
acronicta-impressa,51.667,-112.917,AB,,unassigned,,,,
lasionycta-perplexa,50.2,-114.44,AB,,unassigned,,,,
furcula-scolopendrina,49.7,-112.816,AB,,unassigned,,,,
polia-purpurissata,49.694,-112.842,AB,,unassigned,,,,
acronicta-impleta,53.01,-114.5,AB,,unassigned,,,,
homoglaea-hircina,51.05,-114.08,AB,,unassigned,,,,
virbia-ferruginosa,51.835,-113.011,AB,,unassigned,,,,
acronicta-americana,53.279,-110.041,AB,,unassigned,,,,
acronicta-impleta,53.55,-113.47,AB,,unassigned,,,,
lacinipolia-olivacea,50.2,-114.44,AB,,unassigned,,,,
panthea-acronyctoides,53.01,-114.5,AB,,unassigned,,,,
acronicta-impressa,51.834,-113.004,AB,,unassigned,,,,
acronicta-impressa,51.83,-113.01,AB,,unassigned,,,,
neoligia-subjuncta,50.2,-114.44,AB,,unassigned,,,,
acronicta-fragilis,53.01,-114.5,AB,,unassigned,,,,
acronicta-quadrata,51.834,-113.004,AB,,unassigned,,,,
acronicta-grisea,52.487,-112.208,AB,,unassigned,,,,
acronicta-insita,53.326,-113.092,AB,,unassigned,,,,
euxoa-adumbrata,53.08,-117.99,AB,,unassigned,,,,
acronicta-vulpina,53.55,-113.47,AB,,unassigned,,,,
raphia-frater,52.46,-112.88,AB,,unassigned,,,,
euxoa-ochrogaster,49.694,-112.842,AB,,unassigned,,,,
acronicta-insularis,52.499,-112.738,AB,,unassigned,,,,
acronicta-vulpina,53.55,-113.47,AB,,unassigned,,,,
raphia-frater,53.55,-113.47,AB,,unassigned,,,,
sympistis-stabilis,49.694,-112.842,AB,,unassigned,,,,
xestia-speciosa,51.7,-116.49,AB,,unassigned,,,,
hyphantria-cunea,50.044,-110.675,AB,,unassigned,,,,
euxoa-comosa,50.2,-114.44,AB,,unassigned,,,,
paradiarsia-littoralis,50.2,-114.44,AB,,unassigned,,,,
graphiphora-augur,52.77,-118.03,AB,,unassigned,,,,
acronicta-fragilis,53.55,-113.47,AB,,unassigned,,,,
acronicta-quadrata,51.958,-112.942,AB,,unassigned,,,,
acronicta-fragilis,53.382,-112.19,AB,,unassigned,,,,
agrotis-venerabilis,49.694,-112.842,AB,,unassigned,,,,
mniotype-tenera,50.2,-114.44,AB,,unassigned,,,,
acronicta-grisea,52.46,-112.88,AB,,unassigned,,,,
raphia-frater,50.752,-113.13,AB,,unassigned,,,,
acronicta-impressa,53.55,-113.47,AB,,unassigned,,,,
raphia-frater,52.46,-112.88,AB,,unassigned,,,,
raphia-frater,49.694,-112.842,AB,,unassigned,,,,
lasionycta-fergusoni,52.18,-117.1,AB,,unassigned,,,,
ipimorpha-pleonectusa,49.694,-112.842,AB,,unassigned,,,,
acronicta-grisea,52.23,-112.83,AB,,unassigned,,,,
panthea-virginarius,50.671,-115.081,AB,,unassigned,,,,
acronicta-hasta,52.487,-112.205,AB,,unassigned,,,,
raphia-frater,49.694,-112.842,AB,,unassigned,,,,
agrotis-ruta,53.08,-117.99,AB,,unassigned,,,,
acronicta-fragilis,53.55,-113.47,AB,,unassigned,,,,
acronicta-fragilis,53.01,-114.5,AB,,unassigned,,,,
polia-rogenhoferi,50.2,-114.44,AB,,unassigned,,,,
raphia-frater,52.487,-112.205,AB,,unassigned,,,,
syngrapha-borea,51.77,-116.56,AB,,unassigned,,,,
sympistis-stabilis,49.694,-112.842,AB,,unassigned,,,,
feltia-jaculifera,49.694,-112.842,AB,,unassigned,,,,
acronicta-grisea,53.55,-113.47,AB,,unassigned,,,,
acronicta-vulpina,53.326,-113.092,AB,,unassigned,,,,
raphia-frater,49.056,-113.735,AB,,unassigned,,,,
acronicta-hasta,52.499,-112.738,AB,,unassigned,,,,
euxoa-comosa,53.94,-119.18,AB,,unassigned,,,,
acronicta-grisea,52.31,-113.92,AB,,unassigned,,,,
acronicta-impressa,53.55,-113.47,AB,,unassigned,,,,
acronicta-grisea,53.382,-112.19,AB,,unassigned,,,,
parastichtis-suspecta,53.94,-119.18,AB,,unassigned,,,,
acronicta-fragilis,49.4,-110.174,AB,,unassigned,,,,
raphia-frater,52.486,-112.206,AB,,unassigned,,,,
raphia-frater,53.55,-113.47,AB,,unassigned,,,,
apantesis-virgo,50.2,-114.44,AB,,unassigned,,,,
acronicta-mansueta,49.694,-112.842,AB,,unassigned,,,,
acronicta-insularis,50.757,-113.129,AB,,unassigned,,,,
acronicta-quadrata,49.694,-112.842,AB,,unassigned,,,,
raphia-frater,52.46,-112.88,AB,,unassigned,,,,
acronicta-impressa,51.8,-113.02,AB,,unassigned,,,,
acronicta-fragilis,52.31,-113.92,AB,,unassigned,,,,
acronicta-impleta,52.46,-112.88,AB,,unassigned,,,,
autographa-sansoni,51.77,-116.56,AB,,unassigned,,,,
raphia-frater,52.46,-112.88,AB,,unassigned,,,,
raphia-frater,51.959,-112.746,AB,,unassigned,,,,
euxoa-choris,53.08,-117.99,AB,,unassigned,,,,
acronicta-mansueta,49.106,-113.826,AB,,unassigned,,,,
panthea-acronyctoides,53.55,-113.47,AB,,unassigned,,,,
acronicta-hasta,51.834,-113.004,AB,,unassigned,,,,
acronicta-grisea,53.01,-114.5,AB,,unassigned,,,,
cryptocala-acadiensis,52.77,-118.03,AB,,unassigned,,,,
cisseps-fulvicollis,49.694,-112.842,AB,,unassigned,,,,
raphia-frater,49.106,-113.826,AB,,unassigned,,,,
acronicta-mansueta,50.467,-110.05,AB,,unassigned,,,,
nephelodes-minians,52.77,-118.03,AB,,unassigned,,,,
acronicta-insularis,52.31,-113.92,AB,,unassigned,,,,
acronicta-impleta,53.55,-113.47,AB,,unassigned,,,,
acronicta-vulpina,52.31,-113.92,AB,,unassigned,,,,
acronicta-impressa,50.758,-113.127,AB,,unassigned,,,,
acronicta-insita,53.01,-114.5,AB,,unassigned,,,,
apamea-amputatrix,49.694,-112.842,AB,,unassigned,,,,
acronicta-lepusculina,49.694,-112.842,AB,,unassigned,,,,
acronicta-hasta,52.46,-112.88,AB,,unassigned,,,,
acronicta-vulpina,52.463,-112.895,AB,,unassigned,,,,
acronicta-insularis,53.55,-113.47,AB,,unassigned,,,,
acronicta-grisea,53.55,-113.47,AB,,unassigned,,,,
ceranemota-tearlei,50.85,-113.967,AB,,unassigned,,,,
euxoa-perolivalis,49.694,-112.842,AB,,unassigned,,,,
autographa-californica,49.694,-112.842,AB,,unassigned,,,,
acronicta-grisea,53.01,-114.5,AB,,unassigned,,,,
xestia-homogena,50.2,-114.44,AB,,unassigned,,,,
acronicta-insularis,52.498,-112.738,AB,,unassigned,,,,
acronicta-fragilis,52.49,-112.22,AB,,unassigned,,,,
apamea-commoda,50.2,-114.44,AB,,unassigned,,,,
acronicta-insita,50.583,-113.867,AB,,unassigned,,,,
acronicta-fragilis,51.959,-112.746,AB,,unassigned,,,,
acronicta-fragilis,53.55,-113.47,AB,,unassigned,,,,
acronicta-impressa,53.326,-113.092,AB,,unassigned,,,,
enargia-fausta,53.94,-119.18,AB,,unassigned,,,,
raphia-frater,49.694,-112.842,AB,,unassigned,,,,
acronicta-fragilis,52.494,-112.695,AB,,unassigned,,,,
acronicta-innotata,53.01,-114.5,AB,,unassigned,,,,
anathix-puta,49.694,-112.842,AB,,unassigned,,,,
mesapamea-fractilinea,49.694,-112.842,AB,,unassigned,,,,
apamea-sordens,51.667,-114.133,AB,,unassigned,,,,
raphia-frater,51.959,-112.746,AB,,unassigned,,,,
enargia-fausta,53.08,-117.99,AB,,unassigned,,,,
raphia-frater,51.939,-112.965,AB,,unassigned,,,,
raphia-frater,52.463,-112.895,AB,,unassigned,,,,
acronicta-impressa,53.55,-113.47,AB,,unassigned,,,,
euxoa-flavicollis,51.834,-113.011,AB,,unassigned,,,,
hyppa-brunneicrista,52.467,-116.083,AB,,unassigned,,,,
acronicta-impressa,52.31,-113.92,AB,,unassigned,,,,
xestia-imperita,52.92,-118.03,AB,,unassigned,,,,
acronicta-fragilis,52.463,-112.895,AB,,unassigned,,,,
acronicta-fragilis,53.55,-113.47,AB,,unassigned,,,,
acronicta-impressa,53.01,-114.5,AB,,unassigned,,,,
actebia-balanitis,50.2,-114.44,AB,,unassigned,,,,
ipimorpha-pleonectusa,49.694,-112.842,AB,,unassigned,,,,
acronicta-impressa,53.55,-113.47,AB,,unassigned,,,,
lasionycta-promulsa,50.209,-114.458,AB,,unassigned,,,,
raphia-frater,49.694,-112.842,AB,,unassigned,,,,
euxoa-tessellata,53.08,-117.99,AB,,unassigned,,,,
acronicta-fragilis,53.326,-113.092,AB,,unassigned,,,,
eurois-astricta,49.694,-112.842,AB,,unassigned,,,,
raphia-frater,49.694,-112.842,AB,,unassigned,,,,
apantesis-parthenice,51.858,-113.011,AB,,unassigned,,,,
acronicta-impressa,53.01,-114.5,AB,,unassigned,,,,
acronicta-vulpina,52.31,-113.92,AB,,unassigned,,,,
acronicta-vulpina,52.463,-112.895,AB,,unassigned,,,,
acronicta-impressa,53.55,-113.47,AB,,unassigned,,,,
acronicta-vulpina,49.4,-110.174,AB,,unassigned,,,,
apamea-inficita,50.2,-114.44,AB,,unassigned,,,,
acronicta-grisea,49.4,-110.174,AB,,unassigned,,,,
acronicta-innotata,52.49,-112.22,AB,,unassigned,,,,
acronicta-grisea,49.694,-112.842,AB,,unassigned,,,,
acronicta-innotata,53.326,-113.092,AB,,unassigned,,,,
syngrapha-alias,53.08,-117.99,AB,,unassigned,,,,
acronicta-impleta,52.17,-113.47,AB,,unassigned,,,,
abagrotis-placida,52.77,-118.03,AB,,unassigned,,,,
apamea-inficita,53.94,-119.18,AB,,unassigned,,,,
acronicta-insita,52.31,-113.92,AB,,unassigned,,,,
anaplectoides-pressus,53.94,-119.18,AB,,unassigned,,,,
drasteria-petricola,50.2,-114.44,AB,,unassigned,,,,
prognorisma-substrigata,52.92,-118.03,AB,,unassigned,,,,
acronicta-fragilis,52.17,-113.47,AB,,unassigned,,,,
lasionycta-perplexa,51.167,-115.566,AB,,unassigned,,,,
furcula-modesta,50.4,-114.58,AB,,unassigned,,,,
acronicta-oblinita,52.31,-113.92,AB,,unassigned,,,,
acronicta-impressa,53.01,-114.5,AB,,unassigned,,,,
xestia-vernilis,52.77,-118.03,AB,,unassigned,,,,
acronicta-vulpina,53.55,-113.47,AB,,unassigned,,,,
acronicta-impressa,52.31,-113.92,AB,,unassigned,,,,
gluphisia-septentrionis,49.7,-112.816,AB,,unassigned,,,,
acronicta-lupini,49.279,-114.26,AB,,unassigned,,,,
acronicta-grisea,52.494,-112.695,AB,,unassigned,,,,
acronicta-oblinita,52.31,-113.92,AB,,unassigned,,,,
acronicta-impleta,53.01,-114.5,AB,,unassigned,,,,
actebia-balanitis,50.2,-114.44,AB,,unassigned,,,,
setagrotis-pallidicollis,53.94,-119.18,AB,,unassigned,,,,
acronicta-hasta,51.93,-112.97,AB,,unassigned,,,,
acronicta-impleta,53.309,-112.781,AB,,unassigned,,,,
melanchra-picta,49.694,-112.842,AB,,unassigned,,,,
acronicta-impleta,50.757,-113.128,AB,,unassigned,,,,
acronicta-fragilis,53.55,-113.47,AB,,unassigned,,,,
raphia-frater,52.17,-113.47,AB,,unassigned,,,,
acronicta-fragilis,53.55,-113.47,AB,,unassigned,,,,
raphia-frater,51.93,-112.97,AB,,unassigned,,,,
acronicta-grisea,53.503,-113.561,AB,,unassigned,,,,
lasionycta-poca,52.18,-117.1,AB,,unassigned,,,,
xestia-speciosa,53.19,-117.91,AB,,unassigned,,,,
acronicta-lepusculina,49.694,-112.842,AB,,unassigned,,,,
raphia-frater,52.493,-112.693,AB,,unassigned,,,,
acronicta-fragilis,53.55,-113.47,AB,,unassigned,,,,
raphia-frater,52.463,-112.895,AB,,unassigned,,,,
panthea-virginarius,49.281,-114.202,AB,,unassigned,,,,
chersotis-juncta,50.2,-114.44,AB,,unassigned,,,,
acronicta-vulpina,53.326,-113.092,AB,,unassigned,,,,
raphia-frater,49.694,-112.842,AB,,unassigned,,,,
abagrotis-placida,53.08,-117.99,AB,,unassigned,,,,
acronicta-hasta,50.757,-113.128,AB,,unassigned,,,,
acronicta-lupini,49.054,-113.91,AB,,unassigned,,,,
acronicta-impressa,53.55,-113.47,AB,,unassigned,,,,
acronicta-lupini,49.067,-113.9,AB,,unassigned,,,,
enargia-decolor,52.883,-118.083,AB,,unassigned,,,,
euxoa-plagigera,53.08,-117.99,AB,,unassigned,,,,
acronicta-impleta,52.49,-112.22,AB,,unassigned,,,,
lacanobia-nevadae,50.2,-114.44,AB,,unassigned,,,,
abagrotis-hermina,53.94,-119.18,AB,,unassigned,,,,
acronicta-fragilis,53.309,-112.781,AB,,unassigned,,,,
acronicta-insita,52.31,-113.92,AB,,unassigned,,,,
acronicta-fragilis,51.93,-112.97,AB,,unassigned,,,,
acronicta-grisea,53.55,-113.47,AB,,unassigned,,,,
raphia-frater,50.758,-113.127,AB,,unassigned,,,,
protoperigea-anotha,53.94,-119.18,AB,,unassigned,,,,
acronicta-hasta,50.757,-113.129,AB,,unassigned,,,,
lasionycta-perplexella,50.2,-114.44,AB,,unassigned,,,,
acronicta-insularis,53.326,-113.092,AB,,unassigned,,,,
acronicta-fragilis,52.49,-112.22,AB,,unassigned,,,,
eurois-nigra,52.92,-118.03,AB,,unassigned,,,,
syngrapha-ignea,50.21,-114.46,AB,,unassigned,,,,
acronicta-oblinita,53.309,-112.781,AB,,unassigned,,,,
acronicta-grisea,53.312,-112.807,AB,,unassigned,,,,
acronicta-quadrata,51.5,-112.667,AB,,unassigned,,,,
xestia-smithii,53.94,-119.18,AB,,unassigned,,,,
acronicta-impressa,53.55,-113.47,AB,,unassigned,,,,
raphia-frater,49.694,-112.842,AB,,unassigned,,,,
acronicta-insita,53.55,-113.47,AB,,unassigned,,,,
acronicta-hasta,52.49,-112.22,AB,,unassigned,,,,
mniotype-tenera,52.77,-118.03,AB,,unassigned,,,,
acronicta-fragilis,53.01,-114.5,AB,,unassigned,,,,
sympistis-anweileri,50.38,-114.67,AB,,unassigned,,,,
acronicta-impleta,53.01,-114.5,AB,,unassigned,,,,
acronicta-grisea,53.01,-114.5,AB,,unassigned,,,,
egira-rubrica,49.694,-112.842,AB,,unassigned,,,,
raphia-frater,52.46,-112.88,AB,,unassigned,,,,
xestia-homogena,52.77,-118.03,AB,,unassigned,,,,
acronicta-americana,49.464,-112.661,AB,,unassigned,,,,
acronicta-insita,52.31,-113.92,AB,,unassigned,,,,
xestia-imperita,52.18,-117.1,AB,,unassigned,,,,
acronicta-vulpina,49.067,-113.9,AB,,unassigned,,,,
euxoa-divergens,50.2,-114.44,AB,,unassigned,,,,
acronicta-impleta,53.55,-113.47,AB,,unassigned,,,,
raphia-frater,53.326,-113.092,AB,,unassigned,,,,
acronicta-grisea,53.01,-114.5,AB,,unassigned,,,,
acronicta-insularis,52.49,-112.22,AB,,unassigned,,,,
acronicta-impleta,49.021,-110.45,AB,,unassigned,,,,
acronicta-impressa,51.566,-112.708,AB,,unassigned,,,,
agnorisma-bugrai,49.694,-112.842,AB,,unassigned,,,,
acronicta-fragilis,53.55,-113.47,AB,,unassigned,,,,
acronicta-insularis,52.494,-112.695,AB,,unassigned,,,,
lasionycta-fergusoni,52.18,-117.1,AB,,unassigned,,,,
acronicta-impressa,53.566,-113.822,AB,,unassigned,,,,
acronicta-impleta,52.46,-112.88,AB,,unassigned,,,,
polia-rogenhoferi,51.7,-116.49,AB,,unassigned,,,,
acronicta-innotata,53.566,-113.822,AB,,unassigned,,,,
raphia-frater,49.694,-112.842,AB,,unassigned,,,,
acronicta-fragilis,53.55,-113.466,AB,,unassigned,,,,
acronicta-impleta,52.494,-112.695,AB,,unassigned,,,,
acronicta-insita,53.55,-113.47,AB,,unassigned,,,,
acronicta-americana,49.4,-110.7,AB,,unassigned,,,,
catocala-relicta,51.23,-113.14,AB,,unassigned,,,,
raphia-frater,53.068,-114.075,AB,,unassigned,,,,
catocala-semirelicta,51.05,-114.08,AB,,unassigned,,,,
idia-americalis,50.38,-114.67,AB,,unassigned,,,,
raphia-frater,49.694,-112.842,AB,,unassigned,,,,
acronicta-impleta,52.49,-112.22,AB,,unassigned,,,,
acronicta-impressa,53.367,-112.83,AB,,unassigned,,,,
acronicta-americana,49.4,-110.7,AB,,unassigned,,,,
raphia-frater,49.694,-112.842,AB,,unassigned,,,,
anarta-trifolii,49.694,-112.842,AB,,unassigned,,,,
acronicta-hasta,52.49,-112.22,AB,,unassigned,,,,
acronicta-fragilis,53.01,-114.5,AB,,unassigned,,,,
acronicta-lupini,52.187,-117.108,AB,,unassigned,,,,
lasionycta-quadrilunata,54.186,-119.949,AB,,unassigned,,,,
acronicta-fragilis,52.46,-112.88,AB,,unassigned,,,,
acronicta-lupini,51.481,-115.051,AB,,unassigned,,,,
aseptis-binotata,52.78,-118.05,AB,,unassigned,,,,
panthea-acronyctoides,53.566,-113.822,AB,,unassigned,,,,
mniotype-tenera,51.05,-114.08,AB,,unassigned,,,,
euxoa-rufula,51.77,-116.56,AB,,unassigned,,,,
raphia-frater,49.026,-113.685,AB,,unassigned,,,,
acronicta-vulpina,53.326,-113.092,AB,,unassigned,,,,
acronicta-hasta,53.324,-113.094,AB,,unassigned,,,,
acronicta-grisea,53.566,-113.822,AB,,unassigned,,,,
syngrapha-viridisigma,52.77,-118.03,AB,,unassigned,,,,
euxoa-maimes,49.694,-112.842,AB,,unassigned,,,,
caradrina-montana,52.77,-118.03,AB,,unassigned,,,,
acronicta-fragilis,53.324,-113.094,AB,,unassigned,,,,
raphia-frater,53.367,-112.83,AB,,unassigned,,,,
acronicta-oblinita,53.55,-113.47,AB,,unassigned,,,,
lacinipolia-sareta,50.2,-114.44,AB,,unassigned,,,,
acronicta-americana,49.398,-110.874,AB,,unassigned,,,,
acronicta-insularis,52.46,-112.88,AB,,unassigned,,,,
ipimorpha-pleonectusa,49.694,-112.842,AB,,unassigned,,,,
acronicta-fragilis,53.55,-113.47,AB,,unassigned,,,,
raphia-frater,53.474,-113.556,AB,,unassigned,,,,
acronicta-impressa,53.566,-113.822,AB,,unassigned,,,,
panthea-virginarius,49.026,-113.685,AB,,unassigned,,,,
raphia-frater,49.694,-112.842,AB,,unassigned,,,,
acronicta-grisea,53.55,-113.47,AB,,unassigned,,,,
graphiphora-augur,49.694,-112.842,AB,,unassigned,,,,
acronicta-innotata,53.326,-113.092,AB,,unassigned,,,,
xestia-vernilis,52.18,-117.1,AB,,unassigned,,,,
acronicta-vulpina,53.324,-113.094,AB,,unassigned,,,,
acronicta-impleta,53.326,-113.092,AB,,unassigned,,,,
acronicta-innotata,53.326,-113.092,AB,,unassigned,,,,
acronicta-hasta,52.46,-112.88,AB,,unassigned,,,,
acronicta-mansueta,49.398,-110.873,AB,,unassigned,,,,
acronicta-grisea,53.01,-114.5,AB,,unassigned,,,,
polia-purpurissata,53.94,-119.18,AB,,unassigned,,,,
raphia-frater,49.026,-113.685,AB,,unassigned,,,,
caradrina-montana,53.94,-119.18,AB,,unassigned,,,,
raphia-frater,49.694,-112.842,AB,,unassigned,,,,
acronicta-impressa,53.55,-113.47,AB,,unassigned,,,,
raphia-frater,53.326,-113.092,AB,,unassigned,,,,
acronicta-grisea,53.01,-114.5,AB,,unassigned,,,,
acronicta-insita,53.324,-113.094,AB,,unassigned,,,,
acronicta-impressa,52.494,-112.695,AB,,unassigned,,,,
acronicta-grisea,52.747,-114.739,AB,,unassigned,,,,
euxoa-plagigera,52.92,-118.03,AB,,unassigned,,,,
raphia-frater,49.026,-113.685,AB,,unassigned,,,,
raphia-frater,50.751,-113.13,AB,,unassigned,,,,
xestia-speciosa,53.94,-119.18,AB,,unassigned,,,,
acronicta-innotata,53.367,-112.83,AB,,unassigned,,,,
acronicta-innotata,53.566,-113.822,AB,,unassigned,,,,
raphia-frater,49.694,-112.842,AB,,unassigned,,,,
acronicta-vulpina,49.026,-113.685,AB,,unassigned,,,,
acronicta-oblinita,54.012,-113.19,AB,,unassigned,,,,
raphia-frater,53.302,-113.334,AB,,unassigned,,,,
panthea-acronyctoides,53.01,-114.5,AB,,unassigned,,,,
agrotis-vetusta,49.694,-112.842,AB,,unassigned,,,,
cosmia-elisae,52.77,-118.03,AB,,unassigned,,,,
acronicta-impleta,53.326,-113.092,AB,,unassigned,,,,
acronicta-insita,53.566,-113.822,AB,,unassigned,,,,
acronicta-insita,53.454,-112.92,AB,,unassigned,,,,
sympistis-zetterstedtii,50.2,-114.52,AB,,unassigned,,,,
raphia-frater,53.55,-113.47,AB,,unassigned,,,,
acronicta-impressa,52.494,-112.695,AB,,unassigned,,,,
acronicta-impressa,49.1,-113.903,AB,,unassigned,,,,
agrotis-orthogonia,49.694,-112.842,AB,,unassigned,,,,
raphia-frater,49.199,-113.903,AB,,unassigned,,,,
lasionycta-fergusoni,51.383,-116.117,AB,,unassigned,,,,
acronicta-fragilis,53.55,-113.47,AB,,unassigned,,,,
actebia-balanitis,50.2,-114.44,AB,,unassigned,,,,
feltia-jaculifera,50.2,-114.44,AB,,unassigned,,,,
acronicta-oblinita,54,-113.266,AB,,unassigned,,,,
feltia-mollis,52.77,-118.03,AB,,unassigned,,,,
raphia-frater,53.324,-113.094,AB,,unassigned,,,,
acronicta-hasta,52.494,-112.696,AB,,unassigned,,,,
acronicta-vulpina,53.55,-113.47,AB,,unassigned,,,,
sympistis-augustus,49.694,-112.842,AB,,unassigned,,,,
raphia-frater,53.566,-113.822,AB,,unassigned,,,,
acronicta-impressa,53.01,-114.5,AB,,unassigned,,,,
raphia-frater,54,-113.16,AB,,unassigned,,,,
xestia-vernilis,53.94,-119.18,AB,,unassigned,,,,
acronicta-hasta,53.404,-112.902,AB,,unassigned,,,,
acronicta-impleta,53.55,-113.47,AB,,unassigned,,,,
euxoa-septentrionalis,50.2,-114.44,AB,,unassigned,,,,
acronicta-quadrata,49.1,-113.903,AB,,unassigned,,,,
raphia-frater,50.751,-113.13,AB,,unassigned,,,,
cryphia-olivacea,52.003,-116.467,AB,,unassigned,,,,
acronicta-grisea,49.1,-113.903,AB,,unassigned,,,,
panthea-acronyctoides,51.999,-116.496,AB,,unassigned,,,,
acronicta-vulpina,53.566,-113.822,AB,,unassigned,,,,
acronicta-impressa,53.55,-113.47,AB,,unassigned,,,,
acronicta-cyanescens,49.056,-113.915,AB,,unassigned,,,,
acronicta-impressa,53.55,-113.47,AB,,unassigned,,,,
acronicta-impleta,53.545,-113.434,AB,,unassigned,,,,
hypercompe-permaculata,51.835,-113.011,AB,,unassigned,,,,
acronicta-innotata,52.747,-114.739,AB,,unassigned,,,,
polia-rogenhoferi,51.1,-115.066,AB,,unassigned,,,,
cryphia-olivacea,49.056,-113.915,AB,,unassigned,,,,
mniotype-ducta,50.2,-114.44,AB,,unassigned,,,,
hypercompe-permaculata,49.7,-112.816,AB,,unassigned,,,,
raphia-frater,49.1,-113.903,AB,,unassigned,,,,
acronicta-innotata,53.326,-113.092,AB,,unassigned,,,,
acronicta-grisea,52.494,-112.695,AB,,unassigned,,,,
drasteria-petricola,50.2,-114.52,AB,,unassigned,,,,
acronicta-impleta,53.01,-114.5,AB,,unassigned,,,,
raphia-frater,53.55,-113.47,AB,,unassigned,,,,
acronicta-grisea,53.01,-114.5,AB,,unassigned,,,,
acronicta-impleta,53.344,-112.864,AB,,unassigned,,,,
raphia-frater,52.494,-112.696,AB,,unassigned,,,,
acronicta-insita,53.566,-113.822,AB,,unassigned,,,,
acronicta-oblinita,53.363,-113.002,AB,,unassigned,,,,
acronicta-grisea,54,-113.266,AB,,unassigned,,,,
tarache-augustipennis,49.694,-112.842,AB,,unassigned,,,,
acronicta-fragilis,53.324,-113.094,AB,,unassigned,,,,
acronicta-impleta,53.363,-113.002,AB,,unassigned,,,,
acronicta-fragilis,53.363,-113.002,AB,,unassigned,,,,
euxoa-westermanni,51.77,-116.56,AB,,unassigned,,,,
acronicta-mansueta,49.1,-113.903,AB,,unassigned,,,,
malacosoma-californicum,51.533,-115.083,AB,,unassigned,,,,
euxoa-perolivalis,49.694,-112.842,AB,,unassigned,,,,
raphia-frater,53.326,-113.092,AB,,unassigned,,,,
apamea-niveivenosa,49.694,-112.842,AB,,unassigned,,,,
acronicta-fragilis,52.494,-112.695,AB,,unassigned,,,,
acronicta-impressa,52.496,-112.701,AB,,unassigned,,,,
sympistis-zetterstedtii,50.2,-114.52,AB,,unassigned,,,,
raphia-frater,50.751,-113.13,AB,,unassigned,,,,
autographa-californica,49.694,-112.842,AB,,unassigned,,,,
euxoa-perolivalis,49.694,-112.842,AB,,unassigned,,,,
anaplectoides-pressus,52.92,-118.03,AB,,unassigned,,,,
euxoa-idahoensis,50.2,-114.44,AB,,unassigned,,,,
acronicta-radcliffei,53.545,-113.434,AB,,unassigned,,,,
agrotis-orthogonia,49.694,-112.842,AB,,unassigned,,,,
syngrapha-ignea,50.2,-114.52,AB,,unassigned,,,,
syngrapha-alticola,50.2,-114.52,AB,,unassigned,,,,
acronicta-innotata,52.747,-114.739,AB,,unassigned,,,,
euxoa-tristicula,49.694,-112.842,AB,,unassigned,,,,
euxoa-basalis,49.694,-112.842,AB,,unassigned,,,,
acronicta-vulpina,53.01,-114.5,AB,,unassigned,,,,
acronicta-vulpina,50.45,-111.3,AB,,unassigned,,,,
apamea-niveivenosa,50.2,-114.44,AB,,unassigned,,,,
acronicta-innotata,54,-113.266,AB,,unassigned,,,,
acronicta-oblinita,53.324,-113.094,AB,,unassigned,,,,
acronicta-impressa,53.55,-113.47,AB,,unassigned,,,,
acronicta-hasta,53.545,-113.434,AB,,unassigned,,,,
anarta-trifolii,49.694,-112.842,AB,,unassigned,,,,
acronicta-oblinita,53.55,-113.47,AB,,unassigned,,,,
leucania-anteroclara,49.694,-112.842,AB,,unassigned,,,,
dargida-procinctus,49.881,-111.053,AB,,unassigned,,,,
ufeus-hulstii,49.694,-112.842,AB,,unassigned,,,,
ufeus-hulstii,49.694,-112.842,AB,,unassigned,,,,
ufeus-hulstii,49.694,-112.842,AB,,unassigned,,,,
ufeus-hulstii,49.694,-112.842,AB,,unassigned,,,,
dargida-procinctus,49.881,-111.053,AB,,unassigned,,,,
leucania-farcta,49.694,-112.842,AB,,unassigned,,,,
peridroma-saucia,49.694,-112.842,AB,,unassigned,,,,
euxoa-adumbrata,49.694,-112.842,AB,,unassigned,,,,
euxoa-adumbrata,50.85,-113.967,AB,,unassigned,,,,
euxoa-adumbrata,50.85,-113.967,AB,,unassigned,,,,
euxoa-auxiliaris,49.694,-112.842,AB,,unassigned,,,,
euxoa-auxiliaris,49.694,-112.842,AB,,unassigned,,,,
euxoa-auxiliaris,50.85,-113.967,AB,,unassigned,,,,
euxoa-divergens,49.694,-112.842,AB,,unassigned,,,,
euxoa-divergens,49.694,-112.842,AB,,unassigned,,,,
euxoa-westermanni,51.383,-116.117,AB,,unassigned,,,,
euxoa-tessellata,49.694,-112.842,AB,,unassigned,,,,
euxoa-tessellata,49.694,-112.842,AB,,unassigned,,,,
euxoa-plagigera,49.694,-112.842,AB,,unassigned,,,,
euxoa-ochrogaster,49.694,-112.842,AB,,unassigned,,,,
euxoa-ochrogaster,49.694,-112.842,AB,,unassigned,,,,
euxoa-servitus,51.392,-115.2,AB,,unassigned,,,,
euxoa-servitus,49.694,-112.842,AB,,unassigned,,,,
euxoa-quadridentata,49.694,-112.842,AB,,unassigned,,,,
euxoa-quadridentata,49.694,-112.842,AB,,unassigned,,,,
euxoa-perolivalis,49.694,-112.842,AB,,unassigned,,,,
euxoa-perolivalis,49.694,-112.842,AB,,unassigned,,,,
euxoa-perolivalis,49.694,-112.842,AB,,unassigned,,,,
euxoa-perolivalis,49.694,-112.842,AB,,unassigned,,,,
euxoa-perolivalis,49.694,-112.842,AB,,unassigned,,,,
euxoa-maimes,49.694,-112.842,AB,,unassigned,,,,
euxoa-maimes,49.694,-112.842,AB,,unassigned,,,,
euxoa-ridingsiana,49.694,-112.842,AB,,unassigned,,,,
euxoa-ridingsiana,49.694,-112.842,AB,,unassigned,,,,
euxoa-ridingsiana,49.694,-112.842,AB,,unassigned,,,,
euxoa-ridingsiana,49.694,-112.842,AB,,unassigned,,,,
euxoa-ridingsiana,49.694,-112.842,AB,,unassigned,,,,
euxoa-ridingsiana,49.694,-112.842,AB,,unassigned,,,,
feltia-jaculifera,51.05,-114.083,AB,,unassigned,,,,
feltia-jaculifera,49.694,-112.842,AB,,unassigned,,,,
feltia-jaculifera,49.694,-112.842,AB,,unassigned,,,,
feltia-jaculifera,49.694,-112.842,AB,,unassigned,,,,
agrotis-orthogonia,49.694,-112.842,AB,,unassigned,,,,
diarsia-calgary,50.85,-113.967,AB,,unassigned,,,,
diarsia-dislocata,52.467,-116.083,AB,,unassigned,,,,
diarsia-dislocata,50.85,-113.967,AB,,unassigned,,,,
spaelotis-clandestina,49.694,-112.842,AB,,unassigned,,,,
spaelotis-clandestina,49.694,-112.842,AB,,unassigned,,,,
spaelotis-clandestina,49.694,-112.842,AB,,unassigned,,,,
spaelotis-clandestina,49.694,-112.842,AB,,unassigned,,,,
spaelotis-clandestina,49.694,-112.842,AB,,unassigned,,,,
spaelotis-clandestina,49.694,-112.842,AB,,unassigned,,,,
spaelotis-clandestina,49.694,-112.842,AB,,unassigned,,,,
spaelotis-clandestina,49.694,-112.842,AB,,unassigned,,,,
spaelotis-clandestina,49.694,-112.842,AB,,unassigned,,,,
spaelotis-clandestina,49.694,-112.842,AB,,unassigned,,,,
spaelotis-bicava,49.2,-113.304,AB,,unassigned,,,,
eurois-astricta,51.392,-115.2,AB,,unassigned,,,,
xestia-normanianus,50.85,-113.967,AB,,unassigned,,,,
xestia-praevia,53.665,-115.993,AB,,unassigned,,,,
prognorisma-substrigata,50.85,-113.967,AB,,unassigned,,,,
agnorisma-bugrai,50.85,-113.967,AB,,unassigned,,,,
agnorisma-bugrai,50.85,-113.967,AB,,unassigned,,,,
pseudohermonassa-tenuicula,51.05,-114.083,AB,,unassigned,,,,
pseudohermonassa-tenuicula,50.58,-113.874,AB,,unassigned,,,,
tholera-americana,49.694,-112.842,AB,,unassigned,,,,
nephelodes-minians,49.694,-112.842,AB,,unassigned,,,,
nephelodes-minians,49.694,-112.842,AB,,unassigned,,,,
nephelodes-minians,49.694,-112.842,AB,,unassigned,,,,
nephelodes-minians,49.694,-112.842,AB,,unassigned,,,,
nephelodes-minians,49.694,-112.842,AB,,unassigned,,,,
anarta-fusculenta,49.694,-112.842,AB,,unassigned,,,,
polia-purpurissata,49.694,-112.842,AB,,unassigned,,,,
mythimna-oxygala,49.694,-112.842,AB,,unassigned,,,,
mythimna-oxygala,49.694,-112.842,AB,,unassigned,,,,
mythimna-oxygala,49.694,-112.842,AB,,unassigned,,,,
lasionycta-pulverea,50.209,-114.458,AB,,unassigned,,,,
lasionycta-pulverea,50.2,-114.44,AB,,unassigned,,,,
lacinipolia-pensilis,49.694,-112.842,AB,,unassigned,,,,
anhimella-contrahens,49.694,-112.842,AB,,unassigned,,,,
anhimella-contrahens,49.694,-112.842,AB,,unassigned,,,,
trichopolia-incincta,49.694,-112.842,AB,,unassigned,,,,
trichopolia-incincta,49.694,-112.842,AB,,unassigned,,,,
trichopolia-incincta,49.694,-112.842,AB,,unassigned,,,,
trichopolia-incincta,49.694,-112.842,AB,,unassigned,,,,
trichopolia-incincta,49.694,-112.842,AB,,unassigned,,,,
malacosoma-disstria,52.553,-114.636,AB,,unassigned,,,,
malacosoma-disstria,51.467,-112.7,AB,,unassigned,,,,
malacosoma-disstria,53.996,-110.901,AB,,unassigned,,,,
malacosoma-disstria,53.758,-110.901,AB,,unassigned,,,,
malacosoma-disstria,52.882,-110.994,AB,,unassigned,,,,
malacosoma-disstria,49.694,-112.842,AB,,unassigned,,,,
malacosoma-disstria,53.283,-110,AB,,unassigned,,,,
malacosoma-disstria,49.401,-110.695,AB,,unassigned,,,,
malacosoma-disstria,50.044,-110.675,AB,,unassigned,,,,
malacosoma-disstria,49.881,-113.056,AB,,unassigned,,,,
malacosoma-disstria,52.269,-113.81,AB,,unassigned,,,,
malacosoma-disstria,52.375,-114.992,AB,,unassigned,,,,
malacosoma-disstria,53.637,-113.62,AB,,unassigned,,,,
malacosoma-disstria,53.717,-111.733,AB,,unassigned,,,,
malacosoma-disstria,52.967,-113.377,AB,,unassigned,,,,
malacosoma-disstria,54.141,-115.867,AB,,unassigned,,,,
malacosoma-disstria,52.965,-114.423,AB,,unassigned,,,,
malacosoma-californicum,50.757,-113.129,AB,,unassigned,,,,
malacosoma-californicum,51.167,-115.566,AB,,unassigned,,,,
malacosoma-californicum,49.457,-114.197,AB,,unassigned,,,,
malacosoma-californicum,49.55,-114.283,AB,,unassigned,,,,
malacosoma-californicum,51.05,-114.083,AB,,unassigned,,,,
malacosoma-californicum,50.9,-114.016,AB,,unassigned,,,,
malacosoma-californicum,50.58,-113.874,AB,,unassigned,,,,
malacosoma-californicum,49.7,-112.7,AB,,unassigned,,,,
malacosoma-californicum,50.531,-114.231,AB,,unassigned,,,,
malacosoma-californicum,50.044,-110.675,AB,,unassigned,,,,
malacosoma-californicum,52.467,-116.083,AB,,unassigned,,,,
malacosoma-californicum,50.726,-113.978,AB,,unassigned,,,,
malacosoma-californicum,49.398,-110.873,AB,,unassigned,,,,
malacosoma-californicum,50.85,-113.967,AB,,unassigned,,,,
malacosoma-californicum,50.675,-114.28,AB,,unassigned,,,,
malacosoma-californicum,51.3,-115,AB,,unassigned,,,,
malacosoma-californicum,49.05,-113.9,AB,,unassigned,,,,
malacosoma-californicum,49.05,-113.9,AB,,unassigned,,,,
malacosoma-californicum,54.141,-115.684,AB,,unassigned,,,,
malacosoma-californicum,50.788,-112.468,AB,,unassigned,,,,
malacosoma-californicum,53.659,-111.366,AB,,unassigned,,,,
malacosoma-californicum,54.183,-110.6,AB,,unassigned,,,,
malacosoma-californicum,50.567,-111.895,AB,,unassigned,,,,
malacosoma-californicum,53.572,-110.714,AB,,unassigned,,,,
malacosoma-californicum,54.45,-110.166,AB,,unassigned,,,,
malacosoma-californicum,52.095,-111.448,AB,,unassigned,,,,
malacosoma-californicum,51.67,-112.243,AB,,unassigned,,,,
malacosoma-californicum,52.455,-110.828,AB,,unassigned,,,,
malacosoma-californicum,53.65,-110.967,AB,,unassigned,,,,
malacosoma-californicum,53.588,-110.525,AB,,unassigned,,,,
malacosoma-californicum,53.901,-110.901,AB,,unassigned,,,,
malacosoma-californicum,49.661,-110.282,AB,,unassigned,,,,
malacosoma-californicum,53.838,-113.328,AB,,unassigned,,,,
malacosoma-californicum,50.48,-110.033,AB,,unassigned,,,,
malacosoma-californicum,49.955,-110.277,AB,,unassigned,,,,
malacosoma-californicum,54.199,-110.328,AB,,unassigned,,,,
malacosoma-californicum,53.283,-110,AB,,unassigned,,,,
malacosoma-californicum,49.401,-110.695,AB,,unassigned,,,,
malacosoma-californicum,53.518,-110.33,AB,,unassigned,,,,
malacosoma-californicum,51.563,-112.738,AB,,unassigned,,,,
malacosoma-californicum,49.983,-110.4,AB,,unassigned,,,,
malacosoma-californicum,52.353,-110.265,AB,,unassigned,,,,
malacosoma-californicum,49.815,-112.164,AB,,unassigned,,,,
phyllodesma-americana,50.757,-113.129,AB,,unassigned,,,,
phyllodesma-americana,50.855,-114.798,AB,,unassigned,,,,
phyllodesma-americana,51.05,-114.083,AB,,unassigned,,,,
phyllodesma-americana,49.392,-110.86,AB,,unassigned,,,,
phyllodesma-americana,50.85,-113.967,AB,,unassigned,,,,
phyllodesma-americana,49.033,-110.433,AB,,unassigned,,,,
phyllodesma-americana,49.1,-113.953,AB,,unassigned,,,,
phyllodesma-americana,49.083,-111.612,AB,,unassigned,,,,
tolype-distincta,49.1,-113.953,AB,,unassigned,,,,
tolype-distincta,49.056,-113.915,AB,,unassigned,,,,
zanclognatha-jacchusalis,51.834,-113.011,AB,,unassigned,,,,
phalaenostola-metonalis,51.834,-113.011,AB,,unassigned,,,,
hemeroplanis-historialis,51.834,-113.011,AB,,unassigned,,,,
amphipyra-glabella,49.694,-112.842,AB,,unassigned,,,,
amphipyra-glabella,49.694,-112.842,AB,,unassigned,,,,
amphipyra-glabella,49.694,-112.842,AB,,unassigned,,,,
amphipyra-glabella,49.694,-112.842,AB,,unassigned,,,,
sympistis-stabilis,51.834,-113.011,AB,,unassigned,,,,
sympistis-fifia,51.834,-113.011,AB,,unassigned,,,,
sympistis-cibalis,49.694,-112.842,AB,,unassigned,,,,
sympistis-cibalis,49.694,-112.842,AB,,unassigned,,,,
sympistis-cibalis,49.694,-112.842,AB,,unassigned,,,,
sympistis-cibalis,49.694,-112.842,AB,,unassigned,,,,
sympistis-cibalis,49.694,-112.842,AB,,unassigned,,,,
sympistis-major,51.834,-113.011,AB,,unassigned,,,,
schinia-cumatilis,49.694,-112.842,AB,,unassigned,,,,
schinia-cumatilis,49.694,-112.842,AB,,unassigned,,,,
caradrina-montana,49.694,-112.842,AB,,unassigned,,,,
caradrina-montana,49.694,-112.842,AB,,unassigned,,,,
caradrina-montana,49.694,-112.842,AB,,unassigned,,,,
caradrina-montana,51.834,-113.011,AB,,unassigned,,,,
apamea-inficita,49.694,-112.842,AB,,unassigned,,,,
apamea-inficita,51.834,-113.011,AB,,unassigned,,,,
apamea-devastator,49.694,-112.842,AB,,unassigned,,,,
apamea-devastator,49.694,-112.842,AB,,unassigned,,,,
resapamea-passer,49.694,-112.842,AB,,unassigned,,,,
resapamea-passer,49.694,-112.842,AB,,unassigned,,,,
resapamea-passer,49.694,-112.842,AB,,unassigned,,,,
sunira-bicolorago,49.694,-112.842,AB,,unassigned,,,,
sunira-bicolorago,49.694,-112.842,AB,,unassigned,,,,
anathix-puta,49.694,-112.842,AB,,unassigned,,,,
anathix-puta,49.694,-112.842,AB,,unassigned,,,,
anathix-puta,49.694,-112.842,AB,,unassigned,,,,
anathix-puta,49.694,-112.842,AB,,unassigned,,,,
anathix-puta,49.694,-112.842,AB,,unassigned,,,,
anathix-aggressa,49.694,-112.842,AB,,unassigned,,,,
anathix-aggressa,49.694,-112.842,AB,,unassigned,,,,
parastichtis-suspecta,51.834,-113.011,AB,,unassigned,,,,
ipimorpha-pleonectusa,49.694,-112.842,AB,,unassigned,,,,
ipimorpha-pleonectusa,49.694,-112.842,AB,,unassigned,,,,
ipimorpha-pleonectusa,49.694,-112.842,AB,,unassigned,,,,
ipimorpha-pleonectusa,49.694,-112.842,AB,,unassigned,,,,
leucania-multilinea,51.834,-113.011,AB,,unassigned,,,,
leucania-commoides,51.834,-113.011,AB,,unassigned,,,,
lacinipolia-renigera,51.834,-113.011,AB,,unassigned,,,,
euxoa-scandens,51.834,-113.011,AB,,unassigned,,,,
clostera-albosigma,52.487,-112.217,AB,,unassigned,,,,
clostera-albosigma,53.55,-113.466,AB,,unassigned,,,,
clostera-albosigma,52.17,-113.47,AB,,unassigned,,,,
clostera-albosigma,53.448,-117.797,AB,,unassigned,,,,
clostera-albosigma,51.067,-115.127,AB,,unassigned,,,,
clostera-albosigma,49.694,-112.842,AB,,unassigned,,,,
clostera-albosigma,50.044,-110.675,AB,,unassigned,,,,
clostera-albosigma,54.5,-111.59,AB,,unassigned,,,,
hemileuca-nevadensis,52.727,-110.367,AB,,unassigned,,,,
hemileuca-eglanterina,49.485,-113.948,AB,,unassigned,,,,
hemileuca-eglanterina,49.486,-114.117,AB,,unassigned,,,,
hemaris-diffinis,53.55,-113.466,AB,,unassigned,,,,
hemaris-diffinis,49.661,-110.282,AB,,unassigned,,,,
hemaris-diffinis,49.694,-112.842,AB,,unassigned,,,,
hemaris-diffinis,49.05,-114,AB,,unassigned,,,,
hemaris-thetis,49.38,-114.37,AB,,unassigned,,,,
hemaris-thetis,49.34,-114.42,AB,,unassigned,,,,
hemaris-thetis,54.01,-113.27,AB,,unassigned,,,,
hemaris-thetis,50.85,-113.967,AB,,unassigned,,,,
hemaris-thetis,49.05,-113.9,AB,,unassigned,,,,
dasychira-vagans,53.55,-113.466,AB,,unassigned,,,,
dasychira-vagans,50.85,-113.967,AB,,unassigned,,,,
chelis-beanii,51.167,-115.566,AB,,unassigned,,,,
chelis-beanii,51.433,-116.183,AB,,unassigned,,,,
chelis-beanii,49.05,-113.9,AB,,unassigned,,,,
apantesis-obliterata,52.467,-116.083,AB,,unassigned,,,,
apantesis-obliterata,52.467,-116.083,AB,,unassigned,,,,
apantesis-obliterata,52.467,-116.083,AB,,unassigned,,,,
crambidia-casta,52.486,-112.206,AB,,unassigned,,,,
crambidia-casta,52.486,-112.206,AB,,unassigned,,,,
crambidia-casta,52.53,-112.7,AB,,unassigned,,,,
crambidia-casta,52.53,-112.7,AB,,unassigned,,,,
crambidia-casta,52.53,-112.7,AB,,unassigned,,,,
crambidia-casta,52.53,-112.7,AB,,unassigned,,,,
crambidia-casta,52.53,-112.7,AB,,unassigned,,,,
crambidia-casta,51.93,-112.97,AB,,unassigned,,,,
crambidia-casta,51.93,-112.97,AB,,unassigned,,,,
crambidia-casta,51.93,-112.97,AB,,unassigned,,,,
crambidia-casta,51.93,-112.97,AB,,unassigned,,,,
crambidia-casta,51.93,-112.97,AB,,unassigned,,,,
crambidia-casta,52.09,-112.425,AB,,unassigned,,,,
crambidia-casta,52.154,-112.712,AB,,unassigned,,,,
crambidia-casta,52.31,-113.05,AB,,unassigned,,,,
crambidia-casta,52.46,-112.88,AB,,unassigned,,,,
crambidia-casta,52.46,-112.88,AB,,unassigned,,,,
crambidia-casta,51.835,-113.011,AB,,unassigned,,,,
crambidia-casta,51.8,-113.02,AB,,unassigned,,,,
crambidia-casta,51.8,-113.02,AB,,unassigned,,,,
crambidia-casta,51.8,-113.02,AB,,unassigned,,,,
crambidia-casta,51.8,-113.02,AB,,unassigned,,,,
spilosoma-virginica,50.751,-113.13,AB,,unassigned,,,,
spilosoma-virginica,50.751,-113.13,AB,,unassigned,,,,
spilosoma-virginica,52.486,-112.206,AB,,unassigned,,,,
spilosoma-virginica,51.93,-112.97,AB,,unassigned,,,,
spilosoma-virginica,51.958,-112.942,AB,,unassigned,,,,
spilosoma-virginica,52.53,-113.65,AB,,unassigned,,,,
spilosoma-virginica,52.463,-112.895,AB,,unassigned,,,,
spilosoma-virginica,52.46,-112.88,AB,,unassigned,,,,
spilosoma-virginica,52.09,-112.425,AB,,unassigned,,,,
crambidia-casta,49.05,-113.9,AB,,unassigned,,,,
chelis-sordida,51.167,-115.566,AB,,unassigned,,,,
chelis-beanii,50.209,-114.458,AB,,unassigned,,,,
chelis-beanii,51.433,-116.183,AB,,unassigned,,,,
chelis-beanii,52.467,-116.083,AB,,unassigned,,,,
apantesis-nevadensis,51.05,-114.083,AB,,unassigned,,,,
apantesis-nevadensis,51.05,-114.083,AB,,unassigned,,,,
apantesis-nevadensis,51.05,-114.083,AB,,unassigned,,,,
apantesis-nevadensis,51.05,-114.083,AB,,unassigned,,,,
arctia-parthenos,50.95,-114.583,AB,,unassigned,,,,
phragmatobia-fuliginosa,53.55,-113.466,AB,,unassigned,,,,
spilosoma-virginica,54.151,-114.479,AB,,unassigned,,,,
spilosoma-virginica,54.151,-114.479,AB,,unassigned,,,,
spilosoma-virginica,54.151,-114.479,AB,,unassigned,,,,
spilosoma-virginica,54.46,-111.58,AB,,unassigned,,,,
chelis-sordida,53.967,-119.2,AB,,unassigned,,,,
arctia-yarrowii,52.85,-117.283,AB,,unassigned,,,,
gnophaela-vermiculata,53.667,-118.616,AB,,unassigned,,,,
ctenucha-virginica,53.95,-112.017,AB,,unassigned,,,,
ctenucha-virginica,53.951,-113.108,AB,,unassigned,,,,
chelis-sordida,49.817,-114.416,AB,,unassigned,,,,
chelis-beanii,50.2,-114.44,AB,,unassigned,,,,
apantesis-nevadensis,49.7,-112.816,AB,,unassigned,,,,
apantesis-williamsii,49.7,-112.816,AB,,unassigned,,,,
arctia-caja,49.7,-112.816,AB,,unassigned,,,,
arctia-caja,49.7,-112.816,AB,,unassigned,,,,
crambidia-casta,51.05,-114.083,AB,,unassigned,,,,
crambidia-casta,53.55,-113.466,AB,,unassigned,,,,
crambidia-casta,53.55,-113.466,AB,,unassigned,,,,
crambidia-casta,53.55,-113.466,AB,,unassigned,,,,
crambidia-casta,53.55,-113.466,AB,,unassigned,,,,
crambidia-casta,53.55,-113.466,AB,,unassigned,,,,
crambidia-casta,53.55,-113.466,AB,,unassigned,,,,
crambidia-casta,53.55,-113.466,AB,,unassigned,,,,
crambidia-casta,53.523,-114.907,AB,,unassigned,,,,
crambidia-casta,53.838,-113.328,AB,,unassigned,,,,
crambidia-casta,49.7,-112.816,AB,,unassigned,,,,
crambidia-casta,51.831,-113.001,AB,,unassigned,,,,
crambidia-casta,53.566,-113.822,AB,,unassigned,,,,
chelis-sordida,50.85,-115.267,AB,,unassigned,,,,
chelis-beanii,49.57,-114.377,AB,,unassigned,,,,
chelis-beanii,49.12,-114.12,AB,,unassigned,,,,
chelis-beanii,52.467,-116.083,AB,,unassigned,,,,
chelis-beanii,52.467,-116.083,AB,,unassigned,,,,
chelis-beanii,52.467,-116.083,AB,,unassigned,,,,
chelis-beanii,52.467,-116.083,AB,,unassigned,,,,
chelis-beanii,52.467,-116.083,AB,,unassigned,,,,
chelis-beanii,52.467,-116.083,AB,,unassigned,,,,
chelis-beanii,52.467,-116.083,AB,,unassigned,,,,
chelis-beanii,52.467,-116.083,AB,,unassigned,,,,
chelis-beanii,52.467,-116.083,AB,,unassigned,,,,
chelis-beanii,52.467,-116.083,AB,,unassigned,,,,
chelis-beanii,52.467,-116.083,AB,,unassigned,,,,
chelis-beanii,52.467,-116.083,AB,,unassigned,,,,
chelis-beanii,50.509,-114.819,AB,,unassigned,,,,
chelis-beanii,52.967,-117.316,AB,,unassigned,,,,
chelis-beanii,52.967,-117.316,AB,,unassigned,,,,
chelis-beanii,53.45,-118.25,AB,,unassigned,,,,
arctia-yarrowii,53.717,-118.566,AB,,unassigned,,,,
arctia-yarrowii,53.717,-118.566,AB,,unassigned,,,,
arctia-yarrowii,52.85,-117.283,AB,,unassigned,,,,
arctia-yarrowii,52.467,-116.083,AB,,unassigned,,,,
arctia-yarrowii,52.467,-116.083,AB,,unassigned,,,,
arctia-yarrowii,52.467,-116.083,AB,,unassigned,,,,
arctia-yarrowii,52.467,-116.083,AB,,unassigned,,,,
arctia-yarrowii,50.2,-114.516,AB,,unassigned,,,,
arctia-yarrowii,52.983,-117.333,AB,,unassigned,,,,
arctia-yarrowii,52.25,-117.233,AB,,unassigned,,,,
spilosoma-virginica,49.833,-111.518,AB,,unassigned,,,,
spilosoma-virginica,53.55,-113.466,AB,,unassigned,,,,
spilosoma-virginica,53.55,-113.466,AB,,unassigned,,,,
spilosoma-virginica,53.55,-113.466,AB,,unassigned,,,,
spilosoma-virginica,53.55,-113.466,AB,,unassigned,,,,
spilosoma-virginica,53.55,-113.466,AB,,unassigned,,,,
spilosoma-virginica,53.55,-113.466,AB,,unassigned,,,,
spilosoma-virginica,53.55,-113.466,AB,,unassigned,,,,
spilosoma-virginica,53.55,-113.466,AB,,unassigned,,,,
spilosoma-virginica,53.55,-113.466,AB,,unassigned,,,,
spilosoma-virginica,53.55,-113.466,AB,,unassigned,,,,
spilosoma-virginica,53.55,-113.466,AB,,unassigned,,,,
spilosoma-virginica,53.55,-113.466,AB,,unassigned,,,,
spilosoma-virginica,54.257,-111.005,AB,,unassigned,,,,
spilosoma-virginica,53.401,-112.808,AB,,unassigned,,,,
spilosoma-virginica,49.962,-112.084,AB,,unassigned,,,,
spilosoma-virginica,53.326,-113.092,AB,,unassigned,,,,
spilosoma-virginica,53.326,-113.092,AB,,unassigned,,,,
spilosoma-virginica,53.326,-113.092,AB,,unassigned,,,,
spilosoma-virginica,52.267,-113.8,AB,,unassigned,,,,
spilosoma-virginica,49.815,-112.164,AB,,unassigned,,,,
spilosoma-virginica,53.566,-113.822,AB,,unassigned,,,,
spilosoma-virginica,53.566,-113.822,AB,,unassigned,,,,
spilosoma-virginica,53.566,-113.822,AB,,unassigned,,,,
spilosoma-virginica,53.566,-113.822,AB,,unassigned,,,,
spilosoma-virginica,53.566,-113.822,AB,,unassigned,,,,
spilosoma-virginica,53.566,-113.822,AB,,unassigned,,,,
dodia-albertae,52.75,-116.35,AB,,unassigned,,,,
dodia-albertae,53.674,-118.184,AB,,unassigned,,,,
hypercompe-permaculata,49.082,-111.615,AB,,unassigned,,,,
chelis-beanii,52.467,-116.083,AB,,unassigned,,,,
apantesis-obliterata,51.05,-114.083,AB,,unassigned,,,,
dodia-albertae,50.85,-113.967,AB,,unassigned,,,,
dodia-albertae,50.85,-113.967,AB,,unassigned,,,,
dodia-albertae,50.85,-113.967,AB,,unassigned,,,,
arctia-plantaginis,49.486,-114.117,AB,,unassigned,,,,
arctia-plantaginis,49.486,-114.117,AB,,unassigned,,,,
gnophaela-vermiculata,49.373,-114.297,AB,,unassigned,,,,
agrotis-orthogonia,49.55,-113.817,AB,,unassigned,,,,
drasteria-hudsonica,49.06,-113.93,AB,,unassigned,,,,
arctia-yarrowii,52.217,-117.166,AB,,unassigned,,,,
drasteria-sabulosa,49.05,-113.9,AB,,unassigned,,,,
catocala-californica,49.05,-113.9,AB,,unassigned,,,,
lygephila-victoria,49.05,-113.9,AB,,unassigned,,,,
drasteria-divergens,49.05,-113.9,AB,,unassigned,,,,
catocala-hermia,51.335,-113.011,AB,,unassigned,,,,
catocala-meskei,50.758,-113.127,AB,,unassigned,,,,
nola-cilicoides,50.748,-113.129,AB,,unassigned,,,,
drasteria-divergens,49.05,-113.9,AB,,unassigned,,,,
catocala-junctura,49.815,-112.164,AB,,unassigned,,,,
hypena-bijugalis,53.55,-113.466,AB,,unassigned,,,,
catocala-meskei,49.694,-112.842,AB,,unassigned,,,,
catocala-hermia,49.398,-110.873,AB,,unassigned,,,,
catocala-hermia,49.082,-111.615,AB,,unassigned,,,,
catocala-junctura,49.082,-111.635,AB,,unassigned,,,,
catocala-ultronia,49.398,-110.873,AB,,unassigned,,,,
catocala-meskei,49.694,-112.842,AB,,unassigned,,,,
catocala-relicta,52.583,-112.97,AB,,unassigned,,,,
caenurgina-crassiuscula,49.082,-111.615,AB,,unassigned,,,,
drasteria-petricola,50.209,-114.458,AB,,unassigned,,,,
caenurgina-crassiuscula,49.1,-110.567,AB,,unassigned,,,,
catocala-hermia,50.58,-113.874,AB,,unassigned,,,,
catocala-hermia,50.044,-110.675,AB,,unassigned,,,,
catocala-meskei,50.044,-110.675,AB,,unassigned,,,,
zale-duplicata,49.05,-113.9,AB,,unassigned,,,,
catocala-hermia,49.464,-112.661,AB,,unassigned,,,,
catocala-meskei,49.082,-111.615,AB,,unassigned,,,,
drasteria-howlandii,49.102,-110.585,AB,,unassigned,,,,
catocala-semirelicta,51.05,-114.083,AB,,unassigned,,,,
drasteria-petricola,52.37,-116.075,AB,,unassigned,,,,
drasteria-petricola,52.701,-116.807,AB,,unassigned,,,,
drasteria-hudsonica,52.37,-116.075,AB,,unassigned,,,,
caenurgina-annexa,49.265,-112.661,AB,,unassigned,,,,
caenurgina-annexa,49.614,-112.17,AB,,unassigned,,,,
caenurgina-crassiuscula,49.265,-112.661,AB,,unassigned,,,,
caenurgina-crassiuscula,53.888,-112.968,AB,,unassigned,,,,
caenurgina-crassiuscula,53.217,-116.966,AB,,unassigned,,,,
euclidia-cuspidea,54.191,-113.457,AB,,unassigned,,,,
autographa-californica,52.85,-117.283,AB,,unassigned,,,,
syngrapha-ignea,52.85,-117.283,AB,,unassigned,,,,
syngrapha-ignea,53.967,-119.2,AB,,unassigned,,,,
syngrapha-ignea,49.567,-110.2,AB,,unassigned,,,,
anagrapha-falcifera,51.05,-114.083,AB,,unassigned,,,,
anagrapha-falcifera,53.951,-113.108,AB,,unassigned,,,,
sympistis-anweileri,50.383,-114.667,AB,,unassigned,,,,
sympistis-zetterstedtii,53.967,-119.2,AB,,unassigned,,,,
sympistis-zetterstedtii,53.967,-119.2,AB,,unassigned,,,,
eutricopis-nexilis,49.265,-112.661,AB,,unassigned,,,,
heliothis-oregonica,51.117,-114.124,AB,,unassigned,,,,
schinia-cumatilis,51.376,-112.537,AB,,unassigned,,,,
catocala-briseis,49.694,-112.842,AB,,unassigned,,,,
catocala-semirelicta,49.694,-112.842,AB,,unassigned,,,,
catocala-semirelicta,49.694,-112.842,AB,,unassigned,,,,
autographa-californica,49.694,-112.842,AB,,unassigned,,,,
anagrapha-falcifera,49.694,-112.842,AB,,unassigned,,,,
plusia-putnami,51.834,-113.011,AB,,unassigned,,,,
sympistis-wilsoni,51.167,-115.566,AB,,unassigned,,,,
pleromelloida-cinerea,49.05,-113.9,AB,,unassigned,,,,
sympistis-poliochroa,51.05,-114.083,AB,,unassigned,,,,
cucullia-omissa,51.05,-114.083,AB,,unassigned,,,,
cucullia-florea,51.05,-114.083,AB,,unassigned,,,,
sympistis-cibalis,51.05,-114.083,AB,,unassigned,,,,
sympistis-pudorata,51.433,-116.183,AB,,unassigned,,,,
panthea-virginarius,49.05,-113.9,AB,,unassigned,,,,
abrostola-urentis,52.46,-112.88,AB,,unassigned,,,,
abrostola-urentis,52.46,-112.88,AB,,unassigned,,,,
abrostola-urentis,51.8,-113.02,AB,,unassigned,,,,
abrostola-urentis,51.8,-112.88,AB,,unassigned,,,,
anagrapha-falcifera,50.757,-113.129,AB,,unassigned,,,,
anagrapha-falcifera,52.492,-112.211,AB,,unassigned,,,,
anagrapha-falcifera,52.5,-112.704,AB,,unassigned,,,,
anagrapha-falcifera,51.958,-112.942,AB,,unassigned,,,,
anagrapha-falcifera,51.823,-115.189,AB,,unassigned,,,,
anagrapha-falcifera,52.154,-112.712,AB,,unassigned,,,,
anagrapha-falcifera,52.31,-113.05,AB,,unassigned,,,,
anagrapha-falcifera,52.46,-112.88,AB,,unassigned,,,,
anagrapha-falcifera,50.85,-113.967,AB,,unassigned,,,,
anagrapha-falcifera,52.467,-116.083,AB,,unassigned,,,,
anagrapha-falcifera,52.382,-113.795,AB,,unassigned,,,,
anagrapha-falcifera,51.077,-115.117,AB,,unassigned,,,,
anagrapha-falcifera,53.366,-113.042,AB,,unassigned,,,,
anagrapha-falcifera,49.102,-110.585,AB,,unassigned,,,,
anagrapha-falcifera,49.392,-110.86,AB,,unassigned,,,,
anagrapha-falcifera,52.31,-113.92,AB,,unassigned,,,,
anagrapha-falcifera,51.8,-113.02,AB,,unassigned,,,,
autographa-ampla,54.45,-110.166,AB,,unassigned,,,,
autographa-ampla,52.467,-116.083,AB,,unassigned,,,,
autographa-ampla,50.757,-113.129,AB,,unassigned,,,,
autographa-ampla,52.487,-112.217,AB,,unassigned,,,,
autographa-ampla,52.494,-112.695,AB,,unassigned,,,,
autographa-ampla,52.154,-112.712,AB,,unassigned,,,,
autographa-ampla,52.31,-113.05,AB,,unassigned,,,,
autographa-ampla,52.46,-112.88,AB,,unassigned,,,,
autographa-ampla,51.8,-113.02,AB,,unassigned,,,,
autographa-ampla,50.85,-113.967,AB,,unassigned,,,,
autographa-ampla,50.85,-113.967,AB,,unassigned,,,,
autographa-ampla,49.1,-113.95,AB,,unassigned,,,,
autographa-ampla,49.294,-114.273,AB,,unassigned,,,,
autographa-bimaculata,52.494,-112.695,AB,,unassigned,,,,
autographa-bimaculata,50.85,-113.967,AB,,unassigned,,,,
autographa-bimaculata,51.589,-115.163,AB,,unassigned,,,,
autographa-bimaculata,52.269,-111.95,AB,,unassigned,,,,
autographa-bimaculata,51.831,-113.001,AB,,unassigned,,,,
autographa-bimaculata,52.467,-116.083,AB,,unassigned,,,,
autographa-bimaculata,53.956,-114.117,AB,,unassigned,,,,
autographa-bimaculata,49.694,-112.842,AB,,unassigned,,,,
autographa-bimaculata,52.31,-113.92,AB,,unassigned,,,,
autographa-californica,50.757,-113.129,AB,,unassigned,,,,
autographa-californica,52.492,-112.211,AB,,unassigned,,,,
autographa-californica,52.53,-112.7,AB,,unassigned,,,,
autographa-californica,51.958,-112.942,AB,,unassigned,,,,
autographa-californica,52.285,-113.791,AB,,unassigned,,,,
autographa-californica,52.31,-113.05,AB,,unassigned,,,,
autographa-californica,52.46,-112.88,AB,,unassigned,,,,
autographa-californica,52.483,-112.703,AB,,unassigned,,,,
autographa-californica,51.8,-113.02,AB,,unassigned,,,,
autographa-californica,50.85,-113.967,AB,,unassigned,,,,
autographa-californica,52.467,-116.083,AB,,unassigned,,,,
autographa-californica,49.102,-110.585,AB,,unassigned,,,,
autographa-californica,49.392,-110.86,AB,,unassigned,,,,
autographa-californica,52.31,-113.92,AB,,unassigned,,,,
autographa-californica,49.815,-112.164,AB,,unassigned,,,,
autographa-californica,49.082,-111.615,AB,,unassigned,,,,
autographa-flagellum,52.494,-112.695,AB,,unassigned,,,,
autographa-flagellum,50.85,-113.967,AB,,unassigned,,,,
autographa-flagellum,52.467,-116.083,AB,,unassigned,,,,
autographa-flagellum,51.05,-114.083,AB,,unassigned,,,,
autographa-mappa,51.8,-113.02,AB,,unassigned,,,,
autographa-mappa,50.85,-113.967,AB,,unassigned,,,,
autographa-mappa,50.85,-113.967,AB,,unassigned,,,,
autographa-mappa,52.467,-116.083,AB,,unassigned,,,,
autographa-mappa,49.026,-113.685,AB,,unassigned,,,,
autographa-metallica,49.1,-113.903,AB,,unassigned,,,,
autographa-pseudogamma,50.85,-113.967,AB,,unassigned,,,,
autographa-pseudogamma,52.467,-116.083,AB,,unassigned,,,,
autographa-pseudogamma,50.795,-114.862,AB,,unassigned,,,,
autographa-pseudogamma,49.294,-114.273,AB,,unassigned,,,,
autographa-rubidus,52.46,-112.88,AB,,unassigned,,,,
autographa-rubidus,50.85,-113.967,AB,,unassigned,,,,
autographa-rubidus,50.85,-113.967,AB,,unassigned,,,,
autographa-rubidus,52.467,-116.083,AB,,unassigned,,,,
autographa-sansoni,49.1,-113.95,AB,,unassigned,,,,
autographa-sansoni,52.467,-116.083,AB,,unassigned,,,,
autographa-sansoni,49.293,-114.4,AB,,unassigned,,,,
autographa-sansoni,51.167,-115.566,AB,,unassigned,,,,
autographa-v-alba,51.167,-115.566,AB,,unassigned,,,,
autographa-v-alba,49.056,-113.915,AB,,unassigned,,,,
autographa-v-alba,50.121,-114.267,AB,,unassigned,,,,
diachrysia-aereoides,52.486,-112.206,AB,,unassigned,,,,
diachrysia-aereoides,52.303,-112.75,AB,,unassigned,,,,
diachrysia-aereoides,52.451,-115.011,AB,,unassigned,,,,
diachrysia-aereoides,52.09,-112.425,AB,,unassigned,,,,
diachrysia-aereoides,52.154,-112.712,AB,,unassigned,,,,
diachrysia-aereoides,52.31,-113.05,AB,,unassigned,,,,
diachrysia-aereoides,52.46,-112.88,AB,,unassigned,,,,
diachrysia-aereoides,50.85,-113.967,AB,,unassigned,,,,
diachrysia-aereoides,49.653,-110.03,AB,,unassigned,,,,
diachrysia-aereoides,49.694,-112.842,AB,,unassigned,,,,
diachrysia-aereoides,50.923,-114.074,AB,,unassigned,,,,
diachrysia-aereoides,52.467,-116.083,AB,,unassigned,,,,
diachrysia-aereoides,52.31,-113.92,AB,,unassigned,,,,
eosphoropteryx-thyatyroides,53.55,-113.466,AB,,unassigned,,,,
plusia-putnami,50.757,-113.129,AB,,unassigned,,,,
plusia-putnami,52.486,-112.206,AB,,unassigned,,,,
plusia-putnami,52.5,-112.704,AB,,unassigned,,,,
plusia-putnami,51.8,-115.21,AB,,unassigned,,,,
plusia-putnami,52.154,-112.712,AB,,unassigned,,,,
plusia-putnami,52.31,-113.05,AB,,unassigned,,,,
plusia-putnami,51.8,-113.02,AB,,unassigned,,,,
plusia-putnami,50.85,-113.967,AB,,unassigned,,,,
plusia-putnami,52.467,-116.083,AB,,unassigned,,,,
plusia-putnami,52.382,-113.795,AB,,unassigned,,,,
plusia-putnami,49.1,-113.95,AB,,unassigned,,,,
plusia-putnami,52.31,-113.92,AB,,unassigned,,,,
plusia-putnami,52.003,-116.467,AB,,unassigned,,,,
plusia-venusta,52.494,-112.695,AB,,unassigned,,,,
plusia-venusta,52.154,-112.712,AB,,unassigned,,,,
plusia-venusta,52.31,-113.05,AB,,unassigned,,,,
plusia-venusta,50.85,-113.967,AB,,unassigned,,,,
plusia-venusta,52.467,-116.083,AB,,unassigned,,,,
polychrysia-esmeralda,50.85,-113.967,AB,,unassigned,,,,
polychrysia-esmeralda,51.05,-114.083,AB,,unassigned,,,,
polychrysia-esmeralda,53.55,-113.466,AB,,unassigned,,,,
polychrysia-esmeralda,51.589,-115.163,AB,,unassigned,,,,
polychrysia-esmeralda,50.795,-114.862,AB,,unassigned,,,,
polychrysia-esmeralda,52.467,-116.083,AB,,unassigned,,,,
polychrysia-esmeralda,51.05,-114.083,AB,,unassigned,,,,
polychrysia-esmeralda,50.242,-114.354,AB,,unassigned,,,,
pseudeva-purpurigera,53.55,-113.466,AB,,unassigned,,,,
pseudeva-purpurigera,52.494,-112.695,AB,,unassigned,,,,
pseudeva-purpurigera,52.23,-112.83,AB,,unassigned,,,,
pseudeva-purpurigera,52.31,-113.05,AB,,unassigned,,,,
pseudeva-purpurigera,52.46,-112.88,AB,,unassigned,,,,
pseudeva-purpurigera,50.85,-113.967,AB,,unassigned,,,,
pseudeva-purpurigera,53.55,-113.466,AB,,unassigned,,,,
pseudeva-purpurigera,51.831,-113.001,AB,,unassigned,,,,
syngrapha-alias,52.387,-116.366,AB,,unassigned,,,,
syngrapha-alias,52.383,-113.783,AB,,unassigned,,,,
syngrapha-alias,50.85,-113.967,AB,,unassigned,,,,
syngrapha-alias,50.85,-113.967,AB,,unassigned,,,,
syngrapha-alias,50.85,-113.967,AB,,unassigned,,,,
syngrapha-alias,52.467,-116.083,AB,,unassigned,,,,
syngrapha-alias,49.026,-113.685,AB,,unassigned,,,,
syngrapha-alias,51.024,-115.029,AB,,unassigned,,,,
syngrapha-alias,52.003,-116.467,AB,,unassigned,,,,
syngrapha-alticola,52.908,-115.233,AB,,unassigned,,,,
syngrapha-alticola,51.875,-115.38,AB,,unassigned,,,,
syngrapha-alticola,51.433,-116.183,AB,,unassigned,,,,
syngrapha-alticola,52.25,-117.233,AB,,unassigned,,,,
syngrapha-alticola,52.25,-117.233,AB,,unassigned,,,,
syngrapha-alticola,52.467,-116.083,AB,,unassigned,,,,
syngrapha-alticola,51.317,-116.183,AB,,unassigned,,,,
syngrapha-angulidens,52.387,-116.366,AB,,unassigned,,,,
syngrapha-angulidens,52.449,-116.145,AB,,unassigned,,,,
syngrapha-angulidens,51.167,-115.566,AB,,unassigned,,,,
syngrapha-angulidens,51.167,-115.566,AB,,unassigned,,,,
syngrapha-angulidens,51.433,-116.183,AB,,unassigned,,,,
syngrapha-angulidens,52.467,-116.083,AB,,unassigned,,,,
syngrapha-angulidens,50.962,-114.913,AB,,unassigned,,,,
syngrapha-borea,52.467,-116.083,AB,,unassigned,,,,
syngrapha-borea,51.05,-114.083,AB,,unassigned,,,,
syngrapha-borea,50.658,-115.11,AB,,unassigned,,,,
syngrapha-diasema,52.491,-116.015,AB,,unassigned,,,,
syngrapha-diasema,52.467,-116.083,AB,,unassigned,,,,
syngrapha-epigaea,52.375,-114.992,AB,,unassigned,,,,
syngrapha-epigaea,50.85,-113.967,AB,,unassigned,,,,
syngrapha-epigaea,50.85,-113.967,AB,,unassigned,,,,
syngrapha-epigaea,50.85,-113.967,AB,,unassigned,,,,
syngrapha-epigaea,52.467,-116.083,AB,,unassigned,,,,
syngrapha-epigaea,51.167,-115.566,AB,,unassigned,,,,
syngrapha-ignea,50.85,-113.967,AB,,unassigned,,,,
syngrapha-ignea,52.467,-116.083,AB,,unassigned,,,,
syngrapha-ignea,50.96,-115.209,AB,,unassigned,,,,
syngrapha-ignea,52.008,-116.629,AB,,unassigned,,,,
syngrapha-ignea,51.461,-114.97,AB,,unassigned,,,,
syngrapha-ignea,50.287,-114.578,AB,,unassigned,,,,
syngrapha-interrogationis,51.05,-114.083,AB,,unassigned,,,,
syngrapha-interrogationis,51.9,-115.04,AB,,unassigned,,,,
syngrapha-interrogationis,52.467,-116.083,AB,,unassigned,,,,
syngrapha-microgamma,52.451,-115.011,AB,,unassigned,,,,
syngrapha-microgamma,51.05,-114.083,AB,,unassigned,,,,
syngrapha-microgamma,51.05,-114.083,AB,,unassigned,,,,
syngrapha-microgamma,51.794,-114.106,AB,,unassigned,,,,
syngrapha-microgamma,52.467,-116.083,AB,,unassigned,,,,
syngrapha-microgamma,52.269,-113.81,AB,,unassigned,,,,
syngrapha-octoscripta,52.492,-112.211,AB,,unassigned,,,,
syngrapha-octoscripta,51.93,-112.97,AB,,unassigned,,,,
syngrapha-octoscripta,51.8,-113.02,AB,,unassigned,,,,
syngrapha-octoscripta,51.167,-115.566,AB,,unassigned,,,,
syngrapha-octoscripta,50.85,-113.967,AB,,unassigned,,,,
syngrapha-octoscripta,52.467,-116.083,AB,,unassigned,,,,
syngrapha-octoscripta,50.58,-113.874,AB,,unassigned,,,,
syngrapha-octoscripta,49.815,-112.164,AB,,unassigned,,,,
syngrapha-orophila,51.875,-115.38,AB,,unassigned,,,,
syngrapha-orophila,51.133,-115.566,AB,,unassigned,,,,
syngrapha-orophila,51.167,-115.566,AB,,unassigned,,,,
syngrapha-orophila,51.167,-115.566,AB,,unassigned,,,,
syngrapha-orophila,52.467,-116.083,AB,,unassigned,,,,
syngrapha-orophila,52.003,-116.467,AB,,unassigned,,,,
syngrapha-parilis,52.264,-117.246,AB,,unassigned,,,,
syngrapha-parilis,52.25,-117.233,AB,,unassigned,,,,
syngrapha-parilis,52.467,-116.083,AB,,unassigned,,,,
syngrapha-rectangula,52.467,-116.083,AB,,unassigned,,,,
syngrapha-viridisigma,51.909,-114.855,AB,,unassigned,,,,
syngrapha-viridisigma,52.467,-116.083,AB,,unassigned,,,,
trichoplusia-ni,52.51,-112.71,AB,,unassigned,,,,
trichoplusia-ni,49.815,-112.164,AB,,unassigned,,,,
trichoplusia-ni,52.467,-116.083,AB,,unassigned,,,,
sympistis-sokar,49.05,-113.9,AB,,unassigned,,,,
spaelotis-clandestina,54.007,-113.269,AB,,unassigned,,,,
xestia-imperita,51.77,-116.56,AB,,unassigned,,,,
setagrotis-pallidicollis,53.1,-118,AB,,unassigned,,,,
euxoa-adumbrata,53.1,-118,AB,,unassigned,,,,
euxoa-auxiliaris,51.667,-114.133,AB,,unassigned,,,,
euxoa-divergens,53.94,-119.18,AB,,unassigned,,,,
euxoa-quebecensis,50.2,-114.44,AB,,unassigned,,,,
euxoa-vallus,51.7,-116.49,AB,,unassigned,,,,
euxoa-terrenus,50.2,-114.44,AB,,unassigned,,,,
euxoa-terrenus,53.94,-119.18,AB,,unassigned,,,,
euxoa-tessellata,49.1,-110.56,AB,,unassigned,,,,
euxoa-tessellata,53.18,-117.96,AB,,unassigned,,,,
euxoa-comosa,50.2,-114.44,AB,,unassigned,,,,
euxoa-comosa,53.18,-117.96,AB,,unassigned,,,,
euxoa-idahoensis,52.78,-118.05,AB,,unassigned,,,,
euxoa-manitobana,53.1,-118,AB,,unassigned,,,,
feltia-jaculifera,51.667,-114.133,AB,,unassigned,,,,
feltia-jaculifera,53.1,-118,AB,,unassigned,,,,
euclidia-ardita,49.367,-114.179,AB,,unassigned,,,,
syngrapha-alticola,49.4,-114.276,AB,,unassigned,,,,
anagrapha-falcifera,49.482,-113.878,AB,,unassigned,,,,
tarache-augustipennis,49.482,-113.878,AB,,unassigned,,,,
heliothis-oregonica,49.335,-114.123,AB,,unassigned,,,,
schinia-cumatilis,49.195,-113.302,AB,,unassigned,,,,
hadena-variolata,49.079,-113.968,AB,,unassigned,,,,
leucania-anteroclara,49.367,-114.179,AB,,unassigned,,,,
graphiphora-augur,51.466,-112.711,AB,,unassigned,,,,
crambidia-cephalica,49.7,-112.816,AB,,unassigned,,,,
apamea-indocilis,50.85,-113.967,AB,,unassigned,,,,
apamea-unita,50.85,-113.967,AB,,unassigned,,,,
apamea-sora,50.85,-113.967,AB,,unassigned,,,,
apamea-commoda,51.05,-114.083,AB,,unassigned,,,,
apamea-commoda,50.58,-113.874,AB,,unassigned,,,,
apamea-inficita,51.05,-114.083,AB,,unassigned,,,,
apamea-inficita,51.05,-114.083,AB,,unassigned,,,,
apamea-niveivenosa,49.694,-112.842,AB,,unassigned,,,,
eremobina-claudens,51.05,-114.083,AB,,unassigned,,,,
apamea-inordinata,49.694,-112.842,AB,,unassigned,,,,
apamea-sora,51.383,-116.117,AB,,unassigned,,,,
apamea-commoda,51.692,-114.108,AB,,unassigned,,,,
apamea-commoda,49.694,-112.842,AB,,unassigned,,,,
apamea-commoda,49.401,-110.695,AB,,unassigned,,,,
apamea-cogitata,51.208,-114.764,AB,,unassigned,,,,
apamea-cogitata,49.694,-112.842,AB,,unassigned,,,,
apamea-inficita,51.167,-115.566,AB,,unassigned,,,,
apamea-inficita,52.467,-116.083,AB,,unassigned,,,,
apamea-devastator,49.694,-112.842,AB,,unassigned,,,,
apamea-devastator,50.85,-113.967,AB,,unassigned,,,,
apamea-niveivenosa,49.694,-112.842,AB,,unassigned,,,,
apamea-niveivenosa,49.401,-110.695,AB,,unassigned,,,,
hypocoena-basistriga,49.694,-112.842,AB,,unassigned,,,,
hypocoena-basistriga,52.467,-116.083,AB,,unassigned,,,,
hypocoena-basistriga,52.467,-116.083,AB,,unassigned,,,,
hypocoena-basistriga,52.467,-116.083,AB,,unassigned,,,,
hypocoena-basistriga,50.85,-113.967,AB,,unassigned,,,,
hypocoena-basistriga,50.85,-113.967,AB,,unassigned,,,,
hypocoena-basistriga,50.85,-113.967,AB,,unassigned,,,,
apamea-zeta,53.967,-119.2,AB,,unassigned,,,,
apamea-antennata,49.05,-113.9,AB,,unassigned,,,,
apamea-antennata,49.05,-113.9,AB,,unassigned,,,,
apamea-centralis,49.05,-113.9,AB,,unassigned,,,,
apamea-centralis,49.05,-113.9,AB,,unassigned,,,,
apamea-alia,51.05,-114.083,AB,,unassigned,,,,
apamea-indocilis,51.05,-114.083,AB,,unassigned,,,,
apamea-sordens,51.05,-114.083,AB,,unassigned,,,,
apamea-amputatrix,51.167,-115.566,AB,,unassigned,,,,
apamea-contradicta,51.05,-114.083,AB,,unassigned,,,,
neoligia-subjuncta,51.05,-114.083,AB,,unassigned,,,,
hyalophora-gloveri,51.217,-113.7,AB,,unassigned,,,,
arctia-plantaginis,54.717,-113.284,AB,,unassigned,,,,
neoligia-subjuncta,49.084,-111.623,AB,,unassigned,,,,
euxoa-nomas,53.969,-119.215,AB,,unassigned,,,,
heliothis-borealis,49.05,-113.9,AB,,unassigned,,,,
schinia-meadi,49.401,-110.695,AB,,unassigned,,,,
schinia-villosa,53.55,-113.466,AB,,unassigned,,,,
brachylomia-populi,53.55,-113.466,AB,,unassigned,,,,
sunira-verberata,51.05,-114.083,AB,,unassigned,,,,
lithophane-fagina,50.748,-113.129,AB,,unassigned,,,,
anathix-aggressa,49.694,-112.842,AB,,unassigned,,,,
aseptis-characta,49.694,-112.842,AB,,unassigned,,,,
aseptis-characta,49.694,-112.842,AB,,unassigned,,,,
eupsilia-devia,51.05,-114.083,AB,,unassigned,,,,
eupsilia-devia,49.694,-112.842,AB,,unassigned,,,,
platypolia-loda,49.694,-112.842,AB,,unassigned,,,,
platypolia-loda,51.167,-115.566,AB,,unassigned,,,,
andropolia-theodori,49.05,-113.9,AB,,unassigned,,,,
agrotis-orthogonia,50.58,-113.874,AB,,unassigned,,,,
agrotis-obliqua,53.283,-110,AB,,unassigned,,,,
agrotis-obliqua,52.467,-116.083,AB,,unassigned,,,,
agrotis-obliqua,52.467,-116.083,AB,,unassigned,,,,
agrotis-obliqua,52.467,-116.083,AB,,unassigned,,,,
agrotis-obliqua,50.85,-113.967,AB,,unassigned,,,,
mamestra-curialis,49.117,-113.983,AB,,unassigned,,,,
stretchia-muricina,50.044,-110.675,AB,,unassigned,,,,
stretchia-muricina,49.05,-113.9,AB,,unassigned,,,,
escaria-homogena,49.694,-112.842,AB,,unassigned,,,,
hadenella-pergentilis,49.06,-110.453,AB,,unassigned,,,,
hadenella-pergentilis,49.084,-111.623,AB,,unassigned,,,,
hadenella-pergentilis,49.084,-111.623,AB,,unassigned,,,,
hadenella-pergentilis,49.084,-111.623,AB,,unassigned,,,,
hadenella-pergentilis,49.084,-111.623,AB,,unassigned,,,,
hadenella-pergentilis,49.121,-110.47,AB,,unassigned,,,,
anarta-trifolii,49.694,-112.842,AB,,unassigned,,,,
anarta-mutata,51.05,-114.083,AB,,unassigned,,,,
anarta-alta,52.467,-116.083,AB,,unassigned,,,,
anarta-obesula,51.05,-114.083,AB,,unassigned,,,,
anarta-farnhami,50.2,-114.516,AB,,unassigned,,,,
anarta-decepta,49.102,-110.585,AB,,unassigned,,,,
anarta-decepta,49.815,-112.164,AB,,unassigned,,,,
anarta-decepta,49.082,-111.615,AB,,unassigned,,,,
scotogramma-submarina,51.93,-112.97,AB,,unassigned,,,,
scotogramma-submarina,51.93,-112.97,AB,,unassigned,,,,
scotogramma-submarina,51.93,-112.97,AB,,unassigned,,,,
scotogramma-submarina,51.93,-112.97,AB,,unassigned,,,,
scotogramma-submarina,51.93,-112.97,AB,,unassigned,,,,
scotogramma-submarina,51.93,-112.97,AB,,unassigned,,,,
scotogramma-submarina,51.93,-112.97,AB,,unassigned,,,,
scotogramma-submarina,51.93,-112.97,AB,,unassigned,,,,
scotogramma-submarina,51.93,-112.97,AB,,unassigned,,,,
scotogramma-submarina,49.815,-112.164,AB,,unassigned,,,,
scotogramma-fervida,49.033,-110.462,AB,,unassigned,,,,
scotogramma-fervida,49.06,-110.453,AB,,unassigned,,,,
scotogramma-fervida,49.401,-110.695,AB,,unassigned,,,,
scotogramma-fervida,49.121,-110.47,AB,,unassigned,,,,
coranarta-luteola,51.433,-116.183,AB,,unassigned,,,,
coranarta-luteola,52.467,-116.083,AB,,unassigned,,,,
coranarta-luteola,52.217,-117.166,AB,,unassigned,,,,
coranarta-macrostigma,51.667,-114.133,AB,,unassigned,,,,
coranarta-macrostigma,50.85,-113.967,AB,,unassigned,,,,
coranarta-macrostigma,50.85,-113.967,AB,,unassigned,,,,
coranarta-macrostigma,50.85,-113.967,AB,,unassigned,,,,
coranarta-macrostigma,50.85,-113.967,AB,,unassigned,,,,
coranarta-macrostigma,50.85,-113.967,AB,,unassigned,,,,
coranarta-macrostigma,50.85,-113.967,AB,,unassigned,,,,
coranarta-macrostigma,49.05,-113.9,AB,,unassigned,,,,
coranarta-macrostigma,49.05,-113.9,AB,,unassigned,,,,
polia-discalis,51.05,-114.083,AB,,unassigned,,,,
polia-discalis,51.1,-115.066,AB,,unassigned,,,,
polia-rogenhoferi,51.288,-116.01,AB,,unassigned,,,,
polia-rogenhoferi,51.167,-115.566,AB,,unassigned,,,,
polia-rogenhoferi,51.717,-116.5,AB,,unassigned,,,,
polia-rogenhoferi,51.05,-114.083,AB,,unassigned,,,,
polia-rogenhoferi,51.317,-115.916,AB,,unassigned,,,,
polia-rogenhoferi,51.425,-116.181,AB,,unassigned,,,,
polia-rogenhoferi,52.166,-117.038,AB,,unassigned,,,,
polia-rogenhoferi,52.467,-116.083,AB,,unassigned,,,,
polia-rogenhoferi,52.467,-116.083,AB,,unassigned,,,,
polia-rogenhoferi,52.467,-116.083,AB,,unassigned,,,,
polia-rogenhoferi,52.467,-116.083,AB,,unassigned,,,,
polia-rogenhoferi,52.467,-116.083,AB,,unassigned,,,,
polia-rogenhoferi,52.25,-117.233,AB,,unassigned,,,,
polia-propodea,51.425,-116.181,AB,,unassigned,,,,
lacanobia-nevadae,51.05,-114.083,AB,,unassigned,,,,
lacanobia-atlantica,51.05,-114.083,AB,,unassigned,,,,
lacanobia-atlantica,51.05,-114.083,AB,,unassigned,,,,
trichordestra-dodii,49.65,-110.3,AB,,unassigned,,,,
trichordestra-dodii,51.05,-114.083,AB,,unassigned,,,,
trichordestra-dodii,49.7,-112.816,AB,,unassigned,,,,
trichordestra-liquida,51.167,-115.566,AB,,unassigned,,,,
trichordestra-liquida,51.05,-114.083,AB,,unassigned,,,,
trichordestra-liquida,51.05,-114.083,AB,,unassigned,,,,
trichordestra-liquida,51.05,-114.083,AB,,unassigned,,,,
trichordestra-liquida,51.05,-114.083,AB,,unassigned,,,,
trichordestra-liquida,49.65,-110.3,AB,,unassigned,,,,
papestra-quadrata,51.05,-114.083,AB,,unassigned,,,,
papestra-quadrata,51.05,-114.083,AB,,unassigned,,,,
papestra-quadrata,51.05,-114.083,AB,,unassigned,,,,
papestra-quadrata,51.05,-114.083,AB,,unassigned,,,,
papestra-quadrata,51.05,-114.083,AB,,unassigned,,,,
papestra-quadrata,53.55,-113.466,AB,,unassigned,,,,
papestra-quadrata,53.283,-110,AB,,unassigned,,,,
papestra-quadrata,52.467,-116.083,AB,,unassigned,,,,
papestra-biren,53.3,-117.333,AB,,unassigned,,,,
papestra-biren,52.367,-116.25,AB,,unassigned,,,,
papestra-cristifera,51.167,-115.566,AB,,unassigned,,,,
papestra-cristifera,51.05,-114.083,AB,,unassigned,,,,
papestra-cristifera,52.467,-116.083,AB,,unassigned,,,,
papestra-cristifera,52.467,-116.083,AB,,unassigned,,,,
papestra-cristifera,52.467,-116.083,AB,,unassigned,,,,
papestra-brenda,51.1,-115.333,AB,,unassigned,,,,
hada-sutrina,51.433,-116.183,AB,,unassigned,,,,
sideridis-fuscolutea,49.694,-112.842,AB,,unassigned,,,,
sideridis-uscripta,49.102,-110.585,AB,,unassigned,,,,
sideridis-uscripta,49.021,-110.45,AB,,unassigned,,,,
sideridis-artesta,49.815,-112.164,AB,,unassigned,,,,
sideridis-artesta,53.55,-113.466,AB,,unassigned,,,,
sideridis-artesta,50.58,-113.874,AB,,unassigned,,,,
sideridis-artesta,49.694,-112.842,AB,,unassigned,,,,
sideridis-artesta,49.082,-111.615,AB,,unassigned,,,,
sideridis-artesta,49.082,-111.615,AB,,unassigned,,,,
sideridis-maryx,52.81,-110.106,AB,,unassigned,,,,
sideridis-maryx,52.727,-110.367,AB,,unassigned,,,,
sideridis-maryx,52.269,-113.81,AB,,unassigned,,,,
sideridis-maryx,52.269,-113.81,AB,,unassigned,,,,
sideridis-maryx,53.963,-113.074,AB,,unassigned,,,,
hadena-ectrapela,51.417,-116.25,AB,,unassigned,,,,
leucania-anteroclara,51.05,-114.083,AB,,unassigned,,,,
leucania-anteroclara,50.85,-113.967,AB,,unassigned,,,,
lasionycta-taigata,54.305,-114.382,AB,,unassigned,,,,
lasionycta-taigata,53.251,-117.447,AB,,unassigned,,,,
lasionycta-taigata,53.251,-117.447,AB,,unassigned,,,,
lasionycta-fergusoni,51.167,-115.566,AB,,unassigned,,,,
lasionycta-fergusoni,51.7,-116.49,AB,,unassigned,,,,
lasionycta-fergusoni,51.433,-116.183,AB,,unassigned,,,,
lasionycta-fergusoni,51.383,-116.117,AB,,unassigned,,,,
lasionycta-fergusoni,52.467,-116.083,AB,,unassigned,,,,
lasionycta-mutilata,51.7,-116.49,AB,,unassigned,,,,
lasionycta-mutilata,51.433,-116.183,AB,,unassigned,,,,
lasionycta-mutilata,51.875,-115.38,AB,,unassigned,,,,
lasionycta-mutilata,51.924,-115.418,AB,,unassigned,,,,
lasionycta-mutilata,51.766,-115.04,AB,,unassigned,,,,
lasionycta-luteola,51.167,-115.566,AB,,unassigned,,,,
lasionycta-luteola,51.7,-116.49,AB,,unassigned,,,,
lasionycta-luteola,51.433,-116.183,AB,,unassigned,,,,
lasionycta-luteola,51.317,-116.183,AB,,unassigned,,,,
lasionycta-luteola,50.2,-114.516,AB,,unassigned,,,,
lasionycta-leucocycla,53.4,-117.583,AB,,unassigned,,,,
lasionycta-leucocycla,52.467,-116.083,AB,,unassigned,,,,
lasionycta-poca,53.2,-117.916,AB,,unassigned,,,,
lasionycta-perplexa,49.6,-114.433,AB,,unassigned,,,,
lasionycta-perplexa,51.1,-115.067,AB,,unassigned,,,,
lasionycta-perplexa,51.433,-116.183,AB,,unassigned,,,,
lasionycta-perplexa,49.694,-112.842,AB,,unassigned,,,,
lasionycta-perplexa,52.467,-116.083,AB,,unassigned,,,,
lasionycta-perplexa,52.217,-117.166,AB,,unassigned,,,,
lasionycta-perplexa,49.05,-113.9,AB,,unassigned,,,,
lasionycta-perplexella,52.18,-117.1,AB,,unassigned,,,,
lasionycta-lagganata,51.433,-116.183,AB,,unassigned,,,,
lasionycta-uniformis,51.7,-116.49,AB,,unassigned,,,,
lasionycta-uniformis,51.433,-116.183,AB,,unassigned,,,,
lasionycta-brunnea,51.7,-116.49,AB,,unassigned,,,,
lasionycta-promulsa,51.7,-116.49,AB,,unassigned,,,,
lasionycta-impingens,51.167,-115.566,AB,,unassigned,,,,
lasionycta-impingens,51.7,-116.49,AB,,unassigned,,,,
lasionycta-impingens,51.433,-116.183,AB,,unassigned,,,,
lasionycta-impingens,51.317,-116.183,AB,,unassigned,,,,
lasionycta-impingens,52.25,-117.233,AB,,unassigned,,,,
lacinipolia-naevia,51.93,-112.97,AB,,unassigned,,,,
lacinipolia-davena,49.05,-113.9,AB,,unassigned,,,,
zosteropoda-hirtipes,49.05,-113.9,AB,,unassigned,,,,
hydroeciodes-serrata,49.05,-113.9,AB,,unassigned,,,,
manulea-bicolor,52.92,-118.03,AB,,unassigned,,,,
smerinthus-ophthalmica,49.694,-112.842,AB,,unassigned,,,,
manulea-bicolor,52.77,-118.03,AB,,unassigned,,,,
smerinthus-ophthalmica,50.044,-110.675,AB,,unassigned,,,,
smerinthus-ophthalmica,49.63,-114.58,AB,,unassigned,,,,
ianassa-pallida,49.05,-113.9,AB,,unassigned,,,,
ianassa-pallida,49.331,-114.292,AB,,unassigned,,,,
pheosia-californica,49.486,-114.117,AB,,unassigned,,,,
hyles-lineata,52.917,-131.6,BC,Skeena-Queen Charlotte,unassigned,,,,
arctia-plantaginis,58.583,-133.816,BC,Stikine,unassigned,,,,
autographa-metallica,53.25,-131.817,BC,Skeena-Queen Charlotte,unassigned,,,,
autographa-metallica,53.25,-131.817,BC,Skeena-Queen Charlotte,unassigned,,,,
apamea-amputatrix,50.864,-129.078,BC,Mount Waddington,unassigned,,,,
anathix-puta,58.583,-133.816,BC,Stikine,unassigned,,,,
platypolia-contadina,58.583,-133.816,BC,Stikine,unassigned,,,,
hyppa-contrasta,49.167,-125.933,BC,,unassigned,,,,
litholomia-napaea,58.583,-133.816,BC,Stikine,unassigned,,,,
mniotype-ducta,58.583,-133.816,BC,Stikine,unassigned,,,,
anarta-nigrolunata,58.583,-133.816,BC,Stikine,unassigned,,,,
melanchra-pulverulenta,58.583,-133.816,BC,Stikine,unassigned,,,,
spiramater-lutra,56.183,-117.6,AB,,unassigned,,,,
acronicta-oblinita,59.125,-110.416,AB,,unassigned,,,,
acronicta-impressa,59.125,-110.416,AB,,unassigned,,,,
panthea-acronyctoides,59.125,-110.416,AB,,unassigned,,,,
malacosoma-californicum,55.167,-118.8,AB,,unassigned,,,,
acronicta-impressa,59.544,-110.315,AB,,unassigned,,,,
acronicta-grisea,59.554,-110.262,AB,,unassigned,,,,
raphia-frater,56.434,-111.225,AB,,unassigned,,,,
acronicta-grisea,59.067,-114.42,AB,,unassigned,,,,
acronicta-grisea,59.061,-114.429,AB,,unassigned,,,,
acronicta-impressa,59.06,-114.432,AB,,unassigned,,,,
acronicta-impressa,56.434,-111.225,AB,,unassigned,,,,
acronicta-grisea,59.011,-114.426,AB,,unassigned,,,,
malacosoma-californicum,55.167,-118.8,AB,,unassigned,,,,
acronicta-impleta,56.434,-111.225,AB,,unassigned,,,,
panthea-acronyctoides,55.487,-113.445,AB,,unassigned,,,,
acronicta-vulpina,59.011,-114.426,AB,,unassigned,,,,
acronicta-lepusculina,56.434,-111.225,AB,,unassigned,,,,
acronicta-fragilis,55.5,-113.383,AB,,unassigned,,,,
acronicta-grisea,56.434,-111.225,AB,,unassigned,,,,
acronicta-grisea,55.5,-113.383,AB,,unassigned,,,,
panthea-acronyctoides,55.458,-113.441,AB,,unassigned,,,,
acronicta-vulpina,55.51,-113.42,AB,,unassigned,,,,
colocasia-propinquilinea,55.51,-113.42,AB,,unassigned,,,,
acronicta-hasta,55.92,-118.6,AB,,unassigned,,,,
panthea-acronyctoides,57.363,-112.739,AB,,unassigned,,,,
acronicta-grisea,55.92,-118.6,AB,,unassigned,,,,
raphia-frater,55.92,-118.6,AB,,unassigned,,,,
acronicta-fragilis,57.399,-112.729,AB,,unassigned,,,,
acronicta-fragilis,57.574,-112.46,AB,,unassigned,,,,
acronicta-lepusculina,55.92,-118.6,AB,,unassigned,,,,
malacosoma-californicum,55.167,-118.8,AB,,unassigned,,,,
acronicta-impressa,55.919,-118.586,AB,,unassigned,,,,
acronicta-innotata,57.574,-112.46,AB,,unassigned,,,,
acronicta-grisea,57.557,-112.506,AB,,unassigned,,,,
panthea-acronyctoides,56.33,-111.31,AB,,unassigned,,,,
acronicta-innotata,57.557,-112.506,AB,,unassigned,,,,
panthea-acronyctoides,56.367,-111.286,AB,,unassigned,,,,
panthea-acronyctoides,57.557,-112.506,AB,,unassigned,,,,
acronicta-grisea,57.589,-112.459,AB,,unassigned,,,,
acronicta-oblinita,56.367,-111.286,AB,,unassigned,,,,
acronicta-grisea,57.573,-112.48,AB,,unassigned,,,,
acronicta-grisea,56.37,-111.28,AB,,unassigned,,,,
acronicta-fragilis,57.571,-112.45,AB,,unassigned,,,,
panthea-acronyctoides,57.571,-112.45,AB,,unassigned,,,,
panthea-acronyctoides,57.533,-112.489,AB,,unassigned,,,,
acronicta-oblinita,55.061,-114.782,AB,,unassigned,,,,
acronicta-grisea,55.061,-114.782,AB,,unassigned,,,,
autographa-ampla,55.104,-117.569,AB,,unassigned,,,,
acronicta-impleta,56.475,-111.194,AB,,unassigned,,,,
manulea-bicolor,55.917,-118.6,AB,,unassigned,,,,
acronicta-insita,59.395,-111.389,AB,,unassigned,,,,
acronicta-impressa,55.254,-118.533,AB,,unassigned,,,,
raphia-frater,55.26,-118.51,AB,,unassigned,,,,
malacosoma-disstria,55.171,-117.717,AB,,unassigned,,,,
malacosoma-disstria,55.617,-117.1,AB,,unassigned,,,,
malacosoma-disstria,55.833,-117.132,AB,,unassigned,,,,
malacosoma-disstria,56.183,-117.333,AB,,unassigned,,,,
malacosoma-californicum,55.745,-118.233,AB,,unassigned,,,,
malacosoma-californicum,55.229,-119.361,AB,,unassigned,,,,
malacosoma-californicum,56.188,-119.954,AB,,unassigned,,,,
malacosoma-californicum,56.567,-119.523,AB,,unassigned,,,,
malacosoma-californicum,56.067,-118.383,AB,,unassigned,,,,
malacosoma-californicum,55.167,-118.933,AB,,unassigned,,,,
malacosoma-californicum,55.167,-118.8,AB,,unassigned,,,,
malacosoma-californicum,55.433,-116.866,AB,,unassigned,,,,
malacosoma-californicum,56.733,-111.383,AB,,unassigned,,,,
malacosoma-californicum,55.756,-118.709,AB,,unassigned,,,,
malacosoma-californicum,56.117,-117.5,AB,,unassigned,,,,
malacosoma-californicum,56.481,-116.638,AB,,unassigned,,,,
malacosoma-californicum,55.816,-118.373,AB,,unassigned,,,,
malacosoma-californicum,55.196,-112.475,AB,,unassigned,,,,
clostera-albosigma,57.58,-112.467,AB,,unassigned,,,,
hemaris-diffinis,56.726,-111.38,AB,,unassigned,,,,
hemaris-diffinis,55.25,-118.53,AB,,unassigned,,,,
spilosoma-virginica,55.924,-118.598,AB,,unassigned,,,,
spilosoma-virginica,59.395,-111.389,AB,,unassigned,,,,
drasteria-hudsonica,58.4,-116,AB,,unassigned,,,,
drasteria-adumbrata,57.166,-117.379,AB,,unassigned,,,,
caenurgina-crassiuscula,55.55,-114.85,AB,,unassigned,,,,
euclidia-cuspidea,58.4,-116,AB,,unassigned,,,,
anagrapha-falcifera,55.924,-118.598,AB,,unassigned,,,,
sideridis-maryx,59.549,-110.43,AB,,unassigned,,,,
lasionycta-taigata,57.533,-112.489,AB,,unassigned,,,,
lasionycta-taigata,55.069,-113.28,AB,,unassigned,,,,
lasionycta-taigata,59.066,-114.42,AB,,unassigned,,,,
lasionycta-taigata,59.066,-114.42,AB,,unassigned,,,,
lasionycta-taigata,59.066,-114.42,AB,,unassigned,,,,
clostera-brucei,49.613,-114.675,AB,,unassigned,,,,
lacinipolia-stenotis,47.605,-119.348,WA,Grant,assigned-contained,,US:53025,,
lacinipolia-stenotis,46.065,-118.352,WA,Walla Walla,assigned-contained,,US:53071,,
lacinipolia-stenotis,46.086,-118.904,WA,Walla Walla,assigned-contained,,US:53071,,
lacinipolia-stenotis,46.217,-120.433,WA,Yakima,assigned-contained,,US:53077,,
lacinipolia-stenotis,49.3,-119.55,BC,Okanagan-Similkameen,assigned-contained,,CA:5907,,
lacinipolia-stenotis,49.183,-119.549,BC,Okanagan-Similkameen,assigned-contained,,CA:5907,,
lacinipolia-stenotis,49.183,-119.549,BC,Okanagan-Similkameen,assigned-contained,,CA:5907,,
lacinipolia-stenotis,49.183,-119.549,BC,Okanagan-Similkameen,assigned-contained,,CA:5907,,
euxoa-olivalis,50.743,-110.071,AB,,assigned-fallback,,CA:4804,0.129,
papaipema-unimoda,46.693,-114.044,MT,Missoula,assigned-contained,,US:30063,,
lacinipolia-stenotis,42.889,-118.899,OR,Harney,assigned-contained,,US:41025,,
lacinipolia-stenotis,44.564,-121.274,OR,Jefferson,assigned-contained,,US:41031,,
lacinipolia-stenotis,44.5,-121.17,OR,Jefferson,assigned-contained,,US:41031,,
lacinipolia-stenotis,43.049,-118.204,OR,Malheur,assigned-contained,,US:41045,,
