binomial,Distribution:In which State/Province was the moth found?:Washington,Distribution:In which State/Province was the moth found?:Idaho,Distribution:In which State/Province was the moth found?:Oregon,Distribution:In which State/Province was the moth found?:Western Montana,Distribution:In which State/Province was the moth found?:British Columbia,Distribution:In which ecoregion in Washington?:Coast Range,Distribution:In which ecoregion in Washington?:Willamette Valley,Distribution:In which ecoregion in Washington?:Puget Lowland,Distribution:In which ecoregion in Washington?:Eastern Cascades slopes and foothills,Distribution:In which ecoregion in Washington?:Columbia Plateau,Distribution:In which ecoregion in Washington?:Northern Rockies,Distribution:In which ecoregion in Washington?:Blue Mountains,Distribution:In which ecoregion in Washington?:Olympic Highlands,Distribution:In which ecoregion in Washington?:North Cascades,Distribution:In which ecoregion in Washington?:Central Cascades,Distribution:In which ecoregion in Idaho?:Columbia Plateau,Distribution:In which ecoregion in Idaho?:Northern Rockies,Distribution:In which ecoregion in Idaho?:Blue Mountains,Distribution:In which ecoregion in Idaho?:Northern Basin and Range,Distribution:In which ecoregion in Idaho?:Snake River Plain,Distribution:In which ecoregion in Idaho?:Idaho Batholith,Distribution:In which ecoregion in Idaho?:Middle Rockies,Distribution:In which ecoregion in Idaho?:Wyoming Basin,Distribution:In which ecoregion in Idaho?:Wasatch and Uinta Mountains,Distribution:In which ecoregion in Idaho?:Central Basin and Range,Distribution:In which ecoregion in Oregon?:Coast Range,Distribution:In which ecoregion in Oregon?:Willamette Valley,Distribution:In which ecoregion in Oregon?:Eastern Cascades slopes and foothills,Distribution:In which ecoregion in Oregon?:Columbia Plateau,Distribution:In which ecoregion in Oregon?:Blue Mountains,Distribution:In which ecoregion in Oregon?:Central Cascades,Distribution:In which ecoregion in Oregon?:Klamath Mts/California High North Coast Range,Distribution:In which ecoregion in Oregon?:Northern Basin and Range,Distribution:In which ecoregion in Oregon?:Snake River Plain,Distribution:In which ecoregion in Western Montana?:Northern Rockies,Distribution:In which ecoregion in Western Montana?:Idaho Batholith,Distribution:In which ecoregion in Western Montana?:Middle Rockies,Distribution:In which ecoregion in Western Montana?:Canadian Rockies,Distribution:In which ecoregion in Western Montana?:Wyoming Basin,Distribution:In which ecoregion in Western Montana?:Northwest Glaciated Plains,Distribution:In which ecoregion in Western Montana?:Northwest Great Plains,Distribution:In which ecoregion in British Columbia?:Georgia Depression,Distribution:In which ecoregion in British Columbia?:Coast and Mountains,Distribution:In which ecoregion in British Columbia?:Southern Interior,Distribution:In which ecoregion in British Columbia?:Southern Interior Mountains,Distribution:In which ecoregion in British Columbia?:Central Interior,Distribution:In which ecoregion in British Columbia?:Sub-Boreal Interior,Distribution:In which ecoregion in British Columbia?:Boreal Plains,Distribution:In which ecoregion in British Columbia?:Taiga Plains,Distribution:In which ecoregion in British Columbia?:Northern Boreal Mountains,Distribution:In which ecoregion in British Columbia?:Southern Alaska Mountains,Distribution:In which ecoregion in British Columbia?:Northeast Pacific,Seasonality:In which month was the moth found?:January,Seasonality:In which month was the moth found?:February,Seasonality:In which month was the moth found?:March,Seasonality:In which month was the moth found?:April,Seasonality:In which month was the moth found?:May,Seasonality:In which month was the moth found?:June,Seasonality:In which month was the moth found?:July,Seasonality:In which month was the moth found?:August,Seasonality:In which month was the moth found?:September,Seasonality:In which month was the moth found?:October,Seasonality:In which month was the moth found?:November,Seasonality:In which month was the moth found?:December,Size:Approximate size (forewing length):Small (4mm to 11mm),Size:Approximate size (forewing length):Medium (12mm to 19mm),Size:Approximate size (forewing length):Large (20mm to 34mm),Size:Approximate size (forewing length):Very Large - Greater than 34mm,Size:Precise size (forewing length) of small moths:4mm,Size:Precise size (forewing length) of small moths:5mm,Size:Precise size (forewing length) of small moths:6mm,Size:Precise size (forewing length) of small moths:7mm,Size:Precise size (forewing length) of small moths:8mm,Size:Precise size (forewing length) of small moths:9mm,Size:Precise size (forewing length) of small moths:10mm,Size:Precise size (forewing length) of small moths:11mm,Size:Precise size (forewing length) of medium moths:12mm,Size:Precise size (forewing length) of medium moths:13mm,Size:Precise size (forewing length) of medium moths:14mm,Size:Precise size (forewing length) of medium moths:15mm,Size:Precise size (forewing length) of medium moths:16mm,Size:Precise size (forewing length) of medium moths:17mm,Size:Precise size (forewing length) of medium moths:18mm,Size:Precise size (forewing length) of medium moths:19mm,Size:Precise size (forewing length) of large moths:20mm - 22mm,Size:Precise size (forewing length) of large moths:22mm - 24mm,Size:Precise size (forewing length) of large moths:24mm - 26mm,Size:Precise size (forewing length) of large moths:26mm - 28mm,Size:Precise size (forewing length) of large moths:28mm - 30mm,Size:Precise size (forewing length) of large moths:30mm - 32mm,Size:Precise size (forewing length) of large moths:32mm - 34mm,Size:Precise size (forewing length) of very large moths:35mm - 40mm,Size:Precise size (forewing length) of very large moths:40mm - 45mm,Size:Precise size (forewing length) of very large moths:45mm - 50mm,Size:Precise size (forewing length) of very large moths:50mm - 55mm,Size:Precise size (forewing length) of very large moths:55mm - 60mm,Size:Precise size (forewing length) of very large moths:60mm - 65mm,Size:Precise size (forewing length) of very large moths:65mm - 85mm,"Wing shape and size:Is the outer margin of the forewing strongly scalloped, irregular, or smooth?:Strongly scalloped","Wing shape and size:Is the outer margin of the forewing strongly scalloped, irregular, or smooth?:Irregular","Wing shape and size:Is the outer margin of the forewing strongly scalloped, irregular, or smooth?:Smooth or weakly scalloped","Wing shape and size:Is the outer margin of the hindwing scalloped, irregular, or smooth?:Scalloped","Wing shape and size:Is the outer margin of the hindwing scalloped, irregular, or smooth?:Irregular","Wing shape and size:Is the outer margin of the hindwing scalloped, irregular, or smooth?:Smooth",Wing shape and size:Does the forewing have a strongly-hooked wing tip?:Yes,Wing shape and size:Does the forewing have a strongly-hooked wing tip?:No,Wing shape and size:Relative size of forewing and hindwing:Forewing much larger than hindwing,Wing shape and size:Relative size of forewing and hindwing:Forewing somewhat larger to a little smaller than hindwing,Wing shape and size:Relative size of forewing and hindwing:Forewing much smaller than hindwing,Forewing color and pattern:Color:Main color of forewing:Black,Forewing color and pattern:Color:Main color of forewing:White,Forewing color and pattern:Color:Main color of forewing:Gray,Forewing color and pattern:Color:Main color of forewing:Brown,Forewing color and pattern:Color:Main color of forewing:Tan,Forewing color and pattern:Color:Main color of forewing:Yellow,Forewing color and pattern:Color:Main color of forewing:Orange,Forewing color and pattern:Color:Main color of forewing:Red,Forewing color and pattern:Color:Main color of forewing:Pink,Forewing color and pattern:Color:Main color of forewing:Purple,Forewing color and pattern:Color:Main color of forewing:Blue,Forewing color and pattern:Color:Main color of forewing:Green,Forewing color and pattern:Color:Main color of forewing:Transparent,Forewing color and pattern:Color:Additional major forewing color(s). Only select additional colors if they are a prominent feature of the forewing.:No other major colors in forewing,Forewing color and pattern:Color:Additional major forewing color(s). Only select additional colors if they are a prominent feature of the forewing.:Black,Forewing color and pattern:Color:Additional major forewing color(s). Only select additional colors if they are a prominent feature of the forewing.:White,Forewing color and pattern:Color:Additional major forewing color(s). Only select additional colors if they are a prominent feature of the forewing.:Gray,Forewing color and pattern:Color:Additional major forewing color(s). Only select additional colors if they are a prominent feature of the forewing.:Brown,Forewing color and pattern:Color:Additional major forewing color(s). Only select additional colors if they are a prominent feature of the forewing.:Tan,Forewing color and pattern:Color:Additional major forewing color(s). Only select additional colors if they are a prominent feature of the forewing.:Yellow,Forewing color and pattern:Color:Additional major forewing color(s). Only select additional colors if they are a prominent feature of the forewing.:Orange,Forewing color and pattern:Color:Additional major forewing color(s). Only select additional colors if they are a prominent feature of the forewing.:Red,Forewing color and pattern:Color:Additional major forewing color(s). Only select additional colors if they are a prominent feature of the forewing.:Pink,Forewing color and pattern:Color:Additional major forewing color(s). Only select additional colors if they are a prominent feature of the forewing.:Purple,Forewing color and pattern:Color:Additional major forewing color(s). Only select additional colors if they are a prominent feature of the forewing.:Blue,Forewing color and pattern:Color:Additional major forewing color(s). Only select additional colors if they are a prominent feature of the forewing.:Green,Forewing color and pattern:Color:Additional major forewing color(s). Only select additional colors if they are a prominent feature of the forewing.:Transparent,Forewing color and pattern:Stigma:Does the forewing have a stigma?:Yes,Forewing color and pattern:Stigma:Does the forewing have a stigma?:No,Forewing color and pattern:Stigma:Is the stigma very large?:Yes,Forewing color and pattern:Stigma:Is the stigma very large?:No,Forewing color and pattern:Stigma:What type of stigma does it have?:Divided,Forewing color and pattern:Stigma:What type of stigma does it have?:Bilobed,Forewing color and pattern:Stigma:What type of stigma does it have?:Sock shaped,Forewing color and pattern:Stigma:What type of stigma does it have?:Long and curved,Forewing color and pattern:Stigma:What type of stigma does it have?:Shaped like a small letter v or u,Forewing color and pattern:Stigma:What type of stigma does it have?:Long line,Forewing color and pattern:Stigma:Is the area behind the stigma much darker than the rest of the forewing?:Yes,Forewing color and pattern:Stigma:Is the area behind the stigma much darker than the rest of the forewing?:No,"Forewing color and pattern:Lines, dashes, veins and stripes:Do the forewing veins contrast distinctly with the rest of the wing?:Yes","Forewing color and pattern:Lines, dashes, veins and stripes:Do the forewing veins contrast distinctly with the rest of the wing?:No","Forewing color and pattern:Lines, dashes, veins and stripes:Does the outer part of the forewing have fine parallel lines that are not all restricted to the veins?:Yes","Forewing color and pattern:Lines, dashes, veins and stripes:Does the outer part of the forewing have fine parallel lines that are not all restricted to the veins?:No","Forewing color and pattern:Lines, dashes, veins and stripes:Does the forewing have a prominent, contrastingly-dark anal dash?:Yes","Forewing color and pattern:Lines, dashes, veins and stripes:Does the forewing have a prominent, contrastingly-dark anal dash?:No","Forewing color and pattern:Lines, dashes, veins and stripes:Does the forewing have a prominent, contrastingly-dark median dash?:Yes","Forewing color and pattern:Lines, dashes, veins and stripes:Does the forewing have a prominent, contrastingly-dark median dash?:No","Forewing color and pattern:Lines, dashes, veins and stripes:Does the forewing have a prominent, contrastingly-dark basal dash?:Yes","Forewing color and pattern:Lines, dashes, veins and stripes:Does the forewing have a prominent, contrastingly-dark basal dash?:No","Forewing color and pattern:Lines, dashes, veins and stripes:Does the forewing have a prominent, contrastingly-dark apical dash?:Yes","Forewing color and pattern:Lines, dashes, veins and stripes:Does the forewing have a prominent, contrastingly-dark apical dash?:No","Forewing color and pattern:Lines, dashes, veins and stripes:Is the costal area of the forewing much paler than the rest of the wing?:Yes","Forewing color and pattern:Lines, dashes, veins and stripes:Is the costal area of the forewing much paler than the rest of the wing?:No",Forewing color and pattern:Spots:Does the forewing have an eyespot?:Yes,Forewing color and pattern:Spots:Does the forewing have an eyespot?:No,Forewing color and pattern:Spots:Does the forewing have an obvious claviform spot?:Yes,Forewing color and pattern:Spots:Does the forewing have an obvious claviform spot?:No,"Forewing color and pattern:Spots:Does the forewing have a distinct, large white dot near the anal angle?:Yes","Forewing color and pattern:Spots:Does the forewing have a distinct, large white dot near the anal angle?:No","Forewing color and pattern:Spots:Does the forewing have obvious, distinctly-separate orbicular AND discal spots?:Yes","Forewing color and pattern:Spots:Does the forewing have obvious, distinctly-separate orbicular AND discal spots?:No","Forewing color and pattern:Spots:Does the forewing have a large, outlined spot spanning both the orbicular and discal regions?:Yes","Forewing color and pattern:Spots:Does the forewing have a large, outlined spot spanning both the orbicular and discal regions?:No",Forewing color and pattern:Fringe color/pattern:Does the forewing fringe have a color and/or pattern that is distinct from the adjacent part of the wing?:Yes,Forewing color and pattern:Fringe color/pattern:Does the forewing fringe have a color and/or pattern that is distinct from the adjacent part of the wing?:No,Hindwing color and pattern:Color:Main hindwing color:Black,Hindwing color and pattern:Color:Main hindwing color:White,Hindwing color and pattern:Color:Main hindwing color:Gray,Hindwing color and pattern:Color:Main hindwing color:Brown,Hindwing color and pattern:Color:Main hindwing color:Tan,Hindwing color and pattern:Color:Main hindwing color:Yellow,Hindwing color and pattern:Color:Main hindwing color:Orange,Hindwing color and pattern:Color:Main hindwing color:Red,Hindwing color and pattern:Color:Main hindwing color:Pink,Hindwing color and pattern:Color:Main hindwing color:Purple,Hindwing color and pattern:Color:Main hindwing color:Blue,Hindwing color and pattern:Color:Main hindwing color:Green,Hindwing color and pattern:Color:Main hindwing color:Transparent,Hindwing color and pattern:Color:Additional major hindwing color(s). Only select additional colors if they are a prominent feature of the hindwing.:No other major colors in hindwing,Hindwing color and pattern:Color:Additional major hindwing color(s). Only select additional colors if they are a prominent feature of the hindwing.:Black,Hindwing color and pattern:Color:Additional major hindwing color(s). Only select additional colors if they are a prominent feature of the hindwing.:White,Hindwing color and pattern:Color:Additional major hindwing color(s). Only select additional colors if they are a prominent feature of the hindwing.:Gray,Hindwing color and pattern:Color:Additional major hindwing color(s). Only select additional colors if they are a prominent feature of the hindwing.:Brown,Hindwing color and pattern:Color:Additional major hindwing color(s). Only select additional colors if they are a prominent feature of the hindwing.:Tan,Hindwing color and pattern:Color:Additional major hindwing color(s). Only select additional colors if they are a prominent feature of the hindwing.:Yellow,Hindwing color and pattern:Color:Additional major hindwing color(s). Only select additional colors if they are a prominent feature of the hindwing.:Orange,Hindwing color and pattern:Color:Additional major hindwing color(s). Only select additional colors if they are a prominent feature of the hindwing.:Red,Hindwing color and pattern:Color:Additional major hindwing color(s). Only select additional colors if they are a prominent feature of the hindwing.:Pink,Hindwing color and pattern:Color:Additional major hindwing color(s). Only select additional colors if they are a prominent feature of the hindwing.:Purple,Hindwing color and pattern:Color:Additional major hindwing color(s). Only select additional colors if they are a prominent feature of the hindwing.:Blue,Hindwing color and pattern:Color:Additional major hindwing color(s). Only select additional colors if they are a prominent feature of the hindwing.:Green,Hindwing color and pattern:Color:Additional major hindwing color(s). Only select additional colors if they are a prominent feature of the hindwing.:Transparent,Hindwing color and pattern:Pattern:Does the hindwing have an eyespot?:Yes,Hindwing color and pattern:Pattern:Does the hindwing have an eyespot?:No,Hindwing color and pattern:Pattern:Does the hindwing have a discal spot?:Yes,Hindwing color and pattern:Pattern:Does the hindwing have a discal spot?:No,Hindwing color and pattern:Pattern:Is the discal spot on the hindwing strong or weak?:Strong,Hindwing color and pattern:Pattern:Is the discal spot on the hindwing strong or weak?:Weak,Hindwing color and pattern:Pattern:Do the hindwing veins contrast distinctly with the rest of the wing?:Yes,Hindwing color and pattern:Pattern:Do the hindwing veins contrast distinctly with the rest of the wing?:No,"Hindwing color and pattern:Pattern:Does the hindwing have an obvious, clearly-defined postmedial line?:Yes","Hindwing color and pattern:Pattern:Does the hindwing have an obvious, clearly-defined postmedial line?:No","Hindwing color and pattern:Pattern:Does the hindwing have a wide, distinct, strongly-contrasting band on the outer margin?:Yes","Hindwing color and pattern:Pattern:Does the hindwing have a wide, distinct, strongly-contrasting band on the outer margin?:No",Hindwing color and pattern:Pattern:Is the marginal band darker or lighter than the adjacent area?:Darker,Hindwing color and pattern:Pattern:Is the marginal band darker or lighter than the adjacent area?:Lighter,Hindwing color and pattern:Pattern:Does the marginal band contain one or more spots?:Yes,Hindwing color and pattern:Pattern:Does the marginal band contain one or more spots?:No,Hindwing color and pattern:Pattern:Does the hindwing fringe have a color and/or pattern that is distinct from the adjacent part of the wing?:Yes,Hindwing color and pattern:Pattern:Does the hindwing fringe have a color and/or pattern that is distinct from the adjacent part of the wing?:No,Abdomen and thorax:Do the abdomen and thorax clearly differ in color and/or pattern?:Yes,Abdomen and thorax:Do the abdomen and thorax clearly differ in color and/or pattern?:No,Abdomen and thorax:Thorax:Do both the color and pattern of the thorax blend with the base of the forewing?:Yes,Abdomen and thorax:Thorax:Do both the color and pattern of the thorax blend with the base of the forewing?:No,Abdomen and thorax:Thorax:Do the color and/or pattern of the patagia clearly differ from the rest of the thorax?:Patagia are very distinct,Abdomen and thorax:Thorax:Do the color and/or pattern of the patagia clearly differ from the rest of the thorax?:Patagia are not distinct,Abdomen and thorax:Thorax:Does the color of the collar (immediately behind the head) clearly differ from the rest of the thorax?:Yes,Abdomen and thorax:Thorax:Does the color of the collar (immediately behind the head) clearly differ from the rest of the thorax?:No,Abdomen and thorax:Abdomen:Does the upper side of the abdomen have a strongly-contrasting solid line down the middle?:Yes,Abdomen and thorax:Abdomen:Does the upper side of the abdomen have a strongly-contrasting solid line down the middle?:No,Abdomen and thorax:Abdomen:Does the upper side of the abdomen have a strongly-contrasting row of large spots down the middle?:Yes,Abdomen and thorax:Abdomen:Does the upper side of the abdomen have a strongly-contrasting row of large spots down the middle?:No,Abdomen and thorax:Abdomen:Is the upper side of the abdomen crossed by strongly-contrasting bands or rings?:Yes,Abdomen and thorax:Abdomen:Is the upper side of the abdomen crossed by strongly-contrasting bands or rings?:No,"Abdomen and thorax:Abdomen:Does it appear as if the tip of the abdomen was ""dipped"" in a different color?:Yes","Abdomen and thorax:Abdomen:Does it appear as if the tip of the abdomen was ""dipped"" in a different color?:No",Eyes:Does the moth have hairs on its eyes?:Yes,Eyes:Does the moth have hairs on its eyes?:No
Habrosyne scripta,1,1,1,1,1,1,1,1,,1,1,,,1,1,,1,1,,1,1,,,,,1,1,1,,,1,,,,,,,,,,1,1,1,1,1,1,1,1,,,,,,,,,1,1,1,1,1,,,,,1,1,,,,,,,,,,,,,,,1,1,1,1,,,,,,,,,,,,,,,,1,,,1,,1,,1,,,1,,1,1,,,,,,,,,,,1,1,1,1,,,,,,,,,,1,,,,,,,,,,,,1,,1,,1,,1,,1,,1,1,1,,1,,1,,1,1,,,1,1,1,,,,1,1,,,,,,,,,1,,1,1,1,1,,,,,,,,,,1,1,1,,1,1,1,,1,,1,,,,,1,,1,1,1,,,1,,1,,1,,1,,1,,1,,1
Pseudothyatira cymatophoroides,1,1,1,,1,1,1,1,,1,1,1,,1,1,1,1,1,,,1,1,,,,1,1,,,,1,1,,,,,,,,,,1,1,1,1,1,1,,,,,,,,,,1,1,1,1,1,,,,,1,1,,,,,,,,,,,,,,,,,1,1,,,,,,,,,,,,,,,,1,,,1,,1,,1,,,,1,1,1,,,,,,,,,1,,,1,1,1,,1,,,,,,,,1,,,,,,,,,,,,1,,1,,1,,1,,1,,1,,1,,1,,1,,1,1,,,1,1,1,,,1,1,1,,,,,,,,,1,,,1,1,1,,,,,,,,,,1,,1,,,,1,,1,,1,,,,,1,,,1,1,,,1,,1,,1,,1,,1,,1,,1
Euthyatira lorata,1,,1,,,,,1,1,1,,,,1,1,,,,,,,,,,,1,1,,,,1,1,,,,,,,,,,,,,,,,,,,,,,,1,1,1,1,,,,,,,,,1,,,,,,,,,,,,,,,,,,,1,,,,,,,,,,,,,,,1,,,1,,1,,1,,,1,1,,,,,,,,,,,,1,1,1,1,1,,,,,,,,,,1,,,,,,,,,,,,1,,1,,1,,1,,1,,1,,1,,1,,1,1,1,1,,,1,1,,,,,1,1,,,,,,,,,1,,,,1,1,,1,,,,,,,,1,,1,,,1,1,,1,,1,,,,,1,,1,,1,,1,1,1,1,,1,,1,,1,,1,,1
Euthyatira pudens,1,1,1,,1,,,1,,1,,,,1,,,1,,,,,,,,,,,,,1,,,,,,,,,,,,1,1,1,1,,,1,,,,,,,1,1,1,1,1,,1,,,,,1,1,,,,,,,,,,,,,,,,,1,1,1,,,,,,,,,,,,,,,1,,,1,,1,,1,,,1,1,,,,,,1,,,,,,,1,1,1,1,,,,1,,,,,,1,,,,,,,,,,,,1,,1,,1,,1,,1,,1,,1,,1,,1,1,1,,1,1,1,1,1,,,1,1,1,,,,,,,,,1,,,1,1,1,,,,,,,,,,1,1,1,,1,1,1,,1,,1,,,,,1,1,1,,1,,1,1,1,1,,1,,1,,1,,1,,1
Euthyatira semicircularis,1,1,1,,1,,,1,1,1,1,1,,1,1,1,1,1,,,,,,1,,1,1,1,1,1,1,1,1,,,,,,,,,1,,1,1,,,,,,,,,,1,1,1,1,1,1,,,,,,1,1,,,,,,,,,,,,,,,,,1,1,1,,,,,,,,,,,,,,,1,,,1,,1,,1,,,,1,1,,,,,,,,,,,,1,1,1,1,,,,1,,,,,,1,,,,,,,,,,,,1,,1,,1,,1,,1,,1,,1,,1,,1,,1,1,1,,1,1,1,,,1,1,1,,,,,,,,,1,,,1,1,1,,,,,,,,,,1,1,1,,1,1,,,1,,1,,,,,1,1,1,,1,,1,1,1,1,,1,,1,,1,,1,,1
Ceranemota improvisa,1,,1,,1,,,1,,1,,,,1,,,,,,,,,,,,1,1,,,,1,,,,,,,,,,,1,,,,,,,,,,,,,,,1,1,1,1,1,1,1,1,,1,,,,,,,,,,,,,,1,1,1,,,,,,,,,,,,,,,,,,,1,,,1,,1,,1,,,,1,1,,,,,,,,,,,1,,1,1,1,,,,,,,,,,1,,,,,,,,,,,,1,,1,,1,,1,,1,,1,,1,,1,,1,,1,,1,,1,1,1,,,1,,,,,,,,,,,1,,,,,,,,,,,,,,,1,1,1,,1,,1,,1,,1,,,,,1,1,1,,1,,1,1,1,1,,1,,1,,1,1,1,,1
Ceranemota fasciata,1,1,1,,1,,,1,1,1,1,1,,1,1,1,1,,,,,,,,,1,1,,1,,1,,,,,,,,,,,1,1,1,1,,,,,1,,,,,,,,,1,1,1,1,1,,,1,1,,,,,,,,,,,,,,1,1,1,1,1,,,,,,,,,,,,,,,,1,,,1,,1,,1,,,,1,,,,,,,,,1,,,1,,1,1,1,,1,1,,,,1,,,1,,,,,,,,,,,,1,,1,,1,,1,,1,,1,,1,,1,,1,,1,,1,,1,1,1,,,1,,,,,,,,,,,1,1,,,,,,,,,,,,,,1,1,1,,1,,1,,1,,1,,,,,,1,1,1,1,,,1,1,1,,1,,1,,1,,1,,1
Ceranemota crumbi,1,,1,,,,,,1,1,,,,1,1,,,,,,,,,,,1,1,,,,1,,,,,,,,,,,,,,,,,,,,,,,,,,,,,1,1,1,1,,,1,,,,,,,,,,,,,1,1,1,1,,,,,,,,,,,,,,,,,,,1,,,1,,1,,1,,,,,1,,,,,,,,,,1,1,,,1,1,,,,,,,,,,1,,,,,,,,,,,,1,,1,,1,,1,,1,,1,,1,,1,,1,,1,,1,,1,1,,,,1,1,,,,,,,,,,1,,,1,1,1,,,,,,,,,,1,,1,,,,1,,1,,1,,,,,1,,1,1,1,,,1,,1,,1,,1,,1,,1,,1
Ceranemota tearlei,1,1,1,1,1,,,,1,1,1,1,,1,1,1,1,,,1,,,,1,,,,1,,1,1,1,1,,,,1,,,,,,,1,1,1,,1,,,,,,,,1,,1,1,1,1,1,,,,1,1,,,,,,,,,,,,,,1,1,1,1,1,,,,,,,,,,,,,,,,1,,,1,,1,,1,,,,1,,,,,,,,,,,,1,,1,1,,,1,,,,,,,,1,,,,,,,,,,,,1,,1,,1,,1,,1,,1,,1,,1,,1,,1,,1,,1,1,1,,1,1,,,,,,,,,,,1,,,,,,,,,,,,,,,1,,1,,,,1,,1,,1,,,,,,1,1,1,1,,,1,1,1,,1,,1,,1,,1,,1
Drepana arcuata,1,1,1,,1,1,,1,,1,1,1,,1,1,,1,,,,,1,,,,1,1,1,,1,1,,,,,,,,,,,1,1,1,1,1,,,1,,,,,,,1,1,1,1,1,1,,,,,1,1,,,,,,,,,,,,,,,1,1,1,1,,,,,,,,,,,,,,,1,1,,,1,1,,,1,,,,,1,1,1,,,,,,,,,,,,1,1,1,1,,,,,,,,1,,,,,,,,,,,,1,,1,,1,,1,,1,,1,,1,,1,,1,,1,1,1,,1,1,1,,1,,,1,,,,,,,,,1,,,,1,1,,,,,,,,,,1,1,1,,1,,1,1,1,,1,,,,,1,,,1,1,,,1,,1,,1,,1,,1,,1,,1
Drepana bilineata,1,1,1,,1,1,,1,,,1,,,1,1,,1,,,,,,,,,1,1,,,1,1,,,,,,,,,,,1,1,1,1,1,,1,,,,,,,,1,1,1,1,1,1,,,,,1,1,,,,,,,,,,,,,,,1,1,1,1,,,,,,,,,,,,,,1,1,,,,1,1,,,1,,,,,1,1,1,,,,,,,,,,,,1,1,1,,,,,,,,,1,,,,,,,,,,,,1,,1,,1,,1,,1,,1,,1,,1,,1,,1,,1,,1,1,,,1,,,1,,,,,,,,,1,,,,1,1,,,,,,,,,,1,1,1,,1,,1,,1,,1,,,,,1,,,1,1,,,1,,1,,1,,1,,1,,1,,1
Eudeilinia herminiata,,,,,1,,,,,,,,,,,,,,,,,,,,,,,,,,,,,,,,,,,,,,,,,,,1,,,,,,,,,,1,1,1,,,,,1,1,,,,,,,,,,1,1,1,,,,,,,,,,,,,,,,,,,,,,,1,,,1,,1,,1,,,1,,,,,,,,,,,,1,,,1,,1,,1,,,,,,,,1,,,,,,,,,,,,1,,1,,1,,1,,1,,1,,1,,1,,1,,1,,1,,1,,1,,1,,,,,,,,,,,,1,,,1,,,,,,,,,,,,1,,1,,,,1,1,1,,1,,,,,,1,,1,1,1,,1,,1,,1,,1,,1,,1,,1
Oreta rosea,,,,,1,,,,,,,,,,,,,,,,,,,,,,,,,,,,,,,,,,,,,,1,1,,1,,1,,,,,,,,,,,1,1,1,,,,,1,,,,,,,,,,,,,1,1,1,1,,,,,,,,,,,,,,,,,,1,1,,,1,1,,,1,,,,,,1,1,1,,,,,,,,1,1,,,1,1,1,1,,,,,,,1,,,,,,,,,,,,1,,1,,1,,1,,1,,1,,1,,1,,1,,1,1,1,,1,1,1,,,,,1,1,1,,,,,,,1,1,,,,,1,1,1,,,,,,,1,1,1,,1,,1,1,1,,1,,,,,1,,,1,1,,,1,,1,,1,,1,,1,1,1,,1
Callizzia amorata,1,1,1,1,1,1,,1,,1,1,,,1,1,,1,1,,,,,,1,,1,1,,,1,1,,,,,,,1,,,,1,1,1,1,1,,1,,1,,,,,,,1,1,1,1,1,,,,1,1,,,,,,,,,1,1,1,,,,,,,,,,,,,,,,,,,,,,,,1,1,1,,,1,,1,,,,1,1,,,,,,,,,,1,1,,1,1,,,,,,,,,,,1,,,,,,,,,,,,1,,1,,1,,1,,1,,1,,1,,1,,1,,1,,1,,1,,1,1,,1,1,,,,,,,,,,1,1,,1,1,,,,,,,,,,,1,,1,,,,1,1,,,1,,,,,,1,,1,1,,,1,,1,,1,,1,,1,1,1,,1
Tolype laricis,,,,,1,,,,,,,,,,,,,,,,,,,,,,,,,,,,,,,,,,,,,,,1,,1,,,,,,,,,,,,,,,1,,,,1,1,,,,,,,,,,1,1,,,,,,,,,,,,,,,,,,,,,,,,1,,,1,,1,,1,,,,1,,,,,,,,,,,1,,1,1,1,,,,,,,,,,,1,,,,,,,,,,,1,1,,1,,1,,1,,1,,1,,1,,1,,1,,1,,1,,1,1,1,,,1,,,,,,,,,,,1,,,,,,,,,,,,,,,1,,1,,,1,1,,1,,1,,,,,1,1,1,1,,1,1,1,,1,,1,,1,,1,1,,,1
Tolype distincta,1,1,1,1,1,1,,1,1,1,1,1,,1,1,1,1,,,,1,1,,,,1,1,1,1,1,1,1,,,1,,,,,,,1,,1,1,,,,,,,,,,,,1,1,1,1,1,1,,,,1,1,,,,,,,,,,,1,1,1,,,,1,1,,,,,,,,,,,,,,,,1,,,1,,1,,1,,,1,1,,,,,,,,,,,1,,1,1,,,,,,,,,,,,1,,,,,,,,,,,1,1,,1,,1,,1,,1,,1,,1,,1,,1,,1,,1,,1,1,1,,1,1,,,,,,,,,,,1,,1,1,,,,,,,,,,,,1,,1,,,1,1,,1,,1,,,,,1,1,1,1,,1,1,1,,1,,1,,1,,1,,1,,1
Phyllodesma americana,1,1,1,1,1,1,1,1,1,1,1,1,,1,1,1,1,1,1,1,1,,,1,,1,1,1,,1,1,1,1,,,,,,,,1,1,1,1,1,1,,1,,1,,,,1,1,1,1,1,1,1,,,,,,1,1,,,,,,,,,,,,1,1,1,1,,1,1,,,,,,,,,,,,,,,,1,1,,1,,1,1,1,,,,,1,,,,1,,,,,,1,,1,1,1,,,,1,,,,,,,1,,,,,,,,,,,,1,,1,,1,,1,,1,,1,,1,,1,,1,,1,1,1,,1,1,,,,,1,,,,1,,,,,,1,,1,1,1,,,,1,,,,,,,1,,1,,,,1,1,1,1,1,1,,,1,1,,,1,1,,,1,,1,,1,,1,,1,,1,,1
Phyllodesma coturnix,,,,,,,,,,,,,,,,,,,,,,,,,,,,,,,,,,,,,,,,,,,,,,,,,,,,,,,,,1,1,1,,,,,,,1,,,,,,,,,,,,,,1,1,1,,1,,,,,,,,,,,,,,,,,1,1,,1,,1,1,1,,,,,1,,,1,1,,,,,,1,,1,1,1,1,,1,,,,,,,,1,,,,,,,,,,,,1,,1,,1,,1,,1,,1,,1,,1,,1,,1,1,1,,1,1,,,,,1,,,1,,1,,,,,1,,,,1,1,1,1,,,,,,,,1,1,1,,1,,1,1,1,,1,,,,,1,,,1,1,,,1,,1,,1,,1,,1,,1,,1
Malacosoma disstria,1,1,1,1,1,1,1,1,1,1,1,,,1,1,1,1,1,1,1,1,1,,1,,1,1,,1,1,1,1,,,1,,1,1,,,1,1,1,1,1,1,,1,,,,,,1,,,1,1,1,1,1,,1,,1,1,1,,,,,,,,,1,1,1,1,,,1,1,1,1,,,,,,,,,,,,,,,,1,,,1,,1,,1,,,,,1,1,,,,,,,,,1,,1,,1,1,1,1,,,,,,,,1,,,,,,,,,,,,1,,1,,1,,1,,1,,1,,1,,1,,1,,1,,1,,1,1,1,,,,1,1,,,,1,,,,,1,,1,,1,1,,,,,,,,,,1,,1,,,,1,,1,,1,,,,,1,1,,1,1,,,1,,1,,1,,1,,1,,1,,1
Malacosoma constrictum,1,,1,,,,,1,1,1,,,,,,,,,,,,,,,,,1,1,,,,1,,,,,,,,,,,,,,,,,,,,,,,,,1,1,1,1,,,,,1,1,,,,,,,,,,1,1,1,1,,,,,,,,,,,,,,,,,,,,,,1,,,1,,1,,1,,,,,1,1,1,,,,,,,,1,,1,,1,1,1,,,,,,,,,1,,,,,,,,,,,,1,,1,,1,,1,,1,,1,,1,,1,,1,,1,,1,,1,1,1,,,,1,1,,,,,,,,,1,,1,,1,1,,,,,,,,,,1,,1,,,,1,,1,,1,,,,,1,1,,1,1,,,1,,1,,1,,1,,1,,1,,1
Malacosoma californicum,1,1,1,1,1,1,1,1,1,1,1,1,,1,,1,1,,1,1,1,1,,1,,1,1,1,1,1,1,1,1,,1,,1,1,,1,1,1,1,1,1,1,1,1,1,,,,,,1,1,1,1,1,1,1,,,,1,1,1,,,,,,,,1,1,1,,,1,1,1,1,1,1,,,,,,,,,,,,,,,,1,,,1,,1,,1,,,,,1,1,1,,,,,,,,1,,1,,1,1,1,,,,,,,,,1,,,,,,,,,,,,1,,1,,1,,1,,1,,1,,1,,1,,1,,1,,1,,1,1,,,,,1,1,,,,,,,,,1,,1,,1,1,,,,,,,,,,1,,1,,,,1,,1,,1,,,,,1,,,1,1,,,1,,1,,1,,1,,1,,1,,1
Coloradia pandora,1,1,1,,1,,,,1,,,,,,1,,,,,1,,,,,,1,1,1,,1,1,1,1,,,,,,,,,1,,,,,,,,,,,,,,,1,1,1,1,1,1,,,,,1,1,,,,,,,,,,,,,,,,,,,,,,,1,1,1,,,,,,,,1,,,1,,1,,1,,,,1,1,,,,,,,,,,,1,,1,1,,,,,1,,,,,,1,,,,,,,,,,,,1,,1,,1,,1,,1,,1,,1,,1,,1,,1,,1,,1,1,,,,,,,,,,1,,,,,,1,1,1,1,,,,,,,,,,,1,1,,1,,1,1,1,,1,1,1,,,1,1,,,1,1,,,1,,1,,1,,1,,1,,1,,1
Hemileuca nevadensis,1,1,1,,,,,,,1,,,,,,,,,,1,,,,,,,,,1,1,,,,,,,,,,,,,,,,,,,,,,,,,,,,,,,1,1,,,,,1,1,,,,,,,,,,,,,,,,,,,1,1,1,1,1,1,,,,,,,,,1,,,1,,1,,1,,1,1,1,,,1,,,,,,,,,1,1,1,,,1,,,,,,,,,1,,,,,,,,,,,,1,,1,,1,,1,,1,,1,,1,1,1,,1,,1,,1,,1,1,1,1,1,1,,,,,,,,,,,,1,1,1,,,,,,,,,,,,1,1,,1,,1,1,,1,1,,1,,,1,1,1,1,1,1,1,1,,1,1,,1,,1,,1,1,,,1
Hemileuca juno,,,,,,,,,,,,,,,,,,,,,,,,,,,,,,,,,,,,,,,,,,,,,,,,,,,,,,,,,,,,,,,1,,,,1,,,,,,,,,,,,,,,,,,,,1,1,1,1,,,,,,,,,,,1,,,1,,1,,1,,1,,,,,,,,,,,,,,,1,,,,,,,,,,,,,1,,,,,,,,,,,,1,,1,,1,,1,,1,,1,,1,1,1,,1,,1,,1,,1,,1,1,,,,,,,,,,,,,1,,1,,,,,,,,,,,,,1,1,1,1,1,,1,,1,1,1,1,,,1,,1,,1,1,1,,1,1,1,,1,,1,,1,1,1,,1
Hemileuca hera,1,1,1,1,1,,,,,1,,,,,,,,,1,1,1,1,,,1,,,1,1,1,,,1,,,,1,,,1,,,,1,,,,,,,,,,,,1,1,1,1,1,1,,1,,,,1,1,,,,,,,,,,,,,,,,,,,,,,,1,1,,,,,,,,,1,,,1,,1,,1,,,1,,,,,,,,,,,,,1,,,,,,,,,,,,,,1,,,,,,,,,,,1,1,,1,1,1,,1,,1,,1,,1,,1,,1,,1,,1,,1,1,,,1,,,,,,,,,,,,,1,,,,,,,,,,,,,,1,1,,1,,,1,1,,,1,,,,,1,,1,1,,1,1,,1,1,,1,,1,,1,1,1,,1
Hemileuca nuttalli,1,1,1,,1,,,,1,1,,,,,,,,,1,1,1,1,,,,,,,1,1,,1,1,1,,,,,,,,,,1,,,,,,,,,,,,,,1,1,1,1,,,,,,1,1,,,,,,,,,,,,,,,,,,,,,,1,1,1,,,,,,,,,1,,,1,,1,,1,,,1,,,,1,,,,,,,,,1,1,,,1,1,,,,,,,,,1,,,,,,,,,,,1,1,,1,1,1,,1,,1,,1,,1,,1,,1,,1,,1,,1,1,,,,,,,1,1,,,,,,,,1,,,,,1,1,,,,,,,,1,1,,1,,,1,1,,,1,,,,,1,,,1,,1,,1,,1,,1,,1,,1,,1,,1
Hemileuca eglanterina,1,1,1,1,1,1,1,1,1,1,1,1,,1,1,1,1,1,,,1,1,,1,,1,1,1,1,1,1,1,1,,1,,1,,,,,1,1,1,1,,,,,,,,,,,1,1,1,1,1,1,,,,,,1,1,,,,,,,,,,,,,,,,,,,,,,1,1,1,,,,,,,,,1,,,1,,1,,1,,1,,,,1,1,1,1,1,,,,,,1,,,,1,1,1,1,1,,,,,,1,,,,,,,,,,,1,1,,1,,1,,1,,1,,1,,1,1,1,,1,,1,,1,,1,1,1,1,,,,,1,,,,,,,,1,1,,,,,1,,,,,,,,,1,1,,1,1,1,1,1,1,,1,,,,,1,1,,1,1,,,1,1,1,,1,,1,1,1,,1,,1
Saturnia mendocino,,,1,,,,,,,,,,,,,,,,,,,,,,,,,,,,1,1,,,,,,,,,,,,,,,,,,,,,,,1,1,,,,,,,,,,,1,,,,,,,,,,,,,,,,,,,,,,1,1,,,,,,,,,,,1,,,1,,1,,1,,,,,1,,,1,,,,,,,,1,1,,1,,,1,,,,,,,,1,,,,,,,,,,,,1,,1,,1,,1,,1,,1,,1,1,,,1,,1,,1,,1,,1,,,,,,,1,,,,,,,,1,,,,,,,,,,,,,1,,1,1,1,,,1,1,,,1,,,,,,1,1,,1,,,1,1,1,,1,,1,,1,,1,,1
Antheraea polyphemus,1,1,1,1,1,1,1,1,1,1,1,1,,1,1,1,1,1,,1,1,,,1,,1,1,1,1,1,1,1,,,,,1,,,,,1,,1,1,1,,1,1,,,,,1,,1,1,1,1,1,1,1,,,,,,1,,,,,,,,,,,,,,,,,,,,,,,,,1,1,1,1,1,1,,1,1,,,1,1,1,,1,,,,,1,1,,1,,,,,,,,1,1,1,1,1,1,1,,,,,,1,,1,,,,,,,,,,,,1,,1,,1,,1,,1,,1,1,1,1,,,1,,1,,1,,1,1,1,,,,1,1,,,,,,,,,,1,1,1,1,1,,,,,,1,,1,1,,1,1,1,,,1,1,,1,1,1,1,,1,,1,,1,1,,,1,1,1,,1,,1,,1,,1,,1
Hyalophora gloveri,,1,1,1,1,,,,,,,,,,,,,,1,1,,1,,1,,,,,,,,1,1,,,,1,,,1,,,,,,,,1,1,,,,,,,,1,1,1,1,,,,,,,,1,,,,,,,,,,,,,,,,,,,,,,,,,,1,1,1,1,1,,,1,,,1,,1,,1,,,,,1,1,,,1,,,,,,,1,1,1,1,1,1,,1,1,,,,,,1,,,,,,,,,,,,1,,1,,1,,1,,1,,1,,1,1,,,1,,1,,1,,1,1,1,,,,1,1,,,1,,,,,,,,1,1,1,1,1,,1,1,,,,,,1,1,,1,,,1,1,,1,1,1,1,1,1,1,1,1,,1,,,1,1,,,1,,1,1,1,,1,,1
Hyalophora euryalus,1,1,1,1,1,1,,1,1,1,1,1,,1,1,1,1,1,,1,1,,,,,1,1,1,1,1,1,1,1,,1,,1,,,,,1,1,1,1,1,,,,,,,,1,1,1,1,1,1,1,,,,,,,,1,,,,,,,,,,,,,,,,,,,,,,,,,1,1,1,1,1,1,,,1,,,1,,1,,1,,,,,1,,,,1,,,,,,,1,1,,1,1,1,,1,1,,,,,,1,,,,,,,,,,,,1,,1,,1,,1,,1,,1,,1,1,,,1,,1,,1,,1,1,1,,,,1,,,,1,,,,,,,,1,,1,1,1,1,1,1,,,,,,1,1,,1,,,1,1,,1,1,1,1,1,1,1,1,1,1,1,,,1,1,,,1,,1,1,1,,1,,1
Agrius cingulata,,,,,1,,,,,,,,,,,,,,,,,,,,,,,,,,,,,,,,,,,,,,,,1,,,,,,,,,,,,1,1,,,1,1,,,,,,1,,,,,,,,,,,,,,,,,,,,,,,,1,1,1,1,1,,,,,1,1,,1,,1,1,,,,,1,1,,,,,,,,,,,1,1,1,1,1,,,,,,,,,,1,,,,,,,,,,,,1,,1,,1,1,1,,1,1,1,,1,,1,,1,1,1,,1,,1,1,1,1,,1,,1,,,,1,,,,,,1,,1,,1,,,,1,,,,,1,1,,1,,,,1,1,,1,1,,1,,1,1,,1,,1,,,1,,1,1,,,1,1,,,1,,1
Manduca sexta,1,,1,,,,,,,1,,,,,,,,,,,,,,,,,1,,,,,,,,,,,,,,,,,,,,,,,,,,,,,1,1,1,,,1,,,,,,,1,,,,,,,,,,,,,,,,,,,,,,,,,,,1,1,,,,,1,1,,1,,1,1,,,,,1,1,,,,,,,,,,1,1,1,1,1,1,,,,,,,,,,1,,,,,,,,,,,,1,,1,,1,,1,,1,,1,,1,,1,,1,,1,,1,,1,1,,1,1,1,,,,,,,,,,,,1,1,1,,,,,,,,,,,,1,,1,,,1,1,1,,1,1,,1,,1,1,,1,,1,,,1,,1,1,,,1,1,1,,1,,1
Manduca quinquemaculata,1,1,1,,1,,,,,1,,,,,,1,1,,,1,,,,,,,1,,1,1,,1,,1,,,,,,,,,,1,,,,,,,,,,,,,,1,1,1,1,1,1,,,,,1,,,,,,,,,,,,,,,,,,,,,,,,,,,1,1,,,,,1,1,,1,,1,1,,,,,1,1,,,,,,,,,,1,1,1,1,1,1,,,,,,,,,,1,,,,,,,,,,,,1,,1,,1,,1,,1,,1,,1,,1,,1,,1,,1,,1,1,,1,1,1,,,,,,,,,,,,1,1,1,,,,,,,,,,,,1,,1,,,,1,1,,1,,,1,,1,1,,1,,1,,,1,,1,1,,,1,1,1,,1,,1
Ceratomia amyntor,,,1,,,,,,,,,,,,,,,,,,,,,,,,,,1,,,,,,,,,,,,,,,,,,,,,,,,,,,,,1,1,1,,,,,,,,1,,,,,,,,,,,,,,,,,,,,,,,,,1,1,,,,,,,1,,,1,,1,1,,,,,1,1,,,,,,,,,,,1,1,1,1,1,,,,,,,,,,1,,,,,,,,,,,,1,,1,,1,1,1,,1,1,1,,1,,1,,1,,1,,1,,1,1,,,,,1,,,,,,,,,,1,1,,1,,,,,,,,,,,,1,,1,,,,1,1,1,1,1,,1,,1,1,,,1,1,,,1,,1,1,,,1,1,1,,1,,1
Ceratomia undulosa,,,,,,,,,,,,,,,,,,,,,,,,,,,,,,,,,,,,,,,,,,,,,,,,,,,,,,,,,,1,1,,,,,,,,,1,,,,,,,,,,,,,,,,,,,,,,,,,1,1,,,,,,,1,,,1,,1,1,,,,,1,1,,,,,,,,,,1,1,1,1,1,1,,,,,,,,,,1,,,,,,,,,,,,1,,1,,1,,1,,1,,1,,1,,1,,1,,1,,1,,1,1,,,,1,1,,,,,,,,,,1,1,1,1,1,,,,,,,,,,,1,,1,,,,1,1,,1,1,1,,,1,1,,,1,1,,,1,,1,1,1,,1,1,1,,1,,1
Sphinx chersis,1,,1,,,,,,1,,,,,,1,,,,,,,,,,,,1,,,1,1,1,,,,,,,,,,,,,,,,,,,,,,,,1,1,1,1,1,1,,,,,,,1,,,,,,,,,,,,,,,,,,,,,,,,,,,1,1,,,,,1,,,1,,1,1,,,,,1,,,,,,,,,,,1,1,1,1,1,1,,,,,,,,,,1,,,,,,,,,,,,1,,1,,1,,1,,1,1,1,,1,,1,,1,,1,,1,,1,,1,1,1,1,1,,,,,,,,,,,1,1,1,1,,,,,,,,,,,1,,1,,,,1,1,,1,,1,1,,1,1,1,1,,1,1,1,1,,1,1,,,1,1,,,1,,1
Sphinx vashti,1,1,1,1,1,1,,1,1,1,1,1,,1,1,1,1,1,1,1,1,1,,1,,,1,1,,1,1,1,1,,,,1,,,,1,1,,1,1,1,,1,,,,,,,,1,1,1,1,1,1,,,,,,1,1,,,,,,,,,,,,,,,,,,,,,,1,1,1,,,,,,,,,1,,,1,,1,1,,,,,1,,,,,,,,,,,,1,1,1,,,,,,,,,,,,1,,,,,,,,,,,,1,,1,,1,,1,,1,1,1,,1,,1,,1,,1,,1,,1,1,1,1,1,1,,,,,,,,,,,,1,1,1,1,,,,,,,,,,,1,,1,,,,1,1,1,1,,1,1,,1,1,1,1,,,1,1,1,,1,1,,,1,1,,,1,,1
Sphinx perelegans,1,1,1,,1,,,,1,1,,1,,1,,1,1,1,1,,1,,,1,,,1,1,1,1,1,1,1,,,,,,,,,1,,1,,,,,,,,,,,,,1,1,1,1,,,,,,,,1,,,,,,,,,,,,,,,,,,,,,,,,,1,1,1,,,,,,1,1,,1,,1,1,,,,,1,,,,,,,,,,,,1,1,1,1,,,,,,,,,,,1,,,,,,,,,,,,1,,1,,1,,1,,1,1,1,,1,,1,,1,,1,,1,,1,1,1,1,1,1,,,,,,,,,,,,1,1,1,,,,,,,,,,,,1,,1,,,,1,1,,1,,1,,,1,1,,1,,1,1,1,1,,1,1,,,1,1,,,1,,1
Sphinx poecila,,,,,,,,,,,,,,,,,,,,,,,,,,,,,,,,,,,,,,,,,,,,,,,,,,,,,,,,,,1,,,,,,,,,1,1,,,,,,,,,,,,,,,,,,,,,,1,1,1,1,,,,,,1,,1,1,,1,,1,1,,,,,1,1,1,,,,,,,,,,1,,1,1,1,,,,,,,,,,1,,,,,,,,,,,1,1,1,1,,1,1,1,,1,1,1,1,1,,1,,1,,1,,1,,1,1,1,1,,1,,1,,,,,,,,,,1,,1,,1,,,,,,,,,,1,,1,,,1,1,1,,1,,1,,,1,1,,1,,,1,1,1,,1,1,,,1,1,,,1,,1
Sphinx luscitiosa,,,,,,,,,,,,,,,,,,,,,,,,,,,,,,,,,,,,,,,,,,,,,,,,,,,,,,,,,,1,,,,,,,,,1,1,,,,,,,,,,,,,,,,,,,1,1,1,1,1,1,,,,,,,1,,1,1,,1,,1,1,,,,,1,1,1,1,,,,,,,,,1,1,1,1,1,1,,,,,,,,,1,,,,,,,,,,,1,1,1,1,1,1,1,1,,1,1,1,1,1,,1,,1,,1,,1,,1,,1,1,,,,1,1,,,,,,,,,1,,,,1,1,,,,,,,,,1,,1,,,,1,,1,1,,1,,,1,,1,1,,1,1,1,1,,1,1,,,1,1,,,1,,1
Sphinx drupiferarum,1,1,1,,1,,,,1,1,1,,,1,,1,1,,,1,1,,,,,,,1,1,1,,1,,,,,,,,,,,,1,1,1,,,,,,,,,,,1,1,1,1,1,,,,,,,1,,,,,,,,,,,,,,,,,,,,,,,,,1,1,,,,,,,1,,,1,,1,1,,,,1,1,1,,,,,,,,,,,1,1,1,1,,,,,,,,,,,1,,,,,,,,,,,,1,,1,,1,,1,,1,1,1,1,,,1,,1,,1,,1,,1,1,,1,1,1,1,,,,,,,,,,,1,1,1,1,,,,,,,,,,,1,,1,,,,1,1,,1,,1,1,,1,1,,1,,1,1,1,1,,1,1,,,1,1,,,1,,1
Sphinx dollii,,1,,,,,,,,,,,,,,,,,1,,,,,1,,,,,,,,,,,,,,,,,,,,,,,,,,,,,,,,,,1,1,,,,,,,,1,,,,,,,,,,,,,,,,,,,,1,1,,,,,,,,,,,,,1,,,1,,1,1,,,,1,1,1,,,,,,,,,,,1,1,1,1,,,,,,,,,,,1,,,,,,,,,,,,1,,1,,1,,1,1,1,,1,,1,,1,,1,,1,,1,,1,1,,,,1,1,,,,,,,,,,1,1,1,1,1,,,,,,,,,,,1,,1,,,,1,,1,,1,,,,,1,,1,1,1,,1,1,,1,1,1,,1,1,1,,1,,1
Sphinx sequoiae,,,1,,,,,,,,,,,,,,,,,,,,,,,,,1,,1,1,1,,,,,,,,,,,,,,,,,,,,,,,,,1,1,1,,,,,,,,1,,,,,,,,,,,,,,,,,,,1,1,1,,,,,,,,,,,,,1,,,1,,1,1,,,,,1,1,,,,,,,,,,1,1,1,1,1,,,,,,,,,,,1,,,,,,,,,,,,1,,1,,1,,1,1,1,1,1,,1,,1,,1,,1,,1,,1,1,,,,1,1,,,,,,,,,,1,,1,,,,,,,,,,,,,1,,1,,,,1,,1,,1,,,,,1,,1,,1,1,,1,,1,1,1,,1,1,1,,1,,1
Smerinthus jamaicensis,,1,,,1,,,,,,,,,,,,1,,,,,,,,,,,,,,,,,,,,,,,,,,1,1,1,1,,1,,1,,,,,,,1,1,1,,1,,,,,,1,1,,,,,,,,,,,,,,,,,,,1,1,1,1,1,1,,,,,,,,1,1,,,1,1,1,1,,,,,1,1,1,,,,,,,,,,1,1,1,1,1,1,1,1,,,,,,,1,,,,,,,,,,,,1,,1,,1,,1,,1,,1,,1,,1,,1,,1,,1,,1,,1,,,,,1,1,,,1,,,,,,1,,1,,1,1,,,1,,1,,,1,,,1,,,,1,,1,1,,,1,,1,1,1,1,,,1,1,,,1,,1,,1,,1,,1,,1
Smerinthus cerisyi,,,,,1,,,,,,,,,,,,,,,,,,,,,,,,,,,,,,,,,,,,,,1,1,1,1,1,1,1,1,,,,,,,1,1,1,,,,,,,,1,1,,,,,,,,,,,,,,,,,,,,,,,1,1,1,1,,,,,1,1,1,1,,1,1,1,1,,,,,1,1,1,,,,,,,,,,,1,1,1,1,1,1,,,,,,,,1,,,,,,,,,,,,1,,1,,1,,1,,1,,1,,1,,1,,1,,1,,1,,1,,1,,,,,1,1,,,1,,,,,,1,,1,,1,1,,,1,,1,,,1,,,1,,,,1,,1,,1,,,,,1,1,1,,,1,1,,1,1,,1,,1,,1,,1,,1
Smerinthus ophthalmica,1,1,1,1,1,1,1,1,1,1,1,1,,1,1,1,1,1,1,1,1,1,1,1,,1,1,1,1,1,1,1,1,1,,,1,1,,1,1,1,1,1,1,,,,,,,,,,1,1,1,1,1,1,1,1,,,,,1,1,,,,,,,,,,,,,,,,,,,,,,,1,1,1,1,,,,,1,1,1,1,,1,1,1,1,,,,,1,1,1,,,,,,,,,,,1,1,1,1,1,1,,,,,,,,1,,,,,,,,,,,,1,,1,,1,,1,,1,,1,,1,,1,,1,,1,,1,,1,,1,,,,,1,1,,,1,,,,,,1,,1,,1,1,,,1,,1,,,1,,,1,,,,1,,1,1,1,1,1,,1,1,1,1,,,1,1,,,1,,1,,1,,1,,1,,1
Paonias excaecatus,1,1,1,1,1,1,,1,,1,1,1,,1,1,1,1,1,,,,,,,,1,1,1,1,1,1,1,,,1,,,,,,,1,,1,1,,,1,,,,,,,,,1,1,1,1,1,,,,,,1,1,,,,,,,,,,,,,,,,,,,,1,1,1,1,1,,,,,,,1,,,1,,1,,1,1,,,,,,1,1,,,,,,,,,,1,1,,1,1,1,1,1,,,,,,,1,,,,,,,,,,,,1,,1,,1,,1,,1,,1,,1,,1,,1,,1,,1,,1,1,,,,,1,1,,1,,1,,,,,,1,1,,1,1,,1,,1,,1,,,1,,,1,,,,1,1,1,,1,,,,,1,1,,1,1,,1,1,,1,1,1,,1,,1,,1,,1
Paonias myops,1,1,1,1,1,,,,,1,1,1,,1,,1,1,1,1,1,1,1,,1,,,,1,1,1,1,,1,,,,,,,,1,,,1,1,1,,,,,,,,,,1,1,1,1,1,,,,,,,1,,,,,,,,,,,,,,,,,,,,1,1,1,1,,,,,,,,,,1,1,,,1,1,1,1,,,,,,1,1,1,1,,,,,,,,1,1,1,1,1,1,1,,,,,,,,1,,,,,,,,,,,,1,,1,,1,,1,,1,,1,,1,,1,,1,,1,,1,,1,,1,,,,1,1,1,1,,,,,,,,1,1,,1,1,1,1,,,,1,,,1,,,1,,,,1,1,1,1,1,1,1,,1,1,1,,1,1,,,1,,1,1,1,,1,,1,,1,,1
Pachysphinx modesta,1,1,,1,1,,,1,,1,1,,,1,,,1,,,,,,,,,,,,,,,,,,,,,,,,1,1,,1,1,1,,,,,,,,,,,1,1,1,1,,,,,,,,1,,,,,,,,,,,,,,,,,,,,,,,,,,1,1,1,,,1,,,1,,1,,1,1,,,,,1,1,,,,,,,,1,,,1,1,1,1,,,,,,,,1,,,1,,,,,,,,,,,,1,,1,,1,,1,,1,,1,,1,,1,,1,,1,,1,,1,1,1,,,1,1,,,,1,1,1,,1,,,1,1,1,1,,,,1,1,1,,1,,1,1,1,1,,1,,1,,1,,1,,,,,1,,,1,1,1,,1,,1,,1,,1,,1,,1,,1
Pachysphinx occidentalis,1,1,1,,,,,,,1,,1,,,,1,1,1,,1,,,,1,,,,1,1,1,,,1,1,,,,,,,,,,,,,,,,,,,,,,,1,1,1,1,,,1,,,,,1,,,,,,,,,,,,,,,,,,,,,,,,,,,,1,1,,1,,,1,,1,,1,1,,,,,1,1,1,,,,,,,1,,,1,1,1,1,1,,,,,,,1,,,1,,,,,,,,,,,,1,,1,,1,,1,,1,,1,,1,,1,,1,,1,,1,,1,1,1,,,,,1,,,1,1,1,,,,,1,1,1,,1,,,1,1,1,,,,1,1,1,1,,1,,1,,1,,1,,,,,1,,,1,1,,,1,,1,,1,,1,,1,,1,,1
Erinnyis ello,,,1,,,,,,,,,,,,,,,,,,,,,,,,,1,,,,,,,,,,,,,,,,,,,,,,,,,,,,,,,1,1,1,,,,,,,1,,,,,,,,,,,,,,,,,,,,,,,,1,1,,,1,1,,1,,1,1,,1,,1,1,,,,,1,,,,,,,,,,,1,,,,1,1,,,,,,,,,,1,,,,,,,,,,,,1,1,1,,1,,1,,1,,1,,1,,1,,1,,1,1,1,,1,,1,,,,,,,1,,,,,,,,1,,,,,,,,,,,,,,1,,1,,,,1,,1,1,,1,,1,1,1,1,1,,1,,,1,,1,1,,,1,1,,,1,,1
Hemaris thysbe,1,,1,,1,,,,,,,,,,1,,,,,,,,,,,,1,1,,,,,,,,,,,,,,1,,1,1,1,1,1,1,1,,,,,,,1,1,1,1,,,,,,1,1,,,,,,,,,,,,,,,,,1,1,1,1,,,,,,,,,,,,,,1,,,1,,1,1,,,1,,,,,,,,,,,,1,,1,,,,,1,1,1,,,,,1,,1,,,,,,,,,,,1,,,1,,1,,1,,1,,1,,1,,1,,1,,1,,1,,1,,1,1,,,,,,,,,,,,1,,1,,,,,,1,1,,,,,1,,1,,1,,,1,,,1,1,,1,,,1,,1,1,1,1,1,1,1,,1,,1,,1,1,1,1,1,,1
Hemaris diffinis,,,,1,1,,,,,,,,,,,,,,,,,,,,,,,,,,,,,,,,1,,,,,,,,,,,1,,,,,,,,,1,1,1,,,,,,,1,,,,,,,,,,,1,1,1,1,1,1,,,,,,,,,,,,,,,,,,,1,,,1,,1,1,,,1,,,,,,,,,,,,1,,1,,,,,,1,1,,,,,1,,1,,,,,,,,,,,1,,,1,,1,,1,,1,,1,,1,,1,,1,,1,,1,,1,,1,1,,,,,,,,,,,,1,,1,,,,1,,1,1,,,,,1,,1,,1,,,1,,,1,1,1,1,,,1,1,1,,1,,1,1,1,,1,,1,,1,,1,1,1,,1
Hemaris thetis,1,1,1,1,1,,,1,1,1,1,1,,1,1,1,1,1,1,1,1,1,,1,,1,1,1,1,1,1,1,1,,1,1,1,,,,,1,1,1,1,1,,,,,,,,,1,1,1,1,1,1,,1,,,,1,,,,,,,,,,,,,,,1,1,1,,,,,,,,,,,,,,,,,,1,,,1,,1,1,,,1,,,,,,,,,,,,1,,1,,,,,,1,1,,,,,1,,1,,,,,,,,,,,1,,,1,,1,,1,,1,,1,,1,,1,,1,,1,,1,,1,,1,1,,,,,,,,,,,,1,,1,,,,,,1,1,,,,,1,,1,,1,,,1,,,1,1,1,1,,,1,1,1,1,1,,1,,1,,1,,1,,1,1,1,1,1,,1
Eumorpha achemon,1,,1,,,,,,,1,,,,,,,,,,,,,,,,1,1,,,,,1,,,,,,,,,,,,,,,,,,,,,,,,,,1,1,1,1,,,,,,,1,,,,,,,,,,,,,,,,,,,,,,,,,1,1,,,,,,,1,,,1,,1,1,,,,,,1,1,,,,,,,,,,,,1,1,1,,,,,,,,,,1,,,,,,,,,,,1,1,,1,,1,,1,,1,,1,,1,,1,,1,,1,,1,,1,,1,,,,,,,,,1,,,,,,1,,1,1,1,,,,,,,,,,1,,1,,,,1,,1,1,,1,1,1,1,1,1,1,,1,1,1,,,1,,1,,1,,1,,1,,1
Proserpinus lucidus,1,1,1,,,,,,1,1,,,,,,,1,,,,1,,,,,,,1,1,1,,1,,,,,,,,,,,,,,,,,,,,,1,1,1,1,1,,,,,,,,,,1,,,,,,,,,,,,,,,,,,1,1,,,,,,,,,,,,,,,1,,,1,,1,1,,,,,,1,,,,,,,,1,,1,,,,1,1,,,,,,,1,,,1,,,,,,,,,,,,1,,1,,1,,1,,1,,1,1,1,,1,,1,,1,,1,,1,1,,,,,1,1,,,1,1,,,,,1,1,,,1,1,,,1,1,,,,,,1,,1,,,,1,,1,1,,,1,,1,1,1,,1,1,,1,1,,1,,1,,1,,1,,1,,1
Proserpinus clarkiae,1,1,1,,1,1,,1,1,1,1,1,,1,,1,1,1,,1,1,,,,,1,1,1,,1,1,1,1,,,,,,,,,1,,1,1,,,,,,,,,,1,1,1,1,1,1,,,,,,1,,,,,,,,,,,,,,,,1,1,,,,,,,,,,,,,,,,,,1,,,1,,1,1,,,,,,,,,,,,,,1,,,1,,1,,1,,,,,,,,,,1,,,,,,,,,,,,1,,1,,1,,1,,1,,1,,1,,1,,1,,1,,1,,1,,1,,,,,,1,1,,,,,,,,1,1,,,,1,1,,,,,,,,1,,1,,,,1,,1,1,,1,,,1,1,,,1,1,,1,1,,1,,1,,1,,1,,1,,1
Proserpinus flavofasciata,1,1,1,,1,1,,1,,1,,,,1,,1,1,,,,,,,,,,1,,,,1,,,,,,,,,,,1,,1,1,,,,,,,,,,,1,1,1,,,,,,,,1,1,,,,,,,,,,,,,,,,,1,1,,,,,,,,,,,,,,,,1,,,1,,1,1,,,1,,,,,,,,,,,,,,,1,1,,,,,,,,,,,,1,,,,,,,,,,,1,1,,1,,1,,1,,1,,1,,1,,1,,1,,1,,1,1,1,,1,1,,,,,1,1,,,,,,,,1,,,,,1,1,,,,,,,,1,,1,,,1,,,1,1,,1,,,1,,1,1,,,1,,1,1,,,1,,1,,1,1,1,,1
Euproserpinus wiesti,,1,,,,,,,,,,,,,,,,,,1,,,,,,,,,,,,,,,,,,,,,,,,,,,,,,,,,,,,,1,,,,,,,,,1,1,,,,,,,,,,,,,,,,1,1,1,,,,,,,,,,,,,,,,1,,,1,,1,1,,,,,1,1,,,,,,,,,,1,1,,1,1,1,,,,,,,,,,1,,,,,,,,,,,,1,,1,,1,,1,,1,,1,,1,,1,,1,,1,,1,,1,1,1,1,1,,,,1,,,,,,,,,1,1,,,,1,,,,,,,,,1,,1,,,,1,,1,1,,1,,,1,1,,,1,1,,,1,,1,,1,,1,,1,1,1,,1
Darapsa choerilus,,,,,,,,,,,,,,,,,,,,,,,,,,,,,,,,,,,,,,,,,,,,,,,,,,,,,,,,,1,,,,,,,,,,1,,,,,,,,,,,,,,,,,,,,1,1,1,1,,,,,,,,,,1,1,1,1,1,1,1,1,,,,,1,1,,,1,,,,,,,,,,1,1,,,1,,,,,,,,1,,,,,,,,,,,1,1,,1,,1,,1,,1,,1,,1,,1,,1,,1,,1,,1,1,,,,,1,,1,,,,,,,,1,,,1,1,,,1,,,,,,,,1,,1,,,,1,,1,,1,,,,,1,1,,1,,1,1,1,,1,,1,,1,,1,,1,,1
Hyles euphorbiae,,,,,1,,,,,,,,,,,,,,,,,,,,,,,,,,,,,,,,,,,,,1,,,1,,,,,,,,,,1,,,,,,,,,,,,1,,,,,,,,,,,,,,,,,,,,,,1,1,,,,,,,,,,,1,,,1,,1,1,,,,,,1,1,,,,,,,,,,,,,1,1,,,,,,,,,,1,,,,,,,,,,,,1,,1,,1,,1,,1,,1,,1,,1,,1,,1,,1,,1,1,1,1,,,,1,1,,,1,,,,,,1,1,,,1,1,,,1,,,,,,1,,1,,,,1,1,1,1,,1,1,,1,1,1,1,,1,1,1,1,,1,1,1,,1,1,,,1,,1
Hyles gallii,1,1,1,1,1,,,1,,1,1,,,1,1,1,1,,,,1,,,,,1,,1,,,,,,,,,,,,,1,1,1,1,1,1,1,1,,1,,,,,,1,1,1,1,1,,,,,,,1,,,,,,,,,,,,,,,,,,,,1,1,1,1,1,,,,,,,,,,1,,,1,,1,1,,,,1,1,1,1,,,,,,,1,,,1,1,1,1,1,1,,,,,,1,,,1,,,,,,,,,,,,1,,1,,1,,1,,1,,1,,1,,1,,1,,1,,1,,1,,1,1,,,,,,,,1,,,,,,1,1,1,1,1,,,,1,,,,,,1,,1,,,,1,1,1,1,,1,,,1,1,,1,,,1,1,1,,1,1,,,1,1,,,1,,1
Hyles lineata,1,1,1,1,1,1,,1,,1,1,1,,1,1,1,1,1,1,1,1,1,1,1,,1,1,1,1,1,1,1,1,1,,,,,,,1,1,1,1,1,,,1,,,,,,,1,1,1,1,1,1,1,1,1,,,,1,1,,,,,,,,,,,,,,,,,,,,,1,1,1,1,1,,,,,,,,1,,,1,,1,1,,,,1,1,1,,,,,,,,1,,,,1,1,1,1,1,,,,,,1,,,1,,,,,,,,,,,1,,,1,,1,,1,,1,,1,,1,,1,,1,,1,,1,,1,1,,1,,,,,,,,1,,,,,,1,1,,1,1,,,,1,,,,,,1,,1,,,,1,1,1,1,,1,1,,1,1,,1,,1,1,1,1,,1,1,1,,1,1,,,1,,1
Deilephila elpenor,1,,,,1,,,,,,,,,,,,,,,,,,,,,,,,,,,,,,,,,,,,,1,,,,,,,,,,,,,,,,1,1,1,,,,,,,1,,,,,,,,,,,,,,,,,,,,1,1,,,,,,,,,,,,,1,,,1,,1,1,,,,,,1,,,1,,1,,,1,,1,,1,,1,,,1,,1,,,1,,,1,,,,,,,,,,,,1,,1,,1,,1,,1,,1,,1,,1,,1,,1,,1,,1,1,,1,,,,,,,,1,,,,,,1,1,,,,,1,,1,,,,,,1,,1,,,,1,,1,1,,,1,,1,1,,,1,1,,1,1,,1,1,1,,1,,1,,1,,1
Clostera albosigma,1,1,1,1,1,,,1,,1,1,,,1,1,1,1,1,,,,1,,1,,1,1,,,1,,,,,,,1,,,,,1,1,1,1,1,1,1,,,,,,,,1,1,1,1,1,,,,,,1,,,,,,,,,,,,,1,1,1,,,,,,,,,,,,,,,,,,,,1,,,1,,1,,1,,,,1,1,1,,,,,,,,,1,1,1,1,1,1,,,1,,,,,,,1,,,,,,,,,,,,1,,1,,1,,1,,1,,1,,1,,1,,1,,1,,1,,1,1,1,,,1,1,1,,,,,,,,,1,,,,,,,,,,,,,,,1,,1,,,,1,,1,,1,,,,,,1,,1,1,1,1,1,,1,,1,,1,,1,,1,,1
Clostera strigosa,,,,,1,,,,,,,,,,,,,,,,,,,,,,,,,,,,,,,,,,,,,,1,,1,,,1,,,,,,,,,1,1,,,,,,,,1,,,,,,,,,,,,1,1,,,,,,,,,,,,,,,,,,,,,,1,,,1,,1,,1,,,,1,1,,,,,,,,,,1,,1,1,1,1,1,1,,,,,,,,1,,,,,,,,,,,,1,,1,,1,,1,,1,,1,,1,,1,,1,,1,,1,,1,1,1,,,1,1,1,,,,,,,,,1,,,,,,,,,,,,,,,1,,1,,,,1,,1,,1,,,,,,1,,1,1,1,,1,,1,,1,,1,,1,,1,,1
Clostera brucei,1,1,1,,1,,,1,,,1,,,1,,,,1,,,,,,1,,,1,,,,,,,,,,,,,,,,,1,1,1,1,1,,,,,,,,1,1,1,1,1,,1,,,1,1,,,,,,,,,,1,1,1,1,,,,,,,,,,,,,,,,,,,,,,1,,,1,,1,,1,,,,1,1,,,,,,,,,,1,,1,1,1,1,1,1,1,,,,,,,1,,,,,,,,,,,,1,,1,,1,,1,,1,,1,,1,,1,,1,,1,,1,,1,1,1,,,1,1,,,,,,,,,,1,,,,,,,,,,,,,,,1,,1,,,,1,,1,,1,,,,,1,1,,1,1,1,,1,,1,,1,,1,,1,,1,,1
Clostera apicalis,1,1,1,,1,1,,1,1,1,1,1,,1,1,1,1,1,,1,1,,,1,,1,1,1,,1,1,1,1,,,,,,,,,1,1,1,1,1,,1,,,,,,,,1,1,1,1,1,1,,,,1,1,,,,,,,,,,1,1,1,1,1,1,,,,,,,,,,,,,,,,,,,,1,,,1,,1,,1,,,,1,1,1,,,,,,,,,,1,1,1,1,1,1,1,1,,,,,,,1,,,,,,,,,,,,1,,1,,1,,1,,1,,1,,1,,1,,1,,1,,1,,1,,1,,,1,1,1,,,,,,,,,1,,1,,,1,,,,,,,,,,1,,1,,,,1,,1,,1,,,,,,1,,1,1,1,,1,,1,,1,,1,,1,,1,,1
Pheosia rimosa,1,1,1,,1,1,,1,1,1,1,,,1,1,1,1,,1,,,,,1,,1,1,1,,1,1,1,1,,,,,,,,,1,1,1,1,1,1,1,1,,,,,,1,1,1,1,1,1,1,,,,,1,1,1,,,,,,,,,,,,,,,,1,1,1,1,1,1,1,1,1,,,,,,,1,,1,1,,1,,1,1,1,,,1,1,1,1,,,,,,,,,,1,1,1,1,1,,,,,,,,,,1,,,,,,,,,,,,1,,1,,1,,1,,1,1,1,,1,,1,,1,,1,,1,,1,1,1,,1,1,,1,,,,,,,,,1,1,,1,1,1,,,,,,,,,,1,,1,,,1,1,,1,,1,,,,,1,1,1,,1,1,1,1,1,1,,1,,1,,1,1,1,,1
Odontosia elegans,1,1,,,1,,,,,1,1,,,1,,,,1,1,1,,,,1,,,,,,,,,,,,,,,,,,,,1,1,1,1,1,,,,,,,,,1,1,1,1,,,,,,,1,,,,,,,,,,,,,,,,,,,1,1,1,,,,,,,,,,,1,,1,1,,1,,1,1,1,,1,,1,1,,,,,,,,,,1,1,1,1,1,1,,,,,,,,,,1,,,,,,,,,,,,1,,1,,1,,1,,1,1,,,1,,1,,1,,1,,1,,1,1,1,,1,,,,,,,,,,,,1,,,1,,,,,,,,,,,,1,,1,,,,1,,1,,1,,,,,,1,1,,1,1,,1,,1,,1,,1,,1,,1,,1
Notodonta scitipennis,,,,,1,,,,,,,,,,,,,,,,,,,,,,,,,,,,,,,,,,,,,,,,,,,1,,,,,,,,,1,1,1,,,,,,,1,1,,,,,,,,,,,,,,,1,1,1,1,,,,,,,,,,,,,,,,1,,,1,,1,1,1,,,,1,1,1,,1,,,,,,,,1,,1,1,1,,1,,,,,,,,1,,,,,,,,,,,,1,,1,,1,,1,1,1,,1,,1,,1,,1,,1,,1,,1,,1,,1,,,1,,,,,,,,,1,,,,1,1,,,,,,,,,,1,,1,,,1,1,,1,,1,,,,,,1,1,1,1,1,1,1,,1,,1,,1,,1,,1,,1
Notodonta pacifica,1,1,1,,1,,,1,1,1,1,,,1,,1,1,1,,,,,,,,,1,1,,1,1,,,,,,,,,,,,,1,1,,,,,,,,,,,,1,1,1,1,,,,,,1,1,,,,,,,,,,,,,,,,,1,1,1,,,,,,,,,,,,,,,1,,,1,,1,1,1,,,,1,1,1,,,,,,,,,1,1,,1,1,1,,,,,,,,,,1,,,,,,,,,,,,1,1,1,,1,,1,1,1,1,1,,1,,1,,1,,1,,1,,1,1,1,,1,1,,,,,,,,,,,1,1,1,1,,1,,,,,,,,,,1,1,1,,1,1,,,1,,1,,,,,,1,1,,,1,,1,,1,,1,,1,,1,,1,,1
Notodonta torva,,,,,1,,,,,,,,,,,,,,,,,,,,,,,,,,,,,,,,,,,,,,,1,1,1,,1,,,,,,,,,1,1,1,,1,,,,,1,1,,,,,,,,,,,,,,,,,1,1,1,,,,,,,,,,,,,,,1,,,1,,1,1,1,,,,1,,,,,,,,,,,1,1,1,,,,,,,,,,,,,1,,,,,,,,,,,,1,,1,,1,,1,,1,,1,,1,,1,,1,,1,,1,,1,,1,,1,1,,,,,,,,,,,1,1,1,1,,1,,,,,,,,,,1,1,,,1,1,1,1,1,,1,,,,,,1,,1,1,1,,1,,1,,1,,1,,1,,1,,1
Gluphisia septentrionis,1,1,1,1,1,,,1,1,1,1,,,1,1,1,1,1,,1,1,1,,1,,1,1,1,1,1,1,,1,1,,,,,,1,1,1,1,1,1,1,,1,,,,,,,1,1,1,1,1,1,1,,,,,1,,,,,,,,,,,,1,1,1,,,,,,,,,,,,,,,,,,,,,1,,,1,,1,,1,,,,1,,,,,,,,,,,1,1,,,1,1,,,,,,,,,,1,,,,,,,,,,,,1,,1,,1,,1,,1,,1,,1,,1,,1,,1,,1,,1,1,,,,1,,,,,,,,,,,1,,,,,1,,,,,,,,,,1,,1,,,,1,,1,,1,,,,,1,,,1,1,,,1,,1,,1,,1,,1,,1,,1
Gluphisia avimacula,,,,,1,,,,,,,,,,,,,,,,,,,,,,,,,,,,,,,,,,,,,,,1,,1,,,,,,,,,,,1,1,,,,,,,,1,,,,,,,,,,,,,,,1,1,1,,,,,,,,,,,,,,,,,,1,,,1,,1,,1,,,,1,1,,,,,,,,,,1,1,1,1,1,1,1,,,,,,,,,1,,,,,,,,,,,,1,,1,,1,,1,,1,,1,,1,,1,,1,,1,,1,,1,1,,,,1,1,,,,,,,,,,1,,1,1,1,,,,,,,,,,,1,,1,,,1,1,,1,,1,,,,,1,,,1,1,,,1,,1,,1,,1,,1,,1,,1
Gluphisia severa,1,1,1,,1,1,1,1,1,1,1,1,,1,1,1,1,,,,1,,,,,1,1,1,1,1,1,1,1,,,,,,,,,1,,1,1,1,,,,,,,,,1,1,1,1,1,1,,,,,,1,1,,,,,,,,,,,,,,,1,1,1,1,,,,,,,,,,,,,,,,1,,,1,,1,,1,,,,1,1,,,,,,,,,,1,1,1,1,1,1,,,,,,,,,,1,,,,,,,,,,,1,1,,1,,1,,1,,1,,1,,1,,1,,1,,1,,1,,1,1,1,,1,1,1,,,,,,,,,,1,1,,,,,,,,,,,,,,1,,1,,,1,1,1,1,,1,,,,,1,1,,1,1,,,1,,1,,1,,1,,1,,1,,1
Furcula cinerea,1,1,1,1,1,,,,1,1,,,,1,1,1,,1,,1,,1,,,,,1,1,1,1,1,1,1,1,,,1,,,,,,,1,1,,,,,,,,,,,1,1,1,1,1,,,,,,1,1,,,,,,,,,,,,,,1,1,1,1,1,,,,,,,,,,,,,,,,1,,,1,,1,,1,,,1,1,,,,,,,,,,,1,1,1,1,,1,,1,,,,,,,,1,,,,,,,,,,,1,1,,1,,1,,1,,1,,1,,1,,1,,1,,1,,1,,1,1,1,,1,,,,,,,,,,,,1,1,,1,,,,,,,,,,,,1,1,,,1,1,1,,1,,1,,,,,1,1,1,1,,1,,1,,1,,1,,1,,1,,1,,1
Furcula occidentalis,1,1,1,,1,,,1,1,,1,,,1,1,,1,,,,1,,,1,,1,,1,,,,,,,,,,,,,,1,,1,1,1,1,1,,,,,,,1,1,1,1,1,1,,,,,,1,1,,,,,,,,,,,,,,,1,1,1,1,,,,,,,,,,,,,,,,1,,,1,,1,,1,,1,,1,,,,,,,,,,,,1,,1,,1,,1,,,,,,,,1,,,,,,,,,,,1,1,,1,,1,,1,,1,,1,,1,,1,,1,,1,,1,,1,1,1,,,1,,,,,,,,,,,1,1,1,1,,,,,,,,,,,,1,1,,1,1,1,,,1,,1,,,,,1,1,1,1,,1,1,1,1,1,,1,,1,,1,,1,,1
Furcula scolopendrina,1,1,1,,1,1,,1,1,1,1,,,1,,1,1,,1,1,1,,,1,,1,1,1,1,1,1,1,1,,,,,,,,,1,1,1,1,1,,,,,,,,,,1,1,1,1,1,1,,,,,1,1,,,,,,,,,,,,,1,1,1,1,1,1,,,,,,,,,,,,,,,,1,,,1,,1,,1,,1,1,1,,,,,,,,,,,,1,1,1,,1,,1,,,,,,,,1,,,,,,,,,,,,1,,1,,1,,1,,1,,1,,1,,1,,1,,1,,1,,1,1,1,,1,1,,,,,,,,,,,1,1,1,1,,,,,,,,,,,,1,1,,,1,1,1,,1,,1,,,,,1,1,1,,,1,1,1,1,,,1,,1,,1,,1,,1
Furcula modesta,,,,,1,,,,,,,,,,,,,,,,,,,,,,,,,,,,,,,,,,,,,,,,1,,,1,,,,,,,,,1,1,1,,,,,,,1,1,,,,,,,,,,,,,,1,1,1,1,1,,,,,,,,,,,,,,,,1,,,1,,1,,1,,,,1,,1,1,,,,,,,,,1,,1,,1,1,,,,,,,,,1,,,,,,,,,,,,1,,1,,1,,1,,1,,1,,1,,1,,1,,1,,1,,1,1,1,,1,,,,,,,,,,,,,1,,1,,1,,1,,,,,,,,1,1,,,1,,1,1,,,1,,,,,1,1,1,,,1,,1,1,1,,1,,1,,1,,1,,1
Datana ministra,1,1,1,,1,,,1,1,1,1,,,,,1,1,1,,1,1,,,,,,1,,1,1,,1,,,,,,,,,,,,1,1,,,,,,,,,,,,1,1,1,1,,,,,,1,1,,,,,,,,,,,,,,,,,1,1,1,1,,,,,,,,,,,,1,,1,,,1,,1,,1,,,,,1,1,,1,,,,,,,1,,,,1,1,,1,,,,,,,,1,,,,,,,,,,,,1,,1,,1,,1,,1,,1,,1,,1,,1,,1,,1,,1,1,1,,,,,1,,,,,,,,,1,,,,1,,,,,,,,,,,1,,1,,,,1,,1,,1,,,,,1,,1,,,1,1,1,,1,,1,,1,,1,,1,,1
Nadata gibbosa,1,1,1,,1,1,1,1,1,1,1,1,,1,1,1,1,1,,1,1,,,1,,1,1,1,1,1,1,1,1,,,,,,,,,1,1,1,1,1,,1,,,,,,,,1,1,1,1,1,1,,,,,,1,,,,,,,,,,,,,,,,,,,1,1,1,,,,,,,,,,,1,,1,,,1,,1,,1,,,,,1,1,1,1,,,,,,,,,1,1,1,1,1,1,,,,,,,,1,,,,,,,,,,,,1,,1,,1,,1,,1,,1,,1,,1,,1,,1,1,1,,1,1,,,,,,1,,,,,,,,,1,,,,1,,,,,,,,,,,1,,1,,,,1,1,1,,1,,,,,1,1,,1,1,1,,1,,1,,1,,1,,1,,1,,1
Nadata oregonensis,1,,1,,,,,,1,1,,,,,,,,,,,,,,,,,1,1,1,,1,1,,,,,,,,,,,,,,,,,,,,,,,,1,1,1,1,1,,,,,,1,1,,,,,,,,,,,,,,,,1,1,1,1,1,,,,,,,,,,,,1,,1,,,1,,1,,1,,,,,1,1,,,,,,,,,,,1,,1,1,,,,,,,,,,1,,,,,,,,,,,1,1,,1,,1,,1,,1,,1,,1,,1,,1,,1,1,1,,1,1,,,,,1,1,,,,,,,,,1,,1,,1,1,,1,,,,,,,,1,,1,,,1,,1,1,,1,,,,,1,,,1,1,,,1,,1,,1,,1,,1,,1,,1
Heterocampa lunata,,1,,,,,,,,,,,,,,,,,,,,,,1,,,,,,,,,,,,,,,,,,,,,,,,,,,,,,,,,,,1,1,,,,,,,1,,,,,,,,,,,,,,,,,,1,1,,,,,,,,,,,,,,,1,,,1,,1,1,1,,,,1,,,,,,,,,,,1,1,1,,,,,,,,,,,,,1,,,,,,,,,,,,1,,1,,1,,1,1,1,,1,,1,,1,,1,,1,,1,,1,,1,,1,1,,,,,,,,,,,1,,1,1,,,,,,,,,,,,1,,1,,,1,1,,1,,1,,,,,,1,,1,1,,,1,,1,,1,,1,,1,,1,,1
Schizura ipomoeae,1,1,1,,1,1,,1,1,1,1,1,,1,1,1,1,1,,1,1,1,,1,,1,1,,,1,1,1,,1,,,,,,,,1,,1,1,,,,,,,,,,,,1,1,1,1,1,,,,,1,1,,,,,,,,,,,,,,,,1,1,1,1,,,,,,,,,,,,,,,1,,,1,,1,,1,,,,1,1,1,,,,,,,,,1,1,,1,1,1,,1,,,,,,,,1,,,,,,,,,,,,1,,1,,1,,1,,1,,1,,1,,1,,1,,1,,1,,1,1,1,,1,1,1,,,,,,,,,,1,1,1,1,1,1,,,,,,,,,,1,,1,,,,1,,1,,1,,,,,1,1,1,1,1,1,1,1,,1,,1,,1,,1,,1,,1
Schizura unicornis,1,1,1,1,1,1,,1,,1,1,1,,1,1,1,1,1,,1,1,,,1,,1,1,1,,1,1,1,1,,,,,,,,1,1,1,1,1,1,,1,,,,,,,,1,1,1,1,1,1,,,,,1,,,,,,,,,,,,,1,1,1,1,,,,,,,,,,,,,,,,,,,1,,,1,,1,,1,,,,1,1,1,,,,,,,,,,1,,1,1,1,,1,,,,,,,,1,,,,,,,,,,,,1,,1,,1,,1,,1,,1,,1,,1,,1,1,1,,1,,1,,1,,,1,1,1,,,,,,,,,1,,,1,1,1,,,,,,,,,,1,1,1,,1,1,1,,1,,1,,,,,1,1,1,1,1,,,1,,1,,1,,1,,1,,1,,1
Schizura conspecta,1,1,1,,1,,,,1,1,1,,,1,,,1,,,,,1,,,,,,1,,1,,,1,,,,,,,,,,,1,,,,,,,,,,,,,1,1,1,1,,,,,,1,,,,,,,,,,,,,,,1,1,1,,,,,,,,,,,,,,,,,,1,,,1,,1,,1,,,,1,1,,,,,,,,,,1,1,1,1,1,,,,,,,,,,,1,,,,,,,,,,,,1,1,1,,1,,1,,1,1,1,,1,,1,,1,,1,,1,,1,1,1,,1,1,,1,,,,,,,,,1,,,1,1,,,,,1,,,,,,1,1,1,,1,1,1,,1,,1,,,,,,1,1,1,1,,,1,,1,,1,,1,,1,,1,,1
Schizura concinna,1,1,1,,1,,,,,1,1,1,,,,1,1,,,,,,,,,,1,1,1,,,1,,,,,,,,,,,,1,1,,,,,,,,,,,,1,1,1,1,,,,,,1,,,,,,,,,,,,,1,1,1,,,,,,,,,,,,,,,,,,,,1,,,1,,1,,1,,,,,1,1,,,,,,,,,,1,,1,1,1,,,,,,,,,,1,,,,,,,,,,,,1,1,1,,1,,1,1,1,1,1,,1,,1,,1,1,1,,1,,1,,1,,1,,,1,,,,,,,,,1,1,,1,,,,,,,,,,,,1,,1,,,1,1,,1,,1,,,,,,1,1,,1,1,,1,,1,,1,,1,,1,,1,,1
Oligocentria semirufescens,1,1,1,,1,1,1,1,1,1,1,,,1,1,1,1,1,,1,,1,,1,,1,1,,1,1,1,,,,,,,,,,,1,1,1,1,,,,,,,,,,,,1,1,1,1,1,1,,,,1,1,,,,,,,,,,,,,,1,1,1,1,1,,,,,,,,,,,,,,,,1,,,1,,1,1,1,,,,1,1,,,,,,,,,,1,1,1,1,1,1,,,1,1,,,,,,1,,,,,,,,,,,,1,,1,,1,,1,1,1,,1,,1,,1,,1,,1,,1,,1,1,1,,1,,,1,,,,,,,,,1,1,,1,,,,,,,,,,,,1,,1,,,1,1,,1,,1,,,,,,1,1,,1,,,1,,1,,1,,1,,1,,1,,1
Oligocentria pallida,1,1,1,1,1,1,,1,1,1,1,,,1,1,,1,,,,,1,,1,,1,1,1,,1,1,,,,,,,,,,1,1,1,1,1,1,,,,,,,,,,1,1,1,1,1,1,,,,,1,1,,,,,,,,,,,,,,,,1,1,1,1,,,,,,,,,,,,,1,,1,,,1,,1,1,1,,,,,,1,1,1,,,,,,,,1,,1,,1,1,1,,,,,,,,1,,,,,,,,,,,,1,,1,,1,,1,1,1,1,,,1,,1,,1,,1,,1,,1,,1,,1,1,,1,,,,1,,,,,1,,1,1,1,1,1,1,,1,,,,,,1,,1,,,,1,,1,,1,,,,,,1,1,,,1,1,1,,1,,1,,1,,1,,1,,1
Phryganidia californica,,,1,,,,,,,,,,,,,,,,,,,,,,,1,1,1,,,1,1,,,,,,,,,,,,,,,,,,,,,,,,,,1,1,1,1,,,,,1,,,,,,,,,,,,,,1,1,,,,,,,,,,,,,,,,,,,,1,,,1,,1,,1,,,,1,1,1,,,,,,,,,1,,,,,,,,,,,,,,,1,,,,,,,,,,,1,,,1,,1,,1,,1,,1,,1,,1,,1,,1,,1,,1,,1,,,1,1,1,,,,,,,,,1,,,,,,,,,,,,,,,1,,1,,,1,,,1,,1,,,,,,1,,1,1,,,1,,1,,1,,1,,1,,1,,1
Lymantria dispar,1,,1,1,1,1,,1,1,,,,,1,1,,,,,,,,,,,,,1,,,,1,,,1,,,,,,,1,,,,,,,,,,,,,,,,1,1,1,1,,1,,,1,1,,,,,,,,,,,,,1,1,1,1,1,1,1,,,,,,,,,,,,,,,1,,,1,,1,,1,,,1,,1,,,,,,,,,,1,1,,,,1,,,,,,,,,,1,,,,,,,,,,,,1,,1,,1,,1,,1,,1,,1,,1,,1,,1,1,1,,1,1,1,,1,,1,,,,,,,,,,1,1,,,,,,,,,,,,,,1,1,1,,1,1,1,,1,,1,,,,,1,1,,1,1,,,1,,1,,1,,1,,1,,1,,1
Gynaephora rossii,,,,,1,,,,,,,,,,,,,,,,,,,,,,,,,,,,,,,,,,,,,,,,,,,,,1,,,,,,,,1,1,,,,,,,1,,,,,,,,,,,,,,1,1,1,,,,,,,,,,,,,,,,,,,1,,,1,,1,,1,,,,1,1,,,,,,,,,,1,1,1,1,1,,,,,,,,,,,1,,,,,,,,,,,1,1,,1,1,1,,1,,1,,1,,1,,1,,1,1,1,,1,,1,1,1,1,,1,,1,1,,,,,,,,,1,,1,,1,1,,,,,,,,,1,1,1,,1,1,,,1,1,1,1,,,1,1,,,1,1,1,,1,,1,,1,,1,,1,,1,,1
Dasychira vagans,1,1,1,1,1,,,1,1,1,1,,,1,1,1,1,1,,1,,,,1,,1,1,,,,1,1,,,,,,,,,1,1,,1,1,1,,1,,,,,,,,,1,1,1,1,1,,,,,1,1,,,,,,,,,,,,1,1,1,1,1,1,1,,,,,,,,,,,,,,,,1,,,1,,1,,1,,,,1,1,,,,,,,,,,1,1,1,1,1,1,,,,,,,,,,1,,,,,,,,,,,,1,,1,,1,,1,,1,,1,,1,,1,,1,,1,,1,,1,1,1,,,1,1,,,,,,,,,,1,,,,,,,,,,,,,,,1,1,1,,1,,1,,1,,1,,,,,,1,,1,1,,,1,,1,,1,,1,,1,,1,,1
Dasychira plagiata,,,,,,,,,,,,,,,,,,,,,,,,,,,,,,,,,,,,,,,,,,,,,,,,,,,,,,,,,,,1,,,,,,,1,1,,,,,,,,,,,,,1,1,1,1,1,1,,,,,,,,,,,,,,,,1,,,1,,1,,1,,,,1,1,,,,,,,,,,,1,1,1,1,,,,,,,,,,,1,,,,,,,,,,,,1,,1,,1,,1,,1,,1,,1,,1,,1,1,1,1,1,,1,1,1,,,1,1,,,,,,,,,,1,,,,,,,,,,,,,,,1,1,1,,1,,1,,1,,1,,,,,1,1,,1,1,,,1,,1,,1,,1,,1,,1,,1
Dasychira grisefacta,1,1,1,1,1,1,,1,1,1,1,,,1,1,,1,1,,,,1,,,,1,1,1,,,1,1,,,,,1,,,,1,1,1,1,1,,1,1,,,,,,,,,,1,1,1,,,,,,1,1,,,,,,,,,,,,,,,1,1,1,1,,,,,,,,,,,,,,,,1,,,1,,1,,1,,,,1,1,,,,,,,,,,1,1,1,,,,,,,,,,,,,1,,,,,,,,,,,,1,,1,,1,,1,,1,,1,,1,,1,,1,1,,1,1,,1,1,1,,,1,1,,,,,,,,,,1,,,,,,,,,,,,,,,1,1,,,1,,1,,1,,1,,,,,1,1,,1,1,,,1,,1,,1,,1,,1,,1,,1
Orgyia antiqua,1,1,1,1,1,1,,1,,1,,,,1,1,,,,1,1,1,1,,1,,1,1,,,,1,,,,,,,,,,1,1,1,1,1,1,,,,,,,,,,,,1,1,1,1,1,,,,1,,,,,,,,,,,,,,1,1,,,,,,,,,,,,,,,,,,,,1,,,1,,1,,1,,,,,1,,,1,,,,,,,,1,1,,1,,,1,,,,,,,,1,,,,,,,,,,,,1,,1,,1,,1,,1,,1,,1,,1,,1,1,,,1,,1,,1,,,,1,,,1,,,,,,,1,,,,,,,,,,,,,,,1,,1,,,,1,,1,,1,,,,,,1,,1,1,,,1,,1,,1,,1,,1,,1,,1
Orgyia vetusta,,,1,,,,,,,,,,,,,,,,,,,,,,,,,,,,,1,,,,,,,,,,,,,,,,,,,,,,,,,,1,,1,1,,,,,1,,,,,,,,,,,,,1,1,,,,,,,,,,,,,,,,,,,,,1,,,1,,1,,1,,,,,1,,,,,,,,,,,1,1,1,1,,,,,,,,,,,1,,,,,,,,,,,,1,,1,,1,,1,,1,,1,,1,,1,,1,1,,,1,,1,1,1,,,,1,,,,,,,,,,1,,,,,,,,,,,,,,,1,,1,,,,1,,1,,1,,,,,1,1,,1,1,,,1,,1,,1,,1,,1,,1,,1
Orgyia cana,,1,1,,,,,,,,,,,,,,,,1,1,1,1,,,,,,1,,,,1,,,,,,,,,,,,,,,,,,,,,,,,,1,1,1,1,1,,,,,1,,,,,,,,,,,,1,1,1,1,,,,,,,,,,,,,,,,,,,,1,,,1,,1,,1,,,,1,1,,,,,,,,,,1,1,1,1,1,1,,,,,,,,,,1,,,,,,,,,,,,1,,1,,1,,1,,1,,1,,1,,1,,1,1,1,,1,,1,1,1,,,,1,,,,,,,,,,1,,,,,,,,,,,,,,,1,1,1,,1,,1,,1,,1,,,,,1,1,,1,1,,,1,,1,,1,,1,,1,,1,,1
Orgyia pseudotsugata,1,1,1,1,1,,,1,1,1,1,1,,1,1,1,1,1,1,1,1,1,,1,,1,1,1,,1,1,1,1,,,,1,,,,,1,,1,1,,,,,,,,,,,,,1,1,1,1,1,,,,1,,,,,,,,,,,,,1,1,1,1,1,,,,,,,,,,,,,,,,,,1,,,1,,1,,1,,,,1,1,,,,,,,,,,,1,1,1,1,1,,,,,,,,,,1,,,,,,,,,,,,1,,1,,1,,1,,1,,1,,1,,1,,1,1,,,1,,1,,1,,,,1,,,1,,,,,,,1,,,,1,,,1,,,,,,,,1,,1,,,1,1,,1,,1,,,,,1,1,,1,1,,,1,,1,,1,,1,,1,,1,,1
Leucoma salicis,1,1,1,1,1,,,1,1,1,1,,,1,1,1,1,,,,1,,1,1,,1,1,1,1,1,1,,1,,1,,1,,,,,1,1,1,1,1,,,,,,,,,,,1,1,1,1,1,,,,,1,1,,,,,,,,,,,,,,,1,1,1,1,1,1,1,,,,,,,,,,,,,1,,,1,,1,,1,,,1,,,,,,,,,,,,1,,,,,,1,,,,,,,,,1,,,,,,,,,,,1,1,,1,,1,,1,,1,,1,,1,,1,,1,,1,,1,,1,,1,,1,,,,,,,,,,,,1,,,,,,,,,,,,,,,1,,1,,,,1,,1,,1,,,,,,1,,1,1,,,1,,1,,1,,1,,1,,1,,1
Euproctis similis,,,,,1,,,,,,,,,,,,,,,,,,,,,,,,,,,,,,,,,,,,,1,,,,,,,,,,,,,,,1,,,,,,,,,1,,,,,,,,,,,,,1,1,1,,,,,,,,,,,,,,,,,,,,1,,,1,,1,,1,,,1,,,,,,,,,,,,1,,,,,,,,,,,,,,,1,,,,,,,,,,,,1,,1,,1,,1,,1,,1,,1,,1,,1,,1,,1,,1,,1,,1,,,,,,,,,,,,1,,,,,,,,,,,,,,,1,,1,,,,1,,1,,1,,,,,,1,,1,1,,,1,,1,,1,,1,,1,1,,,1
Cisthene barnesii,,1,,1,,,,,,,,,,,,,,,1,1,,,,,,,,,,,,,,,,,,,,,1,,,,,,,,,,,,,,,,,,1,1,,,,,1,1,,,,,,,,,,1,1,,,,,,,,,,,,,,,,,,,,,,,,1,,,1,,1,,1,1,,,1,,,,,,,,,,,,,,,,,1,1,1,1,,,,,,1,,,,,,,,,,,,1,,1,,1,,1,,1,,1,,1,,1,,1,,1,,1,,1,1,1,,,,,,1,1,1,1,,,,,,,,1,,,,,,,,,,,,1,,1,,,,1,,1,1,,1,,,1,1,1,1,,1,1,1,1,,1,,1,,1,,1,,1,,1
Hypoprepia miniata,1,1,,1,1,,,,,,1,,,,,,1,,,,,,,,,,,,,,,,,,,,,,,1,1,,,1,1,1,,1,,,,,,,,,,1,1,1,1,,,,,1,,,,,,,,,,,,1,1,1,,,,,,,,,,,,,,,,,,,,,1,,,1,,1,,1,,1,,1,,,,,1,,,,,,,1,,1,,,,,1,,,,,,,1,,,,,,,,,,,,1,,1,,1,,1,,1,,1,1,1,,1,,1,,1,,1,,1,1,,1,,1,,,,,1,,,,,,,1,,1,,,,,1,,,,,,,1,,1,,,,1,,1,1,,1,,,1,,1,,1,1,,,1,,1,,1,,1,,1,,1,,1
Hypoprepia inculta,,1,,,,,,,,,,,,,,,,,1,1,,,,,,,,,,,,,,,,,,,,,,,,,,,,,,,,,,,,,,,1,1,,,,,,1,,,,,,,,,,,,1,1,1,1,,,,,,,,,,,,,,,,,,,,1,,,1,,1,,1,,,,1,,,,,,,,,,,1,,1,,,1,,,,,,,,,,1,,,,,,,,,,,,1,,1,,1,,1,,1,,1,,1,,1,,1,,1,,1,,1,,1,,1,1,,,,,,,,,,,1,,,1,1,,,,,,,,,,,1,,1,,,,1,,1,,1,,,,,1,,,1,1,,,1,,1,,1,,1,,1,1,1,,1
Bruceia pulverina,,1,,,1,,,,,,,,,,,,,1,,,1,1,,,,,,,,,,,,,,,,,,,,,,1,1,,,,,,,,,,,,,,1,1,1,,,,1,1,,,,,,,,,1,1,1,,,,,,,,,,,,,,,,,,,,,,,,1,,,1,,1,,1,,,,1,1,1,,,,,,,,,,,,1,1,1,,,,,,,,,,1,,,,,,,,,,,,1,,1,,1,,1,,1,,1,,1,,1,,1,,1,,1,,1,,1,,,,,1,,,,,,,,,1,,,,1,1,,,,,,,,,,1,,1,,,,1,,1,,1,,,,,,1,,1,1,1,,1,,1,,1,,1,,1,,1,,1
Clemensia albata,1,1,1,,1,1,,1,,,1,,,1,1,,1,,,,,,,,,1,1,,,,1,1,,,,,,,,,,1,1,1,1,,,1,,,,,,,,,,1,1,1,1,,,,1,1,,,,,,,,,1,1,1,,,,,,,,,,,,,,,,,,,,,,,,1,,,1,,1,,1,,,1,1,,,,,,,,,,,,1,1,1,,1,,,,,,,,,,1,,,,,,,,,,,,1,,1,,1,,1,,1,,1,,1,,1,,1,,1,1,1,,1,,1,,1,1,,,,,,,,,,,1,,1,1,1,,,,,,,,,,,1,,1,,,,1,,1,,1,,,,,,1,,1,1,,,1,,1,,1,,1,,1,,1,,1
Eilema bicolor,,,,1,1,,,,,,,,,,,,,,,,,,,,,,,,,,,,,,1,,,,,,,,1,1,1,1,,1,,1,,,,,,,,,1,1,1,,,,,1,,,,,,,,,,,,1,1,1,1,1,,,,,,,,,,,,,,,,,,,1,,,1,,1,,1,1,,,1,,,,,,,,,,,,,,,,,1,,,,,,,,,1,,,,,,,,,,,,1,,1,,1,,1,,1,,1,1,,,1,,1,,1,,1,,1,,1,,,1,,,,,,,,,,,1,,,,,,,,,,,,,,,1,,1,,,,1,,1,,1,,,,,,1,,1,1,,,1,1,,,1,,1,,1,1,,,1
Crambidia casta,1,1,1,,1,,,,,1,1,,,,,1,1,1,1,1,,1,1,,,,1,,,1,,1,1,,,,,,,,,,,1,1,1,,1,,,,,,,,,,1,1,1,1,1,,,,1,,,,,,,,,,,,,1,1,1,1,,,,,,,,,,,,,,,,,,,1,,,1,,1,,,1,,1,,,,,,,,,,,,1,,,,,,,,,,,,,,,1,,,,,,,,,,,,1,,1,,1,,1,,1,,1,,1,,1,,1,,1,,1,,1,,1,,1,,,,,,,,,,,,1,,,,,,,,,,,,,,,1,,1,,,,1,,1,,1,,,,,,1,,1,1,,,1,,1,,1,,1,,1,,1,,1
Crambidia cephalica,,1,,,,,,,,,,,,,,,,,1,,,1,,,,,,,,,,,,,,,,,,,,,,,,,,,,,,,,,,,,,1,1,,,,,1,1,,,,,,,,,,1,1,1,1,1,,,,,,,,,,,,,,,,,,,,,1,,,1,,1,,,1,,1,,,,,,,,,,,,1,,,,,,,,,,,,,,,1,,,,,,,,,,,,1,,1,,1,,1,,1,,1,,1,,1,,1,,1,,1,,1,,1,,1,,,,,,,,,,,,1,,,,,,,,,,,,,,,1,,1,,,,1,,1,,1,,,,,,1,,1,1,,,1,,1,,1,,1,,1,,1,,1
Holoarctia sordida,,,,,1,,,,,,,,,,,,,,,,,,,,,,,,,,,,,,,,,,,,,,,,1,,,1,,,,,,,,,,,1,1,,,,,,1,,,,,,,,,,,,,,1,1,,,,,,,,,,,,,,,,,,,,1,,,1,,1,,1,,1,,1,,,,,,,,,,,,1,1,1,,,,,,,,,,,,1,,,,,,,,,,,,1,,1,,1,,1,,1,,1,,1,,1,,1,,1,,1,,1,1,,,,1,,,,,,,,,,,1,,1,,,,,,,,,,,,,1,,1,,,1,1,,1,,1,,,,,1,,,1,1,,,1,1,1,,1,,1,,1,,1,,1
Neoarctia beanii,,,,1,1,,,,,,,,,,,,,,,,,,,,,,,,,,,,,,,,1,1,,,1,,,1,1,,,1,,,,,,,,,,1,1,1,,,,,,1,,,,,,,,,,,,,,,1,1,,,,,,,,,,,,,,,,,,,1,,,1,,1,,1,,,,,1,,,1,,,,,,,1,,,1,1,,,1,,,,,,,,1,,,,,,,,,,,,1,,1,,1,,1,,1,,1,,1,,1,,1,,1,,1,,1,,1,,,,1,,,1,,1,,,,,1,,,,1,,,1,,1,,,,,,1,1,1,,1,,1,1,,,1,,,,,,1,1,1,1,,,1,,1,,1,,1,,1,,1,,1
Neoarctia brucei,1,,,,1,,,,,,,,,1,,,,,,,,,,,,,,,,,,,,,,,,,,,,1,1,1,,,,,,,,,,,,,,,1,1,,,,,,1,,,,,,,,,,,,,,,1,1,,,,,,,,,,,,,,,,,,,1,,,1,,1,,1,,1,,,,1,1,1,,,,,,,,1,,,,1,1,1,,,,,,,,1,,,,,,,,,,,,1,,1,,1,,1,,1,,1,,1,,1,,1,,1,,1,,1,1,1,1,,,,,,1,,1,,,,,,1,,,,,,1,,1,,,,,,1,1,1,1,,,1,,1,,1,,,,,1,1,1,,1,,,1,1,,1,,,1,,1,,1,,1
Holarctia obliterata,,1,,1,1,,,,,,,,,,,,,,,,,,1,,,,,,,,,,,,1,,,,,,,,,,,,,1,,,,,,,,,,1,1,1,1,,,,,1,,,,,,,,,,,,,,1,1,1,,,,,,,,,,,,,,,,,,,1,,,1,,1,,1,,1,,,,,,,,,,,,,,,,,,1,1,,,,,,,,,1,,,,,,,,,,,1,1,,1,,1,,1,,1,,1,,1,,1,,1,,1,,1,,1,1,,1,,,,,1,,,,,,,,,1,,,,,1,,,,,,,,,1,1,,1,,,1,,1,,1,,,,,1,,1,,1,,1,1,,1,1,,,1,,1,,1,,1
Grammia doris,,1,,1,1,,,,,,,,,,,1,,,,,,,,,,,,,,,,,,,,,,,,1,,,,1,1,,,,,,,,,,,,1,1,,1,,,,,,1,1,,,,,,,,,,,,,,,,1,1,1,,,,,,,,,,,,,,,,1,,,1,,1,,1,,1,,,,1,1,,,1,,,,,,1,,,1,1,1,,,1,,,,,,1,,,,,,,,,,,1,,,1,,1,,1,,1,,1,1,1,,1,,1,,1,1,1,,1,1,,,,,,,,,,1,,,,,,1,,,,1,,,,,,,,,,1,1,,1,,,1,,1,,1,,,,,1,,1,1,1,,1,1,,1,,1,1,1,,1,,1,,1
Grammia virgo,,1,,,1,,,,,,,,,,,,,,,1,,,,,,,,,,,,,,,,,,,,,,,,,,,,1,,,,,,,,,,,1,,,,,,,1,1,,,,,,,,,,,,,,,,,1,1,1,1,1,,,,,,,,,,,,,1,,,1,,1,,1,,1,,,,1,1,,,,,,,,,1,,,,1,1,,,,,,,,,1,,,,,,,,,,,1,,,1,,1,,1,,1,,1,1,1,,1,,1,,1,,1,,1,1,,,,,,,,1,,1,,,,,,1,,,,,1,1,,,,,,,,1,1,,1,,,1,,1,,1,,,,,1,,1,1,1,,1,1,,1,1,,1,1,1,1,,1,,1
Grammia parthenice,,,,1,1,,,,,,,,,,,,,,,,,,,,,,,,,,,,,,,,,,,1,1,,,1,1,1,1,1,1,,,,,,,,,1,1,1,,,,,,1,1,,,,,,,,,,,,,,,1,1,1,1,,,,,,,,,,,,,,,,1,,,1,,1,,1,,1,,,,1,1,,,,,,,,,1,,,,1,1,,,,,,,,,1,,,,,,,,,,,1,,,1,,1,,1,,1,,1,1,1,,1,,1,,1,,1,,1,1,,,,,,,,1,,,,,,,,1,,,,,1,,,,,,,,,1,1,1,1,,,1,,1,,1,,,,,1,,1,1,1,,1,1,,1,1,1,1,1,1,1,,1,,1
Grammia virguncula,,,,1,1,,,,,,,,,,,,,,,,,,,,,,,,,,,,,,,,1,,,,,,,,1,,,,,,,,,,,,,1,1,1,1,,,,,1,1,,,,,,,,,,,,,,,1,1,1,1,1,,,,,,,,,,,,,,,1,,,1,,1,,1,,1,,,,1,1,,,,,,,,,1,,,,1,1,,,,,,,,,1,,,,,,,,,,,1,,,1,,1,,1,,1,,1,1,1,,1,,1,,1,,1,,1,1,,1,,,,,1,1,,,,,,,,1,,,,,1,1,,,,,,,,1,1,1,1,,1,1,,1,,1,,,,,1,,1,1,1,,1,1,,1,1,,,1,,1,,1,,1
Grammia speciosa,,,,,1,,,,,,,,,,,,,,,,,,,,,,,,,,,,,,,,,,,,,,,,1,,,,,1,,,,,,,,,1,,,,,,,1,,,,,,,,,,,,,1,1,1,,,,,,,,,,,,,,,,,,,,1,,,1,,1,,1,,1,,,,1,1,,,,,,,,,1,,,,1,1,,,,,,,,,1,,,,,,,,,,,1,,,1,,1,,1,,1,,1,1,1,,1,,1,,1,,1,,1,1,,1,,,,,1,1,,,,,,,,1,,,,,1,1,,,,,,,,1,1,,1,,,1,,1,,1,,,,,1,,1,1,1,,1,1,,1,1,,,1,,1,,1,,1
Grammia nevadensis,1,1,1,1,1,,,1,1,1,1,,,1,1,,,,1,1,1,,1,1,1,1,,,1,1,,,1,1,1,,1,,,1,1,1,,1,1,1,,1,,,,,,,,,1,1,1,1,1,1,,,,1,,,,,,,,,,,,,,1,1,1,1,,,,,,,,,,,,,,,,,,1,,,1,,1,,1,,1,,,,1,1,,,,,,,,,1,,,,1,1,,,,,,,,,1,,,,,,,,,,,1,1,,1,,1,,1,,1,,1,1,1,,1,,1,,1,1,1,,1,1,,1,,,,,,1,,1,,,,,,1,,,,,1,1,,1,,,,,,1,1,1,1,,,1,,1,,1,,,,,1,,1,1,1,1,1,1,,1,1,,,1,,1,,1,,1
Grammia quenseli,,,,,1,,,,,,,,,,,,,,,,,,,,,,,,,,,,,,,,,,,,,,,,,,,,,1,,,,,,,,1,1,,,,,,,1,,,,,,,,,,,,,1,1,,,,,,,,,,,,,,,,,,,,,1,,,1,,1,,1,,1,,,,1,1,,,,,,,,,1,,,,1,1,,,,,,,,,1,,,,,,,,,,,1,,,1,,1,,1,,1,,1,1,1,,1,,1,,1,,1,,1,1,,1,,1,,,1,1,,,,,,,1,1,,1,,,1,1,,,,,,,,1,1,,1,1,,1,,1,,1,,,,,1,,1,1,1,,1,1,,1,1,1,,1,,1,,1,,1
Grammia margo,,,,,1,,,,,,,,,,,,,,,,,,,,,,,,,,,,,,,,,,,,,,,,,,,1,,,,,,,,,1,,,,,,,,1,1,,,,,,,,,,1,1,1,,,,,,,,,,,,,,,,,,,,,,,1,,,1,,1,,1,,1,1,,1,1,1,,,,,,,,,1,1,,,1,1,,,,,,,,,1,,,,,,,,,,,1,1,,1,,1,,1,,1,,1,1,1,,1,,1,,1,,1,,1,1,1,1,,,1,1,1,1,,,,,,,,1,,,1,1,1,1,,,,,,,,1,1,1,1,,,1,,1,,1,,,,,1,,1,1,1,,1,1,,1,1,,,1,,1,,1,,1
Grammia behrii,,,1,,,,,,,,,,,,,,,,,,,,,,,,1,1,,,,1,,,,,,,,,,,,,,,,,,,,,,,,,,,,1,1,,,,,1,,,,,,,,,,,,,,1,1,1,,,,,,,,,,,,,,,,,,,1,,,1,,1,,1,,1,,,,1,1,,,,,,,,,1,,,,1,1,,,,,,,,,1,,,,,,,,,,,1,1,,1,,1,,1,,1,,1,,1,,1,,1,,1,1,1,,1,1,,,,,,,,1,,1,,,,,,1,,,,,1,,,,,,,,,1,1,1,1,,,1,,1,,1,,,,,1,,1,,,1,,1,,1,1,,,1,,1,,1,,1
Grammia williamsii,,1,,1,1,,,,,,,,,,,,,,1,1,1,1,,1,,,,,,,,,,,,,1,,,,1,,,,1,,,1,,,,,,,,,1,1,1,1,1,,,,,1,,,,,,,,,,,,,1,1,1,,,,,,,,,,,,,,,,,,,,1,,,1,,1,,1,,1,,,,,,,,,,,,,,,,,,,1,1,,1,,,,,,1,,,,,,,,,,,1,1,,1,,1,,1,,1,,1,,1,,1,,1,,1,,1,,1,,1,1,,,,,,1,,1,,,,,,1,,,,,,1,,1,,,,,,1,1,,1,,,1,,1,1,1,1,,,1,,1,1,1,1,,1,1,,1,1,,,1,,1,,1,,1
Grammia elongata,1,,1,,1,,,,1,,,,,1,,,,,,,,,,,,,,,,1,,,,,,,,,,,,,,1,,,,1,,,,,,,,,1,,1,1,,,,,,1,,,,,,,,,,,,,,1,1,,,,,,,,,,,,,,,,,,,,1,,,1,,1,,1,,1,1,,,1,1,,,,,,,,,1,1,,,1,1,,,,,,,,,1,,,,,,,,,,,1,1,,1,,1,,1,,1,,1,1,1,,1,,1,,1,,1,,1,1,1,1,1,,,,1,1,,,,,,,,1,1,,,,1,1,,,,,,,,1,1,,1,,,1,,1,,1,,,,,1,1,1,1,1,,1,1,,1,1,,,1,,1,,1,,1
Grammia blakei,,1,,1,,,,,,,,,,,,,,,,1,,,,,,,,,,,,,,,,,,,,1,1,,,,,,,,,,,,,,,,1,1,1,1,,,,,1,1,,,,,,,,,1,1,1,1,1,,,,,,,,,,,,,,,,,,,,,,1,,,1,,1,,1,,1,,,,1,1,,,,,,,,,1,,,,1,1,,,,,,,,,1,,,,,,,,,,,1,1,,1,,1,,1,,1,,1,1,1,,1,,1,,1,1,1,,1,1,,1,,,,,1,1,,,,,,,,1,,,,,1,1,,,,,,,,1,1,,1,,,1,,1,,1,,,,,1,,1,1,1,,1,1,,1,1,,1,1,,1,,1,,1
Grammia ornata,1,1,1,1,1,1,,1,1,1,1,1,,1,1,1,1,1,1,1,1,1,,,1,1,1,1,1,1,1,1,1,1,,,1,,,1,,,,1,1,,,,,,,,,1,1,1,1,1,1,1,1,,,,,1,1,,,,,,,,,,,,,,1,1,1,1,1,,,,,,,,,,,,,,,,1,,,1,,1,,1,,1,,,,1,1,1,,1,,,,,,1,,,,1,1,1,,1,,,,,,1,,,,,,,,,,,1,,,1,,1,,1,,1,,1,1,1,,1,,1,,1,1,1,,1,1,,1,,,,,1,1,,,,,,,,1,,,,,1,1,,,,,,,,1,1,1,1,1,,1,,1,,1,,,,,1,,1,1,1,,1,1,,1,1,1,,1,,1,,1,,1
Grammia complicata,1,,,,1,,,1,,,,,,,,,,,,,,,,,,,,,,,,,,,,,,,,,,1,,,,,,,,,,,,,1,,1,1,1,1,,,,,,1,,,,,,,,,,,,,1,1,,,,,,,,,,,,,,,,,,,,,1,,,1,,1,,1,,1,,,,1,1,,,,,,,,,1,,,,1,1,,,,,,,,,1,,,,,,,,,,,1,,,1,,1,,1,,1,,1,,1,,1,,1,,1,,1,,1,1,,1,,,,,1,1,,,,,,,,1,,,,,1,1,,,,,,,,1,1,,1,,,1,,1,,1,,,,,1,,1,1,1,,1,1,,1,1,,,1,,1,,1,,1
Grammia edwardsii,,,1,,,,,,,,,,,,,,,,,,,,,,,,,1,,,,,,,,,,,,,,,,,,,,,,,,,,,,1,1,1,1,1,1,,,,,1,,,,,,,,,,,,1,1,1,,,,,,,,,,,,,,,,,,,,,1,,,1,,1,,1,,1,,,1,1,1,1,,,,,,,,1,,,1,1,1,1,,,,,,,,1,,,,,,,,,,,1,,,1,,1,,1,,1,,1,,1,,1,,1,,1,,1,,1,1,,1,,,,,1,1,,,,,,,,1,,,,,1,1,,,,,,,,1,1,,1,,,1,,1,,1,,,,,1,,1,1,1,,1,1,,1,1,,,1,,1,,1,,1
Grammia eureka,,1,,,,,,,,,,,,,,,,,,1,,,,,,,,,,,,,,,,,,,,,,,,,,,,,,,,,,,,1,1,,,,,,,,,1,,,,,,,,,,,,,,,1,1,1,,,,,,,,,,,,,,,,,,1,,,1,,1,,1,,1,1,,,1,1,,,,,,,,,1,1,,,1,1,,,,,,,,,1,,,,,,,,,,,1,1,,1,,1,,1,,1,,1,1,1,,1,,1,,1,,1,,1,1,,1,,,,,,1,,,,,,,,1,,,,,,1,,,,,,,,1,1,,1,,,1,,1,,1,,,,,1,,1,1,1,,1,1,,1,1,1,,1,,1,,1,,1
Grammia yukona,,,,,,,,,,,,,,,,,,,,,,,,,,,,,,,,,,,,,,,,,,,,,,,,,,,,,,,,,,1,1,1,,,,,1,1,,,,,,,,,,1,1,1,,,,,,,,,,,,,,,,,,,,,,,1,,,1,,1,,1,,1,1,,1,1,1,,,,,,,,,1,1,,,1,1,,,,,,,,,1,,,,,,,,,,,1,1,,1,,1,,1,,1,,1,1,1,,1,,1,,1,,1,,1,1,,1,,,1,,1,1,,1,,,,,,1,,,1,,1,1,,1,,,,,,1,1,1,1,,,1,,1,,1,,,,,1,,1,1,1,,1,1,,1,1,,,1,,1,,1,,1
Notarctia arizoniensis,,1,1,,,,,,,,,,,,,,,,,1,,,1,,,,,,,,,1,1,1,,,,,,,,,,,,,,,,,,,,,,,1,1,1,1,1,1,,,,1,1,,,,,,,,,,,,,,1,1,1,1,1,1,,,,,,,,,,,,,,,1,,,1,,1,,1,,1,,,,1,1,,,,,,,,,1,,,,1,1,,,,,,,,,1,,,,,,,,,,,,1,,1,,1,,1,,1,,1,1,1,,1,,1,,1,1,1,,1,1,1,,,,,,1,1,1,1,,,,,,1,,,,,1,1,1,1,,,,,,1,1,1,1,,,1,,1,,1,,,,,1,1,1,,1,,1,1,1,1,1,1,1,1,,1,1,1,,1
Parasemia plantaginis,1,1,,1,1,,,,1,1,1,,,1,1,,1,,,1,1,1,,1,,,,,,,,,,,1,1,1,1,,,,,1,1,1,1,1,1,1,1,,,,,,,,1,1,1,1,,,,,1,,,,,,,,,,,,,,1,1,1,,,,,,,,,,,,,,,,,,,1,,,1,,1,,1,,1,1,,,,1,,,,,,,,,1,1,,,,1,,,,,,,,,1,,,,,,,,,,,,1,,1,,1,,1,,1,,1,,1,,1,,1,,1,1,1,,1,1,1,1,1,,,,1,1,,,,,,,,1,1,,,,1,1,,,,,,,,1,,1,,,,1,,1,1,1,1,,,1,1,1,1,1,1,,,1,1,1,1,1,,1,,1,1,1,,1
Pararctia yarrowii,1,,,1,1,,,,,,,,,1,,,,,,,,,,,,,,,,,,,,,,,1,,,,,,,1,1,,1,1,,1,,,,,,,,1,1,1,,,,,,1,1,,,,,,,,,,,,,,,,,1,1,1,,,,,,,,,,,,,,,1,,,1,,1,,1,,1,,,,1,1,,,,,,,,,1,,,,1,1,,,,,,,,,1,,,,,,,,,,,,1,,1,,1,,1,,1,,1,,1,,1,,1,,1,,1,,1,1,,1,,,,,,1,,,,,,,,1,,,,,,1,,,,,,,,1,1,,1,,,1,,1,,1,,,,,,1,1,1,1,,,1,1,1,,1,,1,,1,1,,,1
Platarctia parthenos,1,1,1,1,1,,,,,,1,1,,1,,,1,,,1,1,,,,,,,,,1,,,,,,,1,1,,,1,,1,1,1,1,,1,,1,,,,,,,1,1,1,1,1,,,,,,1,1,,,,,,,,,,,,,,,,,,,,,1,1,1,1,,,,,,,,,1,,,1,,1,,1,,,,,1,,,,,,,,,,,,1,,,1,,,,,,,,,,1,,,,,,,,,,,,1,,1,,1,,1,,1,,1,,1,,1,,1,1,,1,1,,1,,1,1,,,,,1,1,,,,,,,,1,,,,,1,1,,,,,,,,1,1,1,1,,,1,1,1,1,,,1,,1,,1,,1,1,1,,1,1,1,,1,,1,,1,1,,,1
Platyprepia virginalis,1,1,1,1,1,1,,1,1,1,,1,,1,,1,1,1,1,1,1,,,1,,,1,1,1,1,1,1,1,,1,,1,,,1,1,1,,1,1,,,,,,,,,,1,1,1,1,1,1,1,,,,,,1,,,,,,,,,,,,,,,,,,,,,1,1,1,,,,,,,,,,,1,,,1,,1,,1,,1,1,,,,1,,,,,,,,,1,1,,,,1,,,,,,,,,1,,,,,,,,,,,,1,,1,,1,,1,,1,,1,,1,,1,,1,1,,1,1,,1,,1,1,,,,,1,1,,,,,,,,1,,,,,1,1,,,,,,,,1,1,1,1,,,1,1,1,,1,,,,,,1,1,1,1,,1,,,1,,1,,1,1,1,1,1,,1
Arctia caja,1,1,1,1,1,1,1,1,1,1,1,,,1,1,1,1,,1,1,1,,,1,,1,1,,,1,1,1,1,,,,1,,,1,1,1,,1,1,,,,,,,,,,,1,,1,1,1,1,1,,1,,,1,1,,,,,,,,,,,,,,,,,,,,1,1,1,1,1,,,,,,,,,1,,,1,,1,,1,,,1,,1,,,,,,,,,,,,1,,1,,,,,,,,,,,1,,,,,,,,,,,,1,,1,,1,,1,,1,,1,,1,,1,,1,,1,,1,,1,,1,,,,,,,1,,,,,,,,1,,,,,1,,,,,,,,,1,1,,1,,,1,,1,,1,,,,,1,1,1,,1,1,,1,,1,,1,1,1,1,,,1,,1
Arctia opulenta,,,,,1,,,,,,,,,,,,,,,,,,,,,,,,,,,,,,,,,,,,,,,,,,,,,1,,,,,,,,,1,,,,,,,,1,,,,,,,,,,,,,,,,,,,,1,1,,,,,,,,,,,,,1,,,1,,1,,1,,,1,,1,,,,,,,,,,,,1,,1,,,,,,,,,,,1,,,,,,,,,,,,1,,1,,1,,1,,1,,1,,1,,1,,1,,1,,1,,1,,1,,,,,,,1,,,,,,,,1,,,,,1,,,,,,,,,1,1,,1,1,,1,,1,,1,,,,,1,1,1,,1,1,,1,,1,,1,1,1,1,,,1,,1
Virbia ferruginosa,,,1,,1,,,,,,,,,,,,,,,,,,,,,,,,,,1,,,,,,,,,,,1,,1,1,1,1,1,1,,,,,,,,1,1,1,1,1,,,,1,1,,,,,,,,,,1,1,1,1,1,,,,,,,,,,,,,,,,,,,,,1,,,1,,1,,1,,,,,1,1,1,1,,,,,,,1,,,,1,1,1,1,,,,,,,,1,,,,,,,,,,,,1,,1,,1,,1,,1,,1,,1,,1,,1,,1,,1,,1,,1,,,,,1,1,1,,,,,,,1,1,,1,1,,,1,,,,,,,,1,1,,1,1,,1,,1,,1,,,,,1,1,,1,1,,,1,,1,,1,1,1,,1,,1,,1
Spilosoma congrua,,,,,1,,,,,,,,,,,,,,,,,,,,,,,,,,,,,,,,,,,,,,,1,,,,,,,,,,,,,1,1,,,,,,,,1,1,,,,,,,,,,,,,,,1,1,1,1,1,,,,,,,,,,,,,,,1,,,1,,1,,1,,,1,,,,,,,,,,,,,1,,1,,,,,,,,,,,,1,,,,,,,,,,,,1,,1,,1,,1,,1,,1,,1,,1,,1,,1,,1,,1,,1,,1,,,,,,,,,,,,1,,,,,,,,,,,,,,,1,1,1,,1,,1,,1,,1,,,,,,1,,1,1,,,1,,1,,1,,1,,1,,1,,1
Spilosoma vestalis,1,1,1,,,1,,1,1,1,,1,,,1,1,,1,,,,,,,,1,1,1,1,1,1,1,1,,,,,,,,,,,,,,,,,,,,,,,1,1,1,1,1,,,,,,1,1,,,,,,,,,,,,,,,,,1,1,1,1,1,,,,,,,,,,,,,1,,,1,,1,,1,,,1,,,,,,,,,,,,1,1,,1,,,,,,,,,,,,1,,,,,,,,,,,,1,,1,,1,,1,,1,,1,,1,,1,,1,,1,,1,,1,,1,,1,,,,,,,,,,,,1,1,,1,,,,,,,,,,,,1,1,,,1,,1,,1,,1,,,,,,1,,1,1,,,1,,1,,1,,1,,1,,1,,1
Spilosoma vagans,1,1,1,1,1,,,,,1,1,1,,1,,1,1,1,1,1,1,1,,1,1,1,,1,1,1,1,1,1,1,,,1,,,1,1,,,1,1,,,,,,,,,,,1,1,1,1,1,1,,,,,1,,,,,,,,,,,,,1,1,1,1,1,,,,,,,,,,,,,,,,,,1,,,1,,1,,1,,,,,1,1,,1,,,,,,,1,1,,,1,,,,,,,,,,,1,,,,,,,,,,,,1,,1,,1,,1,,1,,1,,1,,1,,1,,1,,1,,1,,1,,,,1,1,,1,,,,,,,1,,,1,1,,,,,,,,,,,1,1,1,1,1,,1,,1,,1,,,,,1,1,,1,1,,,1,,1,,1,,1,,1,,1,,1
Spilosoma pteridis,1,,1,,1,1,,1,1,1,,,,1,1,,,,,,,,,,,1,1,1,,,1,,,,,,,,,,,1,1,1,1,,,1,,,,,,,1,1,1,1,1,1,,,,,1,1,,,,,,,,,,1,1,1,,,,,,,,,,,,,,,,,,,,,,,1,,,1,,1,,1,,,,,1,,,,,,,,,,1,1,,1,,,,1,,,,,,,,1,,,,,,,,,,,,1,,1,,1,,1,,1,,1,,1,,1,,1,,1,,1,,1,1,1,,,1,1,,,,,,,,,,1,1,,,,,,1,,,,,,,,1,1,,,1,1,1,,1,,1,,,,,1,1,,1,1,1,,1,,1,,1,,1,,1,,1,,1
Spilosoma virginica,1,1,1,1,1,1,,1,,1,1,,,1,1,1,1,1,1,1,1,,,,,1,1,,1,1,1,1,1,,1,,,,,,,1,1,1,1,1,,1,,,,,,1,1,1,1,1,1,1,1,1,1,,,1,1,,,,,,,,,,,,,,,,,1,1,1,1,,,,,,,,,,,,,,1,,,1,,1,,1,,,1,,,,,,,,,,,,1,1,,,,,,,,,,,,,,1,,,,,,,,,,,,1,,1,,1,,1,,1,,1,,1,,1,,1,,1,,1,,1,,1,,1,,,,,,,,,,,,,1,,,,,,,,,,,,,,1,1,,1,1,,1,,1,,1,,,,,,1,1,,1,,,1,,1,1,,,1,,1,,1,,1
Estigmene acrea,1,1,1,1,1,,,,,1,1,,,1,,1,1,1,1,1,,1,,1,,,,,1,1,,,,,,,1,,,1,1,,,1,1,,,,,,,,,1,,1,1,1,1,1,1,,1,,,,1,,,,,,,,,,,,,,,,,,,1,1,,,,,,,,,,,,,,1,,,1,,1,1,1,,,1,,,,,,,,,,,,,1,,,,,,,,,,,,,,1,,,,,,,,,,,,1,,1,,1,,1,,1,,1,,1,,1,,1,,1,1,1,,1,,1,,,,,,1,1,,,,,,,,1,,,,,,,,,,,,,,1,1,,1,,,1,,1,,1,,,,,,1,1,,1,,,1,,1,,1,1,,,1,1,,,1
Hyphantria cunea,1,1,1,,1,1,1,1,1,1,1,,,1,1,1,1,1,1,1,1,,,1,,1,1,1,1,1,1,1,1,,,,,,,,,1,1,1,1,1,,,,,,,,,,1,1,1,1,1,1,,,,,1,,,,,,,,,,,,,,1,1,1,,,,,,,,,,,,,,,,,,,1,,,1,,1,,1,,,1,,,,,,,,,,,,1,,,,,,,,,,,,,,,1,,,,,,,,,,,,1,,1,,1,,1,,1,,1,,1,,1,,1,,1,,1,,1,,1,,1,,,,,,,,,,,,1,,,,,,,,,,,,,,,1,,1,,,,1,,1,,1,,,,,,1,,1,1,,,1,,1,,1,,1,,1,,1,,1
Hypercompe permaculata,,1,,1,1,,,,,,,,,,,,,,,1,,,,1,,,,,,,,,,,,,1,,,1,1,,,,1,,,,,,,,,,,1,1,1,1,1,1,,,,,1,1,,,,,,,,,,,,,,,1,1,1,1,1,,,,,,,,,,,,,,,1,,,1,,1,1,1,,,1,,,,,,,,,,,,,1,,,,,,,,,,,,,,1,,,,,,,,,,,,1,,1,,1,,1,,1,,1,,1,,1,,1,,1,1,1,,1,,1,,1,,,,,,,,,,,,,1,,,,,,,,,,,,,,1,1,,1,1,,1,,1,,1,,,,,,1,1,,1,,1,1,,1,,1,,1,1,,,1,,1
Arachnis citra,,1,,,,,,,,,,,,,,,,,1,1,,,,1,,,,,,,,,,,,,,,,,,,,,,,,,,,,,,,,,,,1,1,1,,,,,1,1,,,,,,,,,,,,,,,,,1,1,1,1,1,1,1,,,,,,,,,,,1,,,1,,1,1,1,,,1,1,,,1,,,,,,,,,1,1,1,,,1,,,,,,,,,1,,,,,,,,,,,,1,,1,,1,,1,,1,,1,,1,,1,1,1,,1,1,1,,1,,1,,,,,,,,,1,,,,,,1,1,1,,,,,,,,,,,,1,1,1,1,1,1,1,1,1,,1,,,,,1,,1,,1,,1,1,,1,,1,,1,,1,,1,,1
Phragmatobia fuliginosa,1,1,1,1,1,1,,1,,1,,,,1,,,1,,,,,,,,,1,1,1,1,,,,,,,,1,,,,,1,1,1,1,,,,,,,,,,,1,1,1,1,1,1,,,,,1,,,,,,,,,,,,1,1,1,1,,,,,,,,,,,,,,,,,,,,1,,,1,,1,,1,,,,,1,,,,1,,,,,,1,1,,,,,,,,,,,,,,1,,,,,,,,,,,,1,,1,,1,,1,,1,,1,,1,,1,,1,,1,,1,,1,1,1,1,,1,,,,,1,1,,,,,,1,,1,,,,,1,1,,,,,,1,1,,,1,1,1,,1,,1,,,,,1,,1,1,1,,,1,,1,1,,,1,,1,,1,,1
Phragmatobia assimilans,,,,,1,,,,,,,,,,,,,,,,,,,,,,,,,,,,,,,,,,,,,,,1,1,1,,1,,,,,,,,1,1,1,1,,,,,,,1,1,,,,,,,,,,,,1,1,1,1,1,1,1,,,,,,,,,,,,,,,,1,,,1,,1,,1,,,,1,1,,,1,,,,,,,1,1,,1,1,,,1,,,,,,,,1,,,,,,,,,,,,1,,1,,1,,1,,1,,1,,1,,1,,1,,1,,1,,1,,1,,,,,,,,,1,,,,,,1,,1,,,,,,,,,,,,1,1,1,,1,1,1,,1,1,,1,,,1,1,1,1,1,1,,,1,,1,,1,,1,,1,,1,,1
Pyrrharctia isabella,1,1,1,1,1,1,1,1,1,1,1,1,,1,1,1,1,1,,1,,,,,,1,1,1,1,1,1,1,1,,,,1,,,1,1,1,1,1,1,,,,,,,,,,,1,1,1,1,1,1,,,,,,1,,,,,,,,,,,,,,,,,,1,1,1,1,,,,,,,,,,,,,1,,,1,,1,1,1,,,,,,1,1,1,,,,,,,1,1,,,,,,,,,,,,,,1,,,,,,,,,,,,1,,1,,1,,1,,1,,1,,1,,1,,1,,1,,1,,1,,1,,,,,1,1,1,,1,,,,,1,1,,,,,1,,,,,,,,,1,1,,1,1,1,1,,1,,1,,,,,1,1,1,,1,,,1,,1,,1,1,,,1,,1,,1
Leptarctia californiae,1,1,1,,1,,,1,1,1,1,,,1,,1,1,,1,1,1,,,,,1,1,1,1,1,1,1,,,,,,,,,,1,1,1,1,,,,,,,,,,1,1,1,1,1,1,,,,,1,1,,,,,,,,,,1,1,1,1,1,1,1,,,,,,,,,,,,,,,,,,,1,,,1,,1,,1,,1,,1,1,,,,,,,,,,1,,1,,,1,,,,,,,,,,1,,,,,,,,,,,,1,,1,,1,,1,,1,,1,,1,,1,,1,,1,,1,,1,1,1,1,,1,1,,,1,1,1,,,,,,1,1,1,1,,,1,1,1,,,,,,1,1,1,1,,1,1,1,1,1,1,1,,1,1,1,1,,1,1,,1,1,,1,,1,,1,,1,,1,,1
Dodia albertae,,,,,1,,,,,,,,,,,,,,,,,,,,,,,,,,,,,,,,,,,,,,,,,,,1,,,,,,,,,,1,1,1,,,,,,1,,,,,,,,,,,,,1,1,1,,,,,,,,,,,,,,,,,,,,1,,,1,,1,,1,,,,1,,,,,,,,,,,1,,1,1,,,,,,,,,,,,1,,,,,,,,,,,,1,,1,,1,,1,1,1,,1,,1,,1,,1,,1,,1,,1,1,1,,,1,,,,,,,,,,,1,,,,,,,,,,,,,,,1,,1,,,1,1,,1,,1,,,,,1,1,,1,1,,,1,,1,,1,,1,,1,,1,,1
Tyria jacobaeae,1,,1,,1,1,1,1,1,,,,,,1,,,,,,,,,,,1,1,1,,1,1,,,,,,,,,,,1,,,,,,,,,,,,,,1,1,1,1,1,,,,,,1,1,,,,,,,,,,,,,,1,1,1,1,1,,,,,,,,,,,,,,,,1,,,1,,1,,1,,1,,1,,,,,,,,,,,,,,,,,,,1,,,,,,,1,,,,,,,,,,,,1,,1,,1,,1,,1,,1,1,1,,1,,1,,1,,1,,1,,1,,,,,,,,1,,,,,,,1,,1,,,,,,,,,,,,1,,1,,,,1,,1,,1,,,,,1,,,1,1,1,,1,,1,,1,,1,,1,,1,,1
Gnophaela latipennis,,,1,,,,,,,,,,,,,,,,,,,,,,,,1,1,,,,1,,,,,,,,,,,,,,,,,,,,,,,,,1,1,1,,,,,,,,1,,,,,,,,,,,,,,,,,,,,1,1,,,,,,,,,,,,,1,,,1,,1,1,1,,1,,,,,,,,,,,,,,,1,,,,,,,,,,,,,1,,,,,,,,,,,,1,,1,,1,,1,,1,,1,,1,,1,1,1,,1,1,1,,1,,1,1,,,,,,,,,,,,,,,1,,,,,,,,,,,,,1,1,1,1,,,1,,1,,1,,,,,,1,,1,1,,,1,,1,,1,,1,,1,,1,,1
Gnophaela vermiculata,1,1,1,1,1,1,,1,1,,1,1,,1,1,,1,,1,1,1,1,1,1,,,,,1,1,1,,1,,1,1,1,1,,,,,,1,1,1,1,1,1,,,,,,,,1,1,1,1,1,,,,,1,1,,,,,,,,,,,,,,,,,1,1,1,1,,,,,,,,,,,,,,1,,,1,,1,1,1,,1,1,,,,,,,,,,,,,1,1,,,,,,,,,,,,,1,,,,,,,,,,,1,1,,1,,1,,1,,1,,1,,1,,1,,1,,1,,1,,1,,1,1,1,,,,,,,,,,,,,1,1,,,,,,,,,,,,,1,1,1,1,1,1,1,,1,1,1,1,,,1,,1,,1,1,,,1,,1,,1,,1,,1,,1,,1
Lophocampa roseata,1,,,,1,1,,1,,,,,,1,,,,,,,,,,,,,,,,,,,,,,,,,,,,1,1,,,,,,,,,,,,,,1,1,1,1,,,,,,1,,,,,,,,,,,,,1,1,,,,,,,,,,,,,,,,,,,,,1,,,1,,1,1,,,,1,,1,,,1,1,,,,,,,,1,,1,,,1,1,,,,,,,1,,,,,,,,,,,1,1,,1,,1,,1,,1,,1,,1,,1,1,1,,1,,1,,1,1,,,1,,,1,,,,,,,,1,1,,,,,,,,,,,,,,,1,,1,,,1,1,,1,,1,,,,,,1,1,1,1,,1,1,,1,,1,,1,,1,,1,,1
Lophocampa argentata,1,,1,,1,1,1,1,1,,,,,1,1,,,,,,,,,,,1,1,,,,1,1,,,,,,,,,,1,1,,,,,,,,,,,,1,1,1,1,1,1,1,1,,,,1,1,,,,,,,,,,,,,,,,,1,1,1,1,1,,,,,,,,,,,,,1,,,1,,1,1,,,,1,,1,1,,,,,,,,,,,1,,1,1,1,,,,,,,,,1,,,,,,,,,,,,1,,1,,1,,1,,1,,1,,1,,1,1,1,1,1,1,1,,1,1,1,,1,,,1,,,,,,,,,1,,,,1,1,,,,,,,,,,1,1,,1,1,,1,,1,,1,,,,,,1,1,,1,,1,1,1,1,,1,,1,,1,,1,,1
Lophocampa maculata,1,1,1,1,1,1,,1,1,1,1,1,,1,1,1,1,1,1,1,1,1,1,1,,1,1,1,,1,1,1,1,,,,1,,,1,1,1,1,1,1,1,1,1,,,,,,,1,1,1,1,1,1,1,,,,,1,1,,,,,,,,,,,,,,,,,1,1,1,1,,,,,,,,,,,,,,1,,,1,,1,1,,,,,,1,1,1,,,,,,,,,,,,1,1,1,,,,,,,,,1,,,,,,,,,,,1,1,,1,,1,,1,,1,,1,,1,,1,1,1,,1,1,1,,1,,1,,1,,,1,,,,,,,,,1,,,,,,,,,,,,,,,1,,1,,,,1,,1,,1,,,,,,1,,1,1,,,1,,1,,1,,1,,1,,1,,1
Pseudohemihyalea edwardsii,1,,1,,,,,,,,,,,,1,,,,,,,,,,,1,1,,,,,1,,,,,,,,,,,,,,,,,,,,,,1,1,,,,1,1,1,,,,,,1,,,,,,,,,,,,,,,,,,,,,1,1,1,,,,,,,,,,,1,,,1,,1,1,,,,,,,,,,,,,,,1,1,,,1,1,1,1,1,,,,,,,,1,,,,,,,,,,,,1,,1,,1,,1,,1,,1,1,1,,1,,1,,1,,1,,1,1,1,,,,,,,,,,,,,1,1,,,,,1,1,1,1,1,,,,,,1,1,1,,1,1,1,,1,,1,,,,,1,1,1,1,1,1,1,1,,1,,1,,1,,1,,1,,1
Cycnia tenera,1,1,1,1,1,,,,,1,1,,,,,,1,1,,1,,,,,,,,,,,,,1,,,,,,,1,,,,1,1,1,,,,,,,,,,1,1,1,1,,,,,,,1,,,,,,,,,,,,1,1,1,1,,,,,,,,,,,,,,,,,,,,1,,,1,,1,,1,,,1,,,,,,,,,,,,1,,,,,1,1,1,,,,,,,,1,,,,,,,,,,,,1,,1,,1,,1,,1,,1,,1,,1,,1,,1,,1,,1,,1,,1,,,,,,,,,,,,1,,,,,,,,,,,,,,,1,,1,,,,1,,1,,1,,,,,,1,1,,1,,,1,1,1,,1,1,,,1,,1,,1
Cycnia oregonensis,1,1,1,1,1,,,1,1,1,1,1,,1,1,1,1,1,,1,,,,,,,1,1,1,1,,1,1,,,,1,,,1,,,,1,1,1,,,,,,,,,,,1,1,1,1,1,,,,,1,1,,,,,,,,,,,,,,,1,1,1,1,,,,,,,,,,,,,,,,1,,,1,,1,,1,,,1,1,,1,,,,,,,,,1,,1,,,,,,,,,,,,,1,,,,,,,,,,,,1,,1,,1,,1,,1,,1,,1,,1,,1,,1,,1,,1,1,1,,1,1,,1,,,,,,,,,1,,1,,,,,,,,,,,,,1,,1,,,,1,,1,,1,,,,,1,1,1,,1,,,1,,1,,1,1,,,1,1,,,1
Ectypia clio,,,1,1,,,,,,,,,,,,,,,,,,,,,,,,1,,,,1,,,,,,,,,1,,,,,,,,,,,,,,,,1,1,1,1,1,,,,,1,1,,,,,,,,,,,,,1,1,1,1,1,1,,,,,,,,,,,,,,,,1,,,1,,1,1,1,,,1,,,,,,,,,,,,,1,,,,,,,,,,,,,,1,,,,,,,,,,,,1,,1,,1,,1,,1,1,1,,1,,1,,1,,1,,1,,1,1,1,,1,,,,,,,,,,,,1,1,,,,,,,,,,,,,,1,,1,,,1,1,,1,,1,,,,,1,1,1,,1,,1,1,,1,,1,1,,,1,,1,,1
Ctenucha virginica,,1,,,1,,,,,,,,,,,,,,,,1,,,,,,,,,,,,,,,,,,,,,,,,,,,1,,,,,,,,,,1,1,,,,,,,1,1,,,,,,,,,,,,,,,,,1,1,1,,,,,,,,,,,,,,,1,,,1,,1,1,1,,1,,,1,,,,,,,,,,1,,1,,,,,,,,,,,,,1,,,,,,,,,,,,1,,1,,1,,1,,1,,1,,1,,1,,1,,1,,1,,1,1,,1,,,,,,,,,,,,,1,,1,,,,,,,,,,,,,1,,1,,,,1,,1,,1,,,,,1,,,1,,1,,1,1,1,,1,,1,,1,,1,,1
Ctenucha rubroscapus,1,,1,,,1,,1,,,,,,,,,,,,,,,,,,1,1,1,,,1,1,,,,,,,,,,,,,,,,,,,,,,,1,,1,1,1,1,1,1,,,,1,1,,,,,,,,,,,,,,,,,1,1,,,,,,,,,,,,,,,,1,,,1,,1,1,,,1,,,,,,,,,,,,,1,,1,,,,,,,,,,,,,1,,,,,,,,,,,,1,,1,,1,,1,,1,,1,,1,,1,,1,,1,,1,,1,1,1,1,,,,,,,,,,,,,1,,1,,,,,,,,,,,,,1,,1,,,,1,,1,,1,,,,,1,1,1,,,1,1,,,1,,1,,1,,1,,1,,1
Cisseps fulvicollis,1,1,1,1,1,1,,1,,1,1,1,,1,1,1,1,1,,1,1,,,,,1,1,1,1,1,1,1,1,1,,,,,,1,1,1,,1,1,1,,,,,,,,,,1,1,1,1,1,1,,1,,,1,1,,,,,,,,,,,,,1,1,1,1,1,1,,,,,,,,,,,,,,,,1,,,1,,1,1,1,,,,,1,,,,,,,,,,1,,1,1,,1,,,,,,,,,,1,,,,,,,,,,,,1,,1,,1,,1,,1,,1,,1,,1,,1,,1,,1,,1,1,,1,1,1,,,,,,,,,,,,1,1,1,,,,,,,,,,,,1,,1,,,1,,,1,1,1,1,,,1,,1,1,1,,1,,1,1,,,1,,1,,1,,1,,1
Idia americalis,1,1,1,1,1,1,,1,1,1,1,1,,1,1,1,1,,,,,,,,,1,1,,1,1,1,1,,,,,1,,,1,,1,1,1,1,1,,1,,,,,,,,1,1,1,1,1,1,1,,,1,1,,,,,,,,1,1,1,1,1,1,,,,,,,,,,,,,,,,,,,,,,1,,,1,,1,,1,,,,1,1,1,,,,,,,,,1,1,,1,1,1,,,,,,,,,,1,,,,,,,,,,,,1,,1,,1,,1,,1,,1,,1,,1,,1,,1,1,1,,1,1,1,,,1,1,1,,,,,,,,,1,1,,1,1,1,,,,,,,,,,1,1,1,,1,,1,1,,,1,,,,,1,1,,1,1,,,1,,1,,1,,1,,1,,1,,1
Idia aemula,1,1,,,1,,,,,1,1,,,,,,1,,1,,,1,,1,,,,,,,,,,,,,,,,,,,,1,1,1,,1,,,,,,,,,,1,1,1,1,,,,1,1,,,,,,,,,1,1,1,1,1,,,,,,,,,,,,,,,,,,,,,,1,,,1,,1,,1,,,,1,1,,,,,,,,,,,1,,1,1,,,,,,,,,,,1,,,,,,,,,,,,1,,1,,1,,1,,1,,1,,1,,1,,1,,1,1,1,,1,,1,,,1,1,,,,,,,,,,1,1,,,,1,,,,,,,,,,1,1,1,,1,,1,1,,,1,,,,,,1,,1,1,,,1,,1,,1,,1,,1,,1,,1
Idia concisa,1,1,,,1,,,,,,1,,,,,,,,,,,,,1,,,,,,,,,,,,,,,,,,,,1,1,,,1,,,,,,,,,,,1,1,,1,,,1,1,,,,,,,,1,1,1,1,1,,,,,,,,,,,,,,,,,,,,,,,1,,,1,,1,,1,,,,1,1,,,,,,,,,,1,1,,1,1,1,,,,,,,,,,1,,,,,,,,,,,,1,,1,,1,,1,,1,,1,,1,,1,,1,,1,,1,,1,,1,,1,1,,1,,,,,,,,,1,1,,1,,1,,,,,,,,,,1,,1,,,,1,1,,,1,,,,,,1,1,1,1,,,1,,1,,1,,1,,1,,1,,1
Idia suffusalis,1,1,1,,1,,,,,1,,,,1,,,1,,,1,,1,,,,,1,,1,1,,1,,,,,,,,,,,,1,1,,,,,,,,,,,,1,,1,1,1,,,,1,1,,,,,,,,,1,1,1,1,1,,,,,,,,,,,,,,,,,,,,,,1,,,1,,1,,1,,,,1,1,,,,,,,,,,1,1,,1,1,1,,,,,,,,,,1,,,,,,,,,,,,1,,1,,1,,1,,1,,1,,1,,1,,1,,1,1,1,,1,,1,,,1,1,,,,,,,,,,1,1,,1,1,1,,,,,,,,,,1,1,1,,1,,1,1,,,1,,,,,,1,,1,1,,,1,,1,,1,,1,,1,,1,,1
Idia lubricalis,1,,1,1,1,,,,,1,,,,,1,,,,,,,,,,,1,,,,,,1,,,,,1,,,,,,,1,1,,,,,,,,,,,,,1,1,1,1,,,,1,1,,,,,,,,,,1,1,1,1,1,1,1,1,,,,,,,,,,,,,,,,,,1,,,1,,1,,1,,1,,,1,,,,,,,,,,1,,,,,1,,,,,,,,,,1,,,,,,,,,,,,1,,1,,1,,1,,1,,1,,1,,1,,1,,1,,1,,1,,1,,,,1,,,,,,,,,,1,,,,,1,,,,,,,,,,1,,1,,,,1,1,1,,1,,,,,,1,,1,1,,,1,,1,,1,,1,,1,,1,,1
Idia occidentalis,1,1,1,,1,,,,,1,1,,,,,,,1,1,1,,1,,,,,,,,1,,1,1,,,,,,,,,,,1,,,,,,,,,,,,,,1,1,1,1,,,,1,1,1,,,,,,,,,1,1,1,1,1,1,1,1,1,1,,,,,,,,,,,,,,,,1,,,1,,1,,1,,,,1,1,1,,,,,,,,,1,1,,1,1,1,,,,,,,,,,1,,,,,,,,,,,,1,,1,,1,,1,,1,,1,,1,,1,,1,,1,,1,,1,1,1,,,1,1,1,,,,,,,,,1,,,1,1,1,,,,,,,,,,1,,1,,,,1,1,1,,1,,,,,1,1,1,1,1,,,1,,1,,1,,1,,1,,1,,1
Idia immaculalis,,1,1,1,,,,,,,,,,,,,,,1,1,,1,,,,,,1,,1,,,1,,,,1,,,1,,,,,,,,,,,,,,,,,,1,1,1,,,,,,1,1,,,,,,,,,,,,,,1,1,1,1,1,,,,,,,,,,,,,,,,1,,,1,,1,,1,,,,1,,1,,,,,,,,,1,,,,,,,,,,,,,,,1,,,,,,,,,,,,1,,1,,1,,1,,1,,1,,1,,1,,1,,1,,1,,1,,1,,,1,,1,,,,,,,,,1,,,,,,,,,,,,,,,1,,1,,,,1,,1,,1,,,,,,1,,1,1,,,1,,1,,1,,1,,1,,1,,1
Zanclognatha jacchusalis,1,,1,,1,1,,1,,1,1,,,,1,,,,,,,,,,,1,1,,,,1,1,,,,,,,,,,1,1,1,1,1,,1,,,,,,,,,1,1,1,1,1,,,,1,1,,,,,,,,,,1,1,1,,,,,,,,,,,,,,,,,,,,,,,1,,,1,,1,,1,,,,,1,1,,,,,,,,,1,,,1,1,1,,,,,,,,,,1,,,,,,,,,,,,1,,1,,1,,1,,1,,1,,1,,1,,1,,1,,1,,1,,1,,,,1,1,,,,,,,,,1,,,,1,1,,,,,,,,,,1,1,1,,1,,1,1,,,1,,,,,,1,,1,1,,,1,,1,,1,,1,,1,,1,,1
Chytolita morbidalis,1,,1,1,1,1,,1,,,,,,1,1,,,,,,,,,,,1,1,,,,1,,,,,,1,,,,,1,1,1,1,1,,1,,,,,,,,,1,1,1,1,1,,,,1,1,,,,,,,,,,1,1,1,1,,,,,,,,,,,,,,,,,,,,,,1,,,1,,1,,1,,,,1,1,1,,,,,,,,,1,,,1,1,1,,,,,,,,,,1,,,,,,,,,,,,1,,1,,1,,1,,1,,1,,1,,1,,1,,1,,1,,1,,1,,,1,1,1,,,,,,,,,1,,,1,1,1,,,,,,,,,,1,,1,,,,1,1,1,,1,,,,,,1,,1,1,,,1,,1,,1,,1,,1,,1,,1
Phalaenostola metonalis,1,1,,,1,,,1,,,1,,,,,,1,,,,,,,,,,,,,,,,,,,,,,,,,1,1,1,1,1,,1,1,,,,,,,,,1,1,1,,,,,1,1,,,,,,,,,,1,1,1,,,,,,,,,,,,,,,,,,,,,,,1,,,1,,1,,1,,,,,1,1,,,,,,,,,1,,,,1,1,,,,,,,,,,1,,,,,,,,,,,,1,,1,,1,,1,,1,,1,,1,,1,,1,,1,,1,,1,,1,,1,,,1,,,,,,,,,1,,1,,1,1,,,,,,,,,,1,,1,,,,1,1,1,,1,,,,,,1,,1,1,,,1,,1,,1,,1,,1,,1,,1
Phalaenostola hanhami,,,1,,,,,,,,,,,,,,,,,,,,,,,,1,,,,,,,,,,,,,,,,,,,,,,,,,,,,,,,1,,,,,,,1,1,,,,,,,,,,1,1,1,,,,,,,,,,,,,,,,,,,,,,,1,,,1,,1,,1,,,,,1,,,,,,,,,,1,1,,,,1,,,,,,,,,,1,,,,,,,,,,,,1,,1,,1,,1,,1,,1,,1,,1,,1,,1,,1,,1,,1,,,,1,1,,,,,,,,,1,,,,1,1,,,,,,,,,,1,,1,,,,1,1,1,,1,,,,,,1,,1,1,,,1,,1,,1,,1,,1,,1,,1
Tetanolita palligera,1,,1,,1,,,,,1,,,,,,,,,,,,,,,,1,,,1,,1,1,1,,,,,,,,,,,1,,,,,,,,,,,,,1,1,1,1,1,,,,1,1,,,,,,,,,1,1,1,,,,,,,,,,,,,,,,,,,,,,,,1,,,1,,1,,1,,,,,1,1,,,,,,,,,1,,,,1,1,,,,,,,,,,1,,,,,,,,,,,,1,,1,,1,,1,,1,,1,,1,,1,,1,,1,1,1,,1,,1,,,,1,1,,,,,,,,,1,,,,1,1,,,,,,,,,,1,,1,,,,1,1,,,1,,,,,,1,,1,1,,,1,,1,,1,,1,,1,,1,,1
Bleptina caradrinalis,1,,1,1,1,1,,1,,,1,,,1,1,,,,,,,,,,,1,1,,,,1,,,,,,,,,1,,1,,1,1,,,,,,,,1,,,,1,1,1,1,1,,1,,1,1,,,,,,,,,,1,1,1,1,1,,,,,,,,,,,,,,,,,,,,,1,,,1,,1,,1,,,,1,1,1,,,,,,,,,,1,,1,1,1,,,,,,,,,,1,,,,,,,,,,,,1,,1,,1,,1,,1,,1,,1,,1,,1,,1,1,,,1,,1,,,1,1,1,,,,,,,,,1,,,1,1,1,,,,,,,,,,1,,1,,,,1,1,,,1,,,,,,1,,1,1,,,1,,1,,1,,1,,1,,1,,1
Palthis angulalis,1,1,1,,1,1,,1,,1,1,,,1,1,,1,,,,,,,,,1,1,,,,1,1,,,,,,,,,,1,1,1,1,,,1,1,,,,,,,,1,1,1,1,1,,,,1,1,,,,,,,,,1,1,1,1,1,,,,,,,,,,,,,,,,,,,,,1,1,,,1,,1,,1,,,,,1,1,,1,,,,,,,1,,,,1,1,,1,,,,,,,,1,,,,,,,,,,,,1,,1,,1,,1,,1,,1,,1,,1,,1,,1,,1,,1,1,1,,1,,,1,,,,,,,,,1,,,1,1,,,1,,,,,,,,1,,1,,,,1,1,,,1,,,,,1,,,1,1,,,1,,1,,1,,1,,1,,1,,1
Hypena bijugalis,1,,1,,1,,,1,,,1,1,,1,1,,,,,,,,,,,1,1,,,,1,1,,,,,,,,,,1,,1,1,,,,,,,,,1,,,1,1,1,1,1,,,,,1,,,,,,,,,,,,1,1,1,,,,,,,,,,,,,,,,,,,,,1,,,1,,1,,1,,1,,1,1,1,,,,,,,,,,1,1,1,1,1,,1,,,,,,,,1,,,,,,,,,,,,1,,1,,1,,1,,1,1,1,,1,,1,,1,1,1,1,1,1,1,1,1,,,1,1,1,,,,,,,,,1,,,,,,,,,,,,,,,1,1,1,,1,,1,,1,,1,,,,,1,1,1,1,1,1,,1,,1,1,1,,1,,1,,1,,1
Hypena palparia,1,,1,,1,1,,1,1,1,1,,,1,1,,,,,,,,,,,1,1,,,,1,,,,,,,,,,,1,,1,1,,,,,,,,,,,,1,1,1,1,,,,,,1,,,,,,,,,,,,1,1,1,1,,,,,,,,,,,,,,,,,,,,1,,,1,,1,,1,,,,,1,1,,,,,,,,,1,1,1,,1,1,,,,,,,,,,1,,,,,,,,,,,,1,,1,,1,,1,,1,1,1,,1,,1,,1,,1,1,1,,1,1,1,,,1,1,1,,,,,,,,,1,,,1,1,,,,,,,,,,,1,1,,,1,,1,,1,,1,,,,,1,1,,1,1,,,1,,1,,1,,1,,1,,1,,1
Hypena abalienalis,1,,1,,1,1,,,1,1,,,,,1,,,,,,,,,,,1,1,,,,1,1,,,,,,,,,,1,,,,,,,,,,,,,,1,,1,1,1,1,,,,1,1,,,,,,,,,,1,1,1,1,,,,,,,,,,,,,,,,,,,,,,1,,,1,,1,,1,,1,,,1,,,,,,,,,,,,1,1,,1,,,,,,,,,,1,,,,,,,,,,,,1,,1,,1,,1,,1,,1,,1,,1,,1,,1,,1,,1,1,1,,,,1,,,,,,,,,,1,,,,,1,,,,,,,,,,1,1,1,,1,,1,,1,,1,,,,,1,1,1,1,1,,,1,,1,,1,,1,,1,,1,,1
Hypena atomaria,1,,,,1,,,1,,,,,,,,,,,,,,,,,,,,,,,,,,,,,,,,,,,1,1,,,,,,,,,,,,,,1,,,,1,,,,1,,,,,,,,,,,,1,1,,,,,,,,,,,,,,,,,,,,,,1,,,1,,1,,1,,,,,1,1,,,,,,,,,1,,,,1,,,,,,,,,,,1,,,,,,,,,,,,1,,1,,1,,1,,1,,1,,1,,1,,1,,1,,1,,1,,1,,,1,,1,,,,,,,,,1,,,1,1,1,,,,,,,,,,1,,1,,,,1,,1,,1,,,,,1,1,,1,1,,,1,,1,,1,,1,,1,,1,,1
Hypena edictalis,,,,,1,,,,,,,,,,,,,,,,,,,,,,,,,,,,,,,,,,,,,,,,,,,1,,,,,,,,,,,1,,,,,,,1,,,,,,,,,,,,,,,,1,1,,,,,,,,,,,,,,,,,,1,,,1,,1,,1,,,,,1,1,,,,,,,,,,,,,1,1,,,,,,,,,,1,,,,,,,,,,,,1,,1,,1,,1,,1,,1,,1,,1,,1,,1,1,1,,1,,1,,,,1,1,,,,,,,,,1,,,,,,,,,,,,,,,1,1,,,1,,1,,1,,1,,,,,,1,,1,1,,,1,,1,,1,,1,,1,,1,,1
Hypena humuli,1,1,1,1,1,1,,1,1,1,1,1,,1,1,1,1,1,,1,,,1,,,1,1,1,1,1,1,1,1,,,,1,,,1,,1,1,1,1,1,,,,,,,1,1,1,1,1,1,1,1,1,1,1,,,1,,,,,,,,,,,,1,1,1,1,,,,,,,,,,,,,,,,,,,,1,,,1,,1,,1,1,,,,1,1,,,,,,,,,1,,,,1,1,,,,,,,,,,1,,,,,,,,,,,,1,,1,,1,,1,,1,,1,,1,,1,,1,,1,,1,,1,,1,,,,,1,,,,,,,,,1,,,,1,,,,,,,,,,,1,1,1,,1,,1,,1,,1,,,,,,1,,1,1,,,1,,1,,1,,1,,1,,1,,1
Hypena californica,1,1,1,,1,1,,1,1,1,,,,1,1,1,1,,,,,,,,,1,1,1,1,1,1,1,,,,,,,,,,1,1,1,1,1,,,,,,,1,1,1,1,1,1,1,1,1,1,1,1,,1,,,,,,,,,,,,,,1,1,1,,,,,,,,,,,,,,,,,1,1,1,,,1,1,1,,,1,,,,1,,,,,,,,,,1,1,,1,,1,,,,,,,,,,1,,,,,,,,,,,,1,,1,,1,,1,,1,,1,,1,,1,,1,,1,1,1,,1,1,1,,,,,1,,,,,,,,,1,,,1,1,,,,,,,,,,,1,1,1,,1,,1,,1,,1,,,,,,1,1,1,1,,,1,,1,,1,,1,,1,,1,,1
Hypena decorata,1,1,1,,1,,,1,,1,1,,,,,1,,,,,,,,,,,1,,,1,,1,,,,,,,,,,1,,,,,,,,,,,,1,1,1,1,1,1,1,1,1,,,,1,,,,,,,,,,,,,,1,1,1,1,,,,,,,,,,,,,,,,,,1,,,1,,1,,,1,,,,1,1,,,,,,,,,1,1,1,,1,1,,,,,,,,,,1,,,,,,,,,,,,1,,1,,1,,1,,1,,1,,1,,1,,1,,1,,1,,1,,1,,,1,1,1,,,,,,,,,1,,,,,,,,,,,,,,,1,1,1,,1,,1,,1,,1,,,,,1,1,1,1,1,,,1,,1,,1,,1,,1,,1,,1
Hypena modestoides,1,1,,,1,1,,1,,1,,,,,,1,,,,,,,,,,,,,,,,,,,,,,,,,,1,,,,,,,,,,,,1,1,1,1,,1,1,1,1,,1,,1,,,,,,,,,,,,,,,1,1,,,,,,,,,,,,,,,,,,1,1,,,1,1,1,,,1,,,,1,1,,,,,,,,,1,1,,1,1,1,,,,,,,,,,1,,,,,,,,,,,,1,,1,,1,,1,,1,,1,,1,,1,,1,,1,1,1,,1,1,1,,,,,1,,,,,,,,,1,,,,1,,,,,,,,,,,1,1,1,,1,,1,,1,,1,,,,,,1,1,1,1,,,1,,1,,1,,1,,1,,1,,1
Hypenodes fractilinea,,,,,,,,,,,,,,,,,,,,,,,,,,,,,,,,,,,,,,,,,,,,,,,,,,,,,,,,,,,,,,,,,,,,,,,,,,,,,,,,,,,,,,,,,,,,,,,,,,,,,,,,,,,,,,,,,,,,,,,,,,,,,,,,,,,,,,,,,,,,,,,,,,,,,,,,,,,,,,,,,,,,,,,,,,,,,,,,,,,,,,,,,,,,,,,,,,,,,,,,,,,,,,,,,,,,,,,,,,,,,,,,,,,,,,,,,,,,,
Hypenodes sobria,,,,,,,,,,,,,,,,,,,,,,,,,,,,,,,,,,,,,,,,,,,,,,,,,,,,,,,,,,,,,,,,,,,,,,,,,,,,,,,,,,,,,,,,,,,,,,,,,,,,,,,,,,,,,,,,,,,,,,,,,,,,,,,,,,,,,,,,,,,,,,,,,,,,,,,,,,,,,,,,,,,,,,,,,,,,,,,,,,,,,,,,,,,,,,,,,,,,,,,,,,,,,,,,,,,,,,,,,,,,,,,,,,,,,,,,,,,,,
Rivula propinqualis,1,1,1,,1,1,,1,,,1,,,,1,,1,,,,,,,,,1,1,,,1,1,,,,,,,,,,,1,,1,1,,,1,,,,,,,,,,1,1,1,1,,,,1,,,,,,,,,1,1,,,,,,,,,,,,,,,,,,,,,,,,,,1,,,1,,1,,1,,,,,,1,,,,,,,,,,,,,1,,,,,,,,,,,1,,,,,,,,,,,,1,,1,,1,,1,,1,,1,,1,,1,,1,,1,,1,,1,1,,,,,,1,,,,,,,,,1,,,1,1,,,,,,,,,,,1,,1,,,,1,,1,,1,,,,,1,1,,1,1,,,1,,1,1,1,,1,,1,,1,,1
Scoliopteryx libatrix,1,1,1,1,1,1,,1,1,1,1,,,1,1,1,1,,1,1,1,1,,,,1,1,1,,1,1,1,,,,,1,,,,,1,1,1,1,1,1,1,,,,,,,1,1,1,1,1,1,1,1,,,,1,1,,,,,,,,,,,,,,,,1,1,1,1,,,,,,,,,,,,,1,1,,1,,,1,1,,1,,,,,1,,,1,1,,,,,,,,1,1,1,1,,1,1,1,,,,,,1,,,,,,,,,,,1,1,,1,,1,,1,,1,,1,,1,,1,,1,,1,,1,,1,1,1,,,1,1,1,,,,,,,,,1,,,1,1,1,,,,1,,,,,,1,,1,,,1,1,1,1,,1,,,,,1,1,1,1,1,1,,1,,1,,1,,1,,1,,1,,1
Phobolosia anfracta,1,1,1,,1,,,,1,1,,,,1,1,,,1,,1,1,1,,,,,1,1,1,1,1,1,1,,,,,,,,,,,1,1,,,,,,,,,,,,1,1,1,1,1,1,,,1,,,,,,,,1,1,1,,,,,,,,,,,,,,,,,,,,,,,,,,1,,,1,,1,,1,,,,1,,,,,,,,,,,1,1,1,,,1,,,,,,,,,,1,,,,,,,,,,,,1,,1,,1,,1,,1,,1,,1,,1,,1,,1,,1,,1,,1,,,1,,,,,,,,,,,1,1,,,,,,,,,,,,,,1,1,1,,1,,1,,1,,1,,,,,1,1,,1,1,,,1,,1,,1,,1,,1,,1,,1
Mycterophora inexplicata,,,,,1,,,,,,,,,,,,,,,,,,,,,,,,,,,,,,,,,,,,,,1,,1,1,,,,,,,,,,,,,1,,,,,,1,1,,,,,,,,,1,1,1,,,,,,,,,,,,,,,,,,,,,,,,1,1,,1,,1,,1,,,,1,1,1,,,,,,,,,1,,,1,1,1,,,,,,,,,,1,,,,,,,,,,,,1,,1,,1,,1,,1,,1,1,1,,1,,1,,1,,1,,1,,1,,,1,1,1,,,,,,,,,1,,,1,1,1,,,,,,,,,,1,,1,,,,1,1,1,,1,,,,,,1,,1,1,,,1,1,1,,1,,1,,1,,1,,1
Mycterophora monticola,,,1,,,,,,,,,,,,,,,,,,,,,,,,,1,,,1,,,,,,,,,,,,,,,,,,,,,,,,,,,,1,1,,,,,1,1,,,,,,,,,1,1,1,1,,,,,,,,,,,,,,,,,,,,,,,1,1,,1,,1,,1,,,,,,1,,,,,,,,,1,,,,1,,,,,,,,,,,1,,,,,,,,,,,,1,,1,,1,,1,,1,,1,,1,,1,,1,,1,,1,,1,,1,,,,,1,,,,,,,,,1,,,,1,,,,,,,,,,,1,,1,,,,1,1,,,1,,,,,,1,,1,1,,,1,,1,,1,,1,,1,,1,,1
Mycterophora longipalpata,1,,1,,1,,,,1,1,1,1,,1,1,,,,,,,,,,,,1,1,,1,,1,,,,,,,,,,1,,1,1,,,,,,,,,,,,,,1,1,1,,,,1,1,,,,,,,,1,1,1,1,1,,,,,,,,,,,,,,,,,,,,,,,1,1,,1,,1,,1,,,,1,1,1,,,,,,,,,1,,,1,1,1,,1,,,,,,,,1,,,,,,,,,,,,1,,1,,1,,1,,1,,1,,1,,1,,1,,1,,1,,1,,1,,,1,1,1,,,,,,,,,1,,,1,1,1,,,,,,,,,,1,1,1,1,,,1,1,,,1,,,,,,1,,1,1,,,1,,1,,1,,1,,1,,1,,1
Mycterophora rubricans,1,,1,,,,,,,,,,,,1,,,,,,,,,,,,,1,,1,1,1,,,,,,,,,,,,,,,,,,,,,,,,,,1,1,1,1,,,,1,1,,,,,,,,,,1,1,1,,,,,,,,,,,,,,,,,,,,,,,1,1,,1,,1,,1,,,,,1,1,,1,,,,,,,1,,,,1,1,,1,,,,,,,,1,,,,,,,,,,,,1,,1,,1,,1,,1,,1,,1,,1,,1,,1,,1,,1,,1,,,,1,1,,1,,,,,,,1,,,,1,1,,1,,,,,,,,1,,1,,,,1,1,,,1,,,,,,1,,1,1,,,1,,1,,1,,1,,1,,1,,1
Metalectra bigallis,1,,1,,,,,,,1,,,,,,,,,,,,,,,,,,,,,,1,,,,,,,,,,,,,,,,,,,,,,,,,,1,1,1,1,1,,,,1,,,,,,,,,,,,1,1,1,,,,,,,,,,,,,,,,,,,,,1,,,1,,1,,1,,,,,1,,,,,,,,,,1,1,,,,1,,,,,,,,,,1,,,,,,,,,,,,1,,1,,1,,1,,1,,1,,1,,1,,1,,1,,1,,1,,1,,,,1,,,,,,,,,,1,1,,,,1,,,,,,,,,,1,1,,1,,,1,,1,,1,,,,,,1,,1,1,,,1,,1,,1,,1,,1,,1,,1
Eublemma minima,,,1,,,,,,,,,,,,,,,,,,,,,,,,,,,,,1,,,,,,,,,,,,,,,,,,,,,,,,,1,,,1,1,,,,1,,,,,,1,1,1,,,,,,,,,,,,,,,,,,,,,,,,,,,,1,,,1,,1,,1,,,1,1,,1,,,,,,,,,,1,1,1,1,,,,,,,,,,,1,,,,,,,,,,,,1,,1,,1,,1,,1,,1,,1,,1,,1,,1,,1,,1,1,1,,1,1,,,,,,,,,,,1,,,1,1,,,,,,,,,,,1,,1,,,,1,,1,,1,,,,,1,1,,1,1,,,1,,1,,1,,1,,1,,1,,1
Hemeroplanis historialis,1,1,1,,1,,,1,1,1,1,1,,1,1,,,1,1,1,1,,,,,1,1,1,1,1,1,1,1,,,,,,,,,,,,1,,,,,,,,,,,1,1,1,1,1,,,,,1,1,,,,,,,,,,1,1,1,,,,,,,,,,,,,,,,,,,,,,,1,,,1,,1,,1,,,,1,1,,,,,,,,,,1,1,,,,,,1,,,,,,,,1,,,,,,,,,,,,1,,1,,1,,1,,1,,1,,1,,1,,1,,1,,1,,1,,1,,,1,1,,,,,,,,,,1,,,,,,,,,,,,,,,1,1,,,1,,1,,1,,1,,,,,,1,,1,1,,,1,,1,,1,,1,,1,,1,,1
Spargaloma sexpunctata,1,1,1,,1,,,1,1,1,1,,,,1,1,1,,,,,,,,,,1,,,,1,1,,,,,,,,,,1,,1,1,1,,1,,,,,,,,,1,1,1,1,,,,,,1,,,,,,,,,,,,1,1,,,,,,,,,,,,,,,,,,,,,,1,,,1,,1,,1,,,,1,1,1,,,,,,,,,1,1,,1,1,1,,,,,,,,,,1,,,,,,,,,,,,1,,1,,1,,1,,1,,1,,1,,1,,1,,1,,1,,1,,1,,,1,1,1,,,,,,,,,1,,,1,1,1,,,,,,,,,,1,,1,,,,1,1,,,1,,,,,,1,,1,1,,,1,,1,,1,,1,,1,,1,,1
Lygephila victoria,1,1,1,1,1,1,,1,1,1,1,1,,1,1,1,1,,,,1,,,,,1,1,1,,1,1,1,,,,,1,,,,,1,,1,1,1,,,,,,,,,,,1,1,1,1,1,,,,,1,1,,,,,,,,,,,,,,,,,1,1,1,,,,,,,,,,,,,,,1,,,1,,1,,1,,,,1,1,1,,,,,,,,,,1,1,1,1,1,,,,,,,,,,1,,,,,,,,,,,,1,,1,,1,,1,,1,,1,,1,,1,,1,,1,1,1,,1,,1,,,,1,1,,,,,,,,,1,,,,1,1,,,,,,,,,,1,,1,,,,1,,1,,1,,,,,1,1,1,1,,1,,1,1,,,1,,1,,1,,1,,1
Ascalapha odorata,1,1,1,1,1,,,1,,,1,,,,,1,1,,,1,1,1,,,,1,1,1,,1,,,,,,,,,,,1,1,,1,1,,,,,,,,,,,1,,1,1,1,1,1,,,,,,1,,,,,,,,,,,,,,,,,,,,,,,,,,,,,,1,1,,1,1,,,,1,1,1,,1,,1,1,,,,,,,,,,,1,1,1,1,1,,,,,,1,,,,1,,,,,,,,,,,,1,,1,,1,,1,,1,,1,,1,1,1,,1,,1,1,1,,1,,1,1,,1,1,,,,,,,,,,,1,1,1,1,1,,,,,,1,,,1,1,,1,,,,1,1,,,1,,,,,,1,,1,1,,,1,,1,,1,,1,,1,,1,,1
Catocala neogama,,1,1,,,,,,,,,,,,,1,,,,,,,,,,,,,,1,,,,,,,,,,,,,,,,,,,,,,,,,,,,,,,1,,,,,,1,1,,,,,,,,,,,,,,,,,,,,,,,1,1,,,,,,,1,,1,1,,1,,1,,1,,,,1,1,,,,,,,,,,1,1,,1,1,1,,,,,,,,,,1,,,,,,,,,,,,1,,1,,1,1,1,1,1,,1,,1,,1,,1,,1,,1,,1,,1,1,,,,,1,1,,,,,,,,1,,,,,1,1,,,,,,,,1,,1,,,,1,1,,1,,1,,,1,1,,1,1,1,,,1,,1,,1,,1,,1,,1,,1
Catocala aholibah,1,,1,,1,,,,1,1,,,,,1,,,,,,,,,,,,1,1,1,1,,1,,,,,,,,,,1,,,,,,,,,,,,,,,,1,1,1,1,,,,,,1,1,,,,,,,,,,,,,,,,,,,,,1,1,1,1,,,,,,,1,,1,1,,,,1,,1,,,,1,1,,,,,,,,,,1,1,1,1,1,1,,,,,,,,,,1,,,,,,,,,,,,1,1,1,,1,1,1,1,1,,1,,1,,1,,1,,1,,1,,1,,1,1,,,,,,,1,1,,,,,,1,1,,,,,,1,1,,,,,,1,,1,,,,1,1,,1,,1,,,1,1,,1,1,1,,,1,,1,,1,,1,,1,,1,,1
Catocala ilia,1,,1,,,,,1,1,,,,,,,,,,,,,,,,,,1,1,,,,1,,,,,,,,,,,,,,,,,,,,,,,,,,1,1,1,1,1,,,,,1,1,,,,,,,,,,,,,,,,,,,,,,1,1,1,,,,,,,,,1,1,,1,,1,,1,,,,1,1,,,,,,,,,,,1,1,1,1,1,,,,,,,,,,1,,,,,,,,,,,,1,,1,,1,,1,1,1,,1,,1,,1,,1,,1,,1,,1,,1,1,,,,,,1,,,,,,,,1,,,,,,1,,,,,,,,1,,1,,,,1,1,,1,,1,,,1,1,,1,1,1,,,1,,1,,1,,1,,1,,1,,1
Catocala relicta,1,1,1,1,1,,,1,1,1,1,,,1,1,1,1,1,1,,,,,,,1,1,1,,1,1,1,1,,,,1,1,,,,1,1,1,1,1,,1,,,,,,,,,,1,1,1,1,1,1,,,,1,1,,,,,,,,,,,,,,,,,,,,,,,1,1,1,,,,,,1,,1,1,,1,,1,,1,,,,1,,,,,,,,,,,,1,1,,,1,,,,,,,,,,1,,,,,,,,,,,,1,,1,,1,,1,,1,,1,,1,,1,,1,,1,,1,,1,1,1,1,,,,,,,,,,,,,,,1,1,,,,,,,,,,,,1,,1,,,,1,1,,1,1,1,,,1,1,,,1,1,1,,1,,1,,1,,1,,1,,1,,1
Catocala unijuga,1,1,,1,1,,,,,,,,,,1,1,1,,,1,,,,,,,,,,,,,,,,,1,,,,,,1,1,1,,,1,,,,,,,,,,,1,1,1,,,,,,1,1,,,,,,,,,,,,,,,,,,,,,,,1,1,,,,,,,1,,1,1,,,,1,,1,,,,1,,,,,,,,,,,,1,1,,,,,,,,,,,,,1,,,,,,,,,,,,1,,1,,1,,1,,1,,1,,1,,1,,1,,1,,1,,1,1,1,1,,,,,,1,,,,,,,,1,1,,,,,1,,,,,,,,1,,1,,,,1,1,,1,,1,,,1,1,,1,1,1,,,1,,1,,1,,1,,1,,1,,1
Catocala irene,1,1,1,,,,,,,1,,,,,,1,,,,1,,,,,,,1,,1,1,,1,1,,,,,,,,,,,,,,,,,,,,,,,,,,1,1,1,1,1,,,,1,,,,,,,,,,,,,,,,,,,,,,1,1,1,,,,,,,,1,,1,1,,,,1,,1,,,,1,1,1,,,,,,,,,,1,1,1,1,1,,,,,,,,,,1,,,,,,,,,,,,1,,1,,1,1,,,1,,1,,1,,1,,1,,1,,1,,1,,1,1,,,,,,1,1,,,,,,,1,1,,,,,1,1,,,,,,,1,,1,,,,1,1,,1,,1,,,1,1,,,1,1,,,1,,1,,1,,1,,1,,1,,1
Catocala allusa,1,,1,,1,1,,1,,,,,,,,,,,,,,,,,,1,1,,,1,,1,,,,,,,,,,1,,,,1,,,,,,,,,,,,,1,1,1,1,1,,,,1,,,,,,,,,,,,,,,,,,,,,,1,1,,,,,,,,,1,,1,1,,,,1,,1,,1,,1,,,,,,,,,,,,1,1,1,1,1,,,,,,,,,,1,,,,,,,,,,,,1,,1,,1,,1,,1,,1,,1,,1,,1,,1,,1,,1,,1,1,,,,,,1,,,,,,,,1,1,,,,,1,,,,,,,,1,,1,,,,1,1,,1,,1,,,1,1,,,1,1,,,1,,1,,1,,1,,1,,1,,1
Catocala faustina,1,1,1,,1,,,,,1,,,,,,1,,,1,1,,,,,,,,1,1,1,,1,1,,,,,,,,,,,1,1,,,,,,,,,,,,,,1,1,1,1,,,,,1,,,,,,,,,,,,,,,,,,,,,,1,1,1,,,,,,,,1,,1,1,,,,1,,1,,,,1,1,1,,,,,,,,,1,1,,1,,1,,,,,,,,,,1,,,,,,,,,,,,1,,1,,1,1,,,1,,1,,1,,1,,1,,1,,1,,1,,1,1,,,,,,,1,1,,,,,,1,1,,,,,,1,1,,,,,,1,,1,,,,1,1,,1,,1,,,1,1,,,1,1,,,1,,1,,1,,1,,1,,1,,1
Catocala hermia,,,,1,,,,,,,,,,,,,,,,,,,,,,,,,,,,,,,,,1,,,1,1,,,,,,,,,,,,,,,,,,1,1,1,,,,,,1,,,,,,,,,,,,,,,,,,,,,,,1,1,,,,,,,,1,,1,1,,,,1,,1,,,,1,,1,,,,,,,,,1,1,,1,,1,,,,,,,,,,1,,,,,,,,,,,,1,,1,,1,,1,,1,,1,,1,,1,,1,,1,,1,,1,,1,1,,,,,,1,1,,,,,,,1,1,,,,,1,1,,,,,,,1,,1,,,,1,1,,1,,1,,,1,1,,1,1,1,,,1,,1,,1,,1,,1,,1,,1
Catocala californica,1,1,1,1,1,,,,1,1,,,,1,1,1,1,,,1,,,,,,,1,1,,1,,,1,,,,1,,,,,1,,1,1,1,,,,,,,,,,,,1,1,1,1,1,,,,,1,1,,,,,,,,,,,,,,,,,,,,,1,1,1,1,,,,,,,1,,1,1,,,,1,,1,,,,1,,,,,,,,,,,1,1,1,,,,,,,,,,,,,1,,,,,,,,,,,,1,,1,,1,,1,,1,,1,,1,,1,,1,,1,,1,,1,,1,1,,,,,,1,1,,,,,,,1,1,,,,,1,1,,,,,,,1,,1,,,,1,1,,1,,1,,,1,1,,1,1,1,,,1,,1,,1,,1,,1,,1,,1
Catocala briseis,1,1,1,1,1,,,1,,1,,,,1,,1,1,,,,1,1,1,1,,1,1,1,,1,1,,,,,,1,,,,,,,1,1,1,,1,1,,,,,,,,,,1,1,1,1,,,,,1,,,,,,,,,,,,,,,,,,,,,1,1,1,1,,,,,,,,1,,1,1,,,,1,,1,,1,,1,,,,,,,,,,,,1,1,1,,,,,,,,,,,,1,,,,,,,,,,,,1,,1,,1,,1,,1,,1,,1,,1,,1,,1,,1,,1,,1,1,,,,,,1,1,,,,,,,1,1,,,,,1,1,,,,,,,1,,1,,,,1,1,,1,,1,,,1,1,,1,1,1,,,1,,1,,1,,1,,1,,1,,1
Catocala grotiana,,1,1,,,,,,,,,,,,,,,,1,1,1,,,1,,,,,,,,,1,,,,,,,,,,,,,,,,,,,,,,,,,,,1,1,,,,,,1,1,,,,,,,,,,,,,,,,,,,,,,,1,1,,,,,,,1,,1,1,,,,1,,1,,1,,1,,,,,,,,,,,,1,1,1,,,,,,,,,,,,1,,,,,,,,,,,,1,,1,,1,1,1,,1,,1,,1,,1,,1,,1,,1,,1,,1,1,,,,,,1,1,,,,,,,1,1,,,,,1,1,,,,,,,1,,1,,,,1,1,,1,,1,,,1,1,,1,,1,,,1,,1,,1,,1,,1,,1,,1
Catocala semirelicta,1,1,1,1,1,,,,1,1,1,,,1,,1,1,,,1,,1,,1,,1,1,1,1,1,1,1,1,,,,1,,,,,1,,1,1,1,,1,,,,,,,,,,1,1,1,1,1,,,,,1,1,,,,,,,,,,,,,,,,,,,,,,1,1,1,,,,,,,1,,1,1,,,,1,,1,,,,1,,,,,,,,,,,1,1,1,,,1,,,,,,,,,,1,,,,,,,,,,,,1,,1,,1,1,1,,1,,1,,1,,1,,1,,1,,1,,1,,1,1,,,,,,1,1,,,,,,,1,1,,,,,1,1,,,,,,,1,,1,,,,1,1,,1,,1,,,1,1,,1,1,1,,,1,,1,,1,,1,,1,,1,,1
Catocala junctura,1,1,1,1,1,,,,1,1,,,,,,1,,1,1,1,,,,,1,,1,,1,1,,1,1,,,,,,,,1,,,1,,,,,,,,,,,,,,1,1,1,1,1,1,,,,1,1,,,,,,,,,,,,,,,,,,,,,,,1,1,,,,,,,1,,1,1,,,,1,,1,,,,1,1,1,,,,,,,,,1,1,,,,1,,,,,,,,,,1,,,,,,,,,,,,1,,1,,1,,1,,1,,1,,1,,1,,1,,1,,1,,1,,1,1,,,,,,1,1,,,,,,,1,1,,,,,1,1,,,,,,,1,,1,,,,1,1,,1,,1,,1,1,1,,1,1,1,,,1,,1,,1,,1,,1,,1,,1
Catocala amatrix,,,1,,,,,,,,,,,,,,,,,,,,,,,,,,,,,,,1,,,,,,,,,,,,,,,,,,,,,,,,,1,1,1,1,,,,,,1,,,,,,,,,,,,,,,,,,,,,,,,1,,,,,,,1,,1,1,,,,1,,1,,,,1,1,,,,,,,,,,1,1,1,1,1,1,,,,,,,,,,1,,,,,,,,,,,,1,,1,,1,1,1,1,,1,1,,1,,1,,1,,1,,1,,1,,1,1,,,,,,1,,,,,,,,1,1,,,,,1,,,,,,,,1,,1,,,,1,1,,1,,1,,1,1,1,,1,1,1,,1,1,,1,,1,,1,,1,,1,,1
Catocala chelidonia,,,1,,,,,,,,,,,,,,,,,,,,,,,,,,,,,,,,,,,,,,,,,,,,,,,,,,,,,,,,1,1,1,1,,,,,1,,,,,,,,,,,,,,,,,,1,1,,,,,,,,,,,,,1,,1,1,,,,1,,1,,,,1,1,,,,,,,,,,1,1,,1,,1,,,,,,,,,,1,,,,,,,,,,,,1,,1,,1,,1,,1,,1,,1,,1,,1,,1,,1,,1,,1,1,,,,,1,1,,,,,,,,1,1,,,,1,1,,,,,,,,1,,1,,,,1,1,,1,1,1,,1,1,1,1,1,1,1,,,1,,1,,1,,1,,1,,1,,1
Catocala verrilliana,1,,1,,,,,,1,1,,,,,1,,,,,,,,,,,1,1,,1,,1,1,,,,,,,,,,,,,,,,,,,,,,,,,,,1,1,1,1,,,,,1,,,,,,,,,,,,,,,,,,1,1,,,,,,,,,,,,,1,,1,1,,1,,1,,1,,,,1,,,,,,,,,,,1,1,,,,1,,,,,,,,,,1,,,,,,,,,,,,1,,1,,1,1,,1,1,,1,,1,,1,,1,,1,,1,,1,,1,1,,,,,,1,1,,,,,,,1,1,,,,,1,1,,,,,,,1,,1,,,,1,1,,1,,1,,1,1,1,,1,1,1,,,1,,1,,1,,1,,1,,1,,1
Catocala ophelia,,,1,,,,,,,,,,,,,,,,,,,,,,,,,,,,1,1,,,,,,,,,,,,,,,,,,,,,,,,,,,,1,1,,,,,1,1,,,,,,,,,,,,,,,,,1,1,1,1,,,,,,,,,,,,1,,1,1,,,,1,,1,,,,1,1,,,,,,,,,,,1,,1,1,1,,,,,,,,,,1,,,,,,,,,,,,1,,1,,1,1,,,1,,1,,1,,1,,1,,1,,1,,1,,1,1,,,,,,1,1,,,,,,,1,1,,,,,1,1,,,,,,,1,,1,,,,1,1,,1,,1,,1,1,1,,1,1,1,,,1,1,1,,1,,1,,1,,1,,1
Catocala ultronia,,,,,1,,,,,,,,,,,,,,,,,,,,,,,,,,,,,,,,,,,,,,,,1,,,,,,,,,,,,,,,1,,,,,,,1,,,,,,,,,,,,,,,,,,,1,1,1,1,,,,,,,,,,,,1,1,,1,,1,,1,,1,,1,1,,,,,,,,,,,1,,1,1,1,,,,,,,,,,1,,,,,,,,,,,,1,,1,,1,,1,,1,,1,,1,,1,,1,,1,,1,,1,,1,1,,,,,,1,,,,,,,,1,1,,,,,1,,,,,,,,1,,1,,,,1,1,,1,,1,,,1,1,1,,1,1,,1,1,,1,,1,,1,,1,,1,,1
Cissusa indiscreta,1,,1,,1,,,1,1,1,,,,,1,,,,,,,,,,,,1,1,,,1,1,,,,,,,,,,1,,,,,,,,,,,,1,1,1,1,1,,,,,,,,1,1,,,,,,,,,,,,,,,,1,1,1,,,,,,,,,,,,,,,,1,,,1,,1,,1,,,,,1,,,,,,,,,,1,1,,,,1,,,,,,,,,,1,,,,,,,,,,,,1,,1,,1,,1,,1,,1,,1,,1,,1,,1,,1,,1,,1,,,1,1,1,,,,,,,,,1,,,1,1,1,,,,,,,,,,1,,1,,,1,1,,1,,1,,,,,1,1,,1,1,,,1,,1,,1,,1,,1,,1,,1
Litocala sexsignata,1,,1,,,,,,1,1,,,,,,,,,,,,,,,,,,1,,,1,1,,,,,,,,,,,,,,,,,,,,,,,1,1,1,,,,,,,,,1,,,,,,,,,,,,,,1,1,,,,,,,,,,,,,,,,,,,,1,,,1,,1,,1,,,,1,,,,,,,,,,,1,1,1,,1,,,,,,,,,,,1,,,,,,,,,,,,1,,1,,1,,1,,1,,1,,1,,1,,1,,1,,1,,1,,1,1,,,,,,,,,,,,,,,1,,,1,1,,,,,,,,,1,1,,1,,,1,,1,,1,,,,,1,,,1,1,,,1,,1,,1,,1,,1,,1,,1
Melipotis indomita,,,1,,,,,,,,,,,,,,,,,,,,,,,1,,,,,,,,,,,,,,,,,,,,,,,,,,,,,,,1,,,,,,,,,1,1,,,,,,,,,,,,,,,,,1,1,1,,,,,,,,,,,,,,,1,,,1,,1,,1,,,,1,1,,,,,,,,,,,1,,1,1,1,,,,,,,,,,1,,,,,,,,,,,,1,,1,,1,,1,,1,,1,,1,,1,,1,,1,,1,,1,,1,,,1,1,1,,,,,,,,,,,1,1,1,1,,,,,,,,,,1,,1,,,,1,,1,1,,1,,1,,1,,1,1,1,,,1,,1,,1,,1,,1,,1,,1
Melipotis jucunda,1,1,1,,1,,,1,1,1,1,1,,1,1,1,1,1,,1,1,1,,,,,1,1,1,1,1,1,1,,,,,,,,,1,,1,1,,,,,,,,,,,1,1,1,1,1,1,,,,,1,1,,,,,,,,,,,,,,,1,1,1,1,1,,,,,,,,,,,,,,,1,1,,1,,1,,1,,,1,1,,,,,,,,,,,,1,1,1,,,,,,,,,,,,1,,,,,,,,,,,,1,,1,,1,,1,,1,1,1,,1,,1,,1,,1,,1,,1,1,1,,1,1,1,,,,,,,,,,,1,1,1,,,,,,,,,,,,1,1,1,,1,1,1,,1,1,,1,,1,,1,,,1,1,,,1,,1,,1,,1,,1,,1,,1
Bulia deducta,1,,,,1,,,,,1,,,,,,,,,,,,,,,,,,,,,,,,,,,,,,,,,,,1,,,,,,,,,,1,,,,1,1,,,,,,1,,,,,,,,,,,,,,1,1,1,,,,,,,,,,,,,,,,,,,1,1,,1,,1,,1,,,,1,1,1,,,,,,,,,,1,,1,1,1,,,,,,,,,,1,,,,,,,,,,,,1,,1,,1,,1,,1,,1,,1,,1,,1,,1,,1,1,1,,1,1,,1,,1,,,,,,,,,,1,,1,,1,1,,,,,,,,1,1,1,1,,1,1,1,,1,1,1,1,,1,,1,,,1,1,,,1,,1,,1,,1,,1,,1,,1
Drasteria mirifica,,1,,,,,,,,,,,,,,,,,,1,,,,,,,,,,,,,,,,,,,,,,,,,,,,,,,,,,,,,1,1,1,,,,,,,1,1,,,,,,,,,,,,,,,1,1,1,1,,,,,,,,,,,,,,,,1,1,,1,,1,,1,,,,1,1,1,,,,,,,,,,1,,1,1,1,,,,,,,,,,1,,,,,,,,,,,,1,,1,,1,,1,,1,,1,,1,,1,,1,,1,,1,,1,1,1,,,,,,1,1,,,,,,,,1,1,,,1,1,1,,,,,,,,1,1,1,1,,,1,1,,,1,,,,,1,,1,1,1,,,1,,1,,1,,1,,1,,1,,1
Drasteria hastingsii,1,1,1,,1,,,,,1,,,,,,1,,,,,,1,,,,,1,1,1,1,,,1,1,,,,,,,,,,1,,,,,,,,,,,,1,1,1,1,1,1,,,,,1,,,,,,,,,,,,,,,1,1,1,,,,,,,,,,,,,,,,,,1,1,,1,,1,,1,,,,1,1,,,,,,,,,,,1,1,1,1,1,,,,,,,,,,1,,,,,,,,,,,,1,,1,,1,,1,,1,,1,,1,,1,,1,,1,,1,,1,1,1,,,,,,1,1,1,,,,,,,1,1,,,,,,,,,,,,,1,1,,1,,,1,1,,1,1,1,,,1,1,,1,1,1,,,1,,1,,1,,1,,1,,1,,1
Drasteria scrupulosa,,,1,,,,,,,,,,,,,,,,,,,,,,,,,1,,,,,,,,,,,,,,,,,,,,,,,,,,,,,,1,1,1,,,,,,1,1,,,,,,,,,,,,,,,,1,1,1,,,,,,,,,,,,,,,,1,1,,1,,1,,1,,,,1,1,1,,,,,,,,,,1,1,1,1,1,1,1,,,,,,,,1,,,,,,,,,,,,1,,1,,1,,1,,1,,1,,1,,1,,1,,1,,1,,1,,1,,,,1,1,,,,,,,,,1,,1,,,,,,,,,,,,,1,1,,,1,,1,,1,,1,,,,,,1,,1,1,,,1,,1,,1,,1,,1,,1,,1
Drasteria inepta,,1,,,,,,,,,,,,,,,,,,,,,,1,,,,,,,,,,,,,,,,,,,,,,,,,,,,,,,,,,,1,,,,,,,1,1,,,,,,,,,,,,,,,,,1,1,1,,,,,,,,,,,,,,,1,,,1,,1,,1,,,,,1,,,,,,,,,,1,1,,,1,1,,,,,,,,,,1,,,,,,,,,,,,1,,1,,1,,1,,1,,1,,1,,1,,1,,1,,1,,1,,1,,,,1,1,,,,,,,,,1,,,,1,1,,,,,,,,,,1,1,1,,1,,1,,1,,1,,,,,,1,,1,1,,,1,,1,,1,,1,,1,,1,,1
Drasteria sabulosa,1,1,1,1,1,,,,1,1,1,1,,1,1,,1,1,,1,1,1,,,,,,1,1,1,1,1,1,,,,,1,,,,,,1,1,,,,,,,,,,,1,1,1,1,1,1,,,,,1,1,,,,,,,,,,,,,,,,1,1,1,,,,,,,,,,,,,,,,1,,,1,,1,,1,,,,1,1,1,,,,,,,,,,1,,1,1,1,,,,,,,,,,1,,,,,,,,,,,,1,,1,,1,,1,,1,,1,,1,,1,,1,,1,,1,,1,1,1,,,1,1,1,,,,,,,,,,,,1,1,1,,,,,,,,,,1,1,,,1,1,1,,1,,1,,,,,1,,1,1,1,,,1,,1,,1,,1,,1,,1,,1
Drasteria ochracea,1,1,1,,1,,,,1,1,1,1,,1,1,1,1,1,1,,1,1,,1,,1,1,1,1,1,1,,,,,,,,,,,,,1,1,,,,,,,,,,,1,1,1,1,1,1,1,,,,1,1,,,,,,,,,,,,,,,,,1,1,1,1,,,,,,,,,,,,,,1,1,,1,,1,,1,,,,,1,,,,,,,,,,1,1,,,,,,,,,,,,,,1,,,,,,,,,,,,1,,1,,1,,1,,1,1,,,1,,1,,1,,1,1,1,,1,,1,,,,,,1,1,,,,,,,,1,,,,,,,,,,,,,,1,1,,1,,1,1,1,,,1,,,,,1,,1,1,1,,,1,,1,,1,,1,,1,,1,,1
Drasteria edwardsii,1,1,1,,,,,,1,1,,,,,1,1,,1,,,,,,,,,1,,1,1,1,1,1,,,,,,,,,,,,,,,,,,,,,,,1,1,1,1,1,1,,,,,1,1,,,,,,,,,,,,,,,,1,1,1,,,,,,,,,,,,,,,,1,,,1,,1,,1,,,,1,1,,,,,,,,,,,1,,1,1,1,,,,,,,,,,1,,,,,,,,,,,,1,,1,,1,,1,,1,,1,,1,,1,,1,,1,,1,,1,,1,1,,,,,,1,,,,,,,,1,,,,,,1,,,,,,,,1,1,1,1,,,1,1,1,,1,,,,,1,1,,1,1,,,1,,1,,1,,1,,1,,1,,1
Drasteria pallescens,,1,,,,,,,,,,,,,,,,,,1,,,,,,,,,,,,,,,,,,,,,,,,,,,,,,,,,,,,,,1,1,1,1,,,,,1,1,,,,,,,,,,,,,,1,1,1,1,1,,,,,,,,,,,,,,,,1,1,,1,,1,,1,,,,1,1,1,,,,,,,,,,1,,1,1,1,,,,1,,,,,,1,,,,,,,,,,,,1,,1,,1,,1,,1,,1,,1,,1,,1,,1,,1,,1,,1,1,1,,,,,,,,,,,,,1,1,,,,,,,,,,,,,1,1,1,,1,,1,,1,1,,1,,1,1,1,,1,,1,,,1,,1,,1,,1,,1,,1,,1
Drasteria divergens,1,1,1,,1,1,,1,1,1,1,1,,1,1,1,1,1,1,1,1,,,1,,1,,1,1,1,1,1,1,,,,,,,,,1,,1,1,,,,,,,,,,,1,1,1,1,1,,,,,,1,1,,,,,,,,,,,,,,1,1,1,1,1,1,,,,,,,,,,,,,,,1,1,,1,,1,,1,,,,1,1,,,,,,,,,,,1,1,1,1,1,,,,,,,,,,1,,,,,,,,,,,,1,,1,,1,,1,,1,,1,,1,,1,,1,,1,,1,,1,1,1,1,,,,,1,1,,,,,,,,1,,,,,1,1,,,,,,,,1,1,1,1,,,1,1,,,1,,,,,1,1,,1,1,,,1,,1,,1,,1,,1,,1,,1
Drasteria parallela,1,,1,,,,,,,1,,,,,1,,,,,,,,,,,,,1,,,,1,,,,,,,,,,,,,,,,,,,,,,,,,1,1,1,1,,,,,,1,1,,,,,,,,,,,,,,,1,1,1,1,,,,,,,,,,,,,,,,1,1,,1,,1,,1,,,,,1,1,,,,,,,,,,1,,,1,1,,,,,,,,,,1,,,,,,,,,,,,1,,1,,1,,1,,1,,1,,1,,1,,1,,1,,1,,1,1,1,1,,,,,1,1,,,,,,,,1,,,,,1,1,,,,,,,,1,1,,1,,,1,1,,,1,,,,,1,1,,1,1,,,1,,1,,1,,1,,1,,1,,1
Drasteria petricola,1,1,,1,1,,,,,,,,,1,,,,,,,1,,,,,,,,,,,,,,,,1,,,1,,,,1,1,,,1,,1,,,,,,,1,1,1,1,1,,,,1,1,,,,,,,,,,1,1,1,1,,,,,,,,,,,,,,,,,,,,,,1,,,1,,1,,1,,,,1,1,,,,,,,,,,,1,,1,1,1,,,,,,,,,,1,,,,,,,,,,,,1,,1,,1,,1,,1,,1,,1,,1,,1,,1,,1,,1,1,1,1,,,,,1,1,,,,,,,,1,,,,,1,1,,,,,,,,1,1,1,1,,,1,1,,,1,,,,,1,,,1,1,,,1,,1,,1,,1,,1,,1,,1
Drasteria hudsonica,1,1,1,1,1,,,,,,1,,,1,,,1,,,,,,,,,,,,1,,,,,,,,,,,1,,,,1,1,1,,1,,1,,,,,,,1,1,1,1,,,,,,1,,,,,,,,,,,,,1,1,1,1,,,,,,,,,,,,,,,,,,,1,,,1,,1,,1,,,,1,1,,,,,,,,,,,1,1,1,1,1,,,,,,,,,,1,,,,,,,,,,,,1,,1,,1,,1,,1,,1,,1,,1,,1,,1,,1,,1,,1,1,,,,1,1,,,,,,,,,1,,,,1,1,,,,,,,,,1,1,1,1,,,1,1,1,,1,,,,,1,,,1,1,,,1,,1,,1,,1,,1,,1,,1
Drasteria nubicola,,1,1,,,,,,,,,,,,,,,,,1,,,,,,,,,,,,,1,,,,,,,,,,,,,,,,,,,,,,,,,1,1,1,,,,,,1,,,,,,,,,,,,,,1,1,1,,,,,,,,,,,,,,,,,,,1,1,,1,,1,,1,,,,1,1,,,,,,,,,,,1,1,1,1,,,,,,,,,,,1,,,,,,,,,,,,1,,1,,1,,1,,1,,1,,1,,1,,1,,1,,1,,1,,1,1,,,,1,1,,,,,,,,,1,,,,1,1,,,,,,,,,1,1,1,1,,,1,1,1,,1,,,,,1,,,1,1,,,1,,1,,1,,1,,1,,1,,1
Drasteria perplexa,1,1,1,,,,,,,1,1,,,,,,,1,1,1,1,1,,,,,,,,1,,,1,,,,,,,,,,,,,,,,,,,,,,,1,1,1,1,1,,,,,,1,,,,,,,,,,,,,,1,1,1,1,,,,,,,,,,,,,,,,,,1,1,,1,,1,,1,,,,1,1,1,,,,,,,,,,1,1,1,1,1,,,,,,,,,,1,,,,,,,,,,,,1,,1,,1,,1,,1,,1,,1,,1,,1,,1,,1,,1,,1,,,,,,1,1,,,,,,,,1,,,,,,,,,,,,,,1,1,,1,,,1,1,1,,1,,,,,1,,1,1,1,,,1,,1,,1,,1,,1,,1,,1
Drasteria adumbrata,1,1,1,1,1,,,,1,1,1,1,,1,1,1,1,1,1,1,1,,,1,,,1,1,1,1,1,1,1,,,,1,,,,,,,1,1,1,,1,,,,,,,,1,1,1,1,1,,,,,,1,1,,,,,,,,,,,,,1,1,1,1,1,1,,,,,,,,,,,,,,,,1,,,1,,1,,1,,,,1,1,,,,,,,,,,,1,,1,1,1,,,,,,,,,,1,,,,,,,,,,,,1,,1,,1,,1,,1,,1,,1,,1,,1,,1,,1,,1,,1,1,,,,,1,1,,,,,,,,1,,,,,1,1,,,,,,,,1,1,,1,,,1,1,,,1,,,,,1,1,,1,1,,,1,,1,,1,,1,,1,,1,,1
Drasteria stretchii,1,1,1,,,,,,,1,,1,,,,,,,,,1,,,,,,,,,1,,,1,1,,,,,,,,,,,,,,,,,,,,,,,1,1,1,1,,,,,,1,,,,,,,,,,,,,,1,1,1,,,,,,,,,,,,,,,,,,,1,,,1,,1,,1,,,,1,1,1,,,,,,,,,,1,1,1,1,1,,,,,,,,,,1,,,,,,,,,,,,1,,1,,1,,1,,1,,1,,1,,1,,1,,1,,1,,1,,1,,,,,,,1,,,,,,,,1,,,,,,,,,,,,,,1,1,,1,,,1,1,,,1,,,,,1,,,1,1,,,1,,1,,1,,1,,1,,1,,1
Drasteria howlandii,1,1,1,1,1,,,,1,1,1,1,,1,,,,,1,1,,1,,,,,1,,1,1,,1,1,,,,1,,,,,,,1,,,,,,,,,,,,1,1,1,1,1,1,,,,,1,1,,,,,,,,,,,,1,1,1,1,1,1,1,,,,,,,,,,,,,,,,1,1,,1,,1,,1,,,,1,1,1,,,,,,,,,,1,,1,1,1,,,,,,,,,,1,,,,,,,,,,,,1,,1,,1,,1,,1,,1,,1,,1,,1,,1,,1,,1,,1,1,,,,,,1,,,,,,,,1,,,,,,1,,,,,,,,1,1,,1,,,1,1,,,1,,,,,1,,,1,1,,,1,,1,,1,,1,,1,,1,,1
Caenurgina annexa,1,1,1,1,1,,,,1,1,1,1,,1,1,,,1,,,,,,,,,,,1,1,,,,,,,1,1,,,,,,1,1,1,,,,,,,,,,1,1,1,1,,,,,,1,1,,,,,,,,,,1,1,1,1,1,,,,,,,,,,,,,,,,,,,,,1,,,1,,1,,1,,,,1,1,,,,,,,,,,,,,1,1,,,,,,,,,,,1,,,,,,,,,,,,1,,1,,1,,1,,1,,1,,1,,1,,1,,1,1,1,,1,,1,,,1,1,1,,,,,,,,,,,,1,1,1,,,,,,,,,,1,1,,1,1,,1,1,,1,1,1,1,,1,1,,,1,1,,,1,,1,,1,,1,,1,,1,,1
Caenurgina caerulea,1,,1,,1,,,1,1,,,,,1,1,,,,,,,,,,,1,1,1,,,1,1,,,,,,,,,,1,,,,,,,,,,,,,,1,1,1,1,,,,,,,1,,,,,,,,,,,,1,1,1,1,,,,,,,,,,,,,,,,,,,,1,,,1,,1,,1,,,,1,,,,,,,,1,,,,1,,1,1,,,,,,,1,,,,1,,,,,,,,,,,,1,,1,,1,,1,,1,,1,,1,,1,,1,,1,1,1,,1,,1,,,1,,,,,,,,1,,,1,1,,,,,,,,,,,,,,1,,1,,,,1,,1,,1,,,,,1,1,1,1,1,,,1,,1,,1,,1,,1,,1,,1
Caenurgina crassiuscula,1,,,1,1,,,,,,1,,,1,,,,,,,,,,,,,,,,,,,,,,,1,,,1,,,,1,1,1,,1,1,1,,,,,,,1,1,1,1,,,,,,1,,,,,,,,,,,,,,1,1,1,1,,,,,,,,,,,,,,,,,,1,,,1,,1,,1,,,,1,1,,,,,,,,,,,1,,1,1,1,,,,,,,,,,1,,,,,,,,,,,,1,,1,,1,,1,,1,,1,,1,,1,,1,,1,,1,,1,,1,,,1,1,1,,,,,,,,,,,,1,1,1,,,,,,,,,,1,1,1,,1,,1,1,,1,1,1,1,,1,1,1,,1,1,,,1,,1,,1,,1,,1,,1,,1
Caenurgina erechtea,1,1,1,1,1,1,,1,1,1,1,,,1,1,1,1,1,,1,1,,,,,1,1,,1,1,1,1,1,1,,,1,,,1,,1,,1,1,1,,,,,,,,,1,1,1,1,1,1,1,1,,,,1,1,,,,,,,,,,,,1,1,1,1,1,1,1,1,,,,,,,,,,,,,,,1,,,1,,1,,1,,,,1,1,1,,,,,,,,,,1,,1,1,1,,1,,,,,,,,1,,,,,,,,,,,,1,,1,,1,,1,,1,,1,,1,,1,,1,,1,,1,,1,,1,,,,1,1,,,,,,,,,1,,,,1,1,,,,,,,,,,1,,1,,,,1,1,,,1,,,,,,1,1,1,1,,,1,,1,,1,,1,,1,,1,,1
Euclidia cuspidea,,,,,1,,,,,,,,,,,,,,,,,,,,,,,,,,,,,,,,,,,,,,1,,1,,,1,,,,,,,,,1,1,,,,,,,,1,,,,,,,,,,,,,,1,1,1,1,,,,,,,,,,,,,,,,,,1,1,,1,,1,,1,,,,1,1,,,,,,,,,,,1,,1,1,1,,,,,,,,,,1,,,,,,,,,,,,1,,1,,1,,1,,1,,1,,1,,1,,1,,1,,1,,1,,1,,,,1,,,,,,,,,,1,,,,,1,1,,,,,,,,,1,,1,,,,1,1,,,1,,,,,,1,,1,1,,,1,,1,,1,,1,,1,,1,,1
Euclidia ardita,1,1,1,1,1,,,1,1,1,1,1,,1,1,1,1,1,,,,,,,,1,1,1,1,1,1,1,,,1,,1,,,1,,1,,1,1,,,,,,,,,,,1,1,1,1,1,,,,,,1,,,,,,,,,,,,1,1,1,,,,,,,,,,,,,,,,,,,,,1,1,,1,,1,,1,,,,1,1,,,,,,,,,,,1,,1,1,1,,,,,,,,,,1,,,,,,,,,,,,1,,1,,1,,1,,1,,1,,1,,1,,1,1,1,1,1,,1,,1,,,,1,,,,,,,,,,1,,,,,1,1,1,,,,,,,,1,,1,,,,1,1,,,1,,,,,,1,,1,1,,,1,,1,,1,,1,,1,,1,,1
Zale lunata,1,1,1,,1,1,,1,,1,1,1,,1,1,1,1,,,1,1,,,,,1,1,1,,1,1,1,,,,,,,,,,1,1,,1,,,,,,,,,1,1,1,1,1,1,1,1,1,,,,1,1,,,,,,,,,,,,,,,,,1,1,1,1,,,,,,,,,,,,1,,,1,,,,1,,1,,,,,1,1,,,,,,,,,1,1,1,1,1,1,1,,,,,,,,,1,,,,,,,,,,,,1,,1,,1,,1,,1,,1,,1,,1,,1,1,1,,1,,1,,1,,,,1,1,,,,,,,,,1,1,1,1,1,1,,,,,,,,,,1,,1,,,,1,1,,,1,,,,,,1,,1,1,,,1,,1,,1,,1,,1,,1,,1
Zale minerea,1,1,1,1,1,,,1,1,1,1,1,,1,1,1,1,,,,,,,,,1,1,,1,1,1,1,,,,,1,,,,,1,1,1,1,1,,,,,,,,,,1,1,1,1,1,,,,,,1,1,,,,,,,,,,,,,,,,,1,1,1,,,,,,,,,,,,,1,,,1,,,,1,,1,,,,,1,,,,,,,,,,1,1,1,1,,1,,,,,,,,,,1,,,,,,,,,,,,1,,1,,1,,1,,1,,1,,1,,1,,1,,1,,1,,1,,1,,,1,1,,,,,,,,,,1,1,1,1,1,1,,,,,,,,,,1,1,1,,1,,1,1,,,1,,,,,,1,,1,1,,,1,,1,,1,,1,,1,,1,,1
Zale duplicata,1,1,1,,1,,,1,,1,1,,,1,1,1,1,,,,,,,,,,,,1,1,1,,,,,,,,,,,1,,1,1,1,,,,,,,,,,1,1,1,1,,,,,,,1,1,,,,,,,,,,,,,,,,1,1,1,,,,,,,,,,,,,,,,1,1,,,,1,,1,,,,1,1,,,,,,,,,,1,1,,1,1,1,,,,,,,,,,1,,,,,,,,,,,,1,,1,,1,,1,,1,,1,,1,,1,,1,,1,,1,,1,,1,,,1,1,1,,,,,,,,,1,1,1,1,1,1,,,,,,,,,,1,1,1,,1,,1,1,,,1,,,,,,1,,1,1,,,1,,1,,1,,1,,1,,1,,1
Zale rubi,1,1,1,,,,,,,1,,,,,,1,,1,,1,,,,,,1,1,,,1,,1,1,1,,,,,,,,,,,,,,,,,,,,,1,1,1,1,1,1,,,,,,1,1,,,,,,,,,,,,,,,,1,1,1,,,,,,,,,,,,,,1,,,1,,,,1,,1,,,,1,1,,,,,,,,,,1,1,,1,1,1,,,,,,,,,,1,,,,,,,,,,,,1,,1,,1,,1,,1,,1,,1,,1,,1,,1,,1,,1,,1,,,1,1,,,,,,,,,,1,1,,1,1,1,,,,,,,,,,1,,1,,,,1,1,,,1,,,,,,1,,1,1,,,1,,1,1,1,,1,,1,,1,,1
Zale termina,,,1,,,,,,,,,,,,,,,,,,,,,,,,1,,,,1,1,,,,,,,,,,,,,,,,,,,,,,,,1,1,1,1,,,,,,,1,1,,,,,,,,,,,,,,1,1,1,1,1,,,,,,,,,,,,,,1,,,1,,,,1,,1,,,,1,1,,,,,,,,,,1,1,1,1,1,1,,,,,,,,,,1,,,,,,,,,,,,1,,1,,1,,1,,1,,1,,1,,1,,1,,1,,1,,1,,1,,,,1,1,,,,,,,,,1,1,,1,1,1,,,,,,,,,,1,,1,,,,1,1,,,1,,,,,,1,,1,1,,,1,,1,,1,,1,,1,,1,,1
Marathyssa inficita,1,1,1,,1,,,,,1,1,,,,,,,1,,,,,,,,,,,1,1,,,,,,,,,,,,,,1,1,,,,,,,,,,,,1,1,1,1,,,,,,1,,,,,,,,,,,,1,1,1,,,,,,,,,,,,,,,,,,,,,1,,,1,,1,,1,,,,1,1,1,,,,,,,,,,1,1,1,1,1,,1,,,,,,,,1,,,,,,,,,,,,1,,1,,1,,1,,1,,1,,1,,1,,1,,1,,1,,1,1,1,,,1,1,1,,,,,,,,,1,1,1,1,1,1,,1,,,,,,,,1,1,1,,1,1,1,,1,,1,,,,,1,1,1,1,1,,,1,,1,,1,,1,,1,,1,,1
Meganola minuscula,1,,1,,1,,,1,1,1,,,,,1,,,,,,,,,,,1,1,,1,,,1,,,,,,,,,,1,,,,,,,,,,,,,1,1,1,1,,1,,,,,,1,,,,,,,,,,,,1,1,1,,,,,,,,,,,,,,,,,,,,,1,,,1,,1,,1,,,,1,,,,,,,,,,,,1,1,,1,,,,,,,,,,,1,,,,,,,,,,,,1,,1,,1,,1,,1,,1,,1,,1,,1,,1,1,1,,1,,1,,,1,,,,,,,,,,,1,,,,,,,,,,,,,,,1,1,1,,1,,1,,1,,1,,,,,,1,,1,1,,,1,,1,,1,,1,,1,,1,,1
Nola cilicoides,1,1,,,1,,,,,1,,,,,,,,,1,,,,,,,,,,,,,,,,,,,,,,,,,,1,,,,,,,,,,,,,1,1,1,,,,,1,,,,,,,,1,1,,,,,,,,,,,,,,,,,,,,,,,,,,,1,,,1,,1,,1,,,1,,,1,,,,,,,,,,1,1,,1,1,,,,,,,,,,1,,,,,,,,,,,,1,,1,,1,,1,,1,,1,,1,,1,,1,,1,1,1,,1,,1,,1,1,,1,,,,,,,,,1,1,,1,1,,,,,,,,,,,1,1,,,1,,1,,1,,1,,,,,1,1,,1,1,1,,1,,1,,1,,1,,1,,1,,1
Nola minna,1,,1,,1,1,1,1,1,1,1,,,,1,,,,,,,,,,,1,1,,,,1,1,,,,,,,,,,1,,1,1,,,,,,,,,,1,1,1,1,,,,,,,1,1,,,,,,,,,1,1,1,,,,,,,,,,,,,,,,,,,,,,,,1,,,1,,1,,1,,,,1,,,,,,,,,,,1,1,,,,,,,,,,,,,,1,,,,,,,,,,,,1,,1,,1,,1,,1,,1,,1,,1,,1,,1,,1,,1,,1,,,1,,,,,,,,,,,1,,,,,,,,,,,,,,,1,,1,,,,1,,1,,1,,,,,,1,,1,1,,1,1,,1,,1,,1,,1,,1,,1
Nycteola frigidana,1,1,1,,1,,,1,1,1,,,,1,1,,1,1,,,,,,,,,1,,,1,1,1,1,,,,,,,,,1,,1,1,1,,1,,,,,,1,1,1,1,1,1,1,1,,,,1,1,,,,,,,,,,1,1,1,,,,,,,,,,,,,,,,,,,,,,,1,,,1,,1,,1,,,,1,1,,,,,,,,,,1,1,1,1,1,1,,,,,,,,,,1,,,,,,,,,,,,1,,1,,1,,1,,1,,1,,1,,1,,1,,1,,1,,1,1,1,,,1,,,,,,,,,,,1,,,,,,,,,,,,,,,1,,1,,,,1,,1,,1,,,,,1,1,1,,1,,,1,,1,,1,,1,,1,,1,,1
Nycteola columbiana,1,1,1,,1,,,,,1,,,,,,,1,,,,,,,,,1,1,,,,1,,,,,,,,,,,1,,,,,,,,,,,,1,1,1,1,1,1,1,1,,,,1,1,,,,,,,,,,1,1,1,,,,,,,,,,,,,,,,,,,,,,,1,,,1,,1,,1,,,,1,,,,,,,,,1,,,1,,1,,,,,,,,,1,,,1,,,,,,,,,,,,1,,1,,1,,1,,1,,1,,1,,1,,1,,1,1,1,,1,,1,,1,1,,1,,,,,,,,,1,,,1,1,1,,,,,,,,,,1,,1,,,,1,,1,,1,,,,,1,1,1,,1,,,1,,1,,1,,1,,1,,1,,1
Nycteola cinereana,1,1,1,,1,1,,1,,1,1,,,1,1,1,1,1,,,,1,,,,1,1,1,1,,1,1,,,,,,,,,,1,,1,1,,,1,,,,,,,1,1,1,1,1,1,1,1,1,,1,1,,,,,,,,,,1,1,1,1,,,,,,,,,,,,,,,,,,,,,,1,,,1,,1,,1,,,,1,1,,,,,,,,,,1,1,,1,1,,,,,,,,,,,1,,,,,,,,,,,,1,,1,,1,1,1,,1,,1,,1,,1,,1,,1,1,1,,1,,1,,1,1,,1,,,,,,,,,1,,,1,1,1,,,,,,,,,,1,,1,,,,1,,1,,1,,,,,,1,1,,1,,,1,,1,,1,,1,,1,,1,,1
Abrostola urentis,1,,1,1,1,,,1,1,,,,,1,1,,,,,,,,,,,1,1,,,,,,,,,,1,,,,,1,,,,,,,,,,,,,,,1,1,1,1,,,,,1,1,,,,,,,,,,1,1,1,,,,,,,,,,,,,,,,,,,,,,,1,1,,1,,1,,1,,,,1,1,,,,,,,,,,1,1,,1,1,,,,,,,,,,,1,,,,,,,,,,,,1,,1,,1,,1,,1,,1,,1,,1,,1,,1,1,1,,1,,1,,,1,1,1,,,,,,,,,1,,,1,1,1,,,,,,,,,,1,1,1,,1,1,1,1,,,1,,,,,1,,,1,1,1,1,1,,1,,1,,1,,1,,1,,1
Trichoplusia ni,1,1,1,1,1,1,,1,1,1,1,,,,1,1,,,,1,,,,,,1,1,,1,1,1,1,1,1,,,1,,,,,1,,1,1,,,,,,,,,,,,1,1,1,1,1,1,1,,,1,,,,,,,,,,,,,,1,1,1,1,,,,,,,,,,,,,,,,1,,1,1,,1,,1,,1,,,,,1,,,,,,,,,,,1,1,1,,,,,,,,,,,1,,,1,1,,,,,,,1,,1,,1,,1,,1,,1,,1,,1,,1,,1,,1,,1,,1,,1,,,1,1,1,,,,,,,,,1,,1,1,1,1,,,,,,,,,,1,,1,,,1,1,,1,,1,,,,,1,,1,1,1,,,1,,1,,1,,1,,1,,1,,1
Chrysodeixis chalcites,,,,,1,,,,,,,,,,,,,,,,,,,,,,,,,,,,,,,,,,,,,1,,,,,,,,,,,,,1,,,,,1,,,,,,1,,,,,,,,,,,,,,,1,1,1,,,,,,,,,,,,,,,,,,1,1,,1,,1,,1,,,,,1,1,,,,,,,,,,,1,,1,1,1,1,,,,,,,1,,1,1,1,1,,,,,,1,,1,,1,,1,,1,,1,,1,,1,,1,,1,,1,,1,,1,1,1,,,,,1,,,,,,,,,1,,,,1,,,,,,,,,,,1,,1,,,1,1,,1,,1,,,,,1,,1,1,1,1,,1,,1,,1,,1,,1,1,1,,1
Rachiplusia ou,,,,1,,,,,,,,,,,,,,,,,,,,,,,,,,,,,,,,,1,,,,,,,,,,,,,,,,,,,,,,,,1,,,,,1,1,,,,,,,,,,,,,,,,1,1,1,,,,,,,,,,,,,,1,,1,,,1,,1,,1,,,,1,1,,,,,,,,,,,1,1,1,1,,,,,,,,,,1,,,1,1,,,,,,,1,,1,,1,,1,,1,,1,,1,,1,,1,,1,,1,1,1,,1,,1,,,,1,1,,,,,,,,,1,,1,,1,1,,,,,,,,,,1,1,1,,1,1,1,,1,,1,,,,,1,,,1,1,,,1,,1,,1,,1,,1,,1,,1
Diachrysia aereoides,1,1,1,1,1,1,,1,,1,1,,,,,1,1,,,,,,,,,1,1,,,1,,1,,,,,1,,,,,,1,1,1,1,1,1,,,,,,,,,,1,1,1,1,,,,,1,,,,,,,,,,,,,,1,1,1,,,,,,,,,,,,,,,,,,,1,,,1,,1,,1,,,,,1,1,,,,,,,,,1,,,,1,1,,1,,1,,,,,,1,,,,,,,,,,,,1,,1,,1,,1,,1,,1,,1,,1,,1,,1,1,1,,1,,1,,,1,1,1,,,,,,,,,1,,,1,1,1,,,,,,,,,,1,1,1,,1,1,1,,1,,1,,,,,1,,1,1,1,1,1,1,,1,,1,,1,,1,,1,,1
Euchalcia albavitta,,,1,,,,,,,,,,,,,,,,,,,,,,,,,,,1,,,,,,,,,,,,,,,,,,,,,,,,,,,,1,,,,,,,,1,,,,,,,,,,,,1,1,,,,,,,,,,,,,,,,,,,,,,1,,,1,,1,,1,,,,1,1,1,,,,,,,,,1,1,,1,1,1,,,,,,,,,1,1,,1,,,,,1,,,1,,1,,1,,1,,1,,1,,1,,1,,1,,1,,1,1,1,,1,1,1,,,1,1,1,,,,,,,,,1,,,1,1,1,,,,,,,,,,1,,1,,,,1,,1,,1,,,,,1,1,,1,1,,,1,,1,,1,,1,,1,,1,,1
Euchalcia borealis,,,,,1,,,,,,,,,,,,,,,,,,,,,,,,,,,,,,,,,,,,,,,,,,,,,1,,,,,,,,1,1,,,,,,,1,,,,,,,,,,,,,,1,1,1,,,,,,,,,,,,,,,,,,,1,,,1,,1,,1,,,,1,1,,,,,,,,,,,,,1,1,1,,,,,,,,,1,1,,1,,,,,1,,1,1,,1,,1,,1,,1,,1,,1,,1,,1,,1,,1,,1,,1,1,1,,,,,1,1,,,,,,,,,,,1,1,,,,,,,,,,,1,,1,,,,1,,1,1,,1,,,1,1,1,1,1,1,1,1,1,,1,,1,,1,,1,,1,,1
Polychrysia esmeralda,,,,,1,,,,,,,,,,,,,,,,,,,,,,,,,,,,,,,,,,,,,,,,,,1,1,,1,,,,,,,,,1,1,,,,,,1,,,,,,,,,,,,,,1,1,1,1,,,,,,,,,,,,,,,,1,,1,,,1,,1,,1,,,,,,1,,,,,,,,,,1,1,1,1,,,,,,,,,,1,1,,1,,,,,1,,,1,1,1,,1,,1,,1,,1,,1,,1,,1,,1,,1,,1,,1,1,1,,,1,,,,,,,,,,,1,1,1,,,1,,,,,,,,,,1,1,1,,1,1,,,1,,1,,,,,1,,1,1,1,,,1,,1,,1,,1,,1,,1,,1
Polychrysia morigera,,1,1,1,,,,,,,,,,,,,,,,,,,,1,,,1,,,,,1,,,,,1,,,,,,,,,,,,,,,,,,,,1,1,1,1,,,,,,1,,,,,,,,,,,,,1,1,,,,,,,,,,,,,,,,,,,1,,1,,,1,,1,,1,,,,,1,,,,,,,,,,,,,,,1,,,,,,,,,1,1,1,,,,,1,,,,1,,1,,1,,1,,1,,1,,1,,1,,1,,1,,1,,1,,1,1,1,,,1,1,,,,,,,,,,1,,1,,,1,,,,,,,,,,1,,1,,,,1,1,1,,1,,,,,1,,1,1,1,,,1,,1,,1,,1,,1,,1,,1
Pseudeva purpurigera,,,,1,1,,,,,,,,,,,,,,,,,,,,,,,,,,,,,,,,,,,,1,,,,,,,1,,,,,,,,,,,1,1,,,,,,1,,,,,,,,,,,,1,1,,,,,,,,,,,,,,,,,,,,,1,1,,,1,,1,,1,,,,,,1,,,,1,,,,,,,,,1,1,1,,,1,,,,,,1,,,,,,,,,,,,1,,1,,1,,1,,1,,1,,1,,1,,1,,1,,1,,1,1,1,,,,,1,,,,,,,,,1,,,,,,,,,,,,,,,1,,1,,,,1,,1,,1,,,,,,1,1,1,1,,1,1,1,1,,1,,1,,1,,1,,1
Pseudeva palligera,1,1,1,,,,,,,,1,,,1,,,1,,,,,,,1,,,1,1,,1,,,,,,,,,,,,,,,,,,,,,,,,,,,1,1,1,1,,,,,,1,,,,,,,,,,,,,,1,1,,,,,,,,,,,,,,,,,,,1,1,,,1,,1,,1,,,,,,1,1,,,1,,,,,,,1,,1,1,1,1,,1,,,,,,1,,,,,,,,,,,1,1,,1,,1,,1,,1,,1,,1,,1,,1,,1,1,,,1,,1,,1,,,,,,,,,,,,1,,,,,,,,,,,,,,,1,,1,,,,1,,1,,1,,,,,,1,1,1,1,,,1,,1,,1,,1,,1,,1,,1
Eosphoropteryx thyatyroides,1,1,1,,1,,,1,,,1,1,,1,1,,1,,1,,,,,1,,1,1,,,1,1,,,,,,,,,,,1,,,1,,,1,,,,,,,,,,,1,1,1,,,,,1,,,,,,,,,,,,,,,1,1,1,,,,,,,,,,,,,,,,1,,1,,,1,,1,,1,,,,1,,,,,,,,,,,,1,1,,1,1,1,,,1,,,,,1,,,1,1,,,,,,,1,,1,,1,,1,,1,,1,,1,,1,,1,,1,,1,,1,,1,,1,,,1,1,1,,,,,,,,,1,,,1,1,1,,,,,,,,,,1,,1,,,,1,,1,,1,,,,,1,,1,1,1,1,1,1,1,1,,1,,1,,1,,1,,1
Autographa californica,1,1,1,1,1,1,1,1,1,1,1,1,,1,1,1,1,1,1,1,1,1,1,1,,1,1,1,1,1,1,1,1,,,,1,,,,1,1,1,1,1,,1,,,1,,,,1,1,1,1,1,1,1,1,1,1,1,,1,1,,,,,,,,,,,,,,1,1,1,1,1,,,,,,,,,,,,,,1,,1,1,,1,,1,,1,,,,1,,,,,,,,,,,,1,1,,1,,,,,,,,,,1,,,1,,,1,,1,,,1,,1,,1,,1,,1,,1,,1,,1,,1,,1,,1,,1,,1,1,1,1,,1,,1,,,,,,,,,,1,1,1,,1,,,,,,,,,,1,,1,,,1,,,1,1,,1,,,1,1,,1,1,1,,,1,,1,,1,,1,,1,,1,,1
Autographa mappa,1,1,1,,1,1,,1,,,1,,,1,,,1,,,,,,,,,1,1,,,,,,,,,,,,,,,1,1,1,1,1,,1,,,,,,,1,,1,1,1,1,1,,,,,1,1,,,,,,,,,,,,,1,1,1,1,1,1,,,,,,,,,,,,,,1,,1,1,,1,,1,,1,,,,,1,,,,,,,,,,,,1,,,,,1,1,1,,,,,1,,,1,1,,,,,,,1,,1,,1,,1,,1,,1,,1,,1,,1,,1,,1,1,1,,1,1,1,,,1,1,1,,,,,,,,,1,,,1,1,1,,,,,,,,,,1,1,1,,1,1,,1,,1,1,1,,,1,1,1,1,1,1,,,1,,1,,1,,1,,1,,1,,1
Autographa buraetica,,,,,1,,,,,,,,,,,,,,,,,,,,,,,,,,,,,,,,,,,,,,,,,,,,,1,,,,,,,,1,1,1,,,,,,1,,,,,,,,,,,,,1,1,1,,,,,,,,,,,,,,,,,,1,,1,,,1,,1,,1,,,,1,1,,,,,,,,,,,,1,1,1,,,,,,,,,,1,,,1,,,1,,,,,1,,1,,1,,1,,1,,1,,1,,1,,1,,1,,1,1,1,,1,1,1,,,1,1,1,,,,,,,,,1,,,1,1,1,,,,,,,,,,1,,1,,,1,,1,1,1,1,1,,,1,1,,1,1,1,,,1,,1,,1,,1,,1,1,1,,1
Autographa pseudogamma,1,1,1,1,1,,,,1,,1,,,,1,,,,,,,,,1,,,,,,1,1,1,1,,,,1,,,,,,1,1,1,1,,1,1,,,,,,,,1,1,1,1,,,,,,1,1,,,,,,,,,,,,,,,1,1,1,1,,,,,,,,,,,,,,1,,1,,,1,,1,,1,,,,1,1,,,,,,,,,,,,1,1,1,,,,,,1,,,,1,,,1,,,1,,,,,1,,1,,1,,1,,1,,1,,1,,1,,1,,1,,1,1,1,,1,,1,1,,1,1,1,,,,,,,,,1,1,,1,1,1,,,,,,,,,,1,1,1,,1,1,1,,1,1,1,1,,,1,1,,1,1,1,,,1,,1,,1,,1,,1,,1,,1
Autographa v-alba,1,1,1,1,1,,,,1,,1,1,,1,1,,1,,,,,1,,1,,,,,1,1,,,,,,,1,,,,,,,1,1,1,,,,,,,,,,,,,1,1,1,,,,,1,1,,,,,,,,,,,,,,,,1,1,1,,,,,,,,,,,,,,1,,1,1,,1,,1,,1,,,,1,,,,,,,,,,,,1,1,,,,,,,,,,,,1,,,1,,,,,1,,1,1,,1,,1,,1,,1,,1,,1,,1,,1,,1,,1,,1,,1,1,1,,,1,1,,,,,,,,,,1,,1,1,1,,,,,,,,,,,1,1,1,,1,1,1,,1,,1,,,,,1,,1,1,1,,,1,,1,,1,,1,,1,,1,,1
Autographa speciosa,1,,1,,1,,,,1,,,,,,1,,,,,,,,,,,1,1,,,,1,1,,,,,,,,,,1,,,,,,,,,,,,,,,,,1,1,,,,,,1,,,,,,,,,,,,,,,,1,1,,,,,,,,,,,,,,,,1,,1,,,1,,1,,1,,,,1,1,,,,,,,,,,,1,1,1,1,,,,,,,,,,1,,,1,,,1,,1,,1,1,,1,,1,,1,,1,,1,,1,,1,,1,,1,,1,1,,,1,1,,,,1,1,1,,,,,,,,,1,,,1,1,1,,,,,,,,,,1,1,1,,1,1,1,,1,,1,,,,,1,1,1,1,1,,,1,,1,,1,,1,,1,,1,,1
Autographa bimaculata,,,,,1,,,,,,,,,,,,,,,,,,,,,,,,,,,,,,,,,,,,,,1,1,1,1,1,1,,,,,,,,,,1,1,1,,,,,,1,,,,,,,,,,,,,,,,,1,1,,,,,,,,,,,,,,,,,1,,,1,,1,,1,,,,,1,,,1,,,,,,,,1,1,,1,,,1,,,,,,,1,,,1,1,,,,,,,1,,1,,1,,1,,1,,1,,1,,1,,1,,1,,1,,1,,1,,1,,,,1,1,,,,,,,,,1,,,,1,1,,,,,,,,,,1,1,1,,1,1,1,1,,,1,,,,,1,1,1,1,1,,,1,,1,,1,,1,,1,,1,,1
Autographa corusca,1,,1,,1,1,,1,1,1,,,,1,1,,,,,,,,,,,1,1,1,,,1,,,,,,,,,,,1,1,1,,,,,,,,,,,,,1,1,1,1,1,1,,,,1,,,,,,,,,,,,,,,1,1,1,,,,,,,,,,,,,,,,1,,1,1,,1,,1,,1,,,,,1,,,,,,,,,,,1,1,1,,,,,,,1,,,,1,,1,1,,,1,,,,,1,,1,,1,,1,,1,,1,,1,,1,,1,,1,,1,1,1,,1,1,1,,,1,1,1,,,,,,,,,1,,1,1,1,1,,,,,,,,,,1,,1,,,,1,,1,1,1,1,,,1,1,,1,1,1,,,1,,1,,1,,1,,1,,1,,1
Autographa metallica,1,1,1,1,1,1,,1,1,1,1,1,,1,1,,1,,,,1,,,1,,1,1,,1,1,1,,,,1,,1,,,,,1,1,1,1,,,,,1,,,,,,,,1,1,1,1,1,,,,1,1,,,,,,,,,,,,,,,,,1,1,,,,,,,,,,,,,,,,1,,,1,,1,,1,,,,,1,1,,1,,,,,,,,,,,1,1,,1,,,,,,,1,,1,1,,,1,,,,,1,1,1,,1,,1,,1,,1,,1,,1,,1,,1,,1,,1,,1,,1,,,,,1,,,,,,,,,1,,,1,1,,,,,,,,,,,1,,1,,,1,,,1,,1,,,,,1,,1,1,1,,,1,,1,,1,,1,,1,,1,,1
Autographa ampla,1,1,1,1,1,1,,1,1,1,1,1,,1,1,,1,1,,1,1,,,1,,1,1,1,,1,1,,,,,,1,,,,,1,1,1,1,1,1,1,,,,,,,,,1,1,1,1,1,,,,,1,1,,,,,,,,,,,,,,,1,1,1,1,,,,,,,,,,,,,,1,,1,,,1,,1,,1,,,,1,,,,,,,,,,,,1,1,,1,,,,1,1,,,,,1,,,1,,,,,1,,1,,,1,,1,,1,,1,,1,,1,,1,,1,,1,,1,,1,,1,,1,,,1,1,1,,,,,,,,,1,,1,1,1,1,,,,,,,,,,1,1,1,,1,1,1,,1,,1,,,,,1,,1,1,1,1,1,1,1,1,,1,,1,,1,,1,,1
Autographa pasiphaeia,1,1,1,,,,,,,1,,,,,,1,,,,,,,,,,,1,,,,,,,,,,,,,,,,,,,,,,,,,,,1,,,1,,,1,1,1,,,,1,,,,,,,,,,,,,1,1,1,,,,,,,,,,,,,,,,,,1,,1,,,1,,1,,1,,,,,1,1,,,,,,,,,,,1,1,1,1,,,,,,,,,1,,,1,,,,1,1,,1,1,,1,,1,,1,,1,,1,,1,,1,,1,,1,,1,1,1,,1,1,1,,,,1,1,,,,,,,,,1,,,,1,1,,,,,,,,,,1,,1,,,,1,,1,1,1,1,,,1,1,1,1,1,1,,,1,,1,,1,,1,,1,,1,,1
Autographa rubidus,,,,,1,,,,,,,,,,,,,,,,,,,,,,,,,,,,,,,,,,,,,,,,,1,,1,,,,,,,,,,1,1,,,,,,,1,,,,,,,,,,,,,,1,1,1,,,,,,,,,,,,,,,,,1,,1,,,1,,1,,1,,,,,1,,,,,,,,,,,,1,1,,1,,1,,,,,,,1,,,1,1,,1,1,,,,1,,1,,1,,1,,1,,1,,1,,1,,1,,1,,1,1,1,,1,1,1,,,1,1,1,,,,,,,,,1,,1,1,1,1,,,,,,,,,,1,,1,,,1,1,,1,,1,,,,,1,,1,1,1,,,1,1,1,,1,,1,,1,,1,,1
Autographa sansoni,1,1,1,1,1,,,,,,1,,,1,1,,1,,,,1,,,,,1,,,,1,1,1,,,,,1,,,,1,,,1,1,1,1,,,1,,,,,,,1,1,1,1,,,,,,1,,,,,,,,,,,,,,,1,1,1,,,,,,,,,,,,,,,,1,,1,,,1,,1,,1,,,,,1,,,,,,,,,,,,1,1,,,,1,,,,,,,1,,,1,,,,1,,,,1,,1,,1,,1,,1,,1,,1,,1,,1,,1,,1,1,1,,1,1,1,1,,1,1,1,1,,,,,,,,,1,,1,1,1,1,,,,,,,,,1,1,1,,1,,1,,1,1,,1,,,1,1,,1,1,1,,,1,,1,,1,,1,,1,,1,,1
Autographa flagellum,,,,,1,,,,,,,,,,,,,,,,,,,,,,,,,,,,,,,,,,,,,,,,1,,,,,,,,,,,,,1,1,,,,,,,1,1,,,,,,,,,,,,,,,1,1,1,1,,,,,,,,,,,,,,1,,1,,,1,,1,,1,,,,1,1,,,,,,,,,,,1,1,1,1,1,,,,,,,,,1,,1,1,,,,1,,,,1,,1,,1,,1,,1,,1,,1,,1,,1,,1,,1,1,1,,1,1,,,,1,1,1,,,,,,,,,1,,1,1,1,1,,,,,,,,,,1,,1,,,1,1,,1,1,1,1,,,1,1,,1,1,1,,,1,,1,,1,,1,,1,,1,,1
Megalographa biloba,1,1,1,,1,,,1,,,,,,,,,,,,1,,,,,,,1,,,,,,,,,,,,,,,,,,1,,,,,,,,,1,,1,1,1,,1,1,1,,,,1,,,,,,,,,,,,,,,1,1,1,,,,,,,,,,,,,,,,1,,1,,,1,,1,,1,,,,,1,,,,,,,,,,,1,1,,,1,,,,,,,,,1,,1,,,1,,,,,,1,,1,,1,,1,,1,,1,,1,,1,,1,,1,,1,,1,,1,,1,,,1,1,1,,,,,,,,,1,,1,1,1,1,,,,,,,,,,1,1,1,,1,1,1,1,1,,1,,,,,1,,1,1,1,,,1,,1,,1,,1,,1,,1,,1
Syngrapha octoscripta,1,,,,1,1,,,,,1,,,1,,,,,,,,,,,,,,,,,,,,,,,,,,,,1,1,,1,,,,,,,,,,,,,,1,1,1,,,,,1,,,,,,,,,,,,,,,1,1,,,,,,,,,,,,,,,,,1,,1,,,1,,1,,1,,,,1,,,,,,,,,,,,1,1,,1,,,,,,,,,,1,,,1,1,,,,,,,1,,1,,1,,1,,1,,1,,1,,1,,1,,1,,1,,1,,1,1,1,1,,1,1,1,,,,,,,,,1,1,1,1,1,1,,,,,,,,,,1,1,1,,1,,1,,1,1,,1,,,1,1,,1,1,1,,,1,,1,,1,,1,,1,,1,,1
Syngrapha viridisigma,1,1,1,,1,1,,1,,,1,,,1,1,,,,,,,1,,,,,1,1,,1,1,1,,,,,,,,,,1,1,1,1,1,,1,,1,,,,,,,,1,1,1,1,1,,,,1,1,,,,,,,,,,,,,,,,1,1,1,,,,,,,,,,,,,,1,,1,,,1,,1,,1,,,,1,,,,,,,,,,,,1,,,1,,,,,,,,1,,1,,,1,,1,,,,,,1,,1,,1,,1,,1,,1,,1,,1,,1,,1,,1,1,1,,1,,1,,,1,1,1,,,,,,,,,1,,,1,1,1,,,,,,,,,,1,1,1,,1,,1,,1,,1,,,,,1,,1,1,1,,,1,,1,,1,,1,,1,,1,,1
Syngrapha epigaea,1,,1,,1,1,,1,,,1,,,,,,,,,,,,,,,1,1,,1,,1,1,,,,,,,,,,1,,1,1,1,,1,,1,,,,,,,,,1,1,1,,,,,1,1,,,,,,,,,,,,,,,1,1,1,1,,,,,,,,,,,,,,1,,1,,,1,,1,,1,,,,1,,,,,,,,,,,,1,1,,1,,,,,,,,,,1,1,,1,,,,,1,,1,,,1,,1,,1,,1,,1,,1,,1,,1,,1,,1,,1,,1,,1,,,1,1,1,,,,,,,,,1,,,1,1,1,,,,,,,,,,1,,1,,,1,1,1,1,,1,,,,,1,,1,1,1,1,1,1,,1,,1,,1,,1,,1,,1
Syngrapha interrogationis,,,,,1,,,,,,,,,,,,,,,,,,,,,,,,,,,,,,,,,,,,,,,,,,,,,,,,,,,,,,1,1,1,,,,,1,,,,,,,,,,,,,,,1,1,,,,,,,,,,,,,,,,,1,,1,,,1,,1,,1,,,,1,,,,,,,,,,,,1,1,,1,,,,,,,,,,1,,,1,1,,,,,,,1,,1,,1,,1,,1,,1,,1,,1,,1,,1,,1,1,1,,1,1,1,,,1,1,1,,,,,,,,,1,,1,1,1,1,,,,,,,,,,1,1,1,,1,,1,,1,,1,,,,,1,,1,1,1,,,1,,1,,1,,1,,1,,1,,1
Syngrapha surena,,,,,1,,,,,,,,,,,,,,,,,,,,,,,,,,,,,,,,,,,,,,,,,1,,,,,,,,,,,,,1,,,,,,,1,1,,,,,,,,,,,,,,,1,1,1,1,,,,,,,,,,,,,,1,,1,1,,1,,1,,1,,,,1,,,,,,,,,,,,1,1,,1,,,,,,,,,,1,,,1,1,,,,1,,1,,,1,,1,,1,,1,,1,,1,,1,,1,,1,,1,,1,,1,,1,,,1,1,,1,,,,,,,,,1,,1,1,1,1,,,,,,,,,1,,1,,,,1,1,1,1,,1,,,1,1,,1,1,1,1,,1,,1,,1,,1,,1,,1,,1
Syngrapha diasema,,,,,1,,,,,,,,,,,,,,,,,,,,,,,,,,,,,,,,,,,,,,,,,,,,,1,,,,,,,,,1,,,,,,,1,1,,,,,,,,,,,,,,,1,1,1,1,,,,,,,,,,,,,,1,,1,1,,1,,1,,1,,,,1,,,,,,,,,,,,1,1,,1,,,,,,,,,,1,,,1,1,,,,1,,1,,,1,,1,,1,,1,,1,,1,,1,,1,,1,,1,,1,,1,,1,1,,1,1,1,1,,,,,,,,,1,,1,1,1,1,,,,,,,,,1,,1,,,,1,,1,1,,1,,,1,1,,1,1,1,1,,1,,1,,1,,1,,1,,1,,1
Syngrapha borea,1,,,,1,,,,,,,,,1,,,,,,,,,,,,,,,,,,,,,,,,,,,,,,1,1,1,,,,1,,,,,,,,1,1,1,,,,,,1,,,,,,,,,,,,1,1,1,1,,,,,,,,,,,,,,,,,,1,,1,1,,1,,1,,1,,,,1,,,,,,,,,,,,1,1,,1,,,1,,,,,,,1,,,1,1,,,,1,,1,,,1,,1,,1,,1,,1,,1,,1,,1,,1,,1,,1,,1,,1,1,,,,,1,,,,,,,,,1,1,,,,1,,,,,,,,,1,1,1,,1,,1,,1,1,,1,,,1,1,,,1,1,1,,1,,1,,1,,1,,1,,1,,1
Syngrapha orophila,1,1,1,1,1,,,,1,,1,,,1,1,,1,,,,1,,,,,,,1,1,1,1,1,,,,,1,,,,,,,1,1,1,,,,1,,,,,,,,1,1,1,1,,,,,1,1,,,,,,,,,,,,,,1,1,1,1,1,,,,,,,,,,,,,,1,,1,1,,1,,1,,1,,,,1,,,,,,,,,,,,1,1,,1,,,,,,,,,,1,1,,1,,,,,1,,1,,,1,,1,,1,,1,,1,,1,,1,,1,,1,,1,1,1,,1,1,1,1,,,,,1,,,,,,,,,1,,,,,1,,,,,,,,,1,,1,,,1,1,,1,1,,1,,,1,1,,1,1,1,,,1,1,1,,1,,1,,1,,1,,1
Syngrapha ignea,1,1,,1,1,,,,,,,,,1,,,,,,,,1,,,,,,,,,,,,,,,1,,,1,,,1,1,1,1,,1,,1,,,,,,,,1,1,1,,,,,,1,,,,,,,,,,,,1,1,1,,,,,,,,,,,,,,,,,,,1,,1,,,1,,1,,1,,,,,1,,,,,,,,,,,,1,1,,,,,,,,,,,1,,,1,,,1,,,,1,1,,1,,1,,1,,1,,1,,1,,1,,1,,1,,1,,1,,1,,1,1,,,,,1,1,,,,,,,,,1,,,,1,1,,,,,,,,1,1,,,1,,1,,1,1,,1,,,1,1,,1,1,1,,,1,,1,,1,,1,,1,,1,,1
Syngrapha abstrusa,1,,,,1,,,,,,1,,,1,,,,,,,,,,,,,,,,,,,,,,,,,,,,,1,1,1,,,,,,,,,,,,,,1,1,,,,,,1,,,,,,,,,,,,1,1,1,1,,,,,,,,,,,,,,,,,,1,,1,1,,1,,1,,1,,,,1,,,,,,,,,,,,1,1,,1,,,,,,,,,,1,,,1,1,1,,,,,,1,,1,,1,,1,,1,,1,,1,,1,,1,,1,,1,1,1,,1,1,1,,,1,1,1,,,,,,,,,1,,,1,1,1,,,,,,,,,,1,1,1,,1,1,1,,1,,1,,,,,1,,1,1,1,,,1,,1,,1,,1,,1,,1,,1
Syngrapha alias,1,1,1,1,1,1,,1,,,1,1,,,1,1,1,,,,,,,,,1,,,,1,1,,,,,,1,,,,,1,1,1,1,1,,1,1,1,,,,,,,,1,1,1,1,,,,,1,,,,,,,,,,,,,,1,1,1,,,,,,,,,,,,,,,,,1,,1,1,,1,,1,,1,,,,1,,,,,,,,,,,,1,1,,,,,,,,,,,,1,,,1,1,1,,,,,,1,,1,,1,,1,,1,,1,,1,,1,,1,,1,,1,1,1,,1,1,1,,,1,1,1,,,,,,,,,1,,,1,1,1,,,,,,,,,,1,1,1,,1,1,1,1,1,,1,,,,,1,,1,1,1,,,1,,1,,1,,1,,1,,1,,1
Syngrapha rectangula,1,1,1,,1,1,1,1,,,1,,,1,1,,1,,,,,,,,,1,1,,,,1,1,,,,,,,,,,1,1,1,1,,,,,,,,,,,1,,1,1,1,1,1,,,,1,,,,,,,,,,,,,,1,1,1,,,,,,,,,,,,,,,,,1,,1,1,,1,,1,,1,,1,1,1,,,,,,,,,,,,1,1,1,1,,,,,,,,,,1,,1,1,,1,,,,,,1,,1,,1,,1,,1,,1,,1,,1,,1,,1,,1,1,1,,1,1,1,,,1,1,1,,,,,,,,,1,,,1,1,1,,,,,,,,,,1,1,1,,1,,1,1,1,1,1,1,,,1,1,,1,1,1,,,1,,1,,1,,1,,1,,1,,1
Syngrapha angulidens,1,1,1,,1,,,,1,,1,,,1,1,,,,,,,1,,,,,,1,,1,,,,,,,,,,,,,,1,1,1,1,1,,1,,,,,,,,1,1,1,1,,,,,1,,,,,,,,,,,,,1,1,1,,,,,,,,,,,,,,,,,,1,,1,1,,1,,1,,1,,,,1,,,,,,,,,,,,1,1,,,,,,,,,,,,1,,,1,1,,1,,,,,1,,1,,1,,1,,1,,1,,1,,1,,1,,1,,1,1,1,,1,1,1,,,1,1,1,,,,,,,,,1,,,1,1,1,,,,,,,,,,1,1,1,,1,,1,,1,1,1,1,,,1,1,,1,1,1,,,1,,1,,1,,1,,1,,1,,1
Syngrapha celsa,1,1,1,1,1,1,,1,1,1,1,1,,1,1,1,1,,1,,,1,,1,,1,1,1,1,1,1,1,,,,,1,,,,,1,1,1,1,,1,,,,,,,,,,,1,1,1,1,1,,,,1,1,,,,,,,,,,,,,,1,1,1,1,1,,,,,,,,,,,,,,1,,1,1,,1,,1,,1,,,,1,1,,,,,,,,,,,1,1,1,1,,,,,,,,,,1,,,1,1,,1,,,,1,1,,1,,1,,1,,1,,1,,1,,1,,1,,1,,1,1,1,,1,1,1,1,,1,1,1,1,,,,,,,,1,1,,1,1,1,1,,,,,,,,,1,1,1,,1,,1,,1,1,1,1,,,1,1,,1,1,1,,,1,,1,,1,,1,,1,,1,,1
Syngrapha microgamma,,,,,1,,,,,,,,,,,,,,,,,,,,,,,,,,,,,,,,,,,,,,,1,,,,,,1,,,,,,,1,1,1,1,,,,,,1,,,,,,,,,,,,1,1,,,,,,,,,,,,,,,,,,,,1,,1,1,,1,,1,,1,,,,1,1,,,,,,,,,,,1,1,1,1,,,,,,,,,,1,,,1,1,,1,,,,1,,,1,,1,,1,,1,,1,,1,,1,,1,,1,,1,1,1,,1,1,1,1,,,,,1,,,,,,,,,1,,,,,1,,,,,,,,,1,1,1,,1,,1,,1,1,,1,,,1,1,,1,1,1,,,1,,1,,1,,1,,1,,1,,1
Syngrapha alticola,1,,,,1,,,,,,,,,1,,,,,,,,,,,,,,,,,,,,,,,,,,,,,,1,1,1,,,,1,,,,,,,,,1,1,,,,,1,1,,,,,,,,,,1,1,1,,,,,,,,,,,,,,,,,,,,,1,,1,,,1,,1,,1,,,,1,1,,,,,,,,,,,1,1,1,1,1,,,,,,,,,1,,,1,,,1,,1,,,1,,1,,1,,1,,1,,1,,1,,1,,1,,1,1,1,1,1,,1,,1,1,,,,,1,,,,,,,,,1,,,,,1,,,,,,,,,1,,1,,,,1,,1,1,,1,,,1,1,,1,1,1,,,1,,1,,1,,1,,1,,1,,1
Syngrapha parilis,,,,,1,,,,,,,,,,,,,,,,,,,,,,,,,,,,,,,,,,,,,,,,,,1,,,1,,,,,,,,,1,,,,,,1,1,,,,,,,,,,1,1,1,1,,,,,,,,,,,,,,,,,,,,,,1,,,1,,1,,1,,,,1,1,1,,,,,,,,,,,1,1,1,1,,,,,,,,,1,,,1,,,1,1,,,,1,,1,,1,,1,,1,,1,,1,,1,,1,,1,,1,,1,,1,,1,1,,1,,,,,,,,,,,,,1,,,,,,,,,,,,,1,,1,,,1,1,1,1,1,1,1,,,1,1,,,1,1,,,1,,1,,1,,1,,1,,1,,1
Anagrapha falcifera,1,1,1,1,1,,,1,1,1,1,1,,,,1,1,1,,1,1,,,1,,,1,,1,1,,1,1,1,,,1,,,,,,,1,1,1,,1,,,,,,,,1,1,1,1,1,1,1,,,,1,,,,,,,,,,,,,1,1,1,1,,,,,,,,,,,,,,,,,,,1,,,1,,1,,1,,,,1,1,,,,,,,,,,,,1,1,1,,,1,,,,,,,1,,,1,,,1,,,,1,1,,1,,1,,1,,1,,1,,1,,1,,1,,1,,1,,1,,1,,1,1,,1,1,1,,,,,,,,,1,1,,1,1,1,,,,,,,,,,1,1,1,,1,1,,1,1,1,1,1,,,1,1,,1,1,1,,,1,,1,,1,,1,,1,,1,,1
Plusia venusta,1,,1,1,1,1,,,,,,,,,,,,,,,,,,,,,,1,,,,,,,,,1,,,,,,,,1,,,1,,,,,,,,,,1,1,1,,,,,,1,,,,,,,,,,,,,1,1,1,,,,,,,,,,,,,,,,,,,,1,,,1,,1,,1,,,,,1,1,,,,,,,,,,,1,,1,1,,1,,,,,,,1,1,1,1,,,,,,1,,1,,1,1,1,,1,,1,,1,,1,1,,,1,,1,,1,,1,,1,1,,,,1,1,1,,,,,,,,,1,,,1,1,1,,,,,,,,,,1,,1,,,1,1,,1,,1,,,,,1,,1,1,1,,,1,,1,,1,,1,,1,,1,,1
Plusia putnami,1,1,,1,1,,,,,1,1,,,,,1,1,1,,,1,,,1,,,,,,,,,,,,,1,,,,,,,1,1,1,,1,,,,,,,,,,1,1,1,1,,,,,1,,,,,,,,,,,,,1,1,1,,,,,,,,,,,,,,,,,,,,1,,,1,,1,,1,,,,,1,,,1,,,,,,,,,1,,1,1,,1,,,,,,,1,,1,1,1,,,,,,,1,1,1,,1,,1,,1,,1,,1,,1,,1,,1,,1,,1,,1,1,1,,,1,,,,,,,,,,,1,,,,,,,,,,,,,,,1,,1,,,1,1,,1,,1,,,,,1,1,1,1,1,,,1,1,1,,1,,1,,1,,1,,1
Plusia nichollae,1,,1,,1,1,1,1,1,1,,,,1,1,,,,,,,,,,,1,1,,,,1,,,,,,,,,,,1,1,1,,,,,,,,,,,,,1,1,1,1,1,1,,,,1,,,,,,,,,,,,1,1,1,1,1,1,,,,,,,,,,,,,,,,,,1,,,1,,1,,1,,,,,1,,,1,,,,,,,,,1,,1,1,,1,,,,,,,1,,1,1,1,,,,,,,1,1,1,,1,,1,,1,,1,,1,,1,,1,,1,,1,,1,,1,1,1,,,1,1,,,,,,,,,,1,,,,,1,,1,,,,,,,,1,1,1,,1,1,1,,1,,1,,,,,1,1,1,1,1,,,1,1,1,,1,,1,,1,,1,,1
Deltote bellicula,,,,,1,,,,,,,,,,,,,,,,,,,,,,,,,,,,,,,,,,,,,1,,,,,,,,,,,,,,,1,1,,,,,,,1,,,,,,,,1,1,1,,,,,,,,,,,,,,,,,,,,,,,,,,1,,,1,,1,,1,,,,1,1,,,,,,,,,,,,1,1,1,1,,,,,,,,,,1,,,,,,,,,,,,1,,1,,1,,1,,1,,1,,1,,1,,1,,1,1,1,,1,1,1,,,1,1,,,,,,,,,,1,,,,,,,,,,,,,,,1,1,1,,1,,1,,1,,1,,,,,,1,,1,1,,,1,,1,,1,,1,,1,,1,,1
Protodeltote albidula,1,1,1,,1,1,,1,,,1,,,1,1,,1,,,,1,,,,,1,1,1,,1,1,,,,,,,,,,,1,1,1,1,1,,1,,,,,1,,,1,1,1,1,1,1,,,,1,1,,,,,,,,,1,1,1,,,,,,,,,,,,,,,,,,,,,,,,1,,,1,,1,,1,,,,,,1,,,,,,,,,1,,,,,,,,,,,,,,,1,,,,,,,,,,,,1,,1,,1,,1,,1,,1,,1,,1,,1,,1,,1,,1,1,1,,,,,1,,,,,,,,,1,,,,,,,,,,,,,,,1,,1,,,,1,,1,,1,,,,,,1,,1,1,,,1,,1,,1,,1,,1,,1,,1
Ponometia semiflava,1,1,1,,1,,,,,1,,,,,,1,,1,,,,,,,,,,,1,1,,,,,,,,,,,,,,1,1,,,,,,,,,,,,,1,1,1,,,,,1,1,,,,,,,,,1,1,1,,,,,,,,,,,,,,,,,,,,,,,,1,,,1,,1,,1,,,,,1,,1,,,,,,,,,,,,1,,1,,,,,,,,,1,,,,,,,,,,,,1,,1,,1,,1,,1,,1,,1,,1,,1,,1,,1,,1,1,,,,1,1,,,,,,,,,,1,,,1,1,,,,,,,,,,,1,,1,,,,1,,1,,1,,,,,1,,1,,1,,,1,,1,,1,,1,,1,1,1,,1
Ponometia binocula,,1,,,,,,,,,,,,,,,,,,1,,,,,,,,,,,,,,,,,,,,,,,,,,,,,,,,,,,,,,,1,,,,,,1,1,,,,,,,,,,1,1,,,,,,,,,,,,,,,,,,,,,,,,1,,,1,,1,,1,,,1,,1,,,,,,,,,,,,1,,1,,,,,,,,,,,1,,,,,,,,,,,,1,,1,,1,,1,,1,,1,,1,,1,,1,1,1,,1,,1,1,,,1,,,,,,,,,,,,1,,,1,1,1,,,,,,,,,,1,,1,,,,1,,1,,1,,,,,1,,,1,1,,,1,,1,,1,,1,,1,,1,,1
Ponometia candefacta,1,1,1,,,,,,,1,,,,,,1,,,,,,,,,,,,,1,1,,,,1,,,,,,,,,,,,,,,,,,,,,,,1,1,1,1,,,,,1,,,,,,,,,1,1,,,,,,,,,,,,,,,,,,,,,,,,,,1,,,1,,1,,1,,,1,,1,,,,,,,,,,,,1,1,1,1,,,,,,,,,,1,,,,,,,,,,,,1,,1,,1,,1,,1,,1,,1,,1,,1,,1,,1,,1,,1,,1,1,1,,,,,,,,,,1,,1,1,1,,,,,,,,,,,1,1,,,1,,1,,1,,1,,,,,1,,,1,1,,,1,,1,,1,,1,,1,,1,,1
Ponometia tortricina,1,1,1,,1,,,,,1,,1,,,,1,,1,1,1,,,,,,,,,1,1,,,1,1,,,,,,,,,,1,1,,,,,,,,,,,,1,1,1,1,1,,,,1,,,,,,,,,1,1,,,,,,,,,,,,,,,,,,,,,,,,,,1,,,1,,1,,1,,,,1,,1,,,,,,,,,1,,,1,,1,1,,,,,,,,,1,,,,,,,,,,,,1,,1,,1,,1,,1,,1,,1,,1,,1,,1,,1,,1,,1,,,1,1,1,,,,,,,,,1,,1,,,,,,,,,,,,,1,,1,,,,1,,1,,1,,,,,1,,,1,1,,,1,,1,,1,,1,,1,,1,,1
Ponometia fumata,,,1,,,,,,,,,,,,,,,,,,,,,,,,1,1,,,,,1,1,,,,,,,,,,,,,,,,,,,,,,,1,1,,1,,,,,1,,,,,,1,1,1,,,,,,,,,,,,,,,,,,,,,,,,,,,,1,,,1,,1,,1,,1,,1,1,,,,,,,,,,1,,,,,1,,,,,,,,,,1,,,,,,,,,,,,1,,1,,1,,1,,1,,1,,1,,1,,1,,1,,1,,1,,1,,,1,1,,,,,,,,,,1,,1,,,,,,,,,,,,,1,,1,,,,1,,1,,1,,,,,,1,1,1,1,,,1,,1,,1,,1,,1,,1,,1
Ponometia nigra,,,1,,,,,,,,,,,,,,,,,,,,,,,,,,,1,,,,1,,,,,,,,,,,,,,,,,,,,,,1,,1,,,,,,,1,,,,,,1,1,1,,,,,,,,,,,,,,,,,,,,,,,,,,,,1,,,1,,1,,1,,,,1,1,,,,,,,,,,1,,,,,1,,,,,,,,,,1,,,,,,,,,,,,1,,1,,1,,1,,1,,1,,1,,1,,1,,1,,1,,1,,1,,,1,1,,,,,,,,,,1,,1,,,,,,,,,,,,,1,,1,,,,1,,1,,1,,,,,1,1,,1,1,,,1,,1,,1,,1,,1,,1,,1
Ponometia elegantula,1,1,1,,,,,,,1,,,,1,,1,,,1,1,,,,,,,,1,,1,,,1,1,,,,,,,,,,,,,,,,,,,,,,,1,1,1,1,,,,,1,,,,,,,,1,1,1,,,,,,,,,,,,,,,,,,,,,,,,,,1,,,1,,1,,1,,,1,,,,,,,,,,,,,,,1,1,1,,,,,,,,,,1,,,,,,,,,,,,1,,1,,1,,1,,1,,1,,1,,1,,1,,1,,1,,1,1,1,,1,1,,,,,,,,,,,1,,1,1,,,,,,,,,,,,1,,1,,,,1,,1,,1,,,,,1,1,,1,1,,,1,,1,,1,,1,,1,,1,,1
Ponometia sutrix,,1,1,,,,,,,,,,,,,,,,,1,,,,,,,,,,1,,,1,1,,,,,,,,,,,,,,,,,,,,,,,1,1,1,1,,,,,1,1,,,,,,,,,1,1,1,,,,,,,,,,,,,,,,,,,,,,,,1,,,1,,1,,1,,,,,,1,,,,,,,,,,,,1,1,,,,,,,,,,,1,,,,,,,,,,,,1,,1,,1,,1,,1,,1,,1,,1,,1,1,1,1,1,,1,1,1,,,1,,1,,,,,,,,,1,,,1,,1,,,,,,,,,,1,,1,,,,1,,1,,1,,,,,1,1,,1,1,,,1,,1,,1,,1,,1,,1,,1
Tarache knowltoni,1,1,1,,,,,,,1,,,,,,1,1,,,,,,,,,,1,1,,1,,,,1,,,,,,,,,,,,,,,,,,,,,,1,1,1,1,1,1,,,,1,1,,,,,,,,,1,1,1,,,,,,,,,,,,,,,,,,,,,,,,1,,,1,,1,,1,,1,1,,1,,,,,,,,,,,1,1,1,1,,,,,,,,,,,1,,,,,,,,,,,,1,,1,,1,,1,,1,,1,,1,,1,,1,,1,1,1,1,1,1,1,1,,1,1,,,,,,,,,,1,,1,,,,,,,,,,,,,1,1,,1,1,1,1,,1,1,1,1,,,1,1,,,1,1,,,1,,1,,1,,1,,1,,1,,1
Tarache flavipennis,,,1,,,,,,,,,,,,,,,,,,,,,,,,,1,,,,1,,,,,,,,,,,,,,,,,,,,,,,,,1,1,1,,,,,,1,1,,,,,,,,,1,1,1,,,,,,,,,,,,,,,,,,,,,,1,,1,1,,1,,1,,1,1,1,1,1,,,,,,,,,,,,1,1,1,1,1,,,,,,1,,,1,1,1,1,1,1,1,1,1,1,1,1,1,1,1,1,,1,,1,,1,,1,1,1,,1,,1,,1,1,1,1,1,1,1,1,,,1,,1,,,,,,,,,1,,,1,,,1,,,,,,,,1,1,1,1,1,1,1,,1,1,,1,,1,,1,,1,1,1,,,1,,1,,1,,1,1,1,,1,1,1
Tarache areli,,1,,,1,,,,,,,,,,,,,,,1,,,,,,,,,,,,,,,,,,,,,,,,1,1,,,,,,,,,,,,1,1,1,,,,,,1,1,,,,,,,,,1,1,1,1,,,,,,,,,,,,,,,,,,,,,,,1,,,1,,1,,1,,,1,1,1,1,,,,,,,,,,1,1,1,1,1,,,,,,1,,,,1,,,,,,,,,,,,1,,1,,1,,1,,1,,1,,1,,1,,1,,1,1,,,1,1,1,,1,,,1,,,,,,,,,1,,,1,1,,,,,,,,,,,1,,1,,,,1,,1,,1,,,,,1,1,,1,1,,,1,,1,,1,,1,,1,,1,,1
Tarache toddi,1,1,1,1,,,,,,1,,,,,,,,,1,1,,,,,,,,,,1,,,1,1,,,,,,,1,,,,,,,,,,,,,,,,,1,1,1,1,,,,1,1,,,,,,,,,1,1,1,,,,,,,,,,,,,,,,,,,,,,,,1,,,1,,1,,1,,,1,1,1,,,,,,,,,,,1,1,1,1,,,,,,,1,,,,1,,,,,,,,,,,,1,,1,,1,,1,,1,,1,,1,,1,,1,,1,1,1,,1,1,1,,1,,,,,,,,,,,,1,,,1,1,,,,,,,,,,,1,1,1,,1,,1,,1,,1,,,,,1,1,,1,1,,,1,,1,,1,,1,,1,,1,,1
Tarache arida,,,1,,,,,,,,,,,,,,,,,,,,,,,,,,,,,,1,,,,,,,,,,,,,,,,,,,,,,,,1,,,,,,,,1,,,,,,,,,1,1,,,,,,,,,,,,,,,,,,,,,,,,,,1,,,1,,1,,1,,,1,,1,,,,,,,,,,,,1,,1,,,,,,,,,,,1,,,,,,,,,,,,1,,1,,1,,1,,1,,1,,1,,1,,1,1,1,,1,,1,1,1,,1,,,1,,,,,,,,,,,1,,1,1,,,,,,,,,,1,,1,,,,1,,1,,1,,,,,1,1,,1,1,,,1,,1,,1,,1,,1,,1,,1
Tarache augustipennis,1,1,1,1,1,,,,,1,,,,,,,1,,1,,,,,,,,,,,1,,,,,,,,,,1,,,,,1,,,,,,,,,,,,,1,1,1,,,,,1,1,,,,,,,,,,1,1,1,,,,,,,,,,,,,,,,,,,,,,,1,,,1,,1,,1,,,1,1,1,,,,,,,,,,,,1,1,1,1,,,,,,,,,,1,,,,,,,,,,,,1,,1,,1,,1,,1,,1,1,,,1,,1,1,1,,1,,1,,1,,,1,,,,,,,,,,,1,,1,,,,,,,,,,,,,1,,1,,,1,1,,1,,1,,,,,1,,1,,1,,,1,1,1,,1,,1,,1,,1,,1
Tarache major,1,1,1,,1,,,,,1,,,,,,,1,,,,,,,,,,,,,1,,,,,,,,,,,,,,,1,,,,,,,,,,,,,1,1,1,,,,,,1,,,,,,,,,,,1,1,1,,,,,,,,,,,,,,,,,,,,,,1,,,1,,1,,1,,1,1,1,,,,,,,,,,,,1,1,1,,,,,,,,,,,,1,,,,,,,,,,,,1,,1,,1,,1,,1,,1,1,,,1,,1,1,1,,1,,1,,1,,,,,1,,,,,,,,,1,,1,1,1,,,,,,,,,,,1,,1,,,,1,,1,,1,,,,,1,1,1,,1,,,1,1,,,1,,1,,1,,1,,1
Acontia cretata,,1,,,,,,,,,,,,,,,,,1,,,,,,,,,,,,,,,,,,,,,,,,,,,,,,,,,,,,,,,,,1,,,,,1,1,,,,,,,,,,1,1,1,,,,,,,,,,,,,,,,,,,,,,,1,,,1,,1,,1,,,1,,,,,,,,,,,,,,,1,1,,,,,,,,,,,1,,,,,,,,,,,,1,,1,,1,,1,,1,,1,,1,,1,,1,,1,,1,,1,1,1,,1,,,,,,,,,,,,1,,,1,1,,,,,,,,,,,1,,1,,,,1,,1,,1,,,,,1,1,,1,1,,,1,,1,,1,,1,,1,,1,,1
Acontia coquillettii,,,1,,,,,,,,,,,,,,,,,,,,,,,,,,,,,,,1,,,,,,,,,,,,,,,,,,,,,,,,,,1,,,,,1,,,,,,,,,1,1,,,,,,,,,,,,,,,,,,,,,,,,,,1,,,1,,1,,1,,,1,,,1,,,,,,,,,,,1,1,1,1,,,,,,,,,,1,,,,,,,,,,,,1,,1,,1,,1,,1,,1,,1,,1,,1,,1,,1,,1,1,1,,,1,1,,,,,,,,,,1,,1,,,,,,,,,,,,,1,1,1,,1,,1,,1,,1,,,,,1,,,1,1,,,1,,1,,1,,1,,1,,1,,1
Panthea gigantea,1,,1,,1,,,,1,1,1,1,,1,,,,,,,,,,,,,,1,,1,,1,,,,,,,,,,,,1,,,,,,,,,,,,1,1,1,1,1,1,,,,,,1,,,,,,,,,,,,,,,,,,1,1,1,1,1,1,,,,,,,,,,,1,,,1,,1,,1,,,,1,1,,,,,,,,,,1,1,1,,,,,1,,,,,,,,1,,,,,,,,,,,1,1,,1,,1,,1,,1,,1,,1,,1,,1,,1,,1,,1,1,1,,1,,,,,,,,,,,,1,1,,1,,,,,,,,,,,,1,,1,,,1,1,,1,,1,,,,,,1,,1,1,,,1,,1,,1,,1,,1,,1,,1
Panthea furcilla,,,,,1,,,,,,,,,,,,,,,,,,,,,,,,,,,,,,,,,,,,,,,,,,,1,,,,,,,,,1,1,1,1,,,,,,1,1,,,,,,,,,,,,,,,1,1,1,1,,,,,,,,,,,,,,,,1,,,1,,1,,1,,,,1,,,,,,,,,,,,1,1,,,,,,,,,,,,,1,,,,,,,,,,,,1,,1,,1,,1,,1,,1,,1,,1,,1,1,1,,1,,1,1,1,,1,1,,,,,,,,,,,1,,1,1,,,,,,,,,,,,1,1,1,,1,1,1,,1,,1,,,,,1,1,,1,1,,,1,,1,,1,,1,,1,,1,,1
Panthea acronyctoides,,,,,1,,,,,,,,,,,,,,,,,,,,,,,,,,,,,,,,,,,,,,,1,1,1,1,,,,,,,,1,,1,1,1,1,,,,,,1,1,,,,,,,,,,,,,,,,1,1,1,,,,,,,,,,,,,,,,1,,,1,,1,,1,,1,1,1,1,,,,,,,,,,,1,1,1,,,,,,,,,,,,1,,,,,,,,,,,,1,,1,,1,,1,,1,,1,,1,,1,,1,,1,1,1,,1,1,1,,1,1,,,,,,,,,,,1,,1,1,,,,,,,,,,,,1,1,1,,1,1,1,1,1,,1,,,,,1,1,1,1,1,1,,1,,1,,1,,1,,1,,1,,1
Panthea virginarius,1,1,1,1,1,1,,1,1,1,1,1,,1,1,,1,1,,,1,1,,1,,1,1,1,1,1,1,1,,,,,1,1,,,1,1,1,1,1,1,,,,,,,,,,1,1,1,1,1,1,,,,,1,1,,,,,,,,,,,,,,,,,1,1,1,1,1,,,,,,,,,,,,,1,,,1,,1,,1,,1,1,1,1,,,,,,,,,,1,1,1,1,,,,,,,,,,,,1,,,,,,,,,,,,1,,1,,1,,1,,1,,1,,1,,1,,1,,1,,1,,1,1,1,,1,1,,,,,,,,,,,1,,1,1,,,,,,,,,,,,1,1,1,,1,1,1,1,1,,1,,,,,1,1,1,1,1,,,1,,1,,1,,1,,1,,1,,1
Colocasia propinquilinea,,,,,1,,,,,,,,,,,,,,,,,,,,,,,,,,,,,,,,,,,,,,,,1,,,,,,,,,,,,1,1,,,,,,,,1,1,,,,,,,,,,,,,1,1,1,1,1,1,,,,,,,,,,,,,,,,1,,,1,,1,,1,,,,1,1,,,,,,,,,,1,1,1,1,1,,,,,,,,,,,1,,,,,,,,,,,,1,,1,,1,,1,,1,,1,,1,,1,,1,,1,1,1,,1,,1,,1,1,,,,,,,,,,,1,,1,1,,,,,,,,,,,,1,1,1,,1,1,1,,1,,1,,,,,1,1,,1,1,1,,1,,1,,1,,1,,1,,1,,1
Raphia frater,1,1,1,1,1,,,1,1,1,1,1,,1,1,1,1,1,,1,1,,,1,,1,1,1,1,1,1,1,1,1,,,1,,,,,1,1,1,1,1,,1,,,,,,,,1,1,1,1,1,1,,,,,1,1,,,,,,,,,,,,,,1,1,1,1,1,,,,,,,,,,,,,,,,1,,,1,,1,,1,,,,1,,,,,,,,,,,1,1,,,1,,,,,,,,,,,1,,,,,,,,,,,,1,,1,,1,,1,,1,,1,,1,,1,1,1,,1,1,,,1,1,1,,1,,,,,,,,,,,,,1,,1,,,,,,,,,,,,1,1,,,1,,1,1,1,,1,,,,,1,1,1,1,1,1,,1,,1,,1,,1,,1,,1,,1
Raphia pallula,1,1,1,,,,,,1,1,,,,1,,1,1,1,1,1,,,,,,,,,1,1,,1,1,1,,,,,,,,,,,,,,,,,,,,,,1,1,1,1,1,,,,,,1,1,,,,,,,,,,,,,,1,1,1,1,1,,,,,,,,,,,,,,,,1,,,1,,1,,1,,,,1,,,,,,,,,,,,1,,,,1,,,,,,,,,,1,,,,,,,,,,,,1,,1,,1,,1,,1,,1,,1,,1,1,1,,1,1,,,1,1,1,,1,,,,,,,,,,,,,1,,1,,,,,,,,,,,,1,1,,,1,,1,,1,,1,,,,,1,1,,1,1,,,1,,1,,1,,1,,1,,1,,1
Acronicta americana,,1,1,,,,,,,,,,,,,,,,1,1,,,,,,,,,,1,,,1,1,,,,,,,,,,,,,,,,,,,,,,1,1,1,1,1,,,,,,,1,,,,,,,,,,,,,,,,,,,,1,1,1,,,,,,,,,,,,1,,,1,,1,,1,,,,1,1,,,,,,,,,,1,1,,,,,,,,,,,,,,1,,,,,,,,,,,,1,,1,1,1,,1,,1,,1,,1,,1,,1,,1,1,1,,1,1,1,,,1,1,1,,,,,,,,,1,,1,,,,,,,,,,,,,1,1,1,,1,1,1,1,1,,1,,,,,1,1,,1,1,,,1,,1,,1,,1,,1,1,1,,1
Acronicta dactylina,1,1,1,1,1,1,,1,1,1,1,,,1,1,1,1,1,,1,,,,,,1,1,1,,1,1,1,1,,,,1,,,,1,1,1,1,1,1,1,,,,,,,1,,,1,1,1,1,1,,,,,,1,,,,,,,,,,,,,,,,,,,1,1,1,,,,,,,,,,,,,1,,,1,,1,,1,,,,1,,,,,,,,,,,1,1,,,1,,,,,,,,,,,1,,,,,,,,,,,,1,,1,,1,,1,,1,,1,,1,,1,1,1,,1,1,1,,1,1,1,,1,1,,,,,,,,,,,1,,,1,,,,,,,,,,,,1,1,1,,1,1,1,1,1,,1,,,,,1,1,1,1,1,1,1,1,,1,,1,,1,,1,,1,,1
Acronicta lepusculina,1,1,1,,1,,,1,,1,,,,,,1,,,,1,,,1,,,,,,,1,,,,1,,,,,,,,1,,1,,1,1,,,,,,,1,1,,1,1,1,1,1,,,,,1,1,,,,,,,,,,,,,,,,1,1,1,,,,,,,,,,,,,,,,1,,,1,,1,,1,,,,1,,1,,,,,,,,,1,1,,1,,1,,,,,,,,,,1,,,,,,,,,,,1,1,,1,1,1,,1,1,1,,1,,1,,1,,1,,1,1,1,,1,1,1,,1,,,,,,,,,,,,1,,,1,,1,,,,,,,,,,1,1,,,1,,1,,1,,1,,,,,1,1,,1,1,,,1,,1,,1,,1,,1,,1,,1
Acronicta cyanescens,1,1,1,,1,,,1,,1,1,1,,1,,,1,,,,1,,,1,,,,1,,1,1,1,1,,,,,,,,,1,1,1,1,,,,,,,,,,,1,1,1,1,1,1,,,,,1,1,,,,,,,,,,,,,,,1,1,1,1,1,,,,,,,,,,,,,,,1,,,1,,1,,1,,,,1,,,,,,,,,,,1,1,,,,,,,,,,,,,,1,,,,,,,,,,,,1,,1,1,,,1,1,1,1,1,,1,,1,,1,,1,,1,,1,1,1,,1,1,,,,,,,,,,,1,,,1,,,,,,,,,,,,1,,1,,,1,1,,1,,1,,,,,1,1,1,1,1,,1,1,,1,,1,,1,,1,,1,,1
Acronicta vulpina,1,1,1,,1,,,,,,,1,,,1,,1,,1,1,,,,1,,1,1,,,1,,,,,,,,,,,,1,1,,1,1,1,1,,,,,,1,,,1,1,1,1,1,,,,,1,1,,,,,,,,,,,,,,,1,1,1,1,,,,,,,,,,,,,,,,1,,,1,,1,,1,,,1,1,,,,,,,,,,,,1,,,,,,,,,,,,,,1,,,,,,,,,,,,1,,1,1,1,,1,1,1,,1,,1,,1,,1,,1,,1,,1,,1,,1,,,,,,,,,,,,1,,,1,,,,,,,,,,,,1,1,,,1,,1,,1,,1,,,,,,1,,1,1,,1,1,,1,,1,,1,,1,,1,,1
Acronicta innotata,1,1,1,,1,,,1,,1,1,,,1,,1,1,1,,,,,,,,1,1,,,1,,,,,,,,,,,,1,1,1,1,1,,1,,1,,,,,,1,1,1,1,1,1,,,,,1,1,,,,,,,,,,,,,,1,1,1,1,1,1,,,,,,,,,,,,,,,1,,,1,,1,,1,,,1,,,1,,,,,,,,,,1,1,1,,,,,,,,,,,,1,,,,,,,,,,,,1,,1,,1,,1,,1,,1,,1,,1,,1,,1,,1,,1,,1,,1,,,,,,,,,,,,1,1,,1,,,,,,,,,,,,1,1,,1,1,,1,,1,,1,,,,,,1,,1,1,,,1,,1,,1,,1,,1,,1,,1
Acronicta radcliffei,1,1,1,,1,1,1,,1,1,1,1,,1,1,1,1,,,1,,,,,,1,1,,,1,1,1,,,,,,,,,,1,1,1,1,1,,,,,,,,,,1,1,1,1,1,1,,,,,1,1,,,,,,,,,,,,,,,1,1,1,1,,,,,,,,,,,,,,,,1,,,1,,1,,1,,,,1,1,,,,,,,,,,,1,,,,,,,,,,,,,,1,,,,,,,,,,,,1,,1,1,,,1,1,,,1,,1,,1,,1,,1,1,,,1,1,1,,1,1,1,,,,,,,,,,1,,1,1,,,,,,,,,,,,1,,1,,,,1,,1,,1,,,,,1,1,1,1,1,1,1,1,,1,,1,,1,,1,,1,,1
Acronicta grisea,1,1,1,1,1,1,,1,1,1,1,1,,1,1,1,1,,,,,,,1,,1,1,1,,1,1,1,,,1,,1,,,,1,1,1,1,1,1,,1,,,,,,,,1,1,1,1,1,,,,,,1,1,,,,,,,,,,,,,,,1,1,1,1,,,,,,,,,,,,,,,,1,,,1,,1,,1,,,,1,,,,,,,,,,,,1,,,,,,,,,,,,,,1,,,,,,,,,,,,1,,1,1,,,1,1,,,1,,1,,1,,1,,1,1,,,1,1,1,,1,,,1,,,,,,,,,1,,,1,1,,,,,,,,,,,1,1,1,,1,1,1,,1,,1,,,,,1,1,1,,1,1,,1,,1,,1,,1,,1,,1,,1
Acronicta parallela,1,1,1,,1,,,,1,1,1,1,,1,1,1,1,1,,,1,,,,,,,1,1,1,,1,,,,,,,,,,,,1,1,,,,,,,,,,,1,1,1,1,1,1,,,,,1,,,,,,,,,,,,1,1,1,1,1,,,,,,,,,,,,,,,,,,,1,,,1,,1,,1,,,,1,,,,,,,,,,,,1,1,,1,,,,,,,,,,,1,,,,,,,,,,,,1,,1,1,,1,1,1,1,,1,,1,,1,,1,,1,1,,,1,1,1,,1,,,,,,,,,,,,1,,,1,1,,,,,,,,,,,1,1,1,,1,,1,,1,,1,,,,,1,1,1,,1,1,1,1,,1,,1,,1,,1,,1,,1
Acronicta funeralis,1,1,1,,1,,1,,1,1,1,1,,1,1,,1,,,1,,,,,,,1,,,1,1,1,,,,,,,,,,1,1,1,1,,1,,,,,,,1,1,,1,1,1,1,,,,,,1,1,,,,,,,,,,,,,,1,1,1,1,1,,,,,,,,,,,,,,,,1,,,1,,1,,1,,,,1,,,,,,,,,,,,1,1,,,,,,,,,,,,,1,,,,,,,,,,,,1,,1,1,,,1,1,1,,1,,1,,1,,1,,1,1,,,1,1,1,,1,,,,,,,,,,,,1,1,,1,,,,,,,,,,,,1,1,1,,1,1,,,1,1,1,1,,,1,1,1,1,1,1,1,,1,,1,,1,,1,,1,,1,,1
Acronicta quadrata,,,,,1,,,,,,,,,,,,,,,,,,,,,,,,,,,,,,,,,,,,,,,,1,,,1,,,,,,,,,1,1,1,,,,,,,1,1,,,,,,,,,,,,,,,1,1,1,1,,,,,,,,,,,,,,,,1,,,1,,1,,1,,,,1,1,1,,,,,,,,,,,,1,1,1,,,,,,,,,,1,,,,,,,,,,,,1,,1,1,,,1,1,,,1,,1,,1,,1,,1,1,1,,1,,1,,1,,,,,,,,,,,,1,,,1,,,,,,,,,,,,1,,1,,,,1,,1,,1,,,,,,1,1,1,1,1,,1,,1,,1,,1,,1,,1,,1
Acronicta hasta,1,1,1,,1,,,,,,1,1,,,,,1,,,1,,,,1,,,1,,,1,1,,,,,,,,,,,,,1,1,,,1,,,,,,,,,1,1,1,,,,,,,1,1,,,,,,,,,,,,,,,,,1,1,,,,,,,,,,,,,,,,1,,,1,,1,,1,,,,1,,,,,,,,,,,,1,1,,,,,,,,,,,,,1,,,,,,,,,,,,1,,1,1,,,1,1,,1,1,,1,,1,,1,,1,1,1,,1,1,1,,1,,,1,,,,,,,,,1,,,1,1,,,,,,,,,,,1,1,1,,1,1,1,,1,,1,,,,,1,1,1,1,1,1,,1,,1,,1,,1,,1,,1,,1
Acronicta strigulata,1,1,1,,1,,,,1,1,1,1,,1,,,1,,1,1,1,,,1,,,,1,1,1,,1,1,1,,,,,,,,,,1,,1,,,,,,,,,,1,1,1,1,1,,,,,,1,1,,,,,,,,,,,,,,,1,1,1,1,,,,,,,,,,,,,,,,1,,,1,,1,,1,,,,1,,,,,,,,,,,,1,1,,,,,,,,,,,,,1,,,,,,,,,,,,1,,1,1,,,1,1,,1,1,,1,,1,,1,,1,,1,,1,,1,,1,,,,,,,,,,,,1,,,1,,,,,,,,,,,,1,,1,,,1,1,,1,,1,,,,,,1,1,1,1,1,,1,,1,,1,,1,,1,,1,,1
Acronicta fragilis,1,1,1,,1,1,,,,1,1,1,,1,1,1,1,1,,,1,,,1,,1,1,,1,1,1,,,,,,,,,,,1,1,1,1,,,,,,,,,,,1,1,1,1,1,,,,,,1,,,,,,,,,,,,,,1,1,1,1,,,,,,,,,,,,,,,,,,1,,,1,,1,,1,,,,1,,,,,,,,,,,1,1,1,,,,,,,,,,,,,1,,,,,,,,,,,,1,,1,,1,,1,1,1,,1,,1,,1,,1,,1,1,1,,1,1,1,,1,1,,,,,,,,,,,1,,,1,,,,,,,,,,,,1,1,1,,1,1,1,,1,,1,,,,,,1,1,,1,,,1,,1,,1,,1,,1,,1,,1
Acronicta marmorata,1,,1,,1,,,1,1,1,,,,,1,,,,,,,,,,,1,1,1,1,,,1,1,,,,,,,,,1,1,,,,,,,,,,,,1,1,1,1,1,1,1,,,,,1,1,,,,,,,,,,,,,,,1,1,1,1,,,,,,,,,,,,,,,,1,,,1,,1,,1,,1,1,1,,1,,,,,,,,,,1,1,1,,1,,,,,,,,,,1,,,,,,,,,,,,1,,1,1,1,,1,1,1,,1,,1,,1,1,1,,1,1,1,,1,1,1,,1,,,1,,,,,,,,,1,1,,1,,,,,,,,,,,,1,1,1,,1,1,,,1,,1,,,,,1,1,1,1,1,,,1,,1,,1,,1,,1,,1,,1
Acronicta impleta,1,1,1,,1,,,1,1,1,1,,,1,1,1,1,1,,1,,,,,,1,1,,,1,1,1,,,,,,,,,,1,1,1,1,,,,,,,,,,,1,1,1,1,1,,1,,,,1,1,,,,,,,,,,,,,,,,,1,1,1,,,,,,,,,,,,,,,1,,,1,,1,,1,,,,1,,,,,,,,,,,1,1,1,,,,,,,,,,,,,1,,,,,,,,,,,,1,,1,,1,,1,,1,,1,,1,,1,,1,,1,1,1,,1,1,1,,1,1,,,,,,,,,,,1,,,1,,,,,,,,,,,,1,,1,,,1,1,,1,,1,,,,,1,1,1,,1,,,1,,1,,1,,1,,1,,1,,1
Acronicta impressa,1,1,1,1,1,1,,1,1,,1,1,,1,1,1,1,,1,1,1,1,,1,,1,1,,,1,1,,,,,,,,,,1,,1,1,1,,,1,,1,,,,,,1,1,1,1,1,,,,,,1,,,,,,,,,,,,,,1,1,1,1,,,,,,,,,,,,,,,,,,1,,,1,,1,,1,,,,1,,,,,,,,,,,1,1,1,,,1,,,,,,,,,,1,,,,,,,,,,,,1,,1,,1,,1,1,1,,1,,1,,1,,1,,1,1,1,,1,1,1,,,1,,1,,,,,,,,,1,,,1,,,,,,,,,,,,1,1,1,,1,1,1,,1,,1,,,,,1,1,1,1,1,,,1,,1,,1,,1,,1,,1,,1
Acronicta perdita,1,1,1,,1,1,,1,1,1,1,,,1,,1,1,1,,,1,,,,,,1,1,,1,1,1,1,,,,,,,,,1,,1,1,,,,,,,,,,,1,1,1,1,1,1,,,,,1,1,,,,,,,,,,,,,,,,1,1,1,,,,,,,,,,,,,,,,1,,,1,,1,,1,,1,,1,,,,,,,,,,,,1,,1,,,,,,,,,,,,1,,,,,,,,,,,,1,,1,,1,1,1,1,1,,1,,1,,1,,1,,1,,1,,1,,1,,1,1,,,,,,,,,,,1,,,1,,,,,,,,,,,,1,1,1,,1,1,1,,1,,1,,,,,1,1,1,1,1,,1,1,,1,,1,,1,,1,,1,,1
Acronicta oblinita,1,,1,,1,1,,1,,,,,,,,,,,,,,,,,,1,,,,,,,,,,,,,,,,1,,1,1,,,,,,,,1,,,1,1,1,1,1,,,,,,1,,,,,,,,,,,,,,,1,1,1,,,,,,,,,,,,,,,,,,1,,,1,,1,,1,,,,1,1,1,,,,,,,,,1,,1,1,1,1,,,,,,,,,,1,,,,,,,,,,,,1,,1,,1,,1,,1,,1,,1,,1,,1,,1,,1,,1,,1,,1,,,,,,,,,,,,1,,,,,,,,,,,,,,,1,,1,,,,1,,1,,1,,,,,,1,1,,1,,,1,,1,,1,,1,,1,,1,,1
Acronicta lanceolaria,1,1,,,1,,,,,1,,,,,,,1,,,,,,,,,,,,,,,,,,,,,,,,,,,,1,,,,,,,,,,,,1,1,,,,,,,,1,1,,,,,,,,,,,,,,,,,1,1,,,,,,,,,,,,,,,,1,,,1,,1,,1,,,,1,1,1,,,,,,,,,1,,,1,1,1,,,,,,,,,,1,,,,,,,,,,,,1,,1,,1,,1,,1,,1,,1,,1,,1,,1,,1,,1,,1,,1,,,,,,,,,,,,1,,,,,,,,,,,,,,,1,,1,,,,1,,1,,1,,,,,,1,1,1,1,,,1,,1,,1,,1,,1,,1,,1
Acronicta lupini,1,1,1,1,1,,,,1,1,1,1,,1,1,,1,,,,1,,,,,,1,1,1,1,,1,1,,,,1,,,,,1,1,1,1,1,,1,1,1,,,,,,1,1,1,1,1,,,,,,1,1,,,,,,,,,,,,,,1,1,1,1,1,,,,,,,,,,,,,,,,1,,,1,,1,,1,,,,1,1,,,,,,,,,,1,1,,1,1,,,,,,,,,,,1,,,,,,,,,,,,1,,1,,1,,1,,1,,1,,1,,1,,1,,1,,1,,1,1,1,,,1,,1,,,,,,,,,1,,1,1,,,,,,,,,,,,1,,1,,,1,1,,1,,1,,,,,1,1,1,1,1,,,1,,1,,1,,1,,1,,1,,1
Simyra insularis,1,1,1,1,1,,,,,1,,,,,,,,,,1,,,,,,,,,,,,,1,,,,1,,,,,,,,1,,,,,,,,,,,1,1,1,1,1,1,,,,,1,1,,,,,,,,,,,,,,1,1,1,1,1,,,,,,,,,,,,,,,,1,,,1,,1,,1,,,1,,,1,,,,,,,,,1,,1,1,1,1,,,,,,,,,,1,,,,,,,,,,,1,1,1,,,1,,1,1,1,,1,,1,,1,,1,,1,,1,,1,,1,,1,1,,1,,,,,,,,,1,,,,,,,,,,,,,,,1,,1,,,,1,,1,,1,,,,,,1,,1,1,,,1,,1,,1,,1,,1,,1,,1
Tyta luctuosa,1,,1,,,,,,,1,,,,,,,,,,,,,,,,,1,,,,,,,,,,,,,,,,,,,,,,,,,,,,,,,,,1,1,,,,1,1,,,,,,,,,1,1,1,,,,,,,,,,,,,,,,,,,,,,,,1,,,1,,1,,1,,1,,,1,,,,,,,,,,,,1,,1,1,,,,,,,,,,1,,,,,,,,,,,,1,,1,,1,,1,,1,,1,,1,,1,1,1,1,1,,1,1,1,1,1,1,,,1,,,,,,,,,,,,1,,,,,,,,,,,,,1,1,1,1,1,,1,1,1,1,1,1,,1,,1,,,1,1,,,1,,1,,1,,1,,1,,1,,1
Cucullia montanae,1,1,,1,1,1,,1,,,,,,,,,,,,1,,1,,1,,,,,,,,,,,,,1,,,,,1,,,1,,,,,,,,,,,,,1,1,1,1,,,,,,1,,,,,,,,,,,,,,,,,,1,1,,,,,,,,,,,,,,,1,,,1,,1,1,1,,,,1,1,,,,,,,,,,,1,,1,1,1,,,,,,,,,,1,,,,,,,,,,,,1,1,1,1,1,,1,,1,,1,,1,,1,,1,,1,1,,,1,,1,,1,1,,1,,,,,,,,,,,1,1,,1,,,,,,,,,,1,,1,,,1,1,,1,1,1,1,,,1,1,,1,1,1,1,1,1,,1,1,1,,1,,1,,1,,1
Cucullia similaris,1,1,1,,1,,,,,1,,,,,,,,,1,1,,1,,,,,,1,,1,,,1,,,,,,,,,,,1,,,,,,,,,,,,,1,1,1,1,,,,,,,1,,,,,,,,,,,,,,,,,,1,1,,,,,,,,,,,,,,,1,,,1,,1,1,1,,,,1,,,,,,,,,,,1,1,,,1,1,,,,,,,,,,1,,,,,,,,,,,,1,1,1,1,,,1,,1,,1,,1,,1,,1,,1,1,,,1,,1,,,1,,1,,,,,,,,,1,,1,1,,1,,,,,,,,,,1,1,1,,1,1,,,1,1,1,1,,,1,1,,1,1,1,1,1,1,,1,1,1,,1,,1,,1,,1
Cucullia omissa,1,1,1,1,1,,,1,,1,,1,,,,,1,,,1,,,,,,1,,,1,,,,1,,,,1,,,,,1,,1,1,1,,,,,,,,,,,1,1,1,1,,,,,,1,1,,,,,,,,,,,,,,,,,1,1,1,,,,,,,,,,,,,,,1,,,1,,1,1,1,,,,1,1,,,,,,,,,,,1,,1,1,,,,,,,,,,,1,,,,,,,,,,,,1,,1,1,,,1,,1,,1,,1,,1,,1,,1,1,1,,1,,1,,,1,1,1,,,,,,,,,1,,1,1,1,1,,,,,,,,,,1,1,1,,1,1,,,1,,1,,,,,1,,1,1,1,1,1,1,,1,1,1,,1,,1,,1,,1
Cucullia florea,1,1,1,,1,1,,,1,,1,1,,1,1,,1,,,,,,,1,,1,,1,,1,1,,,1,,,,,,,,1,,1,1,1,1,1,,,,,,,,,1,1,1,1,1,,,,,1,1,,,,,,,,,,,,,,,,,1,1,1,,,,,,,,,,,,,,,1,,,1,,1,1,1,,,,1,,,,,,,,,,,1,1,,,,,,,,,,,,,,1,,,,,,,,,,,,1,1,1,1,,,1,,1,,1,,1,,1,,1,,1,1,1,,1,,1,,1,1,1,,,,,,,,,,1,,1,1,,,,,,,,,,,,1,1,1,,1,1,,,1,,1,,,,,1,,1,1,1,1,1,1,,1,,1,,1,,1,,1,,1
Cucullia postera,1,1,1,,1,1,,,,1,,,,1,1,,1,,,1,1,,,,,,1,,1,,1,,,,,,,,,,,1,,1,1,,,,,,,,,,,,1,1,1,1,,,,,,1,1,,,,,,,,,,,,,,,,,1,1,1,,,,,,,,,,,,,,,1,,,1,,1,1,1,,,,1,1,,,,,,,,,,,1,,1,1,,,,,,,,,,,1,,,,,,,,,,,,1,1,1,1,,,1,,1,,1,,1,,1,,1,,1,1,,,1,,1,,,1,1,1,,,,,,,,,1,,1,1,1,1,,,,,,,,,,1,,1,,,1,,,1,,1,,,,,1,,1,1,1,,1,1,1,1,,1,,1,,1,,1,,1
Cucullia intermedia,1,1,1,1,1,,,1,1,1,1,,,1,1,,,,1,,,,,,,,1,,,1,1,1,1,,,,1,,,1,,,1,1,1,1,1,1,,,,,,,,1,1,1,1,1,,,,,,,1,,,,,,,,,,,,,,,,,,1,1,,,,,,,,,,,,,,,1,,,1,,1,1,1,,,,1,,,,,,,,,,,1,1,,,,,,,,,,,,,,1,,,,,,,,,,,,1,1,1,,1,,1,1,1,,1,,1,,1,,1,,1,,1,,1,1,1,,,1,,,,,,,,,,,1,,1,,,,,,,,,,,,,1,1,1,,1,1,,,1,,1,,,,,1,,1,1,1,,,1,,1,,1,,1,,1,,1,,1
Cucullia speyeri,1,1,1,1,1,,,1,,1,,,,,1,,,,,1,,,,,,,,1,1,1,,,1,,,,1,,,,,,,1,,,,,,,,,,,,,1,1,1,1,1,,,,,,1,,,,,,,,,,,,,,,,,,1,1,,,,,,,,,,,,,,,1,,,1,,1,1,1,,,,1,,,,,,,,,,,1,1,,,,1,,,,,,,,,,1,,,,,,,,,,,,1,1,1,1,1,,1,,1,,1,,1,,1,,1,,1,,1,,1,,1,,1,,,1,,,,,,,,,1,1,,1,,,,,,,,,,,,1,,1,,,1,,,1,,1,,,,,1,1,1,1,1,,1,1,,1,,1,,1,,1,,1,,1
Cucullia dorsalis,1,1,1,,,,,,1,1,,,,,,,,,1,1,,,,,,,,,1,1,,1,1,,,,,,,,,,,,,,,,,,,,,,,,1,1,1,1,1,,,,,,1,,,,,,,,,,,,,,,,,,1,1,,,,,,,,,,,,,,,1,,,1,,1,1,1,,,,1,,,,,,,,,,,1,1,1,,,,,,,,,,,,,1,,,,,,,,,,,1,1,1,1,1,1,,1,1,1,,1,,1,,1,,1,,1,,1,,1,,1,1,1,1,,,,,,,,,,,1,1,1,1,,,,,,,,,,,,1,,1,,,1,,,1,1,1,1,,,1,1,1,1,,1,,1,1,,1,,1,,1,,1,,1,,1
Cucullia antipoda,1,1,1,1,1,,,,1,1,1,,,,,1,,,1,1,1,1,,,,,,1,1,1,,,1,1,,,1,,,,,,,1,,,,,,,,,,,,1,1,1,1,1,,,,,,1,,,,,,,,,,,,,,1,1,1,1,,,,,,,,,,,,,,,,,,1,,,1,,1,1,1,,,,1,,,,,,,,,,,1,1,1,,,,,,,,,,,,,1,,,,,,,,,,,,1,1,1,1,,,1,,1,,1,,1,,1,,1,,1,1,1,,1,1,1,1,1,1,1,,,,,,,,,,1,1,1,1,1,,,,,,,,,,,1,,1,,,1,,,1,,1,,,,,1,,1,,1,,1,1,,1,,1,,1,,1,,1,,1
Cucullia eurekae,,,1,,,,,,,,,,,,,,,,,,,,,,,,,1,,1,,,1,,,,,,,,,,,,,,,,,,,,,,,,1,1,1,,,,,,,1,,,,,,,,,,,,,,1,1,1,1,,,,,,,,,,,,,,,,,,1,,,1,,1,1,1,,,,1,,,,,,,,,,,1,1,1,,,,,,,,,,,,,1,,,,,,,,,,,1,1,,1,1,1,,1,,1,,1,,1,,1,,1,,1,1,,,1,,1,,,1,,,,,,,,,,,1,1,1,,,,,,,,,,,,,1,,1,,,1,,,1,,1,,,,,1,,1,,1,,,1,,1,,1,,1,,1,,1,,1
Cucullia eulepis,1,1,1,,1,,,,,1,1,1,,1,,,,,1,1,,1,,,,,,,1,1,,1,1,,,,,,,,,,,1,,,,,,,,,,,,1,1,1,1,1,1,,,,,1,,,,,,,,,,,,,1,1,1,,,,,,,,,,,,,,,,,,,,1,,,1,,1,1,1,,,,1,,,,,,,,,,,,1,1,,,,,,,,,,,,,1,,,,,,,,,,,1,1,,1,1,1,,1,1,1,,1,,1,,1,,1,,1,,1,,1,,1,,,1,,1,,,,,,,,,1,1,1,,,,,,,,,,,,,1,1,1,,1,1,,,1,,1,,,,,1,,1,1,1,,,1,,1,,1,,1,,1,,1,,1
Cucullia basipuncta,,1,1,,,,,,,,,,,,,,,1,,,,,,,,,,,,,,,1,,,,,,,,,,,,,,,,,,,,,,,,1,,1,,,,,,,1,,,,,,,,,,,,,,1,1,,,,,,,,,,,,,,,,,,,,1,,,1,,1,1,1,,,,1,1,1,,,,,,,,,,1,1,1,1,1,,,,,,,,,,1,,,,,,,,,,,,1,1,1,1,1,,1,,1,,1,,1,,1,,1,,1,1,,,1,,1,,1,,,,,,,,,,,,1,,,,,,,,,,,,,,,1,,1,,,,1,,1,,1,,,,,,1,1,1,1,,,1,,1,,1,,1,,1,,1,,1
Cucullia mcdunnoughi,1,1,1,,1,,,,,1,1,,,1,,,,,1,1,1,,,,,,,,,1,,,1,,,,,,,,,,,1,,,,,,,,,,,,,1,1,1,1,,,,,,1,,,,,,,,,,,,,,,1,1,1,,,,,,,,,,,,,,,,,,1,,,1,,1,1,1,,,1,1,,,,,,,,,,,,1,1,1,,,,,,,,,,,,1,,,,,,,,,,,1,1,,1,1,1,,1,,1,,1,,1,,1,,1,,1,1,,,1,,1,,,1,1,1,,,,,,,,,1,,1,1,1,1,,,,,,,,,,1,1,1,,1,1,1,,1,,1,,,,,1,,1,,1,,,1,,1,,1,,1,,1,,1,,1
Cucullia luna,,1,,1,,,,,,,,,,,,,,,,1,,,,,,,,,,,,,,,,,1,,,1,,,,,,,,,,,,,,,,,1,1,1,,,,,,,1,1,,,,,,,,,,,,,,,1,1,1,1,,,,,,,,,,,,,,,,1,,,1,,1,1,1,,,1,,,,,,,,,,,,,1,,,,,,,,,,,,,,1,,,,,,,,,,,,1,,1,,1,,1,,1,,1,,1,,1,,1,,1,1,1,,1,,1,,1,,,,,,,,,,,,1,,,,,,,,,,,,,,,1,,1,,,,1,,1,,1,,,,,,1,,1,1,,,1,,1,,1,,1,,1,,1,,1
Cucullia serraticornis,,,1,,,,,,,,,,,,,,,,,,,,,,,,,,,1,,1,,,,,,,,,,,,,,,,,,,,,,1,1,1,,,,,,,,,,1,1,,,,,,,,,,,,,,,,,1,1,1,,,,,,,,,,,,,,,1,,,1,,1,1,1,,,,1,1,1,,,,,,,,,1,,1,1,1,,,,,,,,,,,1,,,,,,,,,,,,1,1,1,1,1,,1,1,1,,1,,1,,1,,1,,1,1,1,,1,,1,1,1,1,1,,,,,,,,,,1,,,1,1,1,,,,,,,,,,1,1,1,,1,1,1,,1,,1,,,,,1,1,1,1,1,,,1,,1,,1,,1,,1,,1,,1
Cucullia strigata,1,1,1,1,1,,,1,1,1,1,,,1,,,,,,1,,,,,,,1,,1,1,,1,1,,,,1,,,,,1,,1,1,,,,,,,,,1,1,1,1,1,1,1,,,,,,1,1,,,,,,,,,,,,,,,,,1,1,1,,,,,,,,,,,,,,,1,1,,1,,1,1,1,,,,1,,,,,,,,,,,1,1,,,1,,,1,,,,,,,,1,,,,,,,,,,,1,1,1,1,1,1,,1,1,1,,1,,1,,1,,1,,1,,1,,1,,1,,,1,,1,,,,,,,,,1,1,1,,1,,,,,,,,,,,1,1,1,,1,1,,,1,,1,,,,,1,,1,1,1,1,1,1,,1,,1,,1,,1,,1,,1
Cucullia pulla,1,,1,,1,,,,1,1,,,,1,,,,,,,,,,,,,,1,1,1,,1,1,1,,,,,,,,,,1,,,,,,,,,,1,1,1,1,,1,1,,,,,,1,1,,,,,,,,,,,,,,,1,1,1,1,,,,,,,,,,,,,,,,1,1,,1,,1,1,1,,1,,1,,,,,,,,,,,,1,1,1,,,,,,,,,,,,1,,,,,,,,,,,,1,,1,,1,,1,1,1,,1,,1,,1,,1,,1,,1,,1,,1,,,1,1,,,,,,,,,,1,,1,,,,,,,,,,,,,1,1,1,,1,1,1,,1,,1,,,,,1,,1,1,1,,1,1,,1,1,1,,1,,1,,1,,1
Dolocucullia dentilinea,1,1,1,,,1,,,,,,,,,,,,,,,,,,1,,1,1,,,1,1,1,,,,,,,,,,,,,,,,,,,,,,1,,,1,1,1,1,1,,,,,1,,,,,,,,,,,,,,,1,1,,,,,,,,,,,,,,,,,,,1,,,1,,1,1,1,,,,1,,,,,,,,,,,1,1,,,,1,,,,,,,,,,1,,,,,,,,,,,,1,,1,,1,,1,,1,,1,,1,,1,,1,,1,,1,,1,1,1,,,1,1,1,,,,,,,,,1,,1,1,1,1,,,,,,,,,,1,,1,,,1,1,,1,,1,,,,,1,,1,1,1,,,1,,1,1,1,,1,,1,,1,,1
Amphipyra pyramidoides,1,1,1,,1,,,1,1,1,1,1,,1,1,,1,1,,,,,,,,1,1,,1,,1,1,,,,,,,,,,1,,1,1,,,,,,,,,,,1,1,1,1,1,1,1,1,,,1,1,,,,,,,,,,,,,,,,,1,1,1,1,,,,,,,,,,,,1,,1,1,,1,,1,,1,,,,,1,,,,,,,,,,,1,,,,1,,,,,,,,,,1,,,,,,,,,,,,1,,1,,1,,1,,1,,1,,1,,1,,1,1,1,1,1,,1,,1,,,,,1,,,,,,,,,1,,,,1,,,,,,,,,,,1,,1,,,1,1,,1,,1,,,,,1,1,1,,1,,,1,,1,,1,,1,,1,,1,,1
Amphipyra tragopoginis,1,1,1,,1,1,,1,1,1,1,1,,1,1,1,,,1,,,,,1,,1,1,,1,1,1,1,,,,,,,,,,1,1,1,1,1,,,,,,,,,,1,,1,1,1,1,1,,,,1,,,,,,,,,,,,,,,1,1,1,,,,,,,,,,,,,,,,1,,1,1,,1,,1,,1,,1,,,1,,,,,,,,,,1,,,,,,,,,,,,,,,1,,,,,,,,,,,,1,,1,,1,,1,,1,,1,,1,,1,,1,,1,1,1,,1,,1,,,,,1,,,,,,,,,1,,,,1,,,,,,,,,,,1,,1,,,1,1,,1,,1,,,,,,1,1,,1,,,1,,1,,1,,1,,1,,1,,1
Amphipyra glabella,,,1,,,,,,,,,,,,,,,,,,,,,,,,,,,,,1,,,,,,,,,,,,,,,,,,,,,,,,,,,1,1,1,,,,,1,,,,,,,,,,,,,1,1,1,,,,,,,,,,,,,,,,,,1,,1,,,1,,1,,1,,,,1,1,,,,,,,,,,,,,,,1,,,,,,,,,,1,,,,,,,,,,,,1,,1,,1,,1,,1,,1,,1,,1,,1,,1,,1,,1,,1,,,,,1,,,,,,,,,1,,,1,1,,,,,,,,,,,1,,1,,,,1,,1,,1,,,,,,1,1,1,1,,,1,,1,,1,,1,,1,,1,,1
Amphipyra brunneoatra,,,1,,,,,,,,,,,,,,,,,,,,,,,,,,,,,1,,,,,,,,,,,,,,,,,,,,,,,,,,,1,1,,,,,,1,,,,,,,,,,,,,,1,1,1,,,,,,,,,,,,,,,,,1,,1,1,,1,,1,,1,,,,,1,,,,,,,,,,,,,,,1,,,,,,,,,,1,,,,,,,,,,,,1,,1,,1,,1,,1,,1,,1,,1,,1,,1,,1,,1,,1,,,,,1,,,,,,,,,1,,,1,1,,,,,,,,,,,1,,1,,,,1,,1,,1,,,,,,1,1,,1,1,,1,,1,,1,,1,,1,,1,,1
Pseudocopivaleria sonoma,,,1,,,,,,,,,,,,,,,,,,,,,,,,1,,,,,1,,,,,,,,,,,,,,,,,,,,,,1,1,1,,,,,,,,,,1,,,,,,,,,,,,,,1,1,1,,,,,,,,,,,,,,,,,,,1,1,,1,,1,,1,,,,1,1,,,,,,,,,,1,1,,1,1,,,,,,,,,,,1,,,,,,,,,,,,1,,1,,1,,1,,1,,1,,1,,1,1,1,,1,1,1,,1,,1,,1,,,,,,,,,,,,1,1,,1,1,,,,,,,,,,,1,1,1,,1,1,,,1,,1,,,,,1,1,1,1,1,,,1,1,1,,1,,1,,1,,1,,1
Pleromella opter,1,,1,,,,,,1,,,,,1,,,,,,,,,,,,,,1,,,1,1,,,,,,,,,,,,,,,,,,,,,,,1,1,1,1,,,,,,,,1,,,,,,,,,,,,,,,1,1,,,,,,,,,,,,,,,,,,,1,1,,1,,1,1,1,,,,1,,,,,,,,,,,1,1,,,,,,,,,,,,,,1,,,,,,,,,,,1,1,,1,,1,,1,1,1,,1,,1,,1,,1,,1,,1,,1,,1,,1,1,,,,,,,,,,,1,1,,1,,,,,,,,,,,,1,,1,,,1,,,1,,1,,,,,,1,1,1,1,,,1,,1,,1,,1,,1,,1,,1
Feralia jocosa,1,,,,1,,,,,,1,,,,,,,,,,,,,,,,,,,,,,,,,,,,,,,,1,1,1,1,1,,,,,,,,1,1,1,1,,,,,,,,1,,,,,,,,,,,,,1,1,1,,,,,,,,,,,,,,,,,,,,1,,,1,,1,,1,,,,,,,,,,,,,1,,,1,1,,,,,,,,,,,,,1,,,,,,,,,,,,1,,1,,1,,1,,1,,1,,1,,1,1,1,1,1,1,,,1,1,1,,,1,1,,,,,,,,,,1,,1,,,,,,,,,,,,,1,1,,,1,,1,,1,,1,,,,,1,1,1,,1,,,1,,1,,1,,1,,1,1,1,,1
Feralia deceptiva,1,,1,,1,1,,1,,1,,,,1,1,,,,,,,,,,,1,1,,,,1,1,,,,,,,,,,1,1,1,1,,,,,,,,,,1,1,1,,1,,,,,,,1,1,,,,,,,,,,,,,,,,1,1,1,,,,,,,,,,,,,,,,1,,,1,,1,,1,,,,,,,,,,,,,1,,,1,1,,,,,,,,,,,,,1,,,,,,,,,,,,1,,1,,1,,1,,1,,1,,1,,1,1,1,,1,1,1,,1,1,1,,,1,1,,,,,,,,,,1,,1,,,,,,,,,,1,,,1,1,,,1,,1,,1,,1,,,,,1,1,1,,1,,,1,,1,,1,,1,,1,1,1,,1
Feralia comstocki,1,1,1,,1,1,,1,,1,1,,,1,1,,1,,,,,,,,,1,1,,,1,1,,,,,,,,,,,1,1,1,1,1,,,,,,,,,1,1,1,1,1,,,,,,,1,,,,,,,,,,,,,,,1,1,1,,,,,,,,,,,,,,,,,,1,,,1,,1,,1,,,,,,,,,,,,,1,,,1,1,,,,,,,,,,,,,1,,,,,,,,,,,,1,,1,,1,,1,,1,,1,,1,,1,1,1,,1,1,,,1,1,1,,,1,,1,,,,,,,,,1,,1,1,,1,,,,,,,,,,1,1,,,1,,1,,1,,1,,,,,1,1,1,,1,,,1,,1,,1,,1,,1,1,1,,1
Feralia februalis,,,1,,,,,,,,,,,,,,,,,,,,,,,1,1,,,,,1,,,,,,,,,,,,,,,,,,,,,1,1,1,1,,,,,,,,,,1,,,,,,,,,,,,,,,1,1,1,,,,,,,,,,,,,,,,,,1,,,1,,1,,1,,,,,,,,,,,,,1,,,1,1,,,,,,,,,,,,,1,,,,,,,,,,,,1,,1,,1,,1,,1,,1,,1,,1,1,1,,1,1,,,1,1,1,,1,,,,,,,,,,,,1,1,,1,,,,,,,,,,,,1,,1,,,,1,,1,,1,,,,,,1,1,,1,,,1,,1,,1,,1,,1,,1,,1
Triocnemis saporis,1,1,1,,,,,,,1,,,,,,,,,,1,,,,,,,,,1,1,,,1,1,,,,,,,,,,,,,,,,,,,,,,,1,1,1,1,,,,,1,1,,,,,,,,,,1,1,1,1,,,,,,,,,,,,,,,,,,,,,,1,,,1,,1,,1,,,1,1,1,,,,,,,,,,,1,1,1,1,1,,,,,,,,,,1,,,,,,,,,,,,1,,1,,1,,1,,1,,1,,1,,1,1,1,1,1,1,,,1,1,1,,,1,,,,,,,,,,,,,1,,,,,,,,,,,,,1,,1,,,,1,1,,1,1,1,,,1,1,,,1,1,,,1,,1,,1,,1,,1,,1,,1
Acopa perpallida,,1,,,,,,,,,,,,,,,,,1,1,,,,,,,,,,,,,,,,,,,,,,,,,,,,,,,,,,,,,,,,1,1,,,,,1,,,,,,,,,,,,1,1,1,,,,,,,,,,,,,,,,,,,,,1,,,1,,1,,1,,,1,1,,1,,,,,,,,,,,1,1,,1,,,,,,,,,,1,,,,,,,,,,,,1,,1,,1,,1,,1,,1,,1,,1,,1,,1,,1,,1,,1,,1,1,,1,,,,,,,,,1,,,1,,,,,,,,,,,,1,1,1,,1,,1,,1,,1,,,,,1,1,,1,1,,,1,,1,,1,,1,,1,,1,,1
Plagiomimicus dimidiata,,1,,,,,,,,,,,,,,,,,,,,,,1,,,,,,,,,,,,,,,,,,,,,,,,,,,,,,,,,,,1,1,,,,,,1,,,,,,,,,,,,1,1,1,1,,,,,,,,,,,,,,,,,,,,1,,,1,,1,,1,,,1,1,,,,,,,,,,,,1,1,1,,1,,,,,,,,,,1,,,,,,,,,,,,1,,1,,1,,1,,1,,1,,1,,1,,1,,1,,1,,1,1,1,,,1,,,,,,,,,,,1,,1,,,,,,,,,,,,,1,,1,,,,1,,1,,1,,,,,1,,1,1,1,,,1,,1,,1,,1,,1,,1,,1
Plagiomimicus spumosum,1,1,1,,,,,,,1,,,,,,,,1,,1,1,,,1,,,,,1,1,,,1,1,,,,,,,,,,,,,,,,,,,,,,,,1,1,1,1,,,,,1,,,,,,,,,,,,,,1,1,1,,,,,,,,,,,,,,,,,,,1,,,1,,1,,1,,,,,1,1,,,,,,,,,1,,,,1,1,,,,,,,,,,1,,,,,,,,,,,,1,,1,,1,,1,,1,,1,,1,,1,,1,,1,,1,,1,,1,,,,,1,,,,,,,,,1,,,,,,,,,,,,,,,1,,1,,,,1,,1,,1,,,,,,1,,1,1,,,1,,1,,1,,1,,1,,1,,1
Plagiomimicus tepperi,1,,1,,,,,,,1,,,,,,,,,,,,,,,,,,,,1,,,,,,,,,,,,,,,,,,,,,,,,,,,1,1,1,,,,,,1,1,,,,,,,,,,1,1,1,,,,,,,,,,,,,,,,,,,,,,,1,,,1,,1,,1,,,,1,1,1,,,,,,,,,1,,,1,1,1,,,,,,,,,,1,,,,,,,,,,,,1,,1,,1,,1,,1,,1,,1,,1,,1,,1,,1,,1,1,1,,,1,1,1,,,,,,,,,1,,1,1,1,1,,,,,,,,,,1,,1,,,,1,,1,,1,,,,,1,,,1,1,,,1,,1,,1,,1,,1,,1,,1
Plagiomimicus expallidus,,1,1,,,,,,,,,,,,,,,,,1,,,,,,,,,,,,,,1,,,,,,,,,,,,,,,,,,,,,,,,,1,1,,,,,,1,,,,,,,,,,,,,1,1,1,,,,,,,,,,,,,,,,,,,,1,,,1,,1,,1,,,,,1,1,,,,,,,,,1,,,,1,1,,,,,,,,,,1,,,,,,,,,,,,1,,1,,1,,1,,1,,1,,1,,1,,1,,1,,1,,1,,1,,1,,,1,,,,,,,,,1,,,,,,,,,,,,,,,1,,1,,,,1,,1,,1,,,,,,1,1,1,1,,,1,,1,,1,,1,,1,,1,,1
Stiria rugifrons,,1,,,,,,,,,,,,,,,,,,1,,,,,,,,,,,,,,,,,,,,,,,,,,,,,,,,,,,,,,,1,1,,,,,,1,1,,,,,,,,,,,,,,,,1,1,1,,,,,,,,,,,,,,,,1,,,1,,1,,1,,,,,,,1,,,,,,,,,,,,1,,,,,,,,,,,1,,,,,,,,,,,,1,,1,,1,,1,,1,,1,,1,,1,,1,,1,1,1,,1,,1,,,1,1,1,,,,,,,,,1,,,1,1,1,,,,,,,,,,1,,1,,,,1,,1,,1,,,,,1,1,,1,,1,,1,,1,,1,,1,,1,,1,,1
Neogrotella spaldingi,,,1,,,,,,,,,,,,,,,,,,,,,,,,,,,,,,1,,,,,,,,,,,,,,,,,,,,,,,,1,,,1,,,,,1,,,,,,,,1,1,,,,,,,,,,,,,,,,,,,,,,,,,,,1,,,1,,1,,1,,,,,,1,,,,,,,,,1,1,,,1,,,,,,,,,,,1,,,,,,,,,,,,1,,1,,1,,1,,1,,1,,1,,1,,1,,1,,1,,1,,1,,,1,,1,,,,,,,,,1,,1,,,,,,,,,,,,,1,,1,,,,1,,1,,1,,,,,1,1,,1,1,,,1,,1,,1,,1,,1,,1,,1
Tristyla alboplagiata,,,1,,,,,,,,,,,,,,,,,,,,,,,,,,,,,,1,,,,,,,,,,,,,,,,,,,,,,,1,1,1,,,,,,,1,,,,,,,,,1,1,1,,,,,,,,,,,,,,,,,,,,,,,,,1,,,1,,1,,1,,,1,1,1,,,,,,,,,,,1,1,1,1,,,,,,,,,,,1,,,,,,,,,,,,1,,1,,1,,1,,1,,1,,1,,1,,1,,1,,1,,1,,1,,,1,,1,,,,,,,,,1,,1,,1,,,,,,,,,,,1,,1,,,,1,,1,,1,,,,,1,1,1,,1,,1,1,,1,,1,,1,,1,,1,,1
Axenus arvalis,,,1,,,,,,,,,,,,,,,,,,,,,,,,,1,,,1,,,,,,,,,,,,,,,,,,,,,,,,,1,1,1,,,,,,,1,,,,,,,,1,1,1,,,,,,,,,,,,,,,,,,,,,,,,,,1,,,1,,1,,1,,1,,,1,,,,,,,,,,1,,1,,,,,,,,,,,,,1,,,,,,,,,,,,1,,1,,1,,1,,1,,1,,1,,1,,1,,1,,1,,1,,1,1,,,1,,,,,,,,,,1,,1,,,,,,,,,,,,,1,1,1,,1,,1,1,1,,1,,,,,1,1,,1,1,,,1,,1,,1,,1,,1,,1,,1
Annaphila danistica,1,1,1,,1,,,,1,1,,,,,,,1,,1,,,,,,,,,1,1,1,,1,1,,,,,,,,,,,,1,,,,,,,,,1,1,1,1,,,,,,,,1,1,,,,,,,1,1,1,1,1,,,,,,,,,,,,,,,,,,,,,,,,1,,,1,,1,,1,,1,,1,1,,,,,,,,,,1,,,1,,,,,,,,,,,,1,,,,,,,,,,,,1,,1,,1,,1,,1,,1,,1,,1,,1,,1,1,1,,1,,1,1,,1,1,,1,1,,,,,,,,1,,1,1,,1,1,,,,,,,,1,1,,1,,,1,1,,,1,,,,,1,1,,1,1,,,1,,1,,1,,1,,1,,1,,1
Annaphila mera,,,1,,,,,,,,,,,,,,,,,,,,,,,,1,,,,1,,,,,,,,,,,,,,,,,,,,,,,,,1,1,,,,,,,,1,,,,,,,,,1,1,1,,,,,,,,,,,,,,,,,,,,,,,,,1,,,1,,1,,1,,1,,,1,,,,,,,,,,1,,,,,,,,,,,,,,,1,,,,,,,,,,,,1,,1,,1,,1,,1,,1,,1,,1,,1,,1,,1,,1,,1,,,,,,1,1,,,,,,,,1,,,1,,,,,,,,,,,1,1,,1,,,1,,1,1,,1,,,1,1,1,,1,1,,,1,,1,,1,,1,,1,,1,,1
Annaphila arvalis,1,1,1,,1,,,,1,1,,1,,,,1,,,,,,,,,,,,,1,1,,,,,,,,,,,,,,,1,,,,,,,,,1,1,1,1,,,,,,,,1,1,,,,,,,,,1,1,1,,,,,,,,,,,,,,,,,,,,,,,,1,,,1,,1,,1,,1,,1,1,,,,,,,,,,1,,1,1,,,,,,,,,,,,1,,,,,,,,,,,,1,,1,,1,,1,,1,,1,,1,,1,,1,,1,,1,,1,1,1,,,,,,1,1,,,,,,,,1,,,1,,,,,,,,,,,1,,1,,,,1,,1,1,1,1,,,1,1,,,1,1,,,1,,1,,1,,1,,1,,1,,1
Annaphila lithosina,,,1,,,,,,,,,,,,,,,,,,,,,,,,,,,,1,,,,,,,,,,,,,,,,,,,,,,,,,,1,,1,,,,,,1,1,,,,,,,,,1,1,1,,,,,,,,,,,,,,,,,,,,,,,,1,,,1,,1,,1,,1,,,1,,,,,,,,,,,,1,1,1,1,,,,,,,,,,1,,,,,,,,,,,,1,,1,,1,,1,,1,,1,,1,,1,,1,1,1,,1,1,1,,1,,,,,,1,1,,,,,,,,1,,,,,,,,,,,,,,1,,1,,,,1,,1,1,,1,,,1,1,1,,1,1,,,1,,1,,1,,1,,1,,1,,1
Annaphila miona,,,1,,,,,,,,,,,,,,,,,,,,,,,,,,,,,,,,,,,,,,,,,,,,,,,,,,,,,,,1,,,,,,,1,1,,,,,,,,,1,1,1,,,,,,,,,,,,,,,,,,,,,,,,1,,,1,,1,,1,,1,,,1,,,,,,,,,,,,1,1,1,1,,,,,,,,,,1,,,,,,,,,,,,1,,1,,1,,1,,1,,1,,1,,1,,1,1,1,,1,1,1,,1,,,,,,1,1,,,,,,,,1,,,,,,,,,,,,,,1,,1,,,,1,,1,1,,1,,,1,1,1,,1,1,,,1,,1,,1,,1,,1,,1,,1
Annaphila casta,,,1,,,,,,,,,,,,,,,,,,,,,,,,1,,,,,1,,,,,,,,,,,,,,,,,,,,,,,,1,1,,,,,,,,1,1,,,,,,,,,1,1,1,,,,,,,,,,,,,,,,,,,,,,,,1,,,1,,1,,1,,1,,,1,,,,,,,,,,,,1,1,,,,,,,,,,,,1,,,,,,,,,,,,1,,1,,1,,1,,1,,1,,1,,1,,1,1,1,,1,,1,,1,,1,,,,,,,,,,,,,1,,,,,,,,,,,,,,1,,1,,,,1,,1,1,,1,,,1,1,1,1,1,1,,,1,,1,,1,,1,,1,,1,,1
Annaphila depicta,1,,,,,,,,,1,,,,,,,,,,,,,,,,,,,,,,,,,,,,,,,,,,,,,,,,,,,,,1,1,,,,,,,,,1,1,,,,,,,,,1,1,1,,,,,,,,,,,,,,,,,,,,,,,,1,,,1,,1,,1,,,,1,1,,,,,,,,,,1,1,,,1,,,,,,,,,,,1,,,,,,,,,,,,1,,1,,1,,1,,1,,1,,1,,1,,1,,1,,1,,1,,1,,,,,,1,1,,,,,,,,1,,,1,,,,,,,,,,,1,1,,1,,,1,,1,1,1,1,,,1,1,,,1,1,,,1,,1,,1,,1,,1,,1,,1
Annaphila macfarlandi,1,,1,,,,,,1,,,,,,,,,,,,,,,,,,1,,,1,1,1,,,,,,,,,,,,,,,,,,,,,,,1,1,,1,1,,,,,,1,1,,,,,,,,,1,1,1,,,,,,,,,,,,,,,,,,,,,,,,1,,,1,,1,,1,,,,1,1,,,,,,,,,,,1,1,1,,1,,,,,,,,,,1,,,,,,,,,,,,1,,1,,1,,1,,1,,1,,1,,1,,1,,1,,1,,1,1,1,,,,,,1,1,,,,,,,,1,,,,,,,,,,,,,,1,1,,1,,,1,,1,1,1,1,,,1,1,,,1,1,,,1,,1,,1,,1,,1,,1,,1
Annaphila decia,1,1,1,,1,,,,1,1,,1,,1,,1,1,1,,,,,,,,1,1,1,1,1,,1,,,,,,,,,,1,,,,,,,,,,,,,1,1,1,1,,,,,,,1,,,,,,,,,1,1,,,,,,,,,,,,,,,,,,,,,,,,,,1,,,1,,1,,1,,1,,1,1,,,,,,,,,,,,1,1,,,,,,,,,,,,1,,,,,,,,,,,,1,,1,,1,,1,,1,,1,,1,,1,,1,,1,,1,,1,,1,,,,,,,1,,,,,,,,1,,,,,,,,,,,,,,1,1,,1,,,1,,1,1,,1,,,1,1,1,,1,1,,,1,,1,,1,,1,,1,,1,,1
Annaphila diva,1,1,1,,1,,,,1,1,,1,,,,1,1,1,,,,,,,,1,1,1,1,1,1,,,,,,,,,,,1,,,,,,,,,,,,,,1,1,1,1,1,,,,,1,1,,,,,,,,,1,1,1,,,,,,,,,,,,,,,,,,,,,,,,1,,,1,,1,,1,,1,,1,1,,,,,,,,,,,,1,1,,,,,,,,,,,,1,,,,,,,,,,,,1,,1,,1,,1,,1,,1,,1,,1,,1,1,1,,1,,1,,1,,1,,,,,,,,,,,,,1,,,,,,,,,,,,,,1,1,1,,1,,1,,1,1,,1,,,1,1,1,1,1,1,,,1,,1,,1,,1,,1,1,1,,1
Catabena lineolata,1,,1,,1,,,,,1,,,,,1,,,,,,,,,,,,1,,1,,,1,1,1,,,,,,,,,,,1,,,,,,,,,,,1,1,1,1,1,1,1,,,1,1,,,,,,,,,,1,1,1,,,,,,,,,,,,,,,,,,,,,,,1,,,1,,1,,1,,,,1,,,,,,,,,,,1,1,,,1,1,,,,,,,,,,1,,,,,,,,,,,,1,,1,,1,,1,,1,,1,,1,,1,1,1,,1,1,,,1,,1,,1,,,,,,,,,,,,1,,,1,,,,,,,,,,,,1,,1,,,,1,,1,,1,,,,,1,1,,1,1,,,1,,1,,1,,1,,1,,1,,1
Calophasia lunula,1,1,,,1,,,,,1,1,,,1,,,1,,,,,,,,,,,,,,,,,,,,,,,,,,,1,1,,,,,,,,,,,,1,1,1,1,,,,,1,1,,,,,,,,,,1,1,1,,,,,,,,,,,,,,,,,,,,,,,1,1,,1,,1,,1,,,,1,1,,,,,,,,,,,1,1,1,1,1,,,,,,,,,,1,,,,,,,,,,,,1,,1,,1,,1,1,1,1,1,,1,,1,,1,1,1,1,1,,1,1,1,,1,1,,1,,,,,,,,,,,,1,1,,,,,,,,,,,1,1,1,,1,1,,,1,1,1,1,,,1,1,,1,1,1,,,1,,1,,1,,1,,1,,1,,1
Behrensia conchiformis,1,1,1,,1,1,1,1,1,1,1,,,1,1,1,1,1,,,,,,,,1,1,1,1,1,1,1,,,,,,,,,,1,,1,1,,,,,,,,,,1,1,1,1,,,1,,,,1,1,,,,,,,,,,1,1,1,1,,,,,,,,,,,,,,,,,,,,,,1,,,1,,1,,1,,1,,1,,,,,,,,,,,,1,1,1,,,1,1,,,,,1,,,1,,,,,,,,,,,,1,,1,,1,,1,,1,,1,,1,,1,,1,,1,,1,,1,,1,1,1,1,,,,,,,,,,,,1,1,1,,,,,,,,,,,,1,1,,1,1,1,1,,1,1,,1,,,1,1,,1,1,1,,,1,1,1,,1,,1,,1,,1,,1
Pleromelloida conserta,1,1,1,1,1,,,1,1,1,1,,,1,1,1,1,,,,,,,,,1,1,1,1,1,1,1,,,,,1,,,,,1,,1,1,1,,,,,,,,1,1,1,1,1,1,1,,,,,,1,,,,,,,,,,,,,1,1,1,1,,,,,,,,,,,,,,,,,,,1,,,1,,1,1,1,,1,,1,,,,,,,,,,,1,1,1,,,,,,,,,,,,,1,,,,,,,,,,,,1,,1,,1,,1,1,1,1,1,1,1,,1,,1,,1,,1,,1,,1,,,1,,1,,,,,,,,,1,,,1,1,,,,,,,,,,,1,1,,,1,1,1,,1,,1,,,,,1,1,1,1,1,,,1,,1,,1,,1,,1,,1,,1
Pleromelloida bonuscula,1,1,1,,1,,,,1,1,1,,,1,,1,1,,,,,,,,,,,1,,,,,,,,,,,,,,,,1,1,1,,,,,,,,1,1,1,1,,,,,,,,,1,,,,,,,,,,,,1,1,1,,,,,,,,,,,,,,,,,,,,,1,,,1,,1,1,1,,,,1,,,,,,,,,,,1,1,1,,1,,,,,,,,,,,1,,,,,,,,,,,,1,,1,,1,,1,,1,,1,,1,,1,,1,,1,,1,,1,,1,,,1,1,1,,,,,,,,,1,,,,,,,,,,,,,,,1,1,1,,1,,1,,1,,1,,,,,1,1,1,1,1,,,1,,1,,1,,1,,1,,1,,1
Pleromelloida cinerea,1,1,1,1,1,1,,1,1,1,1,1,,1,1,1,1,,,,1,,1,1,,1,1,1,1,1,1,1,1,,,,1,,,,,1,,1,1,1,,1,,,,,,,,,1,1,,1,1,1,1,,,1,,,,,,,,,,,,,1,1,1,1,,,,,,,,,,,,,,,,,,,1,,,1,,1,1,1,,,,1,,,,,,,,,,,,,1,,1,,,,,,,,,,,1,,,,,,,,,,,,1,,1,1,1,,1,,1,,1,,1,,1,,1,,1,,1,,1,,1,,1,,,,,,,,,,,,1,,,1,1,,,,,,,,,,,1,1,,,1,1,1,,1,,1,,,,,1,1,1,1,1,1,1,1,,1,,1,,1,,1,,1,,1
Stylopoda groteana,,1,,,,,,,,,,,,,,,,,1,,,,,,,,,,,,,,,,,,,,,,,,,,,,,,,,,,,,,,,,,1,,,,,1,1,,,,,,,,1,1,1,1,,,,,,,,,,,,,,,,,,,,,,,,1,,,1,,1,,1,,1,1,1,,,,,,,,,,,,1,1,1,,,,,,,,,,,,1,,,,,,,,,,,,1,,1,,1,,1,,1,,1,,1,,1,,1,,1,,1,,1,,1,1,,,,,,,,,,,,,1,,,,,,,,,,,,,,,1,,1,,,,1,,1,,1,,,,,1,1,,1,1,,,1,,1,,1,,1,,1,,1,,1
Sympistis coprocolor,1,1,1,,1,,,,,1,,1,,1,1,,,,,,,1,,1,,,,,,,,,1,,,,,,,,,,,1,,,,,,,,,,,,,1,1,1,1,,,,,,1,,,,,,,,,,,,,1,1,,,,,,,,,,,,,,,,,,,,,1,,,1,,1,,1,,,,,1,1,,,,,,,,,1,1,,1,,,,,,,,,,,,1,,,,,,,,,,,,1,,1,,1,,1,,1,,1,,1,,1,,1,,1,1,,,1,1,1,1,1,,,1,,,,,,,,,,1,1,,,,,,,,,,,,,1,1,1,,1,,1,,1,1,,1,,,1,1,,1,1,1,,,1,1,1,,1,,1,,1,,1,,1
Sympistis corusca,,1,1,,,,,,,,,,,,,,,,,1,,,,,,,,,,1,,,,,,,,,,,,,,,,,,,,,,,,,,,,1,1,,,,,,1,1,,,,,,,,,1,1,1,,,,,,,,,,,,,,,,,,,,,,,,1,,,1,,1,,1,,,,1,,,,,,,,,,,1,1,1,,,1,,,,,,,,,,1,,,,,,,,,,,,1,,1,,1,,1,,1,,1,,1,,1,,1,1,1,,1,,1,,1,1,1,,,1,1,,,,,,,,,1,1,,,1,1,,,,,,,,,1,,1,,,,1,,1,1,,1,,,1,1,,1,1,1,1,,1,,1,,1,,1,,1,,1,,1
Sympistis perscripta,,1,1,,,,,,,,,,,,,,,,,1,,,,,,,1,,,,,,1,,,,,,,,,,,,,,,,,,,,,,,1,1,,,,,,,,,1,,,,,,,,,,,,1,1,,,,,,,,,,,,,,,,,,,,1,,1,,,1,,1,,1,,,,1,,1,,,,,,,,,1,1,,,1,,,,,,,,,,,1,,,,,,,,,,,,1,1,1,,1,,1,,1,,1,,1,,1,1,1,,1,1,,,1,,1,,,1,1,1,,,,,,,,,1,,,1,1,1,,,,,,,,,,1,,1,,,,1,,1,,1,,,,,1,1,1,1,1,,,1,,1,,1,,1,,1,,1,,1
Sympistis albifasciata,1,1,1,1,1,,,1,1,1,,1,,,,,,,1,,,1,1,1,,,,1,,1,1,,,,,,1,,,1,,,,,1,1,,,,,,,,,,,,,1,1,1,1,,,1,1,,,,,,,,,,1,1,1,1,,,,,,,,,,,,,,,,,,,,,,1,,,1,,1,,1,,,1,1,1,1,,,,,,,,,,1,1,1,1,1,,,,,,,,,,1,,,,,,,,,,,,1,,1,,1,,1,,1,,1,,1,,1,1,,1,1,1,,,1,1,1,1,,,,,,,,,,,,,,,1,,,1,,,,,,,,,,1,,1,,,,1,1,1,1,1,1,,,1,1,,,1,1,,,1,,1,,1,,1,,1,,1,,1
Sympistis occata,1,,1,1,1,,,,,1,,,,,,,,,,,,,,,,,,,1,1,,,,,,,1,,,1,,,,1,,,,,,,,,,,,1,1,1,,1,1,,,,1,1,,,,,,,,,1,1,1,,,,,,,,,,,,,,,,,,,,,,,,1,,,1,,1,,1,,,,1,1,1,,,,,,,,,,1,,1,1,1,,,,,,,,,,1,,,,,,,,,,,,1,,1,1,1,,1,,1,,1,,1,,1,,1,,1,1,1,,1,1,1,,,1,1,1,,,,,,,,,1,,1,1,1,1,,,,,,,,,,1,1,,,1,1,1,1,,,1,,,,,1,,,1,1,,,1,,1,,1,,1,,1,,1,,1
Sympistis umbrifascia,1,1,1,1,1,,,,1,1,,1,,1,,,1,,1,,1,,,1,,,,1,,1,1,1,,,,,1,,,,,,,1,1,,,,,,,,,,,,,1,1,1,1,,,,1,1,,,,,,,,,,1,1,1,1,,,,,,,,,,,,,,,,,,,,,,1,,,1,,1,,1,,1,,1,,,,,,,,,,,,1,,1,,,,,,,,,,,,1,,,,,,,,,,,,1,,1,,1,,1,,1,,1,,1,,1,,1,,1,1,,,1,,1,,1,1,,1,,,,,,,,,1,,1,1,,1,,,,,,,,,,1,1,1,,1,,1,,1,,1,,,,,1,,,1,1,,,1,1,1,,1,,1,,1,,1,,1
Sympistis satanella,,,1,,,,,,,,,,,,,,,,,,,,,,,,,,,,,,1,1,,,,,,,,,,,,,,,,,,,,,,,,,,1,1,1,,,1,1,,,,,,,,,,1,1,1,,,,,,,,,,,,,,,,,,,,,,,1,,,1,,1,,1,,1,1,1,,,,,,,,,,,,1,1,1,,1,,,,,,,,,,1,,,,,,,,,,,,1,,1,,1,,1,,1,,1,,1,,1,,1,,1,1,1,,1,1,1,1,1,,,1,,,,,,,,,,1,1,,,1,,,,,,,,,,1,1,,,1,,1,,1,1,,1,,,1,1,,,1,1,,,1,,1,,1,,1,,1,,1,,1
Sympistis aterrima,,,1,,,,,,,,,,,,,,,,,,,,,,,,,,,,1,1,,,,,,,,,,,,,,,,,,,,,,,,,,,,1,1,,,,1,1,,,,,,,,,1,1,1,,,,,,,,,,,,,,,,,,,,,,,,1,,,1,,1,,1,,1,,,,,,,,,,,,,,,1,1,,,,,,,,,,,,1,,,,,,,,,,,,1,,1,,1,,1,,1,,1,,1,,1,,1,1,1,,1,,1,,1,1,,,,,,,,,,,,,,,1,,,,,,,,,,,,,1,1,1,,1,,1,1,,,1,,,,,1,,,1,1,,,1,,1,,1,,1,,1,,1,,1
Sympistis apep,1,1,1,,,,,,,1,,,,1,,,,,1,,,,,,,,,,,1,,,,,,,,,,,,,,,,,,,,,,,,,,,,,,,1,,,,1,1,,,,,,,,,1,1,1,,,,,,,,,,,,,,,,,,,,,,,,1,,,1,,1,,1,,,,1,1,1,,,,,,,,,,1,1,1,1,1,,,,,,,,,,1,,,,,,,,,,,,1,,1,,1,,1,,1,,1,,1,,1,1,1,1,1,1,1,,1,1,1,1,1,,,,,,,,,,,,,1,1,,1,,,,,,,,,,,1,1,1,1,,,1,1,,1,,1,,,1,1,,1,,1,,,1,,1,,1,,1,,1,,1,,1
Sympistis tenuifascia,1,1,1,,1,,,,,1,,1,,,,,1,,,1,,,,,,,,,,1,,,,,,,,,,,,,,,1,,,,,,,,,,,,,,1,1,1,,,,1,,,,,,,,,1,1,,,,,,,,,,,,,,,,,,,,,,,,,,1,,,1,,1,,1,,,,1,1,,,,,,,,,,,,1,1,1,1,,,,,,,,,,1,,,,,,,,,,,,1,,1,,1,,1,,1,,1,,1,,1,,1,,1,1,1,,1,,1,1,,,,,,,,,,,,,,,1,,,1,,,,,,,,,,1,,1,,,,1,1,,1,1,1,,,1,1,,1,1,1,,,1,,1,,1,,1,,1,,1,,1
Sympistis parvanigra,1,1,1,,1,,,,1,,1,,,1,1,,,,,,,1,,,,,,,,1,1,,,,,,,,,,,,,1,1,,,,,,,,,,,,,1,1,1,1,,,,1,1,,,,,,,,,1,1,1,1,,,,,,,,,,,,,,,,,,,,,,,1,,,1,,1,,1,,1,,1,1,,,,,,,,,,,1,1,1,1,1,,,,,,,,,,1,,,,,,,,,,,,1,,1,,1,,1,,1,,1,,1,,1,1,1,1,1,1,,,1,,1,1,,1,,1,,,,,,,,,,1,1,1,,1,,,,,,,,,,1,1,,1,1,,1,,1,1,1,1,,,1,1,,1,1,1,,,1,,1,,1,,1,,1,,1,,1
Sympistis parvacana,1,,1,,,,,,,1,,,,,,,,,,,,,,,,,,,1,,,,,,,,,,,,,,,,,,,,,,,,,,,,,,,,1,1,,,1,1,,,,,,,,,,1,1,1,,,,,,,,,,,,,,,,,,,,,,,1,,,1,,1,,1,,,,1,1,1,,,,,,,,,,1,1,1,1,1,,,,,,,,,,1,,,,,,,,,,,,1,,1,,1,,1,,1,,1,,1,,1,,1,,1,1,1,,1,1,1,1,1,,,,,,,,,,,,,1,1,,,,,,,,,,,,,1,1,1,,1,,1,,1,1,,1,,,1,1,,1,1,1,1,,1,,1,,1,,1,,1,,1,,1
Sympistis stabilis,1,1,1,1,1,,,,,1,1,1,,,,1,1,,,,,,,,,,,,1,1,,,,,,,1,,,1,,,,1,1,1,,1,,,,,,,,,1,1,1,1,,,,,,1,,,,,,,,,,,,1,1,1,1,,,,,,,,,,,,,,,,,,,,1,,,1,,1,,1,,,,,1,,,,,,,,,,1,,,,1,,,,,,,,,,,1,,,,,,,,,,,,1,,1,,1,,1,,1,,1,,1,,1,,1,,1,,1,,1,,1,,,,1,,,,,,,,,,1,,,,,1,,,,,,,,,,1,1,1,,1,,1,,1,,1,,,,,1,,,1,1,1,,1,1,1,,1,,1,,1,,1,,1
Sympistis punctilinea,,1,,,,,,,,,,,,,,,,,,1,,,,,,,,,,,,,,,,,,,,,,,,,,,,,,,,,,,,,,,1,,,,,,1,1,,,,,,,,,,1,1,1,1,,,,,,,,,,,,,,,,,,,,,,1,,,1,,1,,1,,,,,1,1,,,,,,,,,1,1,,,1,1,,,,,,,,,,1,,,,,,,,,,,,1,,1,,1,,1,,1,,1,,1,,1,,1,,1,,1,,1,,1,,1,,,1,,,,,,,,,1,,,1,1,,,,,,,,,,,1,1,1,,1,,1,,1,,1,,,,,1,1,,1,1,,,1,1,1,,1,,1,,1,,1,,1
Sympistis badistriga,,,,,1,,,,,,,,,,,,,,,,,,,,,,,,,,,,,,,,,,,,,,,,,,,1,,,,,,,,,,,1,,,,,,,1,,,,,,,,,,,,1,1,1,,,,,,,,,,,,,,,,,,,,,1,,,1,,1,,1,,,,,1,,,,,,,,,,,1,,,,1,,,,,,,,,,1,,,,,,,,,,,,1,1,1,,1,1,1,1,,1,,,1,,1,,1,1,1,,1,1,1,1,1,1,1,1,1,1,,,,,,,,,1,1,1,1,1,1,,,,,,,,,,1,1,1,,1,1,1,1,1,1,1,1,,,1,1,,1,1,1,,,1,1,1,,1,,1,,1,,1,,1
Sympistis fifia,1,1,1,,1,,,,1,1,1,1,,1,,1,1,,1,,,1,,1,,,,,,1,,,1,,,,,,,,,,,1,1,,,,,,,,,,,,,1,1,1,1,,,,,1,,,,,,,,,,,,,1,1,1,,,,,,,,,,,,,,,,,,,,1,,,1,,1,,1,,1,1,1,1,,,,,,,,,,,1,1,1,1,,,,,,,,,,,1,,,,,,,,,,,,1,1,1,,1,1,1,1,,,1,1,1,,1,,1,,1,,1,,1,,1,,,1,,,,,,,,,,,1,1,1,,,,,,,,,,,,,1,1,1,,1,,1,,1,,1,,,,,1,,1,1,1,,,1,1,1,,1,,1,,1,,1,,1
Sympistis dinalda,,,,1,1,,,,,,,,,,,,,,,,,,,,,,,,,,,,,,1,,,,,,,,,,1,,,1,,,,,,,,,,,1,1,,,,,,1,,,,,,,,,,,,,,1,1,1,,,,,,,,,,,,,,,,,,,1,,,1,,1,,1,,,,1,1,,,,,,,,,,,1,,,,,,,,,,,,,,1,,,,,,,,,,,,1,1,1,,1,,1,1,,,1,,1,,1,,1,,1,,1,,1,,1,,1,1,,,,,,,,,,,1,,1,1,,,,,,,,,,,,1,1,1,,1,,1,1,1,,1,,,,,1,,1,1,1,,,1,1,1,,1,,1,,1,,1,,1
Sympistis iricolor,1,1,1,,,,,,,1,,,,,,,,,,1,,,,,,,,,,,,,1,1,,,,,,,,,,,,,,,,,,,,,,,,,,,1,1,,,,1,,,,,,,,,,,,1,1,1,,,,,,,,,,,,,,,,,,,,,1,,,1,,1,,1,,,,1,,1,,,,,,,,,,1,1,1,,1,,,,,,,,,,1,,,,,,,,,,,,1,,1,,1,,1,,1,,1,,1,,1,,1,,1,1,,,1,1,1,1,1,,,,,,,,,,,,,1,1,,,,,,,,,,,,,1,1,1,,1,,1,,1,1,,1,,,1,1,,1,1,1,,,1,,1,,1,,1,,1,,1,,1
Sympistis simplex,1,1,1,,,,,,,1,,,,,,,,,1,,,,,,,,,,,1,,,,,,,,,,,,,,,,,,,,,,,,,,,,,,,1,1,,,,1,,,,,,,,,,,,1,1,1,,,,,,,,,,,,,,,,,,,,,1,,,1,,1,,1,,,,,,1,,,,,,,,,,1,,1,1,,,,,,,,,,,1,,,,,,,,,,,,1,,1,,1,,1,,1,,1,,1,,1,1,,,1,1,,,1,1,1,,1,,,,,,,,,,,,,1,,,,,,,,,,,,,,1,1,1,,1,1,1,,1,1,,1,,,1,1,,1,,1,,,1,1,1,,1,,1,,1,,1,,1
Sympistis goedeni,,,1,,,,,,,,,,,,,,,,,,,,,,,,,,,,,1,,,,,,,,,,,,,,,,,,,,,,,,,,,1,1,1,,,,,1,,,,,,,,,,,,,,,1,1,,,,,,,,,,,,,,,,,,,1,,,1,,1,,1,,,,1,1,1,,,,,,,,,1,,,1,1,1,,,,,,,,,,1,,,,,,,,,,,,1,,1,,1,,1,,1,,1,,1,,1,,1,,1,1,1,,1,,1,,1,,,,,,,,,,,,1,,,1,,,,,,,,,,,,1,1,1,,1,1,,,1,,1,,,,,1,1,1,,1,,,1,1,1,,1,,1,,1,,1,,1
Sympistis glennyi,1,1,1,,1,,,,1,,1,1,,1,1,,,,1,,,,,,,,,1,,1,,,,,,,,,,,,,,1,1,,,,,,,,,,,,,,1,1,1,,,,,1,,,,,,,,,,,,,,1,1,1,,,,,,,,,,,,,,,,,,,1,1,,1,,1,,1,,,,1,1,1,,,,,,,,,1,1,,1,1,1,,,,,,,,,,1,,,,,,,,,,,,1,,1,,1,,1,,1,,1,,1,,1,,1,,1,1,1,,1,,1,,,1,1,1,,,,,,,,,1,,1,1,1,1,,,,,,,,,,1,1,,,1,1,1,,1,1,1,1,,,1,1,,,1,1,,,1,,1,,1,,1,,1,,1,,1
Sympistis tartarea,,,1,,,,,,,,,,,,,,,,,,,,,,,,,,,,,,,1,,,,,,,,,,,,,,,,,,,,,,,,,,,1,1,,,,1,,,,,,,,,,,,1,1,1,,,,,,,,,,,,,,,,,,,,,1,,,1,,1,,1,,,1,1,,,,,,,,,,,,1,1,1,,,,,,,,,,,,1,,,,,,,,,,,,1,,1,,1,,1,,1,1,1,,1,,1,1,,1,1,1,,,1,1,1,1,1,,,,,,,,,,,,,1,1,,,,,,,,,,,,,1,,1,,,,1,,1,1,,1,,,1,1,,1,1,1,,,1,,1,,1,,1,,1,,1,,1
Sympistis incubus,1,1,1,,1,,,,,1,,,,,,,,,,1,,,,,,,,,,1,,,1,1,,,,,,,,,,,1,,,,,,,,,,,,,,,1,1,1,,,,1,,,,,,,,,,,,1,1,1,1,1,,,,,,,,,,,,,,,,,,,1,,,1,,1,,1,,,,1,1,1,,,,,,,,,,1,1,1,1,1,,,,,,,,,,1,,,,,,,,,,,,1,,1,,1,,1,,1,,1,,1,,1,1,1,1,1,1,,,1,1,1,1,,,,1,,,,,,,,,,1,1,,,1,,,,,,,,,,1,,1,,,,1,,1,1,,1,,,1,1,,1,,1,,,1,,1,,1,,1,,1,,1,,1
Sympistis seth,,1,1,,,,,,,,,,,,,,,,1,,,,,,,,,,,1,,,1,1,,,,,,,,,,,,,,,,,,,,,,,,,,,1,1,,,,1,,,,,,,,,,,,,,1,1,1,1,,,,,,,,,,,,,,,,,,1,,,1,,1,,1,,,,1,,1,,,,,,,,,,1,1,1,1,1,,,,,,,,,,1,,,,,,,,,,,,1,,1,,1,,1,,1,,1,,1,,1,1,1,1,1,1,,,1,1,,1,1,,,1,,,,,,,,,,1,1,,,1,,,,,,,,,,1,,1,,,,1,,1,1,,1,,,1,1,,1,1,1,,,1,,1,,1,,1,,1,,1,,1
Sympistis sesmu,1,1,1,,,,,,,1,,,,1,,,,,,1,,,,,,,,1,,1,,,1,,,,,,,,,,,,,,,,,,,,,,,,,,,,1,1,,,,1,,,,,,,,,,,,,,1,1,1,1,,,,,,,,,,,,,,,,,,1,1,,1,,1,,1,,1,1,,1,1,,,,,,,,,,1,1,1,1,1,,,,,,,,,,1,,,,,,,,,,,1,1,,1,,1,,1,,1,,1,,1,,1,1,1,,1,1,,,1,1,,,1,,,1,,,,,,,,,,1,,1,,,,,,,,,,,,1,1,,,1,1,,,1,1,,1,,,1,1,,1,1,1,,,1,1,1,,1,,1,,1,,1,,1
Sympistis poliochroa,1,1,1,1,1,,,,1,1,,,,1,1,,,,1,,1,1,1,,,,,,1,1,1,,,,,,1,,,,,,,1,1,1,,,,,,,,,,,,,1,1,1,,,,,1,,,,,,,,,,,,,,1,1,1,,,,,,,,,,,,,,,,,,,1,1,,1,,1,,1,,,,1,,,,,,,,,,,1,1,1,,,1,,,,,,,,,,1,,,,,,,,,,,,1,,1,,1,,1,,1,,1,,1,,1,1,,,1,,1,1,1,1,1,,1,1,,1,,,,,,,,,,,1,1,,1,,,,,,,,,,1,1,,,1,1,,,1,1,,1,,,1,1,,1,,1,,,1,1,1,,1,,1,,1,,1,,1
Sympistis utahensis,,1,,,,,,,,,,,,,,,,,1,,,,,,,,,,,,,,,,,,,,,,,,,,,,,,,,,,,,,,,,,1,1,,,,,1,,,,,,,,,,,,,1,1,,,,,,,,,,,,,,,,,,,,,1,,,1,,1,,1,,,,1,,,,,,,,,,,1,1,1,,,1,,,,,,,,,,1,,,,,,,,,,,,1,1,,,1,1,1,1,,,1,,1,,1,1,,,1,,1,,1,,1,,1,1,,,,,,,,,,,1,,1,1,,,,,,,,,,,,1,1,,,1,1,1,,1,1,1,1,,,1,1,,1,1,1,,,1,,1,,1,,1,,1,,1,,1
Sympistis chandleri,,1,,,,,,,,,,,,,,,,,,,,,1,,,,,,,,,,,,,,,,,,,,,,,,,,,,,,,,,,,,,,1,,,,,1,,,,,,,,,,,,,1,1,,,,,,,,,,,,,,,,,,,,,1,,,1,,1,,1,,,,1,,,,,,,,,,,1,1,1,,,1,,,,,,,,,,1,,,,,,,,,,,,1,1,,,1,1,1,1,,,1,,1,,1,1,,,1,,1,,1,,1,,1,1,,,,,,,,,,,,,1,1,,,,,,,,,,,,1,,1,,,,1,,1,1,1,1,,,1,1,,1,1,1,,,1,,1,,1,,1,,1,,1,,1
Sympistis cibalis,1,1,1,1,1,,,,1,1,,,,,,,1,,1,,,,1,,,,,1,,,,,,,,,1,,,1,,,,1,,1,,,,,,,,,,,,,,1,1,1,,,,1,,,,,,,,,,,,,1,1,1,1,,,,,,,,,,,,,,,,,,,1,,,1,,1,,1,,,,1,,1,,,,,,,,,,1,1,1,,1,,,,,,,,,,1,,,,,,,,,,,,1,,1,,1,,1,,1,,1,,1,,1,,1,,1,,1,,1,,1,,1,,,,,,,,,,,,1,,,1,1,,,,,,,,,,,1,1,1,,1,1,1,,1,1,1,1,,,1,1,1,1,1,1,1,,1,1,1,,1,,1,,1,,1,,1
Sympistis mirificalis,1,1,1,,,,,,,1,,,,,,,,,1,,,,,,,,,,,1,,,,,,,,,,,,,,,,,,,,,,,,,,,,,,,1,,,,,1,,,,,,,,,,,,1,1,,,,,,,,,,,,,,,,,,,,,,1,1,,1,,1,,1,,,,1,1,1,,,,,,,,,,1,1,1,1,1,,,,,,,,,,1,,,,,,,,,,,,1,,1,,1,,1,1,1,,1,,1,,1,1,1,,1,1,1,,1,1,1,1,,,,,1,1,,,,,,,,1,1,,,,1,1,,,,,,,,1,,1,,,,1,,1,1,,1,,,1,1,,1,,1,,,1,,1,,1,,1,,1,,1,,1
Sympistis augustus,1,1,1,1,1,,,,,1,,,,,,1,1,,,,,,,,,,1,,1,1,,,,,,,1,,,,,,,1,1,,,,,,,,,,,,,,,1,1,1,,,,1,,,,,,,,,,,,1,1,1,1,,,,,,,,,,,,,,,,,,,,1,,,1,,1,,1,,,,1,1,1,,,,,,,,,,1,,1,1,1,,,,,,,,,,1,,,,,,,,,,,,1,,1,,1,,1,,1,,1,,1,,1,,1,,1,1,,,1,1,1,,1,,,,,,,,,,,,1,,,1,,,,,,,,,,,,1,1,1,,1,1,1,,1,1,1,1,,,1,1,1,1,,1,,,1,,1,,1,,1,,1,,1,,1
Sympistis sandaraca,1,1,1,,1,,,,1,1,,,,1,,,,,,,1,,,,,,,,,1,1,1,,,,,,,,,,,,,1,,,,,,,,,,,,,,,1,1,1,,,,1,,,,,,,,,,,,,,1,1,,,,,,,,,,,,,,,,,,,,1,1,,1,,1,,1,,,,,1,1,,,,,,,,,1,,,,1,1,,1,,,,,,,,1,,,,,,,,,,,,1,,1,,1,,1,,1,,1,,1,,1,,1,,1,1,1,,1,,1,1,1,,,1,1,,,,,,,,,1,1,,,1,1,,,,,,,,,1,1,1,1,1,,1,1,1,1,,1,,,1,1,,,1,1,,,1,,1,,1,,1,,1,,1,,1
Sympistis hayesi,1,1,1,1,1,,,,,1,,1,,,,,1,,1,,,,1,,,,,,,1,,,1,,,,1,,,,,1,,,1,,,,,,,,,,,,,,,1,1,,,,,1,,,,,,,,,,,1,1,,,,,,,,,,,,,,,,,,,,,,,1,1,,1,,1,,1,,,,1,1,,,,,,,,,,,1,,1,1,1,,,,,,,,,,1,,,,,,,,,,,,1,,1,,1,,1,,1,,1,,1,,1,,1,,1,,1,,1,,1,,1,,,1,1,,,,,,,,,1,,,,1,1,,,,,,,,,1,1,1,,1,,1,,1,1,,1,,,1,1,,1,1,1,,,1,,1,,1,,1,,1,,1,,1
Sympistis pudorata,1,1,,,1,,,,,,,,,1,,,,,,,,1,,,,,,,,,,,,,,,,,,,,,,1,1,,,,,,,,,,,,,,1,1,,,,,,1,,,,,,,,,,,,1,1,,,,,,,,,,,,,,,,,,,,,,1,,,1,,1,,1,,,,1,1,,,,,,,,,,1,,,1,1,1,,,,,,,,,,1,,,,,,,,,,,,1,,1,,1,,1,,1,,1,,1,,1,,1,,1,,1,,1,,1,1,1,,,,,,,,,,,,,1,1,,,,,,,,,,,,,1,1,,1,1,,1,1,1,1,,1,,,1,1,,1,1,1,,,1,,1,,1,,1,,1,,1,,1
Sympistis acheron,1,1,1,,1,,,,1,1,,1,,1,1,,1,,,,1,1,,,,,,1,1,1,1,1,,,,,,,,,,,,1,1,1,,,,,,,,,,,,,1,1,1,1,,,,1,,,,,,,,,,,,,,1,1,1,1,,,,,,,,,,,,,,,,,,1,,,1,,1,,1,,,,1,,,,,,,,,,,,1,,,,,,,,,,,,,,1,,,,,,,,,,,,1,,1,,1,,1,,1,,1,,1,,1,1,1,,1,1,,,1,,1,,,1,1,,,,,,,,,,1,,1,1,1,1,,,,,,,,,,1,1,1,,1,,1,,1,,1,,,,,1,,1,,1,,,1,,1,,1,,1,,1,,1,,1
Sympistis major,1,1,1,1,1,,,,,1,1,1,,1,,,1,,1,,,,,,,,,1,,1,,1,1,,,,1,,,,,,,1,,1,,1,,,,,,,,,1,1,1,1,,,,,,1,,,,,,,,,,,,,,1,1,1,1,,,,,,,,,,,,,,,,,,1,1,,1,,1,,1,,,,1,1,,,,,,,,,,1,1,1,,,1,,,,,,,,,,1,,,,,,,,,,,,1,1,1,,1,,1,,1,,1,,1,,1,1,1,,1,,1,,1,,1,,1,1,1,1,,,,,,,,,1,1,,1,,,,,,,,,,,,1,1,1,,1,1,,,1,,1,,,,,1,,1,1,1,,,1,1,1,,1,,1,,1,,1,,1
Sympistis sobek,,,1,,,,,,,,,,,,,,,,,,,,,,,,,,,,,1,,,,,,,,,,,,,,,,,,,,,,,,,,,,1,1,,,,,1,,,,,,,,,,,,,1,1,1,1,1,,,,,,,,,,,,,,,,,,1,,,1,,1,,1,,,,,1,,,,,,,,,,1,1,,,,1,,1,,,,,,,,1,,,,,,,,,,,,1,,1,,1,,1,,1,,1,,1,,1,,1,,1,1,,,1,1,1,,1,,,1,,,,,,,,,,1,,1,,,,,,,,,,,,1,,1,,,1,,,1,1,,1,,,1,1,1,1,,1,,,1,1,1,,1,,1,,1,,1,,1
Sympistis hathor,,,1,,,,,,,,,,,,,,,,,,,,,,,,,,,,,,1,,,,,,,,,,,,,,,,,,,,,,,,,,,1,1,,,,,1,,,,,,,,,,,,,1,1,1,,,,,,,,,,,,,,,,,,,,1,,,1,,1,,1,,,,,1,1,,,,,,,,,,1,,,1,1,,,,,,,,,,1,,,,,,,,,,,,1,,1,,1,,1,,1,,1,,1,,1,,1,,1,1,1,,1,1,1,,1,,,,,,,,,,,,,1,,,,1,,,,,,,,,,1,1,1,,1,1,1,,1,1,,1,,,1,1,1,1,,1,1,,1,1,1,,1,,1,,1,,1,,1
Sympistis columbia,1,1,1,,1,,,,1,1,1,1,,1,1,,1,,,,,,,,,,,,,1,1,,,,,,,,,,,,,1,,,,,,,,,,,,,,,1,1,1,,,,,1,,,,,,,,,,,,,,,1,1,,,,,,,,,,,,,,,,,,,1,,,1,,1,,1,,,,1,1,,,,,,,,,,,1,,,,,,,,,,,,,,1,,,,,,,,,,,,1,,1,,1,,1,,1,,1,,1,,1,1,,,1,1,,,1,,1,,1,,,,,,,,,,,,1,,,1,,,,,,,,,,,,1,1,,,1,1,1,,1,1,1,1,,,1,1,1,1,,1,1,,1,1,1,,1,,1,,1,,1,,1
Sympistis pallida,,1,1,,,,,,,,,,,,,,,,,,,,,1,,,,,,,,,1,,,,,,,,,,,,,,,,,,,,,,,,,,,1,1,,,,,1,,,,,,,,,,,,,,1,1,1,,,,,,,,,,,,,,,,,,,1,,,1,,1,,1,,,,1,,,,,,,,,,,1,1,1,,,,,,,,,,,,,1,,,,,,,,,,,,1,,1,,1,,1,,1,,1,,1,,1,,1,,1,1,,,1,1,1,,1,1,,,,,,,,,,,1,,1,1,,,,,,,,,,,,1,1,,,1,1,1,,1,1,,1,,,1,1,1,,1,1,,,1,,1,,1,,1,,1,,1,,1
Sympistis cherti,1,,1,,1,,,,1,1,1,,,1,1,,,,,,,,,,,,,,,,1,1,,,,,,,,,,,,1,,,,,,,,,,,,,,,1,1,1,1,,,,1,1,,,,,,,,,,,,,,1,1,1,1,1,,,,,,,,,,,,,,,,1,1,,1,,1,,1,,,,1,,,,,,,,,,,,1,,,1,1,,,,,,,,,,1,,,,,,,,,,,,1,,1,,1,,1,,1,,1,,1,,1,1,1,,1,1,,,1,1,1,1,1,1,,1,,,,,,,,,,1,1,1,,1,,,,,,,,,,1,1,,,1,1,,,1,1,,1,,,1,1,,1,,1,,,1,1,1,,1,,1,,1,,1,,1
Sympistis youngi,1,1,1,1,1,,,,1,1,1,1,,1,1,,1,,,,,,,,,1,,,1,1,1,1,,,1,,,,,,,1,,1,,,,,,,,,,,,,,1,1,1,1,1,,,,1,,,,,,,,,,,,,1,1,1,1,1,,,,,,,,,,,,,,,,,,1,,,1,,1,,1,,,,1,1,,,,,,,,,,,1,,1,1,,,,,,,,,,,1,,,,,,,,,,,,1,,1,,1,,1,,1,,1,,1,,1,1,1,,1,1,,,1,,1,,1,,,,,,,,,,,,1,1,,1,,,,,,,,,,,,1,1,1,,1,1,,,1,,1,,,,,1,1,1,,1,,,1,1,1,,1,,1,,1,,1,,1
Sympistis fortis,,,1,,,,,,,,,,,,,,,,,,,,,,,,1,,,,,1,,,,,,,,,,,,,,,,,,,,,,,,1,,,,1,1,1,,,,1,,,,,,,,,,,,,,,1,1,1,,,,,,,,,,,,,,,,,,1,1,,1,,1,,1,,,,,1,1,,,,,,,,,1,1,,,,,,,,,,,,,,1,,,,,,,,,,,,1,,1,,1,,1,,1,,1,,1,,1,,1,,1,,1,,1,,1,,1,,,,,,,,,,,,1,,,1,1,1,,,,,,,,,,1,,1,,,1,,,1,,1,,,,,1,1,,1,1,,,1,,1,,1,,1,,1,,1,,1
Sympistis chionanti,,,,,,,,,,,,,,,,,,,,,,,,,,,,,,,,,,,,,,,,,,,,,,,,,,,,,,,,,,,,1,,,,,,1,1,,,,,,,,,,,,,,,,1,1,1,,,,,,,,,,,,,,,,1,1,,1,,1,,1,,,,1,,,,,,,,,,,,1,,,,,,,,,,,,,,1,,,,,,,,,,,,1,,1,1,1,,1,,1,,1,,1,,1,1,1,,1,1,,,1,,1,,1,,,,,,,,,,,,1,,,1,,,,,,,,,,,,1,,1,,,,1,1,1,,1,,,,,1,1,1,,1,,,1,1,1,,1,,1,,1,,1,,1
Sympistis barnesii,1,1,1,1,1,,,,1,,1,1,,1,1,,1,,,,,,,,,,,,,1,1,,,,,,1,,,,,,,1,1,,,,,,,,,,,,,,1,1,1,,,,,1,,,,,,,,,,,,,,,1,1,1,,,,,,,,,,,,,,,,,,1,,,1,,1,,1,,,,1,,,,,,,,,,,,1,,,,,,,,,,,,,,1,,,,,,,,,,,,1,,1,1,1,,1,1,1,1,1,,1,,1,,1,,1,,1,,1,,1,,1,1,,,,,,,,,,,1,,1,1,,,,,,,,,,,,1,1,1,,1,,1,,1,1,1,1,,,1,1,,1,1,1,,,1,1,1,,1,,1,,1,,1,,1
Sympistis chalybdis,1,,,1,1,,,,1,,,1,,,1,,,,,,,,,,,,,,,,,,,,1,,,,,,,,,1,1,,,,,,,,,,,,,,1,1,1,1,,,,1,,,,,,,,,,,,,,,1,1,,,,,,,,,,,,,,,,,,,1,1,,1,,1,,1,,1,,1,,,,,,,,,,,,1,,1,,,,,,,,,,,,1,,,,,,,,,,,,1,,1,1,1,,1,,1,,1,,1,,1,,1,,1,,1,,1,,1,1,1,,,,,,,,,,,,,1,1,,,,,,,,,,,,,1,,1,,,,1,,1,1,,1,,,1,1,,1,1,1,1,,1,1,1,,1,,1,,1,,1,,1
Sympistis funebris,1,,,,1,,,,,,,,,1,1,,,,,,,,,,,,,,,,,,,,,,,,,,,,,,1,,,1,,,,,,,,,,1,1,1,,,,,1,1,,,,,,,,,,1,1,,,,,,,,,,,,,,,,,,,,,,,,1,,,1,,1,,1,,1,,1,1,,,,,,,,,,,1,,1,1,,,,,,,,,,,1,,,,,,,,,,,,1,,1,,1,,1,,1,,1,,1,,1,,1,,1,,1,,1,,1,1,,1,,,,,,,,,,,1,1,1,1,,,,,,,,,,,,1,,1,,,,1,,1,,1,,,,,1,,,1,1,,,1,,1,,1,,1,,1,,1,,1
Sympistis dentata,1,,1,,1,,,,,,1,,,,,,,,,,,,,,,,,,1,1,,,,,,,,,,,,,,1,1,1,,,,,,,,,,,,,1,1,1,,,,,1,,,,,,,,,,,,1,1,1,1,,,,,,,,,,,,,,,,,,,,1,,,1,,1,,1,,,,1,,,,,,,,,,,1,,,,,,,,,,,,,,,1,,,,,,,,,,,,1,,1,,1,,1,,1,,1,,1,,1,,1,,1,,1,,1,,1,,,1,,1,,,,,,,,,1,,,,,,,,,,,,,,,1,,1,,,,1,,1,,1,,,,,1,1,1,,1,,,1,,1,,1,,1,,1,,1,,1
Sympistis anweileri,1,,1,1,1,,,,1,1,1,,,1,,,,,,,,,,,,,,,1,,,,,,,,1,,,,,1,,1,1,1,,,,,,,,,,,,,1,1,1,,,,,1,,,,,,,,,,,,,1,1,1,1,,,,,,,,,,,,,,,,,1,,1,,,1,,1,,1,,1,,1,,,,,,,,,,,,1,1,1,,,,,,,,,,,,1,,,,,,,,,,,,1,,1,,1,,1,,1,,1,,1,,1,,1,,1,1,1,,1,,1,,,1,,,,,,,,,,,1,,,,,,,,,,,,,,,1,,1,,,,1,,1,,1,,,,,1,1,1,,1,,,1,,1,,1,,1,,1,,1,,1
Sympistis californiae,1,,1,,1,,,,,,,,,1,1,,,,,,,,,,,,,,,,1,1,,,,,,,,,,,,1,,,,,,,,,,,,,,,1,1,1,,,,,1,,,,,,,,,,,,,,1,1,1,,,,,,,,,,,,,,,,,,,1,,,1,,1,,1,,1,,1,,,,,,,,,,,,1,1,1,,,,,,,,,,,,1,,,,,,,,,,,,1,,1,,1,,1,1,1,,1,,1,,1,,1,1,1,1,1,,1,,1,,,1,,1,,,,,,,,,1,,,,,,,,,,,,,,,1,,1,,,,1,,1,,1,,,,,1,1,1,,1,,,1,,1,,1,,1,,1,,1,,1
Sympistis lacticollis,1,1,1,,1,,,,,1,1,,,1,,,,,1,1,,1,,,,,,1,,1,,1,1,,,,,,,,,,,1,,,,,,,,,,,,,,1,,1,1,,,,1,1,,,,,,,,,,1,1,1,1,,,,,,,,,,,,,,,,,,,,,,1,,,1,,1,,1,,,,1,,1,,,,,,,,,1,1,,,,,,,,,,,,,,1,,,,,,,,,,,1,1,,1,,1,,1,,1,,1,,1,,1,,1,,1,,1,,1,,1,,1,,,1,,,,,,,,,1,1,,1,,,,,,,,,,,,1,1,1,,1,1,,,1,,1,,,,,1,1,1,1,1,,,1,,1,,1,,1,,1,,1,,1
Sympistis sokar,1,1,1,,,,,,1,1,,1,,1,,,,,1,1,,1,,1,,,,,1,1,,1,1,1,,,,,,,,,,,,,,,,,,,,,,,,,1,1,1,1,,,,1,,,,,,,,,,,,,,1,1,,,,,,,,,,,,,,,,,,,,1,1,,1,,1,,1,,,,1,1,1,,,,,,,,,,1,,1,1,1,,,,,,,,,,1,,,,,,,,,,,,1,,1,,1,,1,,1,,1,,1,,1,,1,,1,,1,,1,,1,1,1,1,,,,,,,,,,,,1,1,1,,,,,,,,,,,,1,,1,,,1,1,,1,1,,1,,,1,1,1,1,1,1,,,1,,1,,1,,1,,1,,1,,1
Sympistis extremis,1,1,1,,1,,,,1,,1,,,1,1,,,,,,,1,,,,,,,,,1,1,,,,,,,,,,,,1,1,,,,,,,,,,,,,,1,1,1,,,,,1,,,,,,,,,,,,,,1,1,1,,,,,,,,,,,,,,,,,,,1,1,,1,,1,,1,,1,1,,,1,,,,,,,,,,1,1,,,1,,,,,,,,,,1,,,,,,,,,,,,1,,1,,1,,1,,1,,1,,1,,1,,1,,1,,1,,1,1,1,1,1,1,,,,,,,,,,,,1,1,1,,,,,,,,,,,,1,1,1,,1,1,1,,1,1,,1,,,1,1,,1,1,1,1,,1,1,1,,1,,1,,1,,1,,1
Sympistis meadiana,1,1,1,,1,,,,1,1,1,,,1,,,,,1,,,,,,,,,,,1,1,1,,,,,,,,,,,,1,,,,,,,,,,,,,,,1,1,1,,,,1,1,,,,,,,,,,1,1,1,1,,,,,,,,,,,,,,,,,,,,,,1,,,1,,1,,1,,,,1,,,,,,,,,,,,1,1,,1,,,,,,,,,,,1,,,,,,,,,,,,1,,1,1,1,,1,,1,,1,,1,,1,,1,,1,1,1,,1,,1,,1,,,,,,,,,,,,1,1,,1,,,,,,,,,,,,1,,1,,,1,,,1,,1,,,,,1,1,1,,1,,,1,,1,,1,,1,,1,,1,,1
Sympistis orbicularis,,,1,,,,,,,,,,,,,,,,,,,,,,,,,,,,,,1,,,,,,,,,,,,,,,,,,,,,,,,,,,1,1,,,,1,1,,,,,,,,,,1,1,1,1,,,,,,,,,,,,,,,,,,,,,,1,,,1,,1,,1,,,,1,,,,,,,,,,,1,1,1,,1,,,,,,,,,,,1,,,,,,,,,,,,1,,1,1,1,,1,,1,,1,,1,,1,,1,,1,1,1,,1,,1,,1,,,,,,,,,,,,1,1,,1,,,,,,,,,,,,1,1,1,,1,1,,,1,1,1,1,,,1,1,,1,1,1,,,1,,1,,1,,1,,1,,1,,1
Sympistis dunbari,1,,1,,1,,,1,1,1,1,1,,1,,,,,,,,,,,,,1,,,1,1,1,,,,,,,,,,1,,,1,,,,,,,,,,,,,,1,1,1,1,,,,1,,,,,,,,,,,,1,1,1,,,,,,,,,,,,,,,,,,,,,1,,,1,,1,,1,,,,1,,,,,,,,,,,,1,1,,1,,,1,,,,,,,,1,,,,,,,,,,,,1,,1,,1,,1,,1,,1,,1,,1,1,1,,1,1,,,1,,1,,1,,,,,,,,,,,,1,1,,1,,,,,,,,,,,,1,,1,,,1,1,,1,,1,,,,,1,1,1,,1,,,1,,1,,1,,1,,1,,1,,1
Sympistis definita,,,1,,,,,,,,,,,,,,,,,,,,,,,,,,,,,,1,,,,,,,,,,,,,,,,,,,,,,,,,,1,1,1,,,,1,1,,,,,,,,,,1,1,1,1,,,,,,,,,,,,,,,,,,,,,,1,,,1,,1,,1,,,,1,,,,,,,,,,,,1,1,,1,,,1,,,,,,,,1,,,,,,,,,,,,1,,1,,1,,1,,1,,1,,1,,1,1,1,,1,1,,,1,,1,,1,,,,,,,,,,,,1,1,,1,,,,,,,,,,,,1,,1,,,1,1,,1,,1,,,,,1,1,1,1,1,,,1,,1,,1,,1,,1,,1,,1
Sympistis wilsoni,1,,,,1,,,,,,,,,1,,,,,,,,,,,,,,,,,,,,,,,,,,,,1,1,1,1,,,,,,,,,,,,,,1,1,,,,,1,1,,,,,,,,,1,1,1,,,,,,,,,,,,,,,,,,,,,,,,1,,,1,,1,,1,,1,,1,,,,,,,,,,,,,1,1,,,,,,,,,,,,1,,,,,,,,,,,,1,,1,,1,,1,,1,,1,,1,,1,,1,,1,1,1,,1,1,1,1,,1,,,,,,,,,,,1,,1,,,,,,,,,,,,,1,1,1,,1,,1,,1,,1,,,,,1,,,1,1,,,1,,1,,1,,1,,1,,1,,1
Sympistis lapponica,,,,,1,,,,,,,,,,,,,,,,,,,,,,,,,,,,,,,,,,,,,,,,1,,,,,,,,,,,,,1,1,,,,,,1,1,,,,,,,,,,1,1,,,,,,,,,,,,,,,,,,,,,,,,1,,,1,,1,,1,,,,1,,,,,,,,,,,,1,1,,,,,,,,,,,,,1,,,,,,,,,,,,1,,1,,1,1,1,,1,,1,,1,,1,,1,,1,1,1,,1,1,1,1,,1,,,,,,,,,,,1,,1,,,,,,,,,,,,,1,1,1,,1,,1,1,,,1,,,,,1,,,1,1,,,1,,1,,1,,1,,1,,1,,1
Sympistis heliophila,,,,,1,,,,,,,,,,,,,,,,,,,,,,,,,,,,,,,,,,,,,,,,,,,1,,1,,,,,,,,1,1,,,,,,1,,,,,,,,,1,1,1,,,,,,,,,,,,,,,,,,,,,,,,,1,,,1,,1,,1,,,,1,,,,,,,,,,,,1,1,,,,,,,,,,,,,1,,,,,,,,,,,,1,,1,,1,1,1,,1,,1,,1,,1,,1,,1,1,,,1,1,1,,1,,,,,,,,,,,,,1,,,,,,,,,,,,,,1,1,,,1,,1,,1,1,,1,,,1,1,,,1,1,,,1,,1,,1,,1,,1,,1,,1
Sympistis zetterstedtii,1,,,,1,,,,,,,,,1,,,,,,,,,,,,,,,,,,,,,,,,,,,,,,1,1,1,1,1,,1,,,,,,,,1,1,1,,,,,1,1,,,,,,,,,1,1,1,,,,,,,,,,,,,,,,,,,,,,,,1,,,1,,1,,1,,1,,1,,,,,,,,,,,1,,,1,,,,,,,,,,,,1,,,,,,,,,,,,1,,1,,1,,1,,1,,1,,1,,1,,1,,1,1,1,,1,1,1,1,1,,,,,,,,,,,,,1,1,,,,,,,,,,,,,1,1,1,,1,,1,,1,1,,1,,,1,1,,,1,1,,,1,1,1,,1,,1,,1,,1,,1
Sympistis sagittata,,,1,,,,,,,,,,,,,,,,,,,,,,,,,1,,,,,1,,,,,,,,,,,,,,,,,,,,,,,,,,,1,1,,,,,1,,,,,,,,,,,,1,1,1,,,,,,,,,,,,,,,,,,,,,1,,,1,,1,,1,,,,1,,,,,,,,,,,,1,1,,1,,,,,,,,,,,1,,,,,,,,,,,,1,,1,,1,,1,,1,,1,,1,,1,1,1,,1,1,,,1,,1,1,1,1,1,1,,,,,,,,,,1,1,1,1,1,,,,,,,,,,1,1,1,,1,,1,,1,1,,1,,,1,1,,1,,1,,,1,1,1,,1,,1,,1,,1,,1
Sympistis shirleyae,,,1,,,,,,,,,,,,,,,,,,,,,,,,,,,,,,,,,,,,,,,,,,,,,,,,,,,,,,,,,1,,,,,,1,,,,,,,,,,,,1,1,1,,,,,,,,,,,,,,,,,,,,,1,,,1,,1,,1,,,,1,,,,,,,,,,,,1,1,,1,,,1,,,,,,,,1,,,,,,,,,,,,1,,1,,1,,1,,1,,1,,1,,1,1,,,1,1,,,1,,1,,,,,1,1,,,,,,,,1,1,1,1,,,,,,,,,,,,1,,1,,,1,1,,1,1,,1,,,1,1,,1,,1,,,1,,1,,1,,1,,1,,1,,1
Sympistis saxatilis,1,1,1,,,,,,,1,,,,,,,,,,,1,,,,,,,,,1,,,,,,,,,,,,,,,,,,,,,,,,,,,,,,1,1,1,,,,1,,,,,,,,,,,,1,1,,,,,,,,,,,,,,,,,,,,,,1,,,1,,1,,1,,,,1,1,,,,,,,,,,,1,1,1,1,,,,,,,,,,,1,,,,,,,,,,,,1,,1,,1,,1,,1,,1,,1,,1,1,1,,1,1,1,,1,1,1,1,1,,,1,,,,,,,,,,1,1,,,1,,,,,,,,,,1,1,,1,1,,1,,1,1,,1,,,1,1,,1,1,1,,,1,,1,,1,,1,,1,,1,,1
Sympistis figurata,1,1,1,,1,,,,1,1,1,1,,1,,,,,1,,,,,1,,,,1,,1,1,1,1,,,,,,,,,,,1,1,,,,,,,,,,,,1,1,1,1,,,,,,1,,,,,,,,,,,,1,1,1,,,,,,,,,,,,,,,,,,,,,1,,,1,,1,,1,,,,1,,,,,,,,,,,,1,,,,,,,,,,,,,,1,,,,,,,,,,,,1,,1,,1,1,1,1,1,,1,,1,,1,,1,,1,,1,1,1,,1,,,1,,,,,,,,,,,1,,1,,,,,,,,,,,,,1,1,1,,1,1,1,,1,,1,,,,,1,,,1,1,,,1,1,1,,1,,1,,1,,1,,1
Sympistis pallidior,,1,,,1,,,,,,,,,,,,,,1,,,,,1,,,,,,,,,,,,,,,,,,,,,1,,,1,,,,,,,,,,1,1,1,,,,,,1,,,,,,,,,,,,1,1,,,,,,,,,,,,,,,,,,,,,,1,,,1,,1,,1,,,,1,,1,,,,,,,,,1,1,,,,,,,,,,,,,,1,,,,,,,,,,,,1,,1,,1,1,1,,1,,1,,1,,1,,1,,1,,1,1,1,,1,,1,1,,1,,,,,,,,,1,,,1,1,,,,,,,,,,,1,1,1,,1,1,,,1,,1,,,,,1,1,,1,1,,,1,1,1,,1,,1,,1,,1,,1
Sympistis greyi,1,1,1,,1,,,,1,1,1,1,,1,1,1,1,,,,,,,,,1,1,1,,1,1,1,,,,,,,,,,,,1,1,1,,,,,,,,,,,1,1,1,1,,,,,,1,,,,,,,,,,,,1,1,1,,,,,,,,,,,,,,,,,,,,,1,,,1,,1,,1,,,,1,1,1,,,,,,,,,,1,1,1,1,1,,,,,,,,,,1,,,,,,,,,,,,1,,1,,1,1,1,,1,1,1,,1,,1,,1,,1,,1,1,1,,1,,1,1,,1,,,,,,,,,1,,,1,1,,,,,,,,,,,1,1,1,,1,1,1,1,,,1,,,,,1,1,1,1,1,,,1,1,1,,1,,1,,1,,1,,1
Sympistis ragani,,,1,,,,,,,,,,,,,,,,,,,,,,,1,1,,,,1,1,,,,,,,,,,,,,,,,,,,,,,,,,1,1,1,1,1,,,,,1,,,,,,,,,,,,,1,1,1,,,,,,,,,,,,,,,,,,,,1,,,1,,1,,1,,,,1,,,,,,,,,,,,1,,,,,,,,,,,,,,1,,,,,,,,,,,,1,,1,,1,1,1,,1,1,1,,1,,1,,1,,1,,1,1,1,,1,,1,,,,,,,,,,,,1,,,1,,,,,,,,,,,,1,,1,,,1,1,,1,,1,,,,,,1,1,1,1,,,1,1,1,,1,,1,,1,,1,,1
Sympistis semicollaris,1,1,1,,1,,,1,1,1,1,1,,1,1,,1,,1,,,,,1,,,,,,1,1,,,,,,,,,,,1,,1,1,1,,,,,,,,,,1,1,1,1,1,,,,,,1,,,,,,,,,,,,1,1,1,,,,,,,,,,,,,,,,,,,,,1,,,1,,1,,1,,,,1,,,,,,,,,,,1,1,,,,,,,,,,,,,,1,,,,,,,,,,,,1,,1,,1,1,1,,1,1,1,,1,,1,,1,,1,,1,1,1,,1,,1,1,,1,,,,,,,,,1,,,1,1,,,,,,,,,,,1,1,1,,1,1,,,1,,1,,,,,1,1,1,1,1,,,1,1,1,,1,,1,,1,,1,,1
Eudryas brevipennis,,1,,,,,,,,,,,,,,,,,,1,,,,,,,,,,,,,,,,,,,,,,,,,,,,,,,,,,,,1,1,1,1,,,,,,,1,,,,,,,,,,,,,1,1,1,,,,,,,,,,,,,,,,,,,,1,,,1,,1,,1,,1,1,,1,,,1,1,,,,,,,1,1,,1,,1,1,1,,,1,,,,1,,,,,,,,,,,,1,,1,,1,,1,,1,,1,,1,,1,,1,,1,,1,,1,,1,,,,,,1,1,,,,,,,,1,1,,1,,1,1,,,,,,,,1,1,,1,,,1,,1,1,,1,,1,1,1,1,1,,1,,1,,,1,,1,1,,,1,1,1,,1
Alypia langtoni,1,1,1,1,1,,,1,1,1,1,,,1,,1,1,,1,,1,,,,,1,1,,,1,1,,,,,,1,,,,,1,1,1,1,1,1,,,,,,,,1,1,1,1,1,1,,,,,,1,,,,,,,,,,,,1,1,,,,,,,,,,,,,,,,,,,,,,1,,,1,,1,,1,,1,,,,,,,,,,,,,,,1,,,,1,,,,,,,,,1,,,,,,,,,,,,1,,1,,1,,1,,1,,1,,1,,1,,1,,1,1,1,,1,,1,1,,,,,,,,,,,,,,,1,,,,,,,,,,,,,1,,1,,,,1,,1,,1,,,,,,1,1,1,1,1,1,,,1,,1,,1,,1,,1,,1
Alypia ridingsii,1,1,1,,1,,,,1,1,1,1,,1,1,1,1,,1,1,,,,,,,1,1,,1,1,,1,,,,,,,,,1,,1,1,,,,,,,,,,,1,1,1,1,1,1,,,,1,1,,,,,,,,,,1,1,1,1,1,1,,,,,,,,,,,,,,,,,,,,1,,,1,,1,,1,,1,,,,,,,,,,,,,,,1,,,,,,,,,,,,,1,,,,,,,,,,,,1,,1,,1,,1,,1,,1,,1,,1,,1,,1,,1,,1,,1,1,,,,,,,,,,,,,,,1,,,,,,,,,,,,,1,,1,,,1,1,,1,1,1,1,,,1,,1,1,1,1,1,,1,1,,,1,,1,,1,,1,1,
Androloma maccullochii,1,1,1,1,1,,,,1,1,1,1,,1,,1,1,1,1,,1,,,,,1,,1,1,1,1,1,1,,,,1,,,,,,,1,1,,,1,,1,,,,,,1,1,1,1,1,,,,,1,1,,,,,,,,,,1,1,1,1,1,1,,,,,,,,,,,,,,,,,,,,1,,,1,,1,,1,,1,,,,,,,,,,,,,,,1,,,,,,,,,,,,,1,,,,,,,,,,,,1,,1,,1,,1,,1,,1,,1,,1,,1,,1,,1,,1,,1,1,,,,,,,,,,,,,,,1,,,,,,,,,,,,,1,,1,,,1,1,,1,1,1,1,,,1,,1,1,,1,1,1,,,1,,1,,1,,1,,1,,1
Condica discistriga,1,1,1,,1,,,,,1,1,,,,,,,,1,1,,1,,,,,,1,1,1,,,1,,,,,,,,,,,1,,1,,,,,,,,,,,1,1,1,1,,,,,,1,,,,,,,,,,,,,,1,1,1,1,,,,,,,,,,,,,,,,,,1,1,,1,,1,,1,,,,1,1,1,,,,,,,,,1,,1,1,1,1,,,,,,,,,,1,,,,,,,,,,,1,1,,1,,1,,1,1,1,,1,1,1,,1,,1,,1,,1,,1,1,1,,1,1,,1,,,,,,,,,1,,,1,1,,,,,,,,,,,1,1,1,,1,1,1,,1,,1,,,,,1,1,1,,1,,,1,,1,,1,,1,,1,,1,,1
Condica albolabes,,,1,,,,,,,,,,,,,,,,,,,,,,,,,,,,1,,,,,,,,,,,,,,,,,,,,,,,,,,,,1,1,,,,,,1,,,,,,,,,,,,,,,1,1,1,,,,,,,,,,,,,,,,,,1,1,,1,,1,,1,,1,,1,1,,,,,,,,,,,,1,,,,,,,,,,,,,1,,,,,,,,,,,,1,,1,,1,,1,,1,,1,,1,,1,,1,,1,,1,,1,1,1,,1,1,,1,,,,,,,,,1,,1,1,,1,,,,,,,,,,1,1,1,,1,,1,,1,,1,,,,,1,,1,,1,,,1,,1,,1,,1,,1,,1,,1
Condica mersa,1,1,1,,1,,,,,1,,,,,,1,,,,1,,,,,,,,1,,1,,,1,,,,,,,,,,,1,,,,,,,,,,,1,1,1,1,1,1,,,,,,1,,,,,,,,,,,,,,,,1,1,,,,,,,,,,,,,,,,,,1,,,1,,1,,1,,,,1,1,,,,,,,,,,1,,1,1,1,,,,,,,,,,,1,,,,,,,,,,,,1,,1,,1,,1,,1,,1,,1,,1,,1,,1,,1,,1,1,1,,,1,,1,,,,,,,,,1,,,1,1,,,,,,,,,,,1,1,1,,1,,1,,1,,1,,,,,1,1,1,1,1,,,1,,1,,1,,1,,1,,1,,1
Microhelia angelica,1,1,1,,,,,,,1,,,,,,,1,,,,,,,,,,,,1,,,1,,,,,,,,,,,,,,,,,,,,,,,,,1,1,,1,,,,,1,,,,1,1,1,,,,,,,,,,,,,,,,,,,,,,,,,,,,,,1,,,1,,1,,1,,1,,,1,,,,,,,,,,,,1,,,1,1,,,1,1,,,,,1,,,,,,,,,,,,1,,1,,1,,1,,1,,1,,1,,1,,1,,1,,1,,1,1,1,1,,,,,,,,,,,,,,,1,,,,,,,,,,,,,1,,1,,,,1,,1,,1,,,,,1,,,1,1,,,1,,1,,1,,1,,1,,1,,1
Heliothodes diminutiva,1,1,1,,,,,,1,1,,1,,,,,1,,,,,,,,,,1,1,,1,1,1,1,,,,,,,,,,,,,,,,,,,,,,,,1,1,1,1,1,,,,1,,,,,,,1,1,1,1,,,,,,,,,,,,,,,,,,,,,,,,,,1,,,1,,1,,1,,,,,,1,,,,1,1,,,,,1,1,1,,1,,,,,,,,,,1,,,,,,,,,,,,1,,1,,1,,1,,1,,1,,1,,1,,1,,1,1,1,,1,1,1,1,,,,,,,,,,,,,,,1,,,,,,,,,,,,,1,,1,,,,1,,1,,1,,,,,1,,,1,1,1,,1,,1,,1,,1,,1,,1,,1
Eutricopis nexilis,1,1,1,,1,,,,1,,1,,,1,1,,1,,,1,1,1,,,,,,1,1,1,,,,,,,,,,,,,,1,1,1,,,,,,,,,,,1,1,1,1,,,,,1,,,,,,,1,1,1,,,,,,,,,,,,,,,,,,,,,,,,,,,1,,,1,,1,,1,,,,,,,,,,1,1,,,,,,1,1,,,,,,,,,,,,1,,,,,,,,,,,,1,,1,,1,,1,,1,,1,,1,,1,,1,,1,1,1,,1,1,,1,,,,,,,,,,,,,,,1,,,,,,,,,,,,,1,,1,,,,1,,1,,1,,,,,1,,1,,1,1,,1,,1,,1,,1,,1,,1,,1
Pyrrhia cilisca,,,1,,,,,,,,,,,,,,,,,,,,,,,,1,,,,1,,,,,,,,,,,,,,,,,,,,,,,,,,,1,1,,,,,,,1,,,,,,,,,,,,,,,1,1,,,,,,,,,,,,,,,,,,,1,1,,1,,1,,1,,,,,,1,1,1,,,,,,,1,,,,1,,,1,,,,,,,,1,,,,,,,,,,,1,1,,1,,1,,1,,1,,1,,1,,1,,1,,1,1,1,,1,,1,,,1,,1,,,,,,,,,1,,,1,1,1,1,,,,,,,,,1,1,1,,1,,1,,1,1,1,1,,,1,1,1,1,1,1,,,1,,1,,1,,1,,1,,1,,1
Pyrrhia exprimens,1,1,1,1,1,,,1,,1,1,1,,1,,1,1,,1,,,,,,,1,1,,,1,1,,,,,,1,,,,,1,,,1,,,1,,,,,,,,,1,1,1,1,,1,,,,1,,,,,,,,,,,,,1,1,1,1,,,,,,,,,,,,,,,,,,,1,,,1,,1,,1,,,,,1,,,1,,,,,,,,,,,1,,,1,,,,,,,,1,,,,,,,,,,,,1,,1,,1,,1,,1,,1,,1,,1,,1,,1,1,1,,1,,1,,,1,1,1,,,,,,,,,,,,1,1,1,,,1,,,,,,,1,1,,1,,1,1,,1,1,,1,,,1,1,1,1,,1,,,1,,1,,1,,1,,1,,1,,1
Helicoverpa zea,1,1,1,,1,,,1,1,1,,,,1,,1,1,,,1,,,,,,1,1,1,1,1,1,1,1,1,,,,,,,,,,,1,,,,,,,,,,1,,1,1,1,1,1,1,,,,1,1,,,,,,,,,,,,,,1,1,1,1,1,,,,,,,,,,,,,,,,1,1,,1,,1,,1,,,,,,1,,,,,,,,,1,,,,1,,,,,,,,,,,1,,,,,,,,,,,,1,,1,,1,,1,,1,,1,,1,,1,,1,,1,1,1,,1,,1,,1,1,1,1,,,,,,,,,,,1,1,1,1,,,,,,,,,,1,1,,,1,1,,,1,1,,1,,1,,1,,1,,1,,,1,,1,,1,,1,,1,,1,,1
Heliothis phloxiphaga,1,1,1,,1,,,1,,1,1,1,,1,1,1,1,1,1,1,,,,1,,1,1,1,1,1,1,1,1,1,,,,,,,,1,,1,1,,,,,,,,,,,1,1,1,1,1,1,1,,,,1,,,,,,,,,,,,1,1,1,1,1,,,,,,,,,,,,,,,,,,,1,1,,1,,1,,1,,,,,,1,,,,,,,,,,1,,,1,,,,,,,,,,,1,,,,,,,,,,,,1,,1,,1,,1,,1,,1,,1,,1,,1,,1,,1,,1,1,1,1,1,,,,,,,,,,,,,1,1,,,1,,,,,,,,,,1,1,1,1,1,,1,,1,1,,1,,1,,1,,1,,1,1,,1,,1,,1,,1,,1,,1,,1
Heliothis acesias,,1,1,,,,,,,,,,,,,,,,1,1,,,,,,,,,,,,,1,1,,,,,,,,,,,,,,,,,,,,,,,,,1,1,1,,,,,1,,,,,,,,,,,,,,1,1,,,,,,,,,,,,,,,,,,,,1,,,1,,1,,1,,,,,,1,,,,,,,,,1,1,,,1,,,,,,,,,,,1,,,,,,,,,,,,1,,1,,1,,1,,1,,1,,1,,1,,1,,1,1,1,,1,1,1,1,,,,,1,,,,,,,,,1,,,,,1,,,,,,,,,1,1,,1,,,1,,1,1,,1,,1,,1,,1,1,1,,,1,,1,,1,,1,,1,,1,,1
Heliothis ononis,,,,,1,,,,,,,,,,,,,,,,,,,,,,,,,,,,,,,,,,,,,,,,1,,,,,,,,,,,,1,1,1,,,,,,1,1,,,,,,,,,,1,1,,,,,,,,,,,,,,,,,,,,,,,,1,,,1,,1,,1,,,,1,1,1,,,,,,,,,,,,1,1,1,,,,,,,,,,1,,,,,,,,,,,,1,,1,,1,,1,,1,,1,,1,,1,,1,,1,,1,,1,,1,1,1,,,,,,,,,,,,,1,1,,,,,,,,,,,,,1,1,,1,,,1,,1,1,,1,,1,,1,,1,,1,,,1,,1,,1,,1,,1,,1,,1
Heliothis oregonica,1,1,1,1,1,,,1,,1,1,1,,1,,,1,1,,,1,,,1,,,,1,,1,1,,,,,,1,,,,,,,1,1,1,,1,,,,,,,,1,1,1,1,1,,,,,,1,,,,,,,,,,,,1,1,1,,,,,,,,,,,,,,,,,,,,,1,,,1,,1,,1,,,1,1,1,,,,,,,,,,,,1,1,1,,,,,,,,,,,1,,,,,,,,,,,,1,,1,,1,,1,,1,,1,,1,,1,,1,,1,1,1,,1,,1,1,1,,,,,,,,,,,,,1,1,,,,,,,,,,,,,1,1,,1,1,,1,,1,1,,1,,1,,1,,,1,1,,,1,,1,,1,,1,,1,,1,,1
Heliothis proruptus,1,,1,,,,,,1,1,,,,,,,,,,,,,,,,,,1,,,,,,,,,,,,,,,,,,,,,,,,,,,,1,1,,,,1,,,,1,1,,,,,,,,,,1,1,1,,,,,,,,,,,,,,,,,,,,,,,1,,,1,,1,,1,,,1,,1,,,,,,1,,,,,1,1,,1,,,,,,1,,,,,1,,,,,,,,,,,,1,,1,,1,,1,,1,,1,,1,,1,,1,,1,,1,,1,,1,1,1,,,,,,,,,,,,,1,1,,,,,,,,,,,,,1,1,1,,1,,1,,1,1,,1,,,1,1,,1,,1,,,1,,1,,1,,1,,1,1,1,,1
Heliothis belladonna,1,1,1,,,,,,,1,,,,1,,,,,,1,1,,,,,,,,,1,,,1,,,,,,,,,,,,,,,,,,,,,,1,1,1,,,,,,,,1,1,,,,,,,,,,1,1,1,1,,,,,,,,,,,,,,,,,,,,,,1,,,1,,1,,1,,1,,,1,,,,,,,,,,,,1,1,,,,,,,,,,,,1,,,,,,,,,,,,1,,1,,1,,1,,1,,1,,1,,1,,1,,1,1,,,1,,1,1,1,,,,,,,,,,,,,1,1,,,,,,,,,,,,,1,,1,,,,1,,1,1,,1,,,1,1,1,,1,1,,1,1,,1,,1,,1,,1,,1,,1
Heliothis borealis,,,,1,1,,,,,,,,,,,,,,,,,,,,,,,,,,,,,,,,1,,,,,,,,1,,,,,,,,,,,,1,,,,,,,,1,,,,,,,,,,1,1,,,,,,,,,,,,,,,,,,,,,,,,,1,,,1,,1,,1,,1,,1,1,,,,,,,,,,,1,,1,1,,,,,,,,,,,1,,,,,,,,,,,,1,,1,,1,,1,,1,,1,,1,,1,,1,,1,,1,,1,,1,1,1,,,,,,,,,,,,,1,1,,,,,,,,,,,,,1,,1,,,,1,,1,1,,1,,,1,,1,,1,1,,1,1,,1,,1,,1,,1,,1,,1
Heliothis virescens,1,,1,,,,,1,,1,,,,,,,,,,,,,,,,,1,,,,,,,,,,,,,,,,,,,,,,,,,,,,,,1,,,,1,,,,,1,,,,,,,,,,,,1,1,,,,,,,,,,,,,,,,,,,,,,1,1,,1,,1,,1,,,,,,,,,,,,,1,,1,,,,,1,,,,,,,,,,1,,,,,,,,,,,,1,,1,,1,,1,,1,,1,,1,,1,1,1,,1,1,1,,1,1,1,,1,,,1,,,,,,,,,,,,,1,1,,,1,,,,,,,1,,1,,,1,1,,1,1,1,1,,,1,1,1,1,1,1,,,1,,1,,1,,1,,1,,1,,1
Heliocheilus paradoxus,1,1,1,,1,,,,,1,,,,,,,,,,1,,,,,,,,,,,,,1,,,,,,,,,,,1,,,,,,,,,,,,,,1,1,1,,,,,1,1,,,,,,,,,,1,1,1,1,1,,,,,,,,,,,,,,,,,,,,,1,,,1,,1,,1,,,,,,1,,,,,,,,,1,,,,1,,,,,,,,,1,,1,,,,,,,,,,,,1,,1,,1,,1,,1,,1,,1,,1,1,1,,1,,1,,1,,1,,,1,1,1,,,,,,,,,1,,1,1,1,1,,,,,,,,,,1,1,,1,1,,1,,1,1,1,1,,1,,1,,1,1,1,,,1,,1,,1,,1,,1,,1,,1
Protoschinia nuchalis,1,1,1,,1,,,,,1,,,,,,1,,1,,1,1,,,,,,,,1,1,,,,,,,,,,,,,,,1,,,,,,,,,,,,1,1,1,1,1,,,,,1,,,,,,,,,,,,,1,1,1,1,,,,,,,,,,,,,,,,,,,1,,,1,,1,,1,,,,,1,1,,,,,,,,,,1,,,1,1,,,,,,,,,,1,,,,,,,,,,,1,,,1,,1,,1,,1,,1,,1,,1,1,1,,1,1,,,1,,1,1,1,1,,1,,,,,,,,,,1,,1,1,1,,,,,,,,,,1,1,,1,,1,1,1,,1,1,1,,1,,1,1,1,1,1,,,1,,1,,1,,1,,1,,1,,1
Schinia luxa,,,,,,,,,,,,,,,,,,,,,,,,,,,,,,,,,,,,,,,,,,,,,,,,,,,,,,,,,,,,,1,,,,1,1,,,,,,,,,,1,1,1,1,,,,,,,,,,,,,,,,,,,,,,1,,,1,,1,,1,,,,,,1,,,,,,,,,1,1,,,1,,,,,,,,,,,1,,,,,,,,,,,,1,,1,,1,,1,,1,,1,,1,,1,,1,,1,1,1,,1,,1,,1,,,1,,,,,,,,,1,,,,,,,,,,,,,,,1,1,1,,1,,1,,1,,1,,,,,,1,,1,1,,,1,,1,,1,,1,,1,,1,,1
Schinia biundulata,1,1,1,,,,,,,1,,,,,,,,,,1,,,,,,,,,,,,,1,1,,,,,,,,,,,,,,,,,,,,,,,1,1,1,,,,,,1,1,,,,,,,1,1,1,1,1,,,,,,,,,,,,,,,,,,,,,,,,1,,,1,,1,,1,,,,,1,1,,,,,,,,,,,1,,,,,,,,,,,,,1,,,,,,,,,,,,1,,1,,1,,1,,1,,1,,1,,1,,1,,1,,1,,1,1,1,,,1,1,,,,,,,,,,1,,1,,,,,,,,,,,,,1,1,1,,1,,1,,1,,1,,,,,1,,1,1,1,,,1,,1,,1,,1,,1,,1,,1
Schinia aurantiaca,,,1,,,,,,,,,,,,,,,,,,,,,,,,,,,,,,1,,,,,,,,,,,,,,,,,,,,,,,,1,,,,,,,,,1,,,,,,,,,,,,1,1,1,,,,,,,,,,,,,,,,,,,,,1,,,1,,1,,1,,,,,1,1,,,,,,,,,,1,,,1,1,,,,,,,,,,1,,,,,,,,,,,,1,,1,,1,,1,,1,,1,,1,,1,,1,,1,1,,,1,,1,,,,,,,1,,,,,,,,1,,,,,,,,,,,,,,1,1,,1,,,1,,1,1,,1,,,1,1,1,,1,1,,,1,,1,,1,,1,,1,,1,,1
Schinia jaguarina,,1,,1,,,,,,,,,,,,,,,1,,,,,,,,,,,,,,,,,,,,,,1,,,,,,,,,,,,,,,,,1,1,,,,,,,1,,,,,,,,,,,,1,1,1,,,,,,,,,,,,,,,,,,,,,1,,,1,,1,,1,,,,,1,1,,,,,,,,,,,,,1,1,,,,,,,,,,1,,,,,,,,,,,,1,,1,,1,,1,,1,,1,,1,,1,,1,,1,,1,,1,,1,,,,,,1,1,,,,,,,,1,,,,,,,,,,,,,,1,1,,1,,,1,,1,1,1,1,,1,,1,1,,1,1,,,1,,1,,1,,1,,1,,1,,1
Schinia suetus,1,1,1,,1,,,,1,1,1,1,,1,,1,1,1,,1,,1,,,,,1,1,1,1,1,,1,,,,,,,,,,,1,1,1,,,,,,,,,,1,1,1,1,1,,,,,1,1,,,,,,,,,,1,1,1,,,,,,,,,,,,,,,,,,,,,,,1,,,1,,1,,1,,,,1,1,,,,,1,1,,,,,,1,1,1,,,,,1,1,,,,,1,,,,,,,,,,,,1,,1,,1,,1,,1,,1,,1,,1,,1,,1,,1,,1,1,1,1,,,,,,,,,,,,,,,1,,,,,,,,,,,,,1,1,1,1,,,1,,1,1,1,1,,,1,1,,1,1,1,,,1,,1,,1,,1,,1,,1,,1
Schinia meadi,1,1,1,,,,,1,,1,1,,,,,1,,,,1,,,,,,,,,1,1,,,,,,,,,,,,,,,,,,,,,,,,,,1,1,1,1,1,,,,,1,1,,,,,,,,,1,1,1,1,,,,,,,,,,,,,,,,,,,,,,,1,,,1,,1,,1,,,,,,1,,,,,,,1,,,1,1,,,,,,,,,,,,,1,,,,,,,,,,,,1,,1,,1,,1,,1,,1,,1,,1,,1,1,1,1,1,,1,1,1,1,1,,,,,,,,,,,,,1,1,,,,,,,,,,,,,1,1,1,1,1,,1,,1,1,1,1,,1,,1,,,1,1,1,,1,,1,,1,,1,,1,,1,,1
Schinia lynda,,,1,,,,,,,,,,,,,,,,,,,,,,,,,,,,,,1,,,,,,,,,,,,,,,,,,,,,,,,1,,,,,,,,1,1,,,,,,,,,,1,1,1,,,,,,,,,,,,,,,,,,,,,,,1,,,1,,1,,1,,,,,,,,,,1,,,,,1,,,,1,1,,,,,,,,,,1,,,,,,,,,,,,1,,1,,1,,1,,1,,1,,1,,1,,1,,1,,1,,1,,1,,,1,1,,,,,,,,,,1,,,,,1,,,,,,,,,,1,,1,,,,1,,1,,1,,,,,1,1,,1,1,1,,1,,1,,1,,1,,1,,1,,1
Schinia florida,1,1,1,,,,,,,1,,,,,,,1,,,1,,,,,,,,,,,,,,1,,,,,,,,,,,,,,,,,,,,,,,,,1,1,,,,,,1,,,,,,,,,,,,,1,1,1,,,,,,,,,,,,,,,,,,,,1,,,1,,1,,1,,,,,,,1,,,1,,,,,,,,,,,1,,,1,,,,,,1,,,,,,,,,,,,1,,1,,1,,1,,1,,1,,1,,1,,1,,1,,1,,1,,1,,1,,,,,,,,,,,,1,,,,,,,,,,,,,,,1,,1,,,,1,,1,,1,,,,,,1,,1,1,1,,1,,1,,1,,1,,1,,1,,1
Schinia gaurae,1,1,1,,,,,,,1,,,,,,,,1,,1,,,,,,,,,1,1,,,,,,,,,,,,,,,,,,,,,,,,,,,,1,1,1,,,,,,1,,,,,,,,,,,,1,1,1,1,,,,,,,,,,,,,,,,,,,,1,,,1,,1,,1,,,1,,,,,,,,,,,,,,,,,,,,,1,,,,,,1,,,,,,,,,,,,1,,1,,1,,1,,1,,1,,1,,1,,1,,1,,1,,1,,1,,1,,,,,,,,,,,,1,,,,,,,,,1,,,,,,1,,1,,,,1,,1,,1,,,,,,1,1,1,1,1,,1,,1,,1,,1,,1,,1,,1
Schinia crotchii,,,,,,,,,,,,,,,,,,,,,,,,,,,,,,,,,,,,,,,,,,,,,,,,,,,,,,,,1,,1,,,,,,,,1,,,,,,,,,,,,1,1,,,,,,,,,,,,,,,,,,,,,,1,,,1,,1,,1,,,,,1,1,,,,,,,,,,1,,,1,,,,,,,,,,,1,,,,,,,,,,,1,1,,1,,1,,1,,1,,1,,1,,1,,1,,1,1,,,1,,1,1,,1,1,1,,,,,,,,,,1,,1,1,1,,,,,,,,,,1,1,,1,1,1,1,,1,1,1,1,,1,1,1,,1,1,1,,,1,,1,,1,,1,,1,,1,,1
Schinia deserticola,,,1,,,,,,,,,,,,,,,,,,,,,,,,,,,,,,1,,,,,,,,,,,,,,,,,,,,,,,,1,1,,,,,,,,1,,,,,,,,,,,,1,1,,,,,,,,,,,,,,,,,,,,,,1,1,,1,,1,,1,,,,,,1,,,,,,,,,1,1,,,1,,,,,,,,,,,1,,,,,,,,,,,,1,,1,,1,,1,,1,,1,,1,,1,,1,,1,1,,,1,1,1,,,,,1,,,,,,,,,1,,,1,1,,,,,,,,,,,1,1,,1,1,,1,1,1,1,1,1,,1,1,1,1,,1,1,1,,1,,1,,1,,1,,1,,1,,1
Schinia sexplagiata,1,1,1,,,,,,,1,1,,,,,1,1,,,,,,,,,,,,1,1,,,1,,,,,,,,,,,,,,,,,,,,,,,,,,1,1,1,,,,1,1,,,,,,,,1,1,1,1,,,,,,,,,,,,,,,,,,,,,,,,1,,,1,,1,,1,,,,,1,1,,,,,,,,,,,1,,1,1,,,,,,,,,,1,,,,,,,,,,,,1,,1,,1,,1,,1,,1,,1,,1,,1,,1,,1,,1,,1,,1,,,1,,,,,,,,,1,,,1,1,,,,,,,,,,,1,1,1,,1,,1,,1,1,1,1,,1,1,1,1,1,,1,,,1,,1,,1,,1,,1,,1,,1
Schinia rivulosa,,,1,,,,,,,,,,,,,,,,,,,,,,,,,,,,1,,,,,,,,,,,,,,,,,,,,,,,,,,,,,1,,,,,1,1,,,,,,,,,,1,1,1,1,,,,,,,,,,,,,,,,,,,,,,1,,,1,,1,,1,,,,1,1,,,,,,,,,,,1,1,1,1,,,,,,,,,,,1,,,,,,,,,,,,1,,1,,1,,1,,1,,1,,1,,1,,1,,1,,1,,1,1,1,,,1,1,,,,,,,,,,1,,1,,,,,,,,,,,,,1,1,1,,1,,1,,1,,1,,,,,1,,1,1,1,,,1,,1,,1,,1,,1,,1,,1
Schinia oleagina,,,1,,,,,,,,,,,,,,,,,,,,,,,,,,,,,1,1,,,,,,,,,,,,,,,,,,,,,,,,,,,1,,,,,1,1,,,,,,,,,,1,1,1,1,,,,,,,,,,,,,,,,,,,,,,1,,,1,,1,,1,,,,,,1,,,,,,,,,1,,,,1,,,,,,,,,,,1,,,,,,,,,,,,1,,1,,1,,1,,1,,1,,1,,1,,1,,1,,1,,1,,1,,,,,1,,,,,,,,,1,,,,,,,,,,,,,,,1,,1,,,,1,,1,,1,,,,,,1,1,1,1,,,1,,1,,1,,1,,1,,1,,1
Schinia vacciniae,1,1,1,,,,,,,,,,,1,1,,,,,,1,,,,,,,1,,,1,1,,,,,,,,,,,,,,,,,,,,,,,,,,,1,1,1,,,,1,,,,,,,,,1,1,,,,,,,,,,,,,,,,,,,,,,,,,,1,,,1,,1,,1,,,,,1,1,,,,,,,,,,1,,,1,1,,,,,,,,,,1,,,,,,,,,,,,1,,1,,1,,1,,1,,1,,1,,1,,1,,1,,1,,1,1,1,1,,,1,,,,,,,,,,,,1,,,1,,,,,,,,,,1,1,1,1,1,,1,,1,,1,,,,,1,1,,1,1,,,1,,1,,1,,1,,1,,1,,1
Schinia perminuta,1,1,1,,,,,,1,1,,1,,,,,,,,,1,,,,,,,1,,1,,,1,,,,,,,,,,,,,,,,,,,,,,,,1,1,1,,,,,,1,,,,,,,1,1,,,,,,,,,,,,,,,,,,,,,,,,,,,,1,,,1,,1,,1,,,,1,1,,,,,,,,,,,1,1,,1,1,,,,,,,,,,1,,,,,,,,,,,,1,,1,,1,,1,,1,,1,,1,,1,,1,,1,,1,,1,1,1,1,,,,,,,,,,,,,,,1,,,,,,,,,,,,,1,1,1,1,,,1,,1,,1,,,,,1,,1,1,1,,,1,,1,,1,,1,,1,1,,,1
Schinia honesta,1,1,1,,1,,,1,1,1,1,,,1,1,,1,,,,,,,,,,,1,,1,1,,1,,,,,,,,,,,1,1,,,,,,,,,,,1,1,1,1,1,,,,,1,1,,,,,,,,,,1,1,,,,,,,,,,,,,,,,,,,,,,,,1,,,1,,1,,1,,,,1,1,,,,,,,,,,,1,1,,,1,,,,,,,,,,1,,,,,,,,,,,,1,,1,,1,,1,,1,,1,,1,,1,,1,1,1,1,1,,1,1,1,1,,1,,,,,,,,,,,,,1,,,,,,,,,,,,,1,1,1,1,1,,1,,1,1,1,1,,1,1,1,,,1,1,1,,1,,1,,1,,1,,1,,1,,1
Schinia villosa,1,1,,,1,,,,,1,1,,,1,1,,,,,,1,,,,,,,,,,,,,,,,,,,,,,,1,1,,,,,,,,,,,,1,1,1,1,,,,,1,,,,,,,,1,1,1,,,,,,,,,,,,,,,,,,,,,,,,,,1,,,1,,1,,1,,,,,1,,,,,,,,,,,,,,,1,,,,,,,,,,1,,,,,,,,,,,,1,,1,,1,,1,,1,,1,,1,,1,,1,,1,,1,,1,,1,1,,,,,,,,,,,,,,,1,,,1,,,,,,,,,,1,1,1,1,,,1,,1,1,1,1,,,1,1,,1,1,1,1,,1,,1,,1,,1,,1,1,1,,1
Schinia intermontana,1,,1,,1,,,,1,1,,1,,,,,,,,,,,,,,,,,,1,,,1,,,,,,,,,,,,,,,,,,,,,,,1,1,1,,,,,,,1,,,,,,,,1,1,,,,,,,,,,,,,,,,,,,,,,,,,,,1,,,1,,1,,1,,,,,1,1,,,,,,,,,,1,,1,,1,,,,,,,,,,1,,,,,,,,,,,,1,,1,,1,,1,,1,,1,,1,,1,,1,,1,1,1,,1,1,1,1,,,,,,,,,,,,,,,1,,,,,,,,,,,,,1,1,1,1,,,1,,1,1,1,1,,,1,1,,,1,1,1,,1,,1,,1,,1,,1,,1,,1
Schinia persimilis,1,,,,1,,,,,1,,,,,,,,,,,,,,,,,,,,,,,,,,,,,,,,,,,1,,,,,,,,,,,,1,1,1,1,,,,,1,,,,,,,,,1,1,,,,,,,,,,,,,,,,,,,,,,,,,,1,,,1,,1,,1,,,,1,1,,,,,,,,,,,,1,,,1,,,,,,,,,,1,,,,,,,,,,,,1,,1,,1,,1,,1,,1,,1,,1,,1,,1,1,1,,1,1,1,1,,,,,,,,,,,,,,,1,,,,,,,,,,,,,1,1,1,1,1,,1,,1,1,1,1,,,1,1,,,1,1,,,1,,1,,1,,1,,1,,1,,1
Schinia edwardsii,1,1,1,1,,,,,1,1,,,,,,,,,,,,1,,,,,,,,,,,1,,,,1,,,,,,,,,,,,,,,,,,,,1,1,1,,,,,,1,1,,,,,,,,1,1,1,1,,,,,,,,,,,,,,,,,,,,,,,,1,,,1,,1,,1,,,,,1,1,,,,,,,,,,1,,,1,1,,,,,,,,,,1,,,,,,,,,,,,1,,1,,1,,1,,1,,1,,1,,1,,1,,1,1,1,,1,1,1,1,,,1,,1,1,,,,,,,,1,,,1,,1,1,,,,,,,,1,1,,1,,,1,,1,1,1,1,,1,1,1,,,1,1,,,1,,1,,1,,1,,1,,1,,1
Schinia mortua,,1,1,,,,,,,,,,,,,,,,,1,,,,,,,,,,,,,,1,,,,,,,,,,,,,,,,,,,,,,,,,1,1,,,,,1,1,,,,,,,,,,1,1,1,,,,,,,,,,,,,,,,,,,,,,,1,,,1,,1,,1,,,,,1,1,,,,,,,,,1,,,,1,1,,,,,,,,,,1,,,,,,,,,,,,1,,1,,1,,1,,1,,1,,1,,1,,1,,1,,1,,1,,1,1,,,,1,1,,,,,,,,,1,,,,1,1,,,,,,,,,1,1,1,1,1,,1,1,1,1,1,1,,1,1,1,,,1,1,1,,1,,1,,1,,1,,1,,1,,1
Schinia arcigera,,1,,,,,,,,,,,,,,,,,,1,,,,,,,,,,,,,,,,,,,,,,,,,,,,,,,,,,,,,,,1,1,,,,,1,1,,,,,,,,,1,1,1,,,,,,,,,,,,,,,,,,,,,,,,1,,,1,,1,,1,,,,,1,,,,1,1,,,,,,,1,1,1,,,,1,1,,,,,,1,,,,,,,,,,,,1,,1,,1,,1,,1,,1,,1,,1,,1,,1,,1,,1,,1,1,,,1,,1,,,,,,,,1,1,1,,1,,1,,,,,,,,,1,1,1,,1,,1,,1,1,1,1,,,1,1,,1,1,1,1,,1,,1,,1,,1,,1,,1,,1
Schinia acutilinea,1,1,1,1,1,,,,,1,,,,,,,1,,1,1,,1,,1,,,1,1,,1,,,1,1,,,,,,,,,,1,,,,,,,,,,,,,1,1,1,1,1,1,,,1,1,,,,,,,,,,1,1,1,1,1,,,,,,,,,,,,,,,,,,,,,1,,,1,,1,,1,,,1,1,,1,,,,1,,,,,,1,1,1,,1,,,,1,,,,,,1,,,,,,,,,,,,1,,1,,1,,1,,1,,1,,1,,1,,1,,1,,1,,1,1,1,,1,,,,,,,,,,,,,,,1,,,,,,,,,,,,1,1,,1,,,1,1,1,,1,,,,,1,1,,1,1,,,1,,1,1,1,,1,,1,,1,,1
Schinia walsinghami,1,1,1,1,1,,,,,1,,,,,,,,,1,1,,1,,,,,,1,1,1,1,,1,,,,1,,,,,,,1,,1,,,,,,,,,,,,,1,1,1,,,,1,1,,,,,,,,,1,1,1,1,,,,,,,,,,,,,,,,,,,,,,,1,,,1,,1,,1,,,,,,1,,,,,,,,,,1,1,,1,,,,,,,,,,,1,,,,,,,,,,,,1,,1,,1,,1,,1,,1,,1,,1,,1,,1,,1,,1,,1,,1,,,1,,,,,,,,,1,,,1,1,,,,,,,,,,,1,1,,,1,,1,,1,,1,,,,,,1,,1,1,,,1,,1,,1,,1,,1,,1,,1
Schinia tertia,,1,,,,,,,,,,,,,,,,,1,1,,,,,,,,,,,,,,,,,,,,,,,,,,,,,,,,,,,,,,,,1,1,,,,1,1,,,,,,,,,,1,1,1,,,,,,,,,,,,,,,,,,,,,,,1,,,1,,1,,1,,,,,1,1,,,,,,,,,,1,,,1,1,,,,,,,,,,1,,,,,,,,,,,,1,,1,,1,,1,,1,,1,,1,,1,1,1,,1,,1,,1,1,1,,1,,,1,,,,,,,,,1,,,1,1,,,,,,,,,,,1,1,1,,1,,1,,1,,1,,,,,,1,,1,1,1,,1,,1,,1,,1,,1,,1,,1
Schinia albafascia,,1,1,1,,,,,,,,,,,,,,,1,1,,,,,,,,1,,1,,1,1,1,,,1,,,,,,,,,,,,,,,,,,,,,,1,1,1,,,,1,1,,,,,,,,,1,1,1,,,,,,,,,,,,,,,,,,,,,,,,1,,,1,,1,,1,,,1,,1,1,,,,,,,,,,1,1,,1,1,,,,,,,,,,1,,,,,,,,,,,,1,,1,,1,,1,,1,,1,,1,,1,,1,,1,1,1,,1,1,1,,1,,,,,,,,,,,,1,1,1,,1,1,,,,,,,,,,1,1,,1,,,1,,1,1,1,1,,,1,1,,1,1,1,,,1,,1,,1,,1,,1,,1,,1
Schinia argentifascia,,,1,,,,,,,,,,,,,,,,,,,,,,,,,,,,,,1,,,,,,,,,,,,,,,,,,,,,,,,,,,,1,1,,,1,1,,,,,,,,,1,1,1,,,,,,,,,,,,,,,,,,,,,,,,1,,,1,,1,,1,,,1,,1,1,,1,,,,,,,,,1,,1,1,,1,,,,,,,,1,,,,,,,,,,,,1,,1,,1,,1,,1,,1,,1,,1,,1,,1,,1,,1,,1,,1,,1,1,,,,,,,,,1,,1,,,,,1,,,,,,,,1,,1,,,,1,,1,,1,,,,,1,1,1,1,1,,,1,,1,,1,,1,,1,,1,,1
Schinia illustra,,1,,,,,,,,,,,,,,,,,1,,,,,,,,,,,,,,,,,,,,,,,,,,,,,,,,,,,,,,,,,1,,,,,1,1,,,,,,,,,,1,1,,,,,,,,,,,,,,,,,,,,,,1,,1,1,,1,,1,,1,,,1,,,1,,,,,,,,,,,,,1,1,,1,,,,,,,1,1,1,1,1,1,1,1,1,1,1,1,1,1,1,1,,1,,1,,1,,1,1,1,,1,1,1,1,1,,1,1,1,1,1,,1,,,,,,,,,,,,1,,,,,1,,,,,,,,,,1,1,1,,1,1,1,,1,,1,,,,,1,1,1,1,1,1,,1,,1,,1,,1,1,1,1,1,,1
Schinia unimacula,1,1,1,,,,,,,1,,,,,,,,,1,,,,,,,,,1,1,1,,,1,,,,,,,,,,,,,,,,,,,,,,,,,,1,1,1,,,,1,1,,,,,,,,,,1,1,,,,,,,,,,,,,,,,,,,,,,,,1,,,1,,1,,1,,,1,,,,,,,,,,,,,1,,,1,1,,,,,,,,,,1,,,,,,,,,,,,1,,1,,1,,1,,1,,1,,1,,1,,1,,1,,1,,1,,1,,1,,,,,,,,,,,,1,,,1,,1,,,,,,,,,,1,1,1,,1,,1,,1,,1,,,,,1,1,,1,1,,,1,,1,,1,,1,,1,,1,,1
Schinia cumatilis,1,,,,,,,,,1,,,,,,,,,,,,,,,,,,,,,,,,,,,,,,,,,,,,,,,,,,,,,,,,,1,1,,,,,1,1,,,,,,,,,,1,1,1,,,,,,,,,,,,,,,,,,,,,,,1,,,1,,1,,1,,,1,,,,,,,,,,,,,,,1,1,,,,,,,,,,,1,,,,,,,,,,,,1,,1,,1,,1,,1,,1,,1,,1,,1,,1,,1,,1,1,,,1,,,,,,,,,,,,,,,1,,,,,,,,,,,,1,1,,1,,,1,,1,,1,,,,,1,,,1,1,,,1,,1,,1,,1,,1,,1,,1
Heliolonche modicella,1,,1,,,,,,,1,,1,,,,,,,,,,,,,,,,,,,,,1,,,,,,,,,,,,,,,,,,,,,,,1,1,1,,,,,,,1,,,,,,,,1,1,,,,,,,,,,,,,,,,,,,,,,,,,,,1,,,1,,1,,1,,,,,,1,,,,1,1,,,,,,,,1,1,,,,1,1,,,,,1,,,,,,,,,,,,1,,1,,1,,1,,1,,1,,1,,1,,1,,1,,1,,1,1,,1,,,1,,,,,,,,,,1,,,,,1,,,,,,,,,,1,,1,,,,1,,1,,1,,,,,1,,,1,,1,,1,,1,,1,,1,,1,1,1,,1
Heliolonche pictipennis,,1,,,,,,,,,,,,,,,,,,1,,,,,,,,,,,,,,,,,,,,,,,,,,,,,,,,,,,,1,1,,,,,,,,1,,,,,,,1,1,,,,,,,,,,,,,,,,,,,,,,,,,,,,1,,,1,,1,,1,,,,,,1,,,,1,1,,,,,,,,1,1,,,,1,1,,,,,1,,,,,,,,,,,,1,,1,,1,,1,,1,,1,,1,,1,,1,,1,,1,,1,,1,1,,,,,,,,,,,,,,,1,,,,,,,,,,,,,1,,1,,,,1,,1,1,1,1,,,1,1,,1,,1,1,,1,,1,,1,,1,,1,1,1,,1
Cryphia olivacea,1,1,1,1,1,,,,1,1,1,,,1,,,1,,,1,,1,,,,,,,,,1,,,,,,1,,,,,,,1,,1,,,,,,,,,,,,,1,1,1,,,,,1,,,,,,,,,,,,,1,1,,,,,,,,,,,,,,,,,,,,,1,,,1,,1,,1,,,,1,1,1,,,,,,,,,,,,1,1,1,,,,,,,,,,1,,,,,,,,,,,,1,,1,,1,,1,,1,,1,,1,,1,1,1,,1,1,1,,1,,1,,,1,1,1,,,,,,,,,1,,,,,,,,,,,,,,,1,1,1,,1,,1,,1,,1,,,,,1,1,1,1,1,,,1,,1,,1,,1,,1,,1,,1
Cryphia cuerva,1,1,1,,1,,,,1,1,1,,,1,1,,,1,,,,1,,,,,,1,,1,1,1,1,,,,,,,,,,,1,1,,,,,,,,,,,,,1,1,1,1,,,,1,1,,,,,,,,,1,1,1,1,,,,,,,,,,,,,,,,,,,,,,,1,,,1,,1,,1,,1,1,1,1,1,,,,,,,,,,1,1,1,1,1,1,1,,,,,,,,1,,,,,,,,,,,,1,,1,,1,,1,,1,,1,,1,,1,1,1,,1,1,1,,1,,1,,,1,,1,,,,,,,,,1,,,,,,,,,,,,,,,1,1,1,,1,,1,1,1,,1,,,,,1,1,1,,1,1,,1,,1,,1,,1,,1,,1,,1
Spodoptera exigua,1,1,1,,1,1,,1,,1,,,,,,,1,,,1,,,,,,1,1,1,,1,,1,1,,,,,,,,,1,,1,,,,,,,,,,,1,,1,1,1,1,1,1,,,1,1,,,,,,,,,,1,1,1,1,1,1,1,1,,,,,,,,,,,,,,,,,,1,,,1,,1,,1,,,,,,1,,,,,,,,,1,,,,1,,,,,,,,,,,1,,,,,,,,,,,,1,,1,,1,,1,,1,,1,,1,,1,1,1,,1,1,,,1,1,1,,1,,,,,,,,,,,,1,,,1,1,,,,,,,,,,,1,1,1,,1,1,1,,1,,1,,,,,1,1,,1,1,,,1,,1,,1,,1,,1,,1,,1
Spodoptera praefica,1,1,1,,1,,,1,1,1,1,1,,1,1,1,1,1,1,1,1,1,1,1,,1,1,1,1,1,1,1,1,1,,,,,,,,,,,1,,,,,,,,,1,1,1,1,1,1,1,1,1,,,,1,1,,,,,,,,,,,,,,1,1,1,1,1,,,,,,,,,,,,,,,,1,,,1,,1,,1,,,,,1,1,,,,,,,,,,1,,,1,1,,,,,,,,,,1,,,,,,,,,,,1,1,,1,,1,,1,1,1,,1,,1,,1,1,1,,1,1,1,,1,1,1,,1,1,,1,,,,,,,,,1,,1,1,,1,,,,,,,,,,1,1,1,,1,1,,,1,,1,,,,,1,1,,1,1,,,1,,1,,1,,1,,1,,1,,1
Elaphria alapallida,,,,,1,,,,,,,,,,,,,,,,,,,,,,,,,,,,,,,,,,,,,1,,1,1,,,,,,,,,,,,1,1,1,,,,,,1,1,,,,,,,,,,1,1,,,,,,,,,,,,,,,,,,,,,,,,1,,,1,,1,,1,,,,1,1,1,,,,,,,,,,1,,1,1,1,,,,,,,,,,1,,,,,,,,,,,,1,,1,,1,,1,,1,,1,,1,,1,,1,,1,1,1,,1,,1,,,1,1,1,,,,,,,,,1,,,1,1,1,,,,,,,,,,1,1,1,,1,,1,,1,,1,,,,,1,1,,1,1,,,1,1,1,,1,,1,,1,,1,,1
Galgula partita,1,,1,,,1,,1,,,,,,,1,,,,,,,,,,,1,1,,,,1,,,,,,,,,,,,,,,,,,,,,,,,,1,1,1,1,1,1,1,,,1,1,,,,,,,,,1,1,1,,,,,,,,,,,,,,,,,,,,,,,,1,1,,1,,1,,1,,,,,,1,,,1,,,,,,1,1,,,1,,,1,,,,,,,,1,,,,,,,,,,,,1,,1,,1,,1,,1,,1,,1,,1,,1,,1,1,1,,1,1,1,1,,1,,1,,,,,,,,,1,,1,1,1,,,,,,,,,,,1,,1,,,1,1,,1,,1,,,,,1,,1,1,1,,,1,,1,,1,,1,,1,,1,,1
Chytonix palliatricula,,,,,1,,,,,,,,,,,,,,,,,,,,,,,,,,,,,,,,,,,,,,,,,,,1,,,,,,,,,,1,1,,,,,,,1,,,,,,,,,,,,1,1,1,,,,,,,,,,,,,,,,,,,,,1,,,1,,1,,1,,,,1,1,1,,,,,,,,,,1,1,1,1,1,,,,,,,,,1,1,,1,,,,,,1,,1,,1,,1,,1,1,1,,1,,1,,1,,1,,1,,1,1,,,1,,1,,,1,,1,,,,,,,,,1,,,,,,,,,,,,,,,1,1,1,,1,,1,,1,,1,,,,,,1,,1,1,,,1,1,1,,1,,1,,1,,1,,1
Protoperigea anotha,1,1,1,,1,,,,1,1,1,,,1,1,,,,,,,1,,,,,,,,,1,,,,,,,,,,,,,1,1,,,,,,,,,,,,,1,1,1,1,,,,,1,,,,,,,,,,,,,1,1,1,,,,,,,,,,,,,,,,,,,,1,,,1,,1,,1,,,,1,,1,,,,,,,,,1,,,1,1,,,,,,,,,,,1,,,,,,,,,,,,1,,1,,1,,1,,1,,1,,1,,1,,1,,1,,1,,1,,1,,,1,,1,,,,,,,,,1,,,,,,,,,,,,,,,1,,1,,,,1,,1,,1,,,,,,1,,1,1,,,1,,1,,1,,1,,1,,1,,1
Protoperigea posticata,1,1,1,,1,,,,1,1,,,,,,,,1,1,1,,,,,,,,,1,1,,,1,1,,,,,,,,,,1,,,,,,,,,,,,,,1,,1,1,1,,,,1,1,,,,,,,,,,,,1,1,1,1,1,1,1,,,,,,,,,,,,,,,,1,1,,1,,1,,1,,,,,,1,,,,,,,,,1,1,,,1,,,,,,,,,,,1,,,,,,,,,,,,1,,1,,1,,1,,1,,1,,1,,1,,1,,1,,1,,1,,1,,1,,,1,,,,,,,,,1,,,1,1,1,,,,,,,,,,1,,1,,,,1,,1,,1,,,,,,1,,1,1,,,1,,1,,1,,1,,1,,1,,1
Protoperigea umbricata,1,,1,,1,,,,1,1,,,,,,,,,,,,,,,,,1,1,,1,1,1,1,1,,,,,,,,,,1,,,,,,,,,,,,,,,1,1,1,1,,,,1,1,,,,,,,,,,,,,,,,1,1,1,,,,,,,,,,,,,,,,1,,,1,,1,,1,,,,,1,1,,,,,,,,,1,1,,,1,1,,,,,,,,,,1,,,,,,,,,,,,1,,1,,1,,1,,1,,1,,1,,1,,1,,1,,1,,1,,1,,1,,,,,,,,,,,,1,,,1,1,1,,,,,,,,,,1,,1,,,,1,,1,,1,,,,,,1,1,,1,1,,1,,1,,1,,1,,1,,1,,1
Protoperigea calientensis,,,1,,,,,,,,,,,,,,,,,,,,,,,,,,,,,,1,,,,,,,,,,,,,,,,,,,,,,,,,,,1,1,1,,,,1,,,,,,,,,,,,,1,1,1,1,,,,,,,,,,,,,,,,,,,1,,,1,,1,,1,,,,,,1,1,,,,,,,,1,,,1,1,1,,,,,,,,,,1,,,,,,,,,,,,1,,1,,1,,1,,1,,1,,1,,1,,1,,1,,1,,1,1,1,,1,,,1,1,,,,,,,,1,,1,,,1,1,,,,,,,,,1,,1,,,,1,,1,,1,,,,,1,1,,1,1,,,1,,1,,1,,1,,1,,1,,1
Caradrina morpheus,1,1,1,,1,1,,1,,1,1,1,,1,,1,,,,,,,,,,1,1,,,,1,,,,,,,,,,,1,1,1,1,1,,,,,,,,,,,1,1,1,1,1,,,,1,1,,,,,,,,,,1,1,1,1,1,,,,,,,,,,,,,,,,,,,,,1,,,1,,1,,1,,,,,1,1,,,,,,,,,1,,,,1,,,,,,,,,,,1,,,,,,,,,,,,1,,1,,1,,1,,1,,1,,1,,1,,1,,1,1,1,,1,,1,,1,,,1,,,,,,,,,1,,,,1,1,,,,,,,,,,1,1,,,1,,1,,1,,1,,,,,,1,,1,1,,,1,,1,,1,,1,,1,,1,,1
Caradrina meralis,1,1,1,1,1,1,,1,1,1,1,1,,1,1,,1,1,1,,1,1,1,1,,1,1,1,,1,1,1,1,,,,1,,,,,1,,1,1,1,,,,,,,,,,,,,1,1,1,1,,,1,1,,,,,,,,,,1,1,1,1,1,1,,,,,,,,,,,,,,,,,,,,1,,,1,,1,,1,,,,1,1,1,,,,,,,,,1,1,,,1,,,,,,,,,,,1,,,,,,,,,,,,1,,1,,1,,1,,1,,1,,1,,1,,1,,1,1,1,,1,,1,,1,,,,,,,,,,,,1,,,1,,,,,,,,,,,,1,1,1,,1,,1,,1,1,1,1,,,1,1,1,1,,1,,,1,,1,,1,,1,,1,,1,,1
Caradrina camina,1,1,1,,1,,,,,1,,,,,,,,,1,1,,,1,1,,,,1,,1,,,1,1,,,,,,,,,,1,,1,,,,,,,,,,,,1,1,1,1,1,,,1,1,,,,,,,,,1,1,1,1,1,1,,,,,,,,,,,,,,,,,,,,,1,,,1,,1,,1,,,,1,1,,,,,,,,,,,,,1,1,,,,,,,,,,,1,,,,,,,,,,,,1,,1,,1,,1,,1,,1,,1,,1,,1,,1,1,,,1,,1,,1,,,,,,,,,,,,1,,,1,1,,,,,,,,,,,1,1,1,,1,1,1,,1,,1,,,,,,1,1,,1,,,1,,1,,1,,1,,1,,1,,1
Caradrina montana,1,1,1,1,1,1,,1,1,1,1,1,,1,1,1,1,1,1,1,1,1,1,,,1,1,1,1,1,1,1,1,1,,,,1,,,,1,1,1,1,1,1,1,1,1,,,,,1,1,1,1,1,1,1,1,,,1,1,,,,,,,,,,1,1,1,1,1,,,,,,,,,,,,,,,,,,,,,1,,,1,,1,,1,,,,1,,1,,,,,,,,,1,1,,,1,,,1,,,,,,,,1,,,,,,,,,,,,1,,1,,1,,1,,1,,1,,1,,1,,1,,1,1,,,1,,1,,1,,,,,,,,,,,,1,,,1,,1,,,,,,,,,,1,1,1,,1,,1,,1,,1,,,,,,1,1,1,1,,,1,,1,,1,,1,,1,,1,,1
Caradrina atrostriga,,1,,,,,,,,,,,,,,,,,1,,,,1,,,,,,,,,,,,,,,,,,,,,,,,,,,,,,,,,,,,,1,1,,,,1,1,,,,,,,,,,1,1,1,,,,,,,,,,,,,,,,,,,,,,,1,,,1,,1,,1,,,,1,,1,,,,,,,,,1,1,,,,,,,,,,,,,,1,,,,,,,,,,,,1,,1,,1,,1,,1,,1,,1,,1,,1,,1,,1,,1,,1,,1,,,,,,,,,,,,1,,,1,,,,,,,,,,,,1,,1,,,,1,,1,,1,,,,,,1,,1,1,,,1,,1,,1,,1,,1,,1,,1
Proxenus miranda,1,1,1,,1,1,,,,1,1,,,1,1,,1,1,,,1,,,,,1,1,,,1,1,,,,,,,,,,,1,,,1,1,,,,,,,,,,,1,1,1,1,1,,,,1,1,,,,,,,,,,1,1,1,1,,,,,,,,,,,,,,,,,,,,,,1,,,1,,1,,1,,1,,1,1,,,,,,,,,,1,,1,,,,,,,,,,,,,1,,,,,,,,,,,,1,,1,,1,,1,,1,,1,,1,,1,,1,,1,,1,,1,,1,,1,1,,1,,,,,,,,,1,,,1,1,,,,,,,,,,,1,1,1,,1,,1,,1,,1,,,,,,1,,1,1,,,1,,1,,1,,1,,1,,1,,1
Proxenus mindara,1,1,1,,,,,1,,1,,,,,,,,,1,1,,,,,,,1,1,1,1,,1,1,1,,,,,,,,,,,,,,,,,,,,,,,1,1,1,1,1,,,,1,1,,,,,,,,,,1,1,1,1,,,,,,,,,,,,,,,,,,,,,,1,,,1,,1,,1,,,,1,1,,,,,,,,,,1,,1,,,,,,,,,,,,,1,,,,,,,,,,,,1,,1,,1,,1,,1,,1,,1,,1,,1,,1,,1,,1,,1,,1,,,,,,,,,,,,1,,,1,1,,,,,,,,,,,1,1,1,,1,,1,,1,,1,,,,,,1,,1,1,,,1,,1,,1,,1,,1,,1,,1
Proxenus mendosa,,,,,1,,,,,,,,,,,,,,,,,,,,,,,,,,,,,,,,,,,,,,,1,1,,,1,,,,,,,,,1,1,1,,1,,,,1,1,,,,,,,,,,1,1,1,,,,,,,,,,,,,,,,,,,,,,,1,,,1,,1,,1,,,,1,1,,,,,,,,,,1,,,,,,,,,,,,,,,1,,,,,,,,,,,,1,,1,,1,,1,,1,,1,,1,,1,,1,,1,,1,,1,,1,,1,1,,1,,,,,,,,,1,,,1,1,,,,,,,,,,,1,1,1,,1,1,1,,1,,1,,,,,1,1,,1,1,,,1,,1,,1,,1,,1,,1,,1
Nedra stewarti,1,1,1,,,,,1,,1,1,,,,,1,1,1,,1,1,,,,,1,1,1,1,1,,1,,,,,,,,,,,,,,,,,,,,,,,1,1,1,1,1,1,1,,,,,1,,,,,,,,,,,,,1,1,,,,,,,,,,,,,,,,,,,,,1,,,1,,1,,1,,,1,1,1,1,,,,,,,,,,,1,1,1,1,,1,,,,,,,,1,,,,,,,,,,,,1,1,1,,1,,1,1,,1,1,,1,,1,,1,,1,1,1,,1,,1,,,,1,1,,,,,,,,,1,,1,,1,,,,,,,,,,,1,1,1,,1,,1,,1,,1,,,,,1,,,1,1,,,1,,1,,1,,1,,1,,1,,1
Nedra dora,1,,1,,,,,1,,,,,,,,,,,,,,,,,,,,1,,,,,,,,,,,,,,,,,,,,,,,,,,,,1,1,1,1,1,,,,,1,1,,,,,,,,,,1,1,1,1,,,,,,,,,,,,,,,,,,,,,,1,,,1,,1,,1,,,1,,1,,,,1,,,,,,,,1,,1,1,,1,,,,,,,,1,,,,,,,,,,,,1,,1,,1,,1,1,1,,1,,1,,1,,1,,1,1,1,,1,1,1,,,1,1,,,,,,,,,,1,,1,,,1,,,,,,,,,,1,,1,,,,1,,1,,1,,,,,1,,1,1,1,,,1,,1,,1,,1,,1,,1,,1
Nedra hoeffleri,1,,,1,,,,,,,1,,,,,,,,,,,,,,,,,,,,,,,,,,,1,,,,,,,,,,,,,,,,,,,,,1,1,,,,,,1,,,,,,,,,,,1,1,1,,,,,,,,,,,,,,,,,,,,,,1,,,1,,1,,1,,,,1,1,,,,,,,,,,,1,,1,1,1,,,,,,,,,,1,,,,,,,,,,,,1,,1,1,1,,1,1,,,1,,1,,1,,1,,1,1,1,,1,1,1,1,,,1,,,,,,,,,,1,,1,,,1,,,,,,,,,,1,1,1,,1,,1,,1,,1,,,,,1,,,1,1,,1,1,,1,,1,,1,,1,,1,,1
Alastria chico,1,,1,,1,1,,1,,,,,,,1,,,,,,,,,,,1,1,,,,1,1,,,,,,,,,,1,,,,,,,,,,,,,,1,1,1,1,1,1,1,,,,1,,,,,,,,,,,,,,1,1,1,1,,,,,,,,,,,,,,,,,,1,1,,1,,1,,1,,,,,1,1,,,,,,,,,1,,,,1,1,,,,,,,,,,1,,,,,,,,,,,,1,1,1,1,1,,1,1,1,,1,,1,,1,,1,,1,,1,,1,1,1,,1,,,,,,,,,,,,1,,,1,1,1,,,,,,,,,,1,1,,,1,1,,,1,,1,,,,,1,1,1,1,1,,1,1,,1,1,1,,1,,1,,1,,1
Euplexia benesimilis,1,1,1,,1,1,,1,,1,1,1,,1,1,1,1,1,,,,,,,,1,1,,,1,1,,,,,,,,,,,1,1,1,1,1,,1,,,,,,,,,1,1,1,1,1,,,,,1,,,,,,,,,,,,1,1,1,,,,,,,,,,,,,,,,,,,1,,1,,,1,,1,,1,,,,,1,,,,,,,,,,,,1,1,,1,,,,,,,,,,1,,,,,,,,,,,,1,,1,,1,,1,,1,,1,,1,,1,,1,,1,1,1,,1,,1,,,1,1,1,,,,,,,,,1,,,1,1,1,,,,,,,,,,1,1,1,,1,,1,1,1,1,1,1,,,1,1,1,,1,1,,,1,,1,,1,,1,,1,,1,,1
Phlogophora periculosa,1,1,1,,1,1,1,1,,,1,,,1,1,,1,,,,,,,,,1,1,,,,1,1,,,,,,,,,,1,1,,1,1,,1,,,,,,,1,,,1,1,1,1,,,,,1,1,,,,,,,,,,,,,,,,,1,1,1,,,,,,,,,,,,,1,,1,1,,,,1,,1,,,,,,1,,,,,,,,,1,,,,1,,,,,,,,,,,1,,,,,,,,,,,,1,,1,,1,,1,,1,,1,,1,,1,,1,,1,1,1,1,1,,1,,,,,1,,,,1,,,,,1,,,1,1,,,,,1,,,,,,1,1,1,,1,,1,1,,,1,,,,,1,1,,1,1,,,1,,1,,1,,1,,1,,1,,1
Apamea vultuosa,1,,1,,1,1,,1,,1,1,,,1,1,,,,,,,,,,,1,1,1,,1,1,1,,,,,,,,,,1,1,1,1,,,,,,,,,,,,1,1,1,1,,,,,,1,1,,,,,,,,,,,,,,,1,1,1,1,,,,,,,,,,,,,,1,,1,1,,1,,1,,1,,,,,,1,,,,,,,,,,,,,1,,,,,,,,,,,1,,,,,,,,,,,,1,,1,1,1,,1,1,1,,1,,1,,1,,1,,1,1,1,,1,1,1,,,1,1,,,,,,,,,,1,,,,,1,,,,,,,,,,1,1,,,1,,1,,1,,1,,,,,1,,1,,1,1,1,1,,1,,1,,1,,1,,1,,1
Apamea plutonia,1,,1,1,1,1,,1,,,,,,,,,,,,,,,,,,1,1,,,,,,,,,,,,,,1,1,,,,,,,,,,,,,1,1,1,1,1,1,1,,,,,1,,,,,,,,,,,,,,,1,1,,,,,,,,,,,,,,,,,1,,1,1,,1,,1,,1,,1,,,1,,,,,,,,,,1,,1,,,,,,,,,,,,,1,,,,,,,,,,,,1,,1,,1,,1,,1,,1,,1,,1,,1,,1,,1,,1,,1,,,1,1,,,,,,,,,,1,,,,,1,,,,,,,,,,1,,1,,,,1,,1,,1,,,,,1,1,1,,1,,,1,,1,,1,,1,,1,1,1,,1
Apamea alia,1,1,1,1,1,1,,1,,1,,,,1,1,1,1,,,1,,,,1,,1,1,1,1,,1,1,,,,,1,,,1,1,1,1,1,1,1,,1,,,,,,,,1,1,1,1,1,1,,,,,1,1,,,,,,,,,,,,,,1,1,1,1,1,,,,,,,,,,,,,,1,,1,,,1,,1,,1,,,,1,1,1,,,,,,,,,1,1,,1,1,1,,,,,,,,,,1,,,,,,,,,,,,1,,1,,1,,1,,1,,1,,1,,1,,1,,1,1,1,,1,,1,,,1,1,1,,,,,,,,,1,,,,,1,,,,,,,,,,1,,1,,,1,1,,1,,1,,,,,1,1,,1,1,,,1,,1,,1,,1,,1,,1,,1
Apamea unanimis,,,,,1,,,,,,,,,,,,,,,,,,,,,,,,,,,,,,,,,,,,,1,,,,,,,,,,,,,,,,1,1,,,,,,,1,,,,,,,,,,,,,1,1,1,,,,,,,,,,,,,,,,,,1,,1,,,1,,1,,1,,,,1,1,,,,,,,,,,1,,1,1,1,1,,,,,,,,,,1,,,,,,,,,,,,1,,1,,1,,1,1,1,,1,,1,,1,1,1,,1,1,,,1,1,1,,,1,1,,,,,,,,,,1,,,,,1,,,,,,,,,,1,1,,,1,1,1,,1,,1,,,,,1,,,1,1,,,1,,1,,1,,1,,1,,1,,1
Apamea indocilis,1,,1,1,1,1,,1,,,1,,,1,,,,,,,,,,,,1,1,,1,,,,,,,,1,,,,1,1,1,,1,1,,,,,,,,,,1,1,1,1,1,,,,,,1,1,,,,,,,,,,,,,1,1,1,1,1,1,,,,,,,,,,,,,,1,,1,1,,1,,1,,1,,,,1,1,1,,,,,,,,,,1,,1,1,1,,,,,,,,,,1,,,,,,,,,,,,1,,1,,1,1,,1,1,,1,,1,,1,,1,,1,1,,,1,1,1,,,1,1,1,,,,,,,,,1,,,1,1,1,,,,,,,,,,1,1,1,,1,,1,1,1,,1,,,,,1,1,1,1,1,,,1,1,1,,1,,1,,1,,1,,1
Apamea impulsa,,1,,,1,,,,,,,,,,,,1,,,,,,,,,,,,,,,,,,,,,,,,,1,1,1,1,,,1,,,,,,,,,1,1,1,1,,,,,,1,1,,,,,,,,,,,,,1,1,1,1,1,1,,,,,,,,,,,,,,1,,1,,,1,,1,,1,,1,,,1,,,,,,,,,,1,1,,,1,,,,,,,,,,,1,,,,,,,,,,,,1,,1,,1,,1,1,1,,1,,1,,1,1,1,,1,1,1,,1,,1,,,1,1,1,,,,,,,,,1,,,1,1,1,,,,,,,,,,1,1,1,,1,,1,1,1,,1,,,,,,1,1,,1,,,1,,1,,1,,1,,1,,1,,1
Apamea unita,,1,1,,,,,,,,,,,,,,,,,,1,,,,,,,,,,,,1,,,,,,,,,,,,,,,,,,,,,,,,,,1,1,,,,,,1,1,,,,,,,,,,,,,1,1,1,1,1,1,,,,,,,,,,,,,,1,,1,,,1,,1,,1,,,,1,1,1,,,,,,,,,,1,,1,1,1,,,,,,,,,,1,,,,,,,,,,,,1,,1,,1,1,,1,1,,1,,1,,1,1,1,,1,1,,,1,,1,,,1,1,1,,,,,,,,,1,,,1,1,1,,,,,,,,,,1,,1,,,1,1,,1,,1,,,,,1,1,,1,1,,,1,,1,,1,,1,,1,,1,,1
Apamea cuculliformis,1,1,1,,1,,,1,1,1,1,1,,,,1,1,,,,,,,1,,,1,,1,1,,1,1,1,,,,,,,,1,,1,,,,,,,,,,,,1,1,1,1,,,,,,,1,1,,,,,,,,,,,,,,,,,1,1,1,,,,,,,,,,,,,1,,1,1,,1,,1,,1,,,,,1,1,,,,,,,,,,1,,,1,,,,,,,,,,,1,,,,,,,,,,,,1,,1,,1,1,1,,1,,1,,1,,1,,1,,1,,1,,1,,1,,,1,1,1,,,,,,,,,1,,,1,1,1,,,,,,,,,,1,1,1,,1,1,1,1,1,,1,,,,,1,1,1,,1,1,1,1,1,1,1,1,,1,,1,,1,,1
Apamea sordens,1,1,1,1,1,1,,1,1,1,1,1,,1,1,1,1,,,1,,,,1,,,,,1,1,,,,1,,,1,,,,,1,1,1,1,,,1,,1,,,,,,1,1,1,1,1,1,,,,1,1,1,,,,,,,,,1,1,1,1,1,1,1,1,1,1,,,,,,,,,,,,,,1,,1,1,,1,,1,,1,,,,1,1,,,,,,,,,,,1,1,1,1,,,,,,,,,,,1,,,,,,,,,,,,1,,1,,1,,1,1,,,1,,1,,1,1,1,,1,1,,,1,,1,,,1,1,,,,,,,,,,1,,,,,,,,,,,,,,,1,1,,,1,1,1,,1,,1,,,,,1,,1,1,1,1,,1,,1,,1,,1,,1,,1,,1
Apamea digitula,1,,1,,,1,,1,,,,,,,,,,,,,,,,,,1,1,,,1,1,1,,,,,,,,,,,,,,,,,,,,,,,,1,1,1,1,1,,,,,,1,1,,,,,,,,,,,,,,1,1,1,1,1,,,,,,,,,,,,,,1,,1,,,1,,1,,1,,,,1,1,1,,,,,,,,,,1,,1,1,1,,,,,,,,,,1,,,,,,,,,,,,1,,1,,1,1,1,1,,,1,,1,,1,1,1,,1,1,,,1,,1,,,1,,1,,,,,,,,,1,,,1,,1,,,,,,,,,,1,,1,,,1,1,,1,,1,,,,,1,1,1,1,1,,,1,,1,,1,,1,,1,,1,,1
Apamea inordinata,1,1,1,1,1,,,1,1,1,1,,,,,,1,1,1,1,,,,,,,,,1,1,,,1,1,,,1,,,1,,,,1,,1,,1,,,,,,,,,1,1,1,,,,,,,1,,,,,,,,,,,,1,1,1,1,1,,,,,,,,,,,,,,,,,,,1,,,1,,1,,1,,,,1,1,1,,,,,,,,,,1,1,1,1,1,,,,,,,,,,1,,,,,,,,,,,,1,,1,,1,,1,,1,,1,,1,,1,,1,,1,1,1,,1,,1,1,,,1,1,1,1,,,,,,,,1,,,1,1,1,1,,,,,,,,1,1,,1,,1,1,,1,1,,1,,,1,1,,,1,1,,,1,,1,,1,,1,,1,,1,,1
Apamea spaldingi,1,1,1,1,1,,,,1,1,1,1,,,,,1,1,1,1,,1,,,,,1,1,1,1,1,1,1,,,,1,,,1,,,,1,1,,,,,,,,,,,1,1,1,1,,,,,,,1,1,,,,,,,,,,,,,,1,1,1,1,1,,,,,,,,,,,,,,1,,1,1,,1,,1,,1,,,,1,1,,,,,,,,,,,1,1,1,1,,,,,,,,,,,1,,,,,,,,,,,,1,,1,,1,1,,1,1,,1,,1,,1,,1,,1,1,1,,1,1,1,,,1,,1,,,,,,,,,1,,,1,1,,,,,,,,,,,1,1,1,,1,1,,1,1,,1,,,,,1,1,1,,1,,,1,,1,,1,,1,,1,,1,,1
Apamea cinefacta,1,1,1,1,1,,,1,1,1,1,,,,,,1,,,,,,,,,1,1,1,1,1,1,1,1,,,,1,,,1,,1,,1,1,,,,,,,,,,1,1,1,1,1,1,1,1,,,,1,1,,,,,,,,,,,,,1,1,1,1,1,1,,,,,,,,,,,,,,1,,1,,,1,,1,,1,,,,1,1,,,,,,,,,,1,1,1,1,1,,,,,,,,,,,1,,,,,,,,,,,,1,,1,1,1,1,1,1,1,,1,,1,,1,,1,,1,1,1,,1,1,1,,,1,1,,,,,,,,,,1,,,,,,,,,,,,,,,1,,1,,,1,1,,1,,1,,,,,1,1,1,1,1,,,1,,1,,1,,1,,1,,1,,1
Apamea lignicolora,,,,1,,,,,,,,,,,,,,,,,,,,,,,,,,,,,,,,,,,,,1,,,,,,,,,,,,,,,,,,1,,,,,,,1,1,,,,,,,,,,,,,,,,,1,1,,,,,,,,,,,,,,1,,1,,,1,,1,,1,,,,,1,1,,,,,,,,,1,,,,1,,,1,,,,,,,,1,,,,,,,,,,,,1,,1,,1,,1,1,1,,1,,1,,1,,1,,1,1,1,,1,,1,,,,,1,,,,,,,,,1,,,1,1,,,1,,,,,,,,1,1,1,,1,1,,1,1,,1,,,,,1,1,1,1,1,,,1,,1,,1,,1,,1,,1,,1
Apamea atriclava,1,,1,,1,1,,1,1,,,,,,1,,,,,,,,,,,1,1,,,,1,,,,,,,,,,,1,,1,,,,,,,,,,,1,,1,1,1,1,,,,,,1,1,,,,,,,,,,,,,,,,,1,1,1,,,,,,,,,,,,,1,,1,,,1,,1,,1,,,,,1,,,1,,,,,,,1,,,,1,,,,,,,,,,,1,,,,,,,,,,,,1,,1,,1,,1,1,1,,1,,1,,1,,1,,1,1,1,,1,,1,,,,1,1,,,,,,,,,1,,,,1,1,,1,,,,,,,,1,1,1,,1,,1,,1,,1,,,,,1,,1,1,1,,,1,,1,,1,,1,,1,,1,,1
Apamea antennata,1,1,1,1,1,,,1,1,1,1,1,,1,1,1,1,1,1,,1,1,,1,,1,1,1,1,1,1,1,,,,,1,,,,,1,,1,1,1,,,,,,,,,,,1,1,1,1,1,,,,,1,1,,,,,,,,,,,,,,,,1,1,1,1,,,,,,,,,,,,,1,,1,1,,1,,1,,1,,,,,1,1,,1,,,,,,,1,,,1,1,1,,1,,,,,,,,1,,,,,,,,,,,,1,,1,,1,1,1,1,1,,1,,1,,1,1,1,,1,1,1,,1,1,1,,,,1,1,,,,,,,,,1,,,,,1,,1,,,,,,,,1,1,1,,1,1,1,,1,,1,,,,,1,,1,1,1,,,1,,1,,1,,1,,1,,1,,1
Apamea siskiyou,1,,1,,,,,,1,,,,,,1,,,,,,,,,,,,1,,,,1,1,,,,,,,,,,,,,,,,,,,,,,,,,1,1,1,,,,,,,1,1,,,,,,,,,,,,,,,,1,1,1,,,,,,,,,,,,,,1,,1,1,,1,,1,,1,,,,1,1,,,,,,,,,,1,,,1,1,1,,,,,,,,,,1,,,,,,,,,,,,1,,1,,1,,1,1,1,,1,,1,,1,,1,,1,1,1,,1,1,1,,,1,1,,,,,,,,,,1,,,,,1,,,,,,,,,,1,1,1,,1,,1,,1,,1,,,,,1,1,1,1,1,,,1,,1,,1,,1,,1,,1,,1
Apamea auranticolor,,1,,,,,,,,,,,,,,,,,,,,1,,1,,,,,,,,,,,,,,,,,,,,,,,,,,,,,,,,,,,1,1,,,,,,1,1,,,,,,,,,,,,,,,1,1,1,1,,,,,,,,,,,,,,,,1,,,1,,1,,1,,,,1,1,1,,,,,,,,,,1,,1,1,1,,1,,,,,,,,1,,,,,,,,,,,,1,,1,1,1,1,,1,1,,1,,1,,1,,1,,1,1,,,1,1,1,,,1,,1,,,,,,,,,1,,,,,1,,1,,,,,,,,1,1,1,,1,,1,,1,,1,,,,,1,,1,,1,1,,1,,1,,1,,1,,1,,1,,1
Apamea sora,1,1,1,1,1,,,,1,1,1,1,,1,1,,1,1,,,1,1,,,,,,1,1,1,,,,,,,1,1,,,,,1,1,1,1,,1,,1,,,,,,,1,1,1,1,1,1,,,,1,1,,,,,,,,,,,,,,,,1,1,1,,,,,,,,,,,,,,,,1,,,1,,1,,1,,,,1,1,,,,,,,,,,,1,1,1,1,1,,,,,,,,,,1,,,,,,,,,,,,1,,1,,1,1,1,1,1,,1,,1,,1,1,1,,1,1,1,,1,,1,,,1,1,1,,,,,,,,,1,,,1,1,1,,,,,,,,,,1,1,1,,1,,1,,1,,1,,,,,1,1,1,,1,1,,1,,1,,1,,1,,1,,1,,1
Apamea tahoeensis,,,1,,,,,,,,,,,,,,,,,,,,,,,,,1,1,1,1,1,,,,,,,,,,,,,,,,,,,,,,,,,1,1,1,1,,,,,,1,1,,,,,,,,,,,,,,,1,1,1,1,,,,,,,,,,,,,,1,,1,,,1,,1,,1,,,,,1,1,,,,,,,,,1,,,1,1,1,,1,,,,,,,,1,,,,,,,,,,,,1,,1,,1,1,1,1,1,,1,,1,,1,,1,,1,1,1,,1,1,1,,,1,1,1,,,,,,,,,1,,,,1,1,1,,,,,,,,,1,,1,,,1,1,,1,,1,,,,,1,1,,1,1,,,1,,1,,1,,1,,1,,1,,1
Apamea commoda,1,1,1,1,1,,,,,1,1,1,,,1,1,1,,1,,1,1,,1,,,,1,,1,,,1,,,,,,,,1,,,1,1,1,,1,,,,,,,,,1,1,1,1,1,,,,,1,1,,,,,,,,,,,,,,1,1,1,1,1,,,,,,,,,,,,,,1,,1,,,1,,1,,1,,1,,1,1,1,,,,,,,,,1,1,1,1,1,1,,,,,,,,,,1,,,,,,,,,,,,1,,1,,1,1,1,1,1,,1,,1,,1,,1,,1,1,1,,1,1,1,,,1,1,,,,,,,,,,1,,,,,1,,,,,,,,,,1,1,1,,1,1,1,,1,,1,,,,,1,,1,1,1,,,1,,1,,1,,1,,1,,1,,1
Apamea centralis,1,1,1,1,1,,,,1,1,,1,,1,1,,,,,,1,,,,,,,1,,1,1,1,,,,,1,,,,,1,,1,1,,,,,,,,,,,1,1,1,1,1,1,1,,,,1,1,,,,,,,,,,,,,,1,1,1,1,1,,,,,,,,,,,,,,1,,1,1,,1,,1,,1,,,,1,1,,,,,,,,,,1,1,,,1,1,,,,,,,,,,1,,,,,,,,,,,,1,,1,,1,1,1,1,,,1,,1,,1,,1,,1,1,1,,1,1,1,,,1,1,,,,,,,,,,1,,,,,1,,,,,,,,,,1,1,,,1,1,1,,1,,1,,,,,1,,,1,1,,,1,,1,,1,,1,,1,,1,,1
Apamea occidens,1,1,1,1,1,,,,1,1,1,1,,1,1,1,1,,1,1,1,1,,1,,,,1,1,1,1,1,1,1,,,1,,,,,,,1,,,,,,,,,,,,,1,1,1,1,1,,,,,1,1,,,,,,,,,,,,,,,,1,1,1,1,,,,,,,,,,,,,1,,1,1,,1,,1,,1,,,,1,,,,,,,,,,,1,1,,,,,,,,,,,,,,1,,,,,,,,,,,,1,,1,,1,,1,,1,,1,,1,,1,,1,,1,1,1,,1,,1,,,1,,,,,,,,,,,1,,1,,,,,,,,,,,,,1,1,,,1,1,1,,1,,1,,,,,1,,1,1,1,,,1,,1,,1,,1,,1,,1,,1
Apamea amputatrix,1,1,1,1,1,1,,1,1,1,1,1,,1,1,1,1,,1,1,1,1,,1,,1,1,1,1,1,1,1,1,1,,,1,,,,,1,1,1,1,1,1,,,,,,,,,1,1,1,1,1,1,1,,,,1,1,,,,,,,,,,,,,,,,,1,1,1,1,,,,,,,,,,,,1,,1,1,,1,,1,,1,,1,,,1,,,,,,,,,,,1,1,,,1,,,,,,,,,,1,,,,,,,,,,,,1,,1,,1,,1,1,1,,1,,1,,1,1,1,,1,1,1,,1,,1,,,1,1,,,,,,,,,,1,,,1,1,1,,,,,,,,,,1,1,,,1,1,1,,1,,1,,,,,1,1,1,1,1,,,1,,1,,1,,1,,1,,1,,1
Apamea albina,,,1,,,,,,,,,,,,,,,,,,,,,,,,,,,,,1,,,,,,,,,,,,,,,,,,,,,,,,,1,1,,,,,,,,1,1,,,,,,,,,,,,,,,,,1,1,1,,,,,,,,,,,,,1,,,1,,1,,1,,1,,,,,1,,,,,,,,,,,1,1,1,,1,,1,,,,,,,,1,,,,,,,,,,,,1,,1,1,1,1,1,,1,,1,,1,,1,,1,,1,1,1,,1,1,1,,,1,1,1,,,,,,,,,1,,,1,1,1,,1,,,,,,,,1,1,,,1,1,,1,,1,1,1,,,1,1,1,1,1,1,,1,1,,1,,1,,1,,1,,1,,1
Apamea maxima,1,,1,,1,1,,1,,,,,,,,,,,,,,,,,,1,1,,,,,,,,,,,,,,,1,1,,,,,,,,,,,,,,1,1,1,1,,,,,,,1,,,,,,,,,,,,,,,,,,,1,1,1,1,,,,,,,,,,1,,1,1,,1,,1,,1,,,,,,1,,,,,,,,,1,1,,1,1,,,,,,,,,,,1,,,,,,,,,,,,1,,1,,1,,1,1,,,1,,1,,1,,1,,1,1,,,1,1,1,,,,,1,,,,,,,,,1,,,1,1,,,,,,,,,,,1,,1,,,1,1,,1,,1,,,,,1,1,,1,1,,,1,1,1,,1,,1,,1,,1,,1
Apamea acera,1,1,1,,1,,,1,1,1,1,1,,1,1,1,1,1,1,,,1,,1,,,1,1,1,1,1,1,1,,,,,,,,,,,1,,,,,,,,,,,,,1,1,1,1,1,,,,,1,1,,,,,,,,,,,,,,,,,1,1,1,1,,,,,,,,,,,,1,,1,,,1,,1,,1,,,,1,1,1,,,,,,,,,1,1,,,1,1,,,,,,,,,,1,,,,,,,,,,,1,1,,1,,1,,1,1,,,1,,1,,1,,1,,1,1,,,1,,1,,,1,1,1,,,,,,,,,1,,,1,1,1,,,,,,,,,,1,1,1,,1,1,1,,1,,1,,,,,1,,,1,1,,,1,,1,,1,,1,,1,,1,,1
Apamea burgessi,,1,1,1,,,,,,,,,,,,,,,1,1,,,,,,,,,,,,,1,1,,,1,,,,1,,,,,,,,,,,,,,,,,,,1,1,1,,,,1,1,,,,,,,,,,,,,1,1,1,1,1,1,,,,,,,,,,,,,,1,,1,,,1,,1,,1,,,,1,1,1,,,,,,,,,,1,,1,1,1,,,,,,,,,,1,,,,,,,,,,,,1,,1,,1,1,,1,1,,1,,1,,1,1,1,,1,1,1,,1,1,1,,1,,,,,,,,,,,,1,,,1,1,,,,,,,,,,,1,,1,,,,1,,1,,1,,,,,1,1,1,1,1,1,,1,,1,,1,,1,,1,,1,,1
Apamea longula,1,1,1,1,1,,,,1,1,1,1,,1,1,,,,1,1,,1,1,,,,,1,,1,,1,1,,,,1,,,,,,,1,1,1,,1,,,,,,,,,1,,1,1,1,1,,,,1,1,,,,,,,,,,,,,,,1,1,1,1,,,,,,,,,,,,,,1,,1,1,,1,,1,,1,,,,,,1,,,,,,,,,,1,,,,,,,,,,,,,,1,,,,,,,,,,,,1,,1,,1,1,,1,,,1,,1,,1,1,1,,1,1,,,1,1,1,,,1,,1,,,,,,,,,1,,,,1,1,,,,,,,,,,1,1,,,1,1,,1,1,,1,,,,,1,1,1,1,1,,,1,,1,,1,,1,,1,,1,,1
Apamea scoparia,1,1,1,1,1,1,,,1,1,1,1,,1,1,1,1,1,1,1,1,1,1,1,,,1,1,,1,1,,1,1,,,1,,,1,,1,,1,1,1,1,1,,1,,,,,,,1,1,1,1,1,,,,,1,1,,,,,,,,,,,,,,,,,1,1,1,1,,,,,,,,,,,,1,,1,1,,1,,1,,1,,,,,1,,,1,,,,,,,1,1,1,,,,,,,,,,,,,1,,,,,,,,,,,,1,,1,,1,,1,,1,,1,,1,,1,,1,,1,1,1,,1,,1,,,1,1,,,,,,,,,,1,,,,,1,,1,,,,,,,,1,1,,,1,,1,,1,,1,,,,,1,1,1,1,1,,,1,,1,,1,,1,,1,,1,,1
Apamea cogitata,1,1,1,1,1,1,,1,1,1,1,1,,1,1,1,1,,1,1,1,1,,1,,1,1,1,,1,1,1,,,,,1,,,1,1,1,1,1,1,1,1,1,,1,,,,,1,,1,1,1,1,1,1,,,,1,1,,,,,,,,,,,,,,,,1,1,1,,,,,,,,,,,,,,1,,1,1,,1,,1,,1,,,,,1,,,,,,,,,,,1,1,,,,,1,,,,,,,,1,,,,,,,,,,,,1,,1,,1,,1,,1,,1,,1,,1,,1,,1,1,1,,1,,1,,,1,1,,,,,,,,,,1,,,,,1,,1,,,,,,,,1,1,1,,1,,1,,1,,1,,,,,1,1,1,1,1,,,1,,1,,1,,1,,1,,1,,1
Apamea inficita,1,1,1,1,1,,,,,1,1,,,1,1,,1,1,1,,1,1,,1,,,,,,1,,,1,,,,1,,,,1,,1,1,1,1,1,1,,1,,,,,,,,1,1,1,,,,,,1,1,,,,,,,,,,,,,,,,,1,1,1,1,,,,,,,,,,,,,,1,,,1,,1,,1,,,,,,1,,1,,,,,,,1,1,,,,,,,,,,,,,,1,,,,,,,,,,,,1,,1,,1,,1,,1,,1,,1,,1,,1,,1,,1,,1,,1,,,,1,1,,,,,,,,,1,,,,1,1,1,1,,1,,,,,,1,1,1,,1,,1,,1,,1,,,,,1,1,1,1,1,,,1,,1,,1,,1,,1,,1,,1
Apamea lutosa,,,,,1,,,,,,,,,,,,,,,,,,,,,,,,,,,,,,,,,,,,,,,1,,,,,,,,,,,,,,,1,,,,,,,1,1,,,,,,,,,,,,,1,1,1,1,1,1,,,,,,,,,,,,,,1,,1,1,,1,,1,,1,,,,,,1,,,,,,,,,1,1,,,1,,,,,,,,,,,1,,,,,,,,,,,,1,,1,,1,,1,,1,,1,,1,,1,,1,,1,,1,,1,,1,,,1,,1,,,,,,,,,1,,,1,,1,,,,,,,,,,1,,1,,,,1,,1,,1,,,,,1,1,1,1,1,,,1,,1,,1,,1,,1,,1,,1
Apamea devastator,1,1,1,1,1,1,,1,1,1,1,1,,1,1,1,1,1,1,1,1,1,1,1,,1,1,1,1,1,1,1,1,,1,,1,1,,1,1,1,1,1,1,1,1,1,,1,,,,,1,,1,1,1,1,1,1,1,,,1,1,,,,,,,,,,,,,,,1,1,1,1,,,,,,,,,,,,,,1,,1,1,,1,,1,,1,,,,1,1,,,,,,,,,,1,1,1,1,1,1,,,,,,,,,,1,,,,,,,,,,,,1,,1,,1,,1,1,1,,1,,1,,1,1,,,1,1,1,,1,,1,,,1,1,1,,,,,,,,,1,,,1,1,1,,,,,,,,,,1,1,1,,1,1,1,,1,,1,,,,,1,,1,1,1,,,1,,1,,1,,1,,1,,1,,1
Apamea zeta,1,,,1,1,,,,,,1,,,1,,,,,,,,,,,,,,,,,,,,,,,1,,,,,,,1,1,1,,1,,1,,,,,,,,1,1,1,,,,,,1,1,,,,,,,,,,,,,,1,1,1,1,1,,,,,,,,,,,,,,1,,1,,,1,,1,,1,,,,1,1,,,,,,,,,,1,1,,,,1,,,,,,,,,,1,,,,,,,,,,,,1,,1,,1,,1,,1,,1,,1,,1,,1,,1,,1,,1,,1,,,1,1,,,,,,,,,,1,,,,,1,,,,,,,,,,1,1,,,1,,1,,1,,1,,,,,1,1,,1,1,,,1,,1,,1,,1,,1,,1,,1
Apamea contradicta,,,,,1,,,,,,,,,,,,,,,,,,,,,,,,,,,,,,,,,,,,,,,,,1,,,,,,,,,,,,1,1,,,,,,,1,1,,,,,,,,,,,,,,,,,1,1,,,,,,,,,,,,,,,,1,,,1,,1,,1,,,,,1,1,,1,,,,,,,,1,,,1,1,,1,,,,,,,,1,,,,,,,,,,,,1,,1,,1,,1,,1,,1,,1,,1,,1,,1,1,1,,1,,1,,,1,,1,,,,,,,,,1,,,1,1,1,,,,1,,,,,,1,1,1,,1,1,1,1,1,,1,,,,,1,1,,1,1,,,1,,1,,1,,1,,1,,1,,1
Apamea niveivenosa,1,1,1,1,1,,,,1,1,1,,,,,,1,,1,1,,1,,,,,,1,1,1,,,1,,,,1,1,,1,,,,,1,,,1,,,,,,,,,,1,1,1,,,,,,1,,,,,,,,,,,,,,1,1,1,1,,,,,,,,,,,,,,,,,,1,,,1,,1,,1,,,,,1,1,,1,,,,,,,1,,,1,1,1,,,,,,,,,,1,,,,,,,,,,,1,1,,1,,1,,1,1,1,,1,1,1,,1,,1,,1,1,1,,1,1,1,,,1,1,1,,,,,,,,,1,,,,,1,,,,,,,,,,1,1,1,,1,,1,,1,,1,,,,,1,,1,1,1,,,1,,1,,1,,1,,1,,1,,1
Melanapamea mixta,,,1,,,,,,,,,,,,,,,,,,,,,,,1,,,,,,1,,,,,,,,,,,,,,,,,,,,,,,,,1,1,,,,,,,,1,,,,,,,,,,,,,,1,1,1,1,,,,,,,,,,,,,,,,1,,1,,,1,,1,,1,,1,,,,,,,,,,,,,1,,1,1,,,,,,,,,,,,1,,,,,,,,,,,,1,,1,,1,,1,,1,,1,,1,,1,,1,,1,,1,,1,,1,,,1,,,,,,,,,,,1,1,,,,,,,,,,,,,,1,1,1,,1,,1,,1,,1,,,,,1,1,1,1,1,,,1,,1,,1,,1,,1,,1,,1
Lateroligia ophiogramma,1,,1,,1,1,,1,,,,,,1,1,,,,,,,,,,,1,1,,,,1,,,,,,,,,,,1,,,1,,,,,,,,,,,,,1,1,1,1,,,,,1,,,,,,,,,,,,1,1,1,,,,,,,,,,,,,,,,,,,1,,1,1,,1,,1,,1,,,,,1,1,,,,,,,,,,1,,1,1,1,,,,,,,,,,1,,,,,,,,,,,,1,,1,1,1,1,1,,1,,1,,1,,1,,1,,1,1,1,,1,,1,,,1,,1,,,,,,,,,1,,,1,,1,,,,,,,,,,1,,1,,,,1,,1,,1,,,,,1,1,,1,1,,,1,,1,,1,,1,,1,,1,,1
Resapamea innota,1,1,1,,,,,,1,1,,,,,,,,,,1,1,1,,,,,1,1,1,1,,,1,,,,,,,,,,,,,,,,,,,,,,,1,1,1,1,1,1,,,1,,1,,,,,,,,,,,,,1,1,1,1,,,,,,,,,,,,,,,,,,,1,,,1,,1,,1,,,,1,1,1,,1,,,,,,,1,,,,1,1,,1,,,,,,,,1,,,,,,,,,,,,1,,1,,1,,1,,1,,1,,1,,1,1,1,,1,1,1,,1,,1,,,1,1,,,,,,,,,,1,,,,,1,,,,,,,,,,1,1,1,,1,,1,,1,,1,,,,,1,,1,1,1,,,1,,1,,1,,1,,1,,1,,1
Resapamea venosa,1,,1,,,1,,1,,,,,,1,,,,,,,,,,,,1,1,,,,1,,,,,,,,,,,,,,,,,,,,,,,,,,1,1,1,,,,,,,1,,,,,,,,,,,,,,,1,1,1,,,,,,,,,,,,,,,,,,1,,,1,,1,,1,,,,,,1,,,,,,,,,,,,,1,,,1,,,,,,,,1,,,,,,,,,,,,1,,1,,1,,1,,1,,1,,1,,1,1,1,,1,1,,,1,1,1,,,,1,1,,,,,,,,,1,,,1,1,1,,,,,,,,,,1,1,1,,1,,1,,1,,1,,,,,1,1,,1,1,,,1,,1,,1,,1,,1,,1,,1
Resapamea enargia,,,1,,,,,,,,,,,,,,,,,,,,,,,,,,,,,1,,1,,,,,,,,,,,,,,,,,,,,,,,,,1,,,,,,,1,1,,,,,,,,,,,,,1,1,1,1,1,1,,,,,,,,,,,,,,,,1,,,1,,1,,1,,,,,1,,,1,,,,,,,1,,,,1,1,,1,,,,,,,,1,,,,,,,,,,,,1,,1,,1,,1,,1,,1,,1,,1,,1,,1,1,1,,1,,1,,,1,,1,,,,,,,,,1,,,,,1,,,,,,,,,,1,1,,,1,,1,,1,,1,,,,,1,1,1,,,1,,1,,1,,1,,1,,1,,1,,1
Resapamea passer,1,1,1,1,1,,,1,,1,,,,,,1,1,,1,1,,1,1,1,,1,1,,,1,,,1,1,,,1,,,1,,1,,1,1,,,1,,1,,,,,,,1,1,1,1,1,,,,,1,1,,,,,,,,,,,,,1,1,1,1,1,1,,,,,,,,,,,,,,,,1,1,,1,,1,,1,,,,1,1,1,,1,,,,,,,1,1,,,1,1,,,,,,,,,,1,,,,,,,,,,,,1,,1,,1,,1,,1,,1,,1,,1,1,,,1,1,1,,1,1,1,,,,,1,,,,,,,,,1,,,1,1,,,,,,,,,,,1,1,1,,1,,1,,1,,1,,,,,1,1,1,,1,,,1,,1,,1,,1,,1,,1,,1
Resapamea diluvius,1,,1,,,,,,,1,,,,,,,,,,,,,,,,,,,1,,,,,,,,,,,,,,,,,,,,,,,,,,,1,1,1,,,,,,,,1,1,,,,,,,,,,,,,1,1,1,1,1,1,,,,,,,,,,,,,,,,1,1,,1,,1,,1,,,,1,1,1,,1,,,,,,,1,1,,,1,1,,,,,,,,,,1,,,,,,,,,,,,1,,1,,1,,1,,1,,1,,1,,1,1,,,1,1,1,,1,1,1,,,1,1,1,,,,,,,,,,,,1,1,,,,,,,,,,,1,1,1,,1,,1,,1,,1,,,,,1,1,1,,1,,,1,,1,,1,,1,,1,,1,,1
Mesapamea fractilinea,,1,,1,,,,,,,,,,,,,,,,1,,1,,,,,,,,,,,,,,,1,,,1,,,,,,,,,,,,,,,,,,,1,1,,,,,,1,,,,,,,,,,,,,,1,1,1,1,,,,,,,,,,,,,,,,,,1,,,1,,1,,1,,,,,1,1,,,,,,,,,,,1,1,1,1,,,,,,,,,,1,,,,,,,,,,,,1,,1,,1,,1,,1,,1,,1,,1,,1,,1,1,1,,1,,1,,,1,1,1,,,,,,,,,1,,,1,1,1,,,,,,,,,,1,1,1,,1,,1,,1,,1,,,,,,1,,1,1,,,1,,1,,1,,1,,1,,1,,1
Eremobina claudens,1,1,1,1,1,1,,1,1,,1,,,1,1,,,,,,,1,,1,,1,1,,1,1,1,,,,,,1,,,,,1,1,1,,,,,,,,,,,,,,,1,1,1,1,,,,1,,,,,,,,,,,,1,1,1,1,1,1,,,,,,,,,,,,,,,,,,1,,,1,,1,,1,,,,1,,,,,,,,,,,,1,1,,,,,,,,,,,,,1,,,,,,,,,,,,1,,1,,1,1,1,1,,,1,,1,,1,1,1,,1,1,1,,1,,1,,,1,,,,,,,,,,,1,,1,,,,,,,,,,,,,1,1,1,,1,,1,,1,,1,,,,,1,1,1,,1,,,1,,1,,1,,1,,1,,1,,1
Eremobina unicincta,,,1,,,,,,,,,,,,,,,,,,,,,,,,1,1,,,1,,,,,,,,,,,,,,,,,,,,,,,,,,,,1,1,1,,,,,1,,,,,,,,,,,,,,1,1,1,,,,,,,,,,,,,,,,,,,1,,,1,,1,,1,,,,1,,,,,,,,,,,,1,1,,,,,,,,,,,,,1,,,,,,,,,,,,1,,1,,1,1,1,1,1,,1,,1,,1,1,1,,1,1,,,1,,1,,,1,,1,,,,,,,,,1,,,,,,,,,,,,,,,1,,1,,,,1,,1,,1,,,,,1,1,1,1,1,,,1,,1,,1,,1,,1,,1,,1
Oligia tusa,1,,1,,1,1,,1,,,,,,,,,,,,,,,,,,1,1,,,,,,,,,,,,,,,1,1,,,,,,,,,,,,,,,1,1,1,,,,,,1,,,,,,,,,,,,,1,1,1,,,,,,,,,,,,,,,,,,,,1,1,,1,,1,,1,,1,,,1,,,,,,,,,,1,1,1,1,1,,,,,,,,,,,1,,,,,,,,,,,,1,,1,1,1,,1,,1,,1,,1,,1,,1,,1,1,1,,1,,1,,,1,1,,,,,,,,,,1,,,,,1,,,,,,,,,,1,1,1,,1,,1,,1,,1,,,,,1,1,1,,1,,,1,,1,,1,,1,,1,,1,,1
Oligia violacea,1,1,1,1,,,,,,1,,1,,,,1,1,,,,,,,,,,1,1,1,1,,,1,1,,,1,,,,,,,,,,,,,,,,,,,,,1,1,1,1,1,,,,1,,,,,,,,,,,,,,1,1,1,,,,,,,,,,,,,,,,,,,1,1,,1,,1,,1,,,,1,1,1,1,1,1,1,1,,,,,1,1,1,1,1,1,1,1,1,1,,,,,1,,,,,,,,,,,,1,,1,,1,,1,,1,,1,,1,,1,,1,,1,1,,,1,1,1,,1,,,,,,,,,,,,1,,,,,,,,,,,,,,,1,,1,,,,1,,1,,1,,,,,,1,1,,1,,,1,1,1,,1,,1,,1,,1,,1
Oligia rampartensis,1,1,1,1,1,1,,1,1,1,,,,,1,1,,,1,,,,,1,,1,1,1,1,1,1,,1,,,,1,,,,,1,,1,1,,,,,,,,,,,,,1,1,1,,,,,,1,,,,,,,,,,,,,,1,1,1,,,,,,,,,,,,,,,,,,,1,1,,1,,1,,1,,,,1,1,1,1,1,1,1,1,,,,,1,1,1,1,1,1,1,1,1,1,,,,,1,,,,,,,,,,,,1,,1,,1,,1,,1,,1,,1,,1,,1,1,1,1,,,1,,1,,1,,,1,,,,,,,,,1,,,1,1,,,,,1,,,,,,1,,1,,,,1,,1,,1,,,,,,1,,1,,1,,1,1,1,,1,,1,,1,,1,,1
Oligia obtusa,1,,,,,,,,,,1,,,1,,,,,,,,,,,,,,,,,,,,,,,,,,,,,,,,,,,,,,,,,,,,,1,1,1,,,,1,1,,,,,,,,,,1,1,1,,,,,,,,,,,,,,,,,,,,,,,1,,,1,,1,,1,,,,1,1,,,,,,,,,,1,,,1,1,,,,,,,,,,,1,,,,,,,,,,,,1,,1,,1,,1,,1,,1,,1,,1,,1,,1,1,1,,1,,1,,,1,1,,,,,,,,,,1,,,,,,,,,,,,,,,1,1,1,,1,,1,,1,,1,,,,,1,1,,1,1,,,1,,1,,1,,1,,1,,1,,1
Oligia divesta,1,1,1,1,1,1,,1,1,1,1,1,,1,1,1,1,1,1,,1,1,1,1,,1,1,1,1,1,1,1,,1,1,,1,,,,,1,,1,1,,,,,,,,,,,,1,1,1,1,1,1,,,,1,,,,,,,,,,,,1,1,1,1,1,1,,,,,,,,,,,,,,,,,,1,,,1,,1,,1,,,,1,1,,,,,,,,,,,1,1,1,1,1,,,,,,,,,,1,,,,,,,,,,,,1,,1,,1,1,1,1,1,,1,,1,,1,1,1,1,1,1,1,,1,1,1,,,1,,1,,,,,,,,,1,,,1,1,,,,,,,,,,,1,,1,,,,1,,1,,1,,,,,1,1,1,1,1,,,1,,1,,1,,1,,1,,1,,1
Neoligia subjuncta,1,1,1,,1,,,,,,1,,,1,,,1,,,,,,,1,,,,1,,1,,,,,,,,,,,,1,1,1,1,,,1,,,,,,,,,,1,1,1,1,,,,1,1,,,,,,,,,,1,1,1,,,,,,,,,,,,,,,,,,,,,,,1,,,1,,1,,1,,,,1,,1,,,,,,,,,,,,1,,1,,,,,,,,,,1,,,,,,,,,,,,1,,1,,1,,1,,1,,1,,1,,1,,1,,1,1,1,,1,,1,,,1,,1,,,,,,,,,1,,,1,,1,,,,,,,,,,1,1,1,,1,,1,,1,,1,,,,,,1,1,1,1,,,1,,1,,1,,1,,1,,1,,1
Neoligia tonsa,1,1,1,,1,,,,1,1,1,1,,,1,1,,,1,1,,,,1,,,1,1,1,1,1,,1,1,,,,,,,,,,1,1,,,,,,,,,,,,1,1,1,1,1,1,,,1,1,,,,,,,,,,1,1,1,,,,,,,,,,,,,,,,,,,,,,,1,,,1,,1,,1,,1,,1,1,,,,,,,,,,1,1,1,1,1,1,,,,,,,,,,1,,,,,,,,,,,,1,,1,,1,1,1,1,1,,1,,1,,1,1,1,,1,1,1,,1,,1,,,1,,1,,,,,,,,,1,,1,1,,1,,,,,,,,,,1,1,1,,1,,1,,1,,1,,,,,1,,1,1,1,,,1,,1,,1,,1,,1,,1,,1
Neoligia invenusta,1,1,1,,1,1,,1,1,1,1,1,,1,1,1,1,,,,,,,1,,1,1,1,,1,1,1,1,,,,,,,,,1,1,1,1,1,,,,,,,,,,,,1,1,1,1,1,,,1,1,,,,,,,,,1,1,1,,,,,,,,,,,,,,,,,,,,,,,,1,,,1,,1,,1,,,,1,1,1,,,,,,,,,,,,1,1,1,,,,,,,,,,1,,,,,,,,,,,,1,,1,,1,1,1,1,1,,1,,1,,1,,1,,1,1,1,,1,,1,,,1,1,1,,,,,,,,,1,,,1,1,1,,,,,,,,,,1,1,1,,1,,1,,1,,1,,,,,1,1,1,1,1,,,1,,1,,1,,1,,1,,1,,1
Neoligia albirena,1,1,1,,1,,,,1,1,,1,,1,1,1,,1,1,1,,1,,,,,,,1,1,,,,,,,,,,,,,,1,,,,,,,,,,,,,,1,1,1,1,,,,1,1,,,,,,,,,1,1,1,,,,,,,,,,,,,,,,,,,,,,,,1,,,1,,1,,1,,1,1,1,1,,,,,,,,,,,1,1,1,1,,,,,,,,,,,1,,,,,,,,,,,,1,,1,,1,,1,,1,,1,,1,,1,,1,,1,,1,,1,,1,,,1,,1,,,,,,,,,1,,,,,,,,,,,,,,,1,1,1,,1,,1,,1,,1,,,,,1,1,,1,1,,,1,,1,,1,,1,,1,,1,,1
Neoligia lancea,1,1,1,,1,,,,1,1,1,1,,1,1,1,,,,,,,,,,,,1,1,1,1,1,1,,,,,,,,,,,1,,,,,,,,,,,,,1,1,1,1,1,,,,1,1,,,,,,,,1,1,1,1,,,,,,,,,,,,,,,,,,,,,,1,,1,,,1,,1,,1,,,,1,1,1,,,,,,,,,1,1,,1,1,1,,,,,,,,,,1,,,,,,,,,,,,1,,1,,1,1,1,1,1,,1,,1,,1,,1,,1,1,1,,1,,1,,,1,1,1,,,,,,,,,1,,,,,,,,,,,,,,,1,1,1,,1,,1,,1,,1,,,,,1,1,1,1,1,,,1,,1,,1,,1,,1,1,1,,1
Neoligia lillooet,,,,,1,,,,,,,,,,,,,,,,,1,,,,,,,,,,,,,,,,,,,,,,1,,,,,,,,,,,,,,,,1,,,,,1,1,,,,,,,,,1,1,1,,,,,,,,,,,,,,,,,,,,,,,,1,,,1,,1,,1,,1,,1,1,,,,,,,,,,,1,,1,1,,,1,,,,,,,,1,,,,,,,,,,,,1,,1,,1,,1,,1,,1,,1,,1,,1,,1,1,1,,1,,1,,,1,1,1,,,,,,,,,1,,,,,,,,,,,,,,,1,1,1,,1,,1,,1,,1,,,,,1,1,1,1,1,,,1,,1,,1,,1,,1,1,1,,1
Euros cervina,,,1,,,,,,,,,,,,,,,,,,,,,,,1,,1,,,,,,,,,,,,,,,,,,,,,,,,,,,,,,,,1,1,,,,1,,,,,,,,,1,1,1,,,,,,,,,,,,,,,,,,,,,,,,,1,,,1,,1,,1,,,,,1,1,,1,,,,,,,,1,1,,1,1,,1,,,,,,,,1,,,,,,,,,,,,1,,1,,1,,1,,1,,1,,1,,1,,1,,1,1,,,1,,1,,,1,1,,,,,,,,,,1,,,,,1,,1,,,,,,,,1,,1,,,,1,,1,,1,,,,,1,,1,1,1,,,1,,1,,1,,1,,1,,1,,1
Euros osticollis,,,1,,,,,,,,,,,,,,,,,,,,,,,,,,,,,1,,,,,,,,,,,,,,,,,,,,,,,,,,,,1,,,,,1,,,,,,,1,1,1,,,,,,,,,,,,,,,,,,,,,,,,,,,1,,,1,,1,,1,,,,,1,1,,,,,,,,,,,1,,1,1,,,,,,,,,,1,,,,,,,,,,,,1,,1,,1,,1,,1,,1,,1,,1,,1,,1,1,,,1,1,1,,,1,1,,,,,,,,,,1,,,,,,,,,,,,,,,1,,1,,,,1,,1,,1,,,,,1,1,1,1,1,,,1,,1,,1,,1,,1,,1,,1
Xylomoia chagnoni,,,,,1,,,,,,,,,,,,,,,,,,,,,,,,,,,,,,,,,,,,,,,,1,,,,,,,,,,,,,1,1,,,,,,1,1,,,,,,,,,,1,1,1,1,1,,,,,,,,,,,,,,,,,,,,,1,,,1,,1,,1,,,,,1,1,,,,,,,,,,1,,,1,1,,,,,,,,,,1,,,,,,,,,,,,1,,1,,1,1,1,,1,,1,,1,,1,,1,,1,1,,,1,1,1,,,1,1,,,,,,,,,,,,,1,1,1,,,,,,,,,,1,1,,1,1,,1,1,,,1,,,,,1,1,,1,1,,1,1,,1,,1,,1,,1,,1,,1
Xylomoia indirecta,1,1,1,,1,1,,1,1,1,1,,,1,1,1,1,,1,1,,1,,,,1,1,1,1,1,1,1,1,,,,,,,,,1,1,1,1,1,,,,,,,,,,1,,1,1,1,1,1,,,1,1,,,,,,,,,,1,1,1,1,1,,,,,,,,,,,,,,,,,,,,,1,,,1,,1,,1,,,,,1,1,,,,,,,,,,1,,,1,1,,,,,,,,,,1,,,,,,,,,,,,1,,1,,1,1,1,,1,,1,,1,,1,,1,,1,1,,,1,1,1,,,1,1,1,,,,,,,,,1,,,1,1,1,,,,,,,,,,1,1,1,,1,,1,1,1,,1,,,,,1,1,,1,1,,1,1,,1,,1,,1,,1,,1,,1
Photedes inops,,,,,1,,,,,,,,,,,,,,,,,,,,,,,,,,,,,,,,,,,,,,,,1,,,,,,,,,,,,,,,1,,,,,1,1,,,,,,,,,,1,1,1,1,1,,,,,,,,,,,,,,,,,,,,,1,,,1,,1,,1,,,,,1,1,,1,,,,,,,1,,,,1,1,,1,,,,,,,,1,,,,,,,,,,,,1,,1,,1,,1,,1,,1,,1,,1,,1,,1,,1,,1,,1,,,,,1,,,,,,,,,1,,,,1,,,,,,,,,,,1,,1,,,,1,,1,,1,,,,,,1,1,,1,,,1,,1,,1,,1,,1,,1,,1
Photedes didonea,1,,1,,,,,,,1,,,,,,,,,,,,,,,,,,,,,,,1,,,,,,,,,,,,,,,,,,,,,,,,,,,1,1,1,,,,1,,,,,,,,,,,,,1,1,1,,,,,,,,,,,,,,,,,,,,1,,,1,,1,,1,,,,1,1,,,,,,,,,,1,,1,1,1,1,,,,,,,,,,1,,,,,,,,,,,,1,,1,,1,,1,,1,,1,,1,,1,,1,,1,1,1,,1,,1,,,1,,1,,,,,,,,,1,,,1,1,,,,,,,,,,,1,1,1,,1,,1,,1,,1,,,,,,1,1,,1,,,1,,1,,1,,1,,1,,1,,1
Photedes defecta,1,,,,1,,,,,1,,,,,,,,,,,,,,,,,,,,,,,,,,,,,,,,,,1,,,,,,,,,,,,,,,,1,1,,,,1,1,,,,,,,,,,1,1,1,1,1,1,,,,,,,,,,,,,,,,,,,,1,,,1,,1,,1,,,,,,1,,,,,,,,,1,,,,1,,,,,,,,,,,1,,,,,,,,,,,,1,1,,,1,,1,,1,,1,,1,,1,,1,,1,,1,,1,,1,,,,,1,,,,,,,,,1,,,1,1,,,,,,,,,,,1,1,1,,1,1,1,,1,,1,,,,,1,1,,1,1,,1,1,,1,,1,,1,,1,,1,,1
Hypocoena inquinata,1,1,1,,1,,,,,,1,,,,,,,1,,,1,,,1,,,,1,,,1,,,,,,,,,,,,,1,,1,,1,,,,,,,,,,,1,1,,,,,1,1,,,,,,,,1,1,1,1,,,,,,,,,,,,,,,,,,,,,,,,1,,,1,,1,,1,,,,,1,1,,,,,,,,,1,1,,,1,1,,,,,,,,,,1,,,,,,,,,,,1,,,1,,1,1,1,,1,,1,,1,,1,,1,,1,,1,,1,,1,,,1,,1,,,,,,,,,1,,,1,,1,,,,,,,,,,1,1,,,1,1,1,1,1,,1,,,,,1,1,,1,1,,,1,,1,,1,,1,,1,,1,,1
Hypocoena basistriga,,,,,1,,,,,,,,,,,,,,,,,,,,,,,,,,,,,,,,,,,,,,,,1,1,,,,,,,,,,,,,,1,1,1,,,1,1,,,,,,,,,,1,1,,,,,,,,,,,,,,,,,,,,,,,,1,,,1,,1,,1,,,,,1,,,,,,,,,,1,1,,,,1,,,,,,,,,,1,,,,,,,,,,,1,1,,1,,1,,1,1,,,1,,1,,1,,1,,1,,1,,1,,1,,,,1,,,,,,,,,,1,,,,,1,,,,,,,,,,1,1,1,,1,,1,,1,,1,,,,,1,,,1,1,,,1,,1,,1,,1,,1,,1,,1
Hypocoena rufostrigata,1,1,1,,1,,,,,1,1,,,,,,,,1,1,,,,,,,,1,,1,,,1,1,,,,,,,,,,1,,1,,,,,,,,,,,,1,1,1,,,,,,1,,,,,,,,,,,,1,1,1,,,,,,,,,,,,,,,,,,,,,1,,,1,,1,,1,,,,,,1,,,,,,,,,1,,,1,1,,,,,,,,,,,1,,,,,,,,,,,,1,,1,,1,,1,1,1,,1,,1,,1,,1,,1,,1,,1,,1,,1,,,1,,,,,,,,,1,,,1,,,,,,,,,,,,1,,1,,,,1,,1,,1,,,,,,1,,1,1,,,1,,1,,1,,1,,1,,1,,1
Benjaminiola colorada,1,1,1,,,,,,,1,,,,,,1,,,1,,,,1,,,,,,,1,,,1,1,,,,,,,,,,,,,,,,,,,,,,,,,1,1,1,1,,,,1,,,,,,,,,,,,1,1,1,1,1,,,,,,,,,,,,,,,,,1,,1,,,1,,1,,1,,,,,,1,,,,,,,,,1,1,,1,1,,,,,,,,,,,1,,,,,,,,,,,1,1,1,,,1,,1,,1,,1,,1,,1,,1,,1,,1,,1,,1,,1,,,1,,,,,,,,,1,,,1,1,,,,,,,,,,,1,,1,,,,1,,1,,1,,,,,1,1,,1,1,,,1,,1,,1,,1,,1,,1,,1
Capsula oblonga,1,1,1,,1,1,,1,,1,,,,,1,1,,,,1,,,1,,,1,1,1,1,1,,,,,,,,,,,,,,,1,,,,,,,,,,,,,,1,1,1,1,,,,1,,,,,,,,,,,,,,,,1,1,,,,,,,,,,,,,,,,,,1,,,1,,1,,1,,,,,,1,,,,,,,,,1,1,,,1,,,,,,,,,,,1,,,,,,,,,,,,1,,1,,1,,1,,1,,1,,1,,1,,1,,1,,1,,1,1,1,,,,,1,,,,,,,,,1,,,,1,,,1,,,,,,,,1,1,1,,1,,1,1,1,,1,,,,,1,1,,1,1,,,1,,1,,1,,1,,1,,1,,1
Capsula subflava,1,1,1,,1,,,,,1,1,,,1,,,,,,1,,,1,,,,,1,1,,,,1,,,,,,,,,,,1,1,1,,,,,,,,,,,,,1,1,1,1,,,,1,,,,,,,,,,,,,,1,1,1,1,,,,,,,,,,,,,,,,,,1,,,1,,1,,1,,,,,,1,1,,,,,,,,1,1,,,1,,,1,,,,,,,,1,,,,,,,,,,,,1,,1,,1,1,1,1,1,,1,,1,,1,,1,,1,,1,,1,1,1,,,,,1,,,,,,,,,1,,,,,,,,,,,,,,,1,,1,,,,1,,1,,1,,,,,,1,1,1,1,,,1,,1,,1,,1,,1,,1,,1
Capsula alameda,,1,1,,,,,,,,,,,,,,,,,1,,,,,,,,1,,,,,1,,,,,,,,,,,,,,,,,,,,,,,,,,1,1,,,,,,1,,,,,,,,,,,,,,1,1,1,1,,,,,,,,,,,,,,,,,,1,,,1,,1,,1,,,,,1,,,,,,,,,,1,,,,,,,,,,,,,,,1,,,,,,,,,,,,1,,1,,1,,1,,1,,1,,1,,1,,1,,1,,1,,1,,1,,,,,1,,,,,,,,,1,,,,1,,,,,,,,,,,1,,1,,,,1,,1,,1,,,,,,1,1,1,1,1,,1,,1,,1,,1,,1,,1,,1
Macronoctua onusta,,,,,1,,,,,,,,,,,,,,,,,,,,,,,,,,,,,,,,,,,,,,,,,,,,,,,,,,,,,,,,1,,,,,1,1,,,,,,,,,,,,,,,,1,1,1,,,,,,,,,,,,,,,,1,,,1,,1,,1,,,,1,1,1,,,,,,,,,,,,1,1,1,,,,,,,,,,1,,,,,,,,,,,,1,,1,,1,,1,,1,,1,,1,,1,1,,,1,1,1,,1,,1,,,1,,1,,,,,,,,,1,,,1,1,,,,,,,,,,,1,1,1,,1,,1,,1,,1,,,,,1,1,1,,1,1,,1,,1,,1,,1,,1,,1,,1
Helotropha reniformis,1,1,1,,1,1,,1,,1,,,,1,,,1,,,1,,,,,,1,1,,,,1,1,,,,,,,,,,1,1,1,1,1,,,,,,,,,,,,1,1,1,1,1,,,,1,1,,,,,,,,,,,,,1,1,1,1,1,1,,,,,,,,,,,,,,1,,1,1,,1,,1,,1,,,,,1,,,,,,,,,,,1,1,,,1,,,,,,,,,,1,,,,,,,,,,,,1,,1,,1,,1,1,1,,1,,1,,1,1,1,,1,1,1,,1,,1,,,1,,1,,,,,,,,,1,,,1,1,,,,,,,,,,,1,1,1,,1,1,1,,1,,1,,,,,1,1,1,,1,,,1,,1,,1,,1,,1,,1,,1
Amphipoea americana,1,,1,,1,1,,,,1,1,,,1,,,,,,,,,,,,1,1,,,,,,,,,,,,,,,,1,1,1,,,1,,,,,,,,,,,1,1,1,,,,,1,,,,,,,,,,,,1,1,1,1,,,,,,,,,,,,,,,,,,,,1,,,1,,1,,1,,,,,1,,,1,,,,,,,1,,1,,,,,1,,,,,,,,1,,,,,,,,,,,,1,,1,,1,,1,,1,,1,,1,,1,,1,,1,1,,,1,,1,,,1,1,,,,,,,,,,1,,,,,1,,1,,,,,,,,1,1,1,,1,,1,,1,,1,,,,,1,1,1,1,1,,,1,,1,,1,,1,,1,,1,,1
Amphipoea pacifica,,,1,,,,,,,,,,,,,,,,,,,,,,,1,1,,,,1,1,,,,,,,,,,,,,,,,,,,,,,,,,,1,1,1,1,,,,,1,,,,,,,,,,,,,1,1,1,,,,,,,,,,,,,,,,,,,,1,,,1,,1,,1,,,,,1,,,1,,,,,,,1,,,,,,,1,,,,,,,,1,,,,,,,,,,,,1,,1,,1,,1,,1,,1,,1,,1,,1,,1,1,,,1,1,1,,,,,1,,,,,,,,,1,,,,,,,,,,,,,,,1,,1,,,,1,,1,,1,,,,,,1,1,,1,,,1,,1,,1,,1,,1,,1,,1
Amphipoea keiferi,1,1,1,,,,,,,1,,,,,,,,,1,,,,,,,,,1,,1,,,1,,,,,,,,,,,,,,,,,,,,,,,,,,,1,1,1,,,,1,,,,,,,,,,,,,1,1,1,1,,,,,,,,,,,,,,,,,,,1,,,1,,1,,1,,,,,,1,,1,,,,,,,1,,,,1,,,1,,,,,,,,1,,,,,,,,,,,,1,,1,,1,,1,,1,,1,,1,,1,,1,,1,,1,,1,1,1,,,,,1,,,,,,,,,1,,,,,,,,,,,,,,,1,,1,,,,1,,1,,1,,,,,,1,1,1,1,,,1,,1,,1,,1,,1,,1,,1
Amphipoea lunata,,,1,,,,,,,,,,,,,,,,,,,,,,,1,,1,,,,1,,,,,,,,,,,,,,,,,,,,,,,,,,1,1,1,,,,,1,1,,,,,,,,,,1,1,1,,,,,,,,,,,,,,,,,,,,,,,1,,,1,,1,,1,,,,,1,,,1,,,,,,,,,1,,,1,,,,,,,,,,1,,,,,,,,,,,,1,,1,,1,,1,,1,,1,,1,,1,,1,,1,,1,,1,,1,,,,,1,,,,,,,,,1,,,,,,,,,,,,,,,1,1,1,,1,,1,,1,,1,,,,,,1,1,1,1,,,1,,1,,1,,1,,1,,1,,1
Hydraecia medialis,1,1,1,,1,,,,1,1,1,1,,1,,1,1,1,1,1,1,,1,,,,,1,,1,,,1,,,,,,,,,,,1,1,1,,,,,,,,,,,,,1,1,1,1,,,,1,1,,,,,,,,,,,,,,1,1,1,1,1,1,1,,,,,,,,,,,,,,1,,,1,,1,,1,,,,,1,1,,,,,,,,,1,,,,1,1,,,,,,,,,,1,,,,,,,,,,,,1,,1,,1,,1,,1,,1,,1,,1,,1,,1,1,1,,1,,1,,,1,,1,,,,,,,,,1,,,1,,,,,,,,,,,,1,1,1,,1,1,1,1,1,,1,,,,,1,1,1,1,1,,,1,,1,,1,,1,,1,,1,,1
Hydraecia obliqua,1,,1,,1,1,,1,,,,,,,1,,,,,,,,,,,1,1,1,1,1,1,1,1,,,,,,,,,1,1,,,,,,,,,,,,,,,1,1,1,1,1,,,,1,1,,,,,,,,,,,,,,1,1,1,1,1,1,1,,,,,,,,,,,,,,1,,,1,,1,,1,,,,,1,1,,1,,,,,,,1,,,,1,1,,1,,,,,,,,1,,,,,,,,,,,,1,,1,,1,,1,,1,,1,,1,,1,,1,,1,1,1,,1,,1,,,,,1,,,,,,,,,1,,,,,,,,,,,,,,,1,,1,,,,1,1,1,,1,,,,,,1,1,1,1,,,1,,1,,1,,1,,1,,1,,1
Hydraecia perobliqua,1,1,1,,,,,,,1,,,,,,,,,,1,,,,,,,,,,,,,1,1,,,,,,,,,,,,,,,,,,,,,,,,,1,1,1,,,,,1,,,,,,,,,,,,1,1,1,1,1,1,,,,,,,,,,,,,,,,,,1,,,1,,1,,1,,,,,1,,,1,,,,,,,1,,,,,1,,,,,,,,,,1,,,,,,,,,,,,1,,1,,1,,1,,1,,1,,1,,1,,1,,1,1,,,1,,1,,,,,1,,,,,,,,,1,,,,,,,,,,,,,,,1,,1,,,,1,,1,,1,,,,,,1,1,,1,,,1,,1,,1,,1,,1,,1,,1
Papaipema pertincta,1,,1,,,1,,1,,,,,,1,1,,,,,,,,,,,1,1,,,,,,,,,,,,,,,,,,,,,,,,,,,,,,,,,1,1,1,,,,1,,,,,,,,,,,,,1,1,1,1,1,,,,,,,,,,,,,,,,,1,1,,,1,1,1,,1,,,,,1,1,,1,,,,,,,,,1,1,1,1,,1,,,,,,,,1,,,,,,,,,,,,1,,1,,1,,1,,1,,1,,1,,1,1,1,,1,1,,,1,1,1,,,1,1,1,,,,,,,,,1,,,,,,,,,,,,,,,1,1,1,,1,,1,,1,,1,,,,,,1,1,1,1,1,,1,,1,,1,,1,,1,,1,,1
Papaipema insulidens,1,1,1,,1,1,,,,1,1,,,,,1,,,,1,,,,,,1,1,,,1,,1,,,,,,,,,,1,,,1,,,,,,,,,,,,,,1,1,1,1,1,,,1,1,,,,,,,,,,,,,,1,1,1,1,1,,,,,,,,,,,,,,,1,1,,,1,1,1,,1,,,,,1,,,1,,,,,,,,,1,,1,1,1,1,,,,,,,,1,,,,,,,,,,,,1,,1,,1,,1,,1,,1,,1,,1,1,1,,1,1,,,1,,1,,,,1,1,,,,,,,,,1,,,,,,,,,,,,,,,1,1,,,1,1,1,,1,,1,,,,,,1,1,1,1,1,,1,,1,,1,,1,,1,,1,,1
Papaipema sauzalitae,1,,1,,,,,1,,,,,,,,,,,,,,,,,,1,1,,,,,,,,,,,,,,,,,,,,,,,,,,,,,,,,1,1,1,,,,,1,,,,,,,,,,,,,1,1,1,,,,,,,,,,,,,,,,,,,,1,,,1,1,1,,1,,,,,1,1,1,1,,,,,,,,,1,,1,1,1,1,,,,,,,,1,,,,,,,,,,,,1,,1,,1,,1,,1,,1,,1,,1,1,1,,1,1,,,1,1,1,,,,,1,,,,,,,,,1,,,,1,,,,,,,,,,,1,1,1,,1,1,,1,1,,1,,,,,,1,1,1,1,1,,1,,1,,1,,1,,1,,1,,1
Papaipema limata,1,1,1,,,,,,,1,,,,,,,,,,1,,,,,,,,,1,1,,,1,1,,,,,,,,,,,,,,,,,,,,,,,,,,1,1,1,,,,1,,,,,,,,,,,,,,1,1,1,1,,,,,,,,,,,,,,,,,,1,,,1,1,1,,1,,,,,,1,1,,,,,,,,,,1,,,1,,1,,,,,,,,1,,,,,,,,,,,,1,,1,,1,,1,,1,,1,,1,,1,1,1,,1,1,,,1,1,1,,,,,1,,,,,,,,,1,,,,,,,,,,,,,,,1,,1,,,,1,,1,,1,,,,,,1,1,,1,1,,1,,1,,1,,1,,1,,1,,1
Papaipema harrisii,,,,,1,,,,,,,,,,,,,,,,,,,,,,,,,,,,,,,,,,,,,,,,,,,1,,,,,,,,,,,,,1,,,,,1,,,,,,,,,,,1,1,1,,,,,,,,,,,,,,,,,,,,,,1,,,1,1,1,,1,,,,,1,1,1,1,,,,,,,,,1,,1,1,1,1,,,,,,,,1,,,,,,,,,,,,1,,1,,1,,1,,1,,1,,1,,1,1,1,,1,1,,,1,,1,,,,,1,,,,,,,,,1,,,,1,,,,,,,,,,,1,,1,,,1,,,1,,1,,,,,,1,1,1,1,,,1,,1,,1,,1,,1,,1,,1
Bellura obliqua,1,1,1,,1,1,,1,,1,,,,1,,,,,,1,,,,,,1,1,,,1,,,1,,,,,,,,,1,1,1,1,,,1,,,,,,,,,1,1,1,1,,1,,,,1,1,,,,,,,,,,,,,,,,1,1,1,1,1,,,,,,,,,,,,,,1,,,1,,1,,1,,,,,1,1,,,,,,,,,1,,,,1,1,,,,,,,,,,1,,,,,,,,,,,,1,,1,,1,,1,,1,,1,1,1,,1,,1,,1,1,1,,1,,1,,,,1,1,,,,,,,,,1,,,,,1,,,,,,,,,,1,1,,,1,,1,,1,,1,,,,,1,1,,1,1,,,1,,1,,1,,1,,1,1,1,,1
Xylena nupera,1,1,1,1,1,1,,1,,1,1,,,1,,1,1,,,,,,,,,,1,1,,1,1,1,1,1,,,1,,,1,,1,1,1,1,1,,,,,,,,1,1,1,1,1,,1,1,1,1,,,,1,,,,,,,,,,,,,,,,,,1,1,1,1,1,,,,,,,,,,,,1,,,1,,1,1,1,,,,,1,1,,,,,,,,,,1,,,1,1,,,,,,,,,,1,,,,,,,,,,,,1,,1,,1,1,1,1,1,,1,1,1,,1,,1,,1,1,1,,1,,1,,,1,1,,,,,,,,,,1,,,,,1,,,,,,,,,,1,1,1,,1,,1,,1,,1,,,,,1,,1,,,1,,1,1,1,,1,,1,,1,,1,,1
Xylena curvimacula,1,1,1,1,1,,,1,,1,1,,,1,1,,1,,,,,,,,,,1,,,,1,1,,,,,1,,,,,1,,1,1,1,,1,,,,,,1,1,1,1,,,1,1,1,,,,1,1,,,,,,,,,,,,,,,,,1,1,1,,,,,,,,,,,,,,,1,,,1,,1,1,1,,,,,1,1,,,,,,,,,,1,,,1,1,,,,,,,,,,1,,,,,,,,,,,,1,,1,,1,,1,1,1,,1,1,1,,1,,1,,1,,1,,1,,1,,,1,1,,,,,,,,,,1,,,,,1,,,,,,,,,,1,1,1,,1,,1,,1,,1,,,,,1,,1,1,1,1,,1,1,1,,1,,1,,1,,1,,1
Xylena thoracica,1,1,1,,1,,,,,1,1,1,,1,,,,,,,,,,1,,,,1,1,1,1,,,,,,,,,,,1,,1,1,1,,,,,,,,1,1,1,1,1,1,,1,1,,,,1,1,,,,,,,,,,,,,,,,,1,1,1,,,,,,,,,,,,,,,1,,,1,,1,1,1,,,,1,,,,,,,,,,,,1,,,1,1,,1,,,,,,,,1,,,,,,,,,,,,1,,1,,1,,1,,1,,1,,1,,1,,1,,1,1,1,,1,,1,,,1,1,,,,,,,,,,1,,,,,1,,,,,,,,,,1,,1,,,,1,,1,,1,,,,,1,,1,1,1,1,,1,1,1,,1,,1,,1,,1,,1
Xylena cineritia,1,1,1,1,1,,,1,1,1,1,,,1,1,1,1,,,1,,,,,,,1,1,1,1,1,1,,,,,1,,,,,1,1,1,1,1,,1,,,,,,1,1,1,1,1,,1,1,1,1,,,,1,,,,,,,,,,,,,,,,,,1,1,1,,,,,,,,,,,,,,1,,,1,,1,1,1,,,,1,1,,,,,,,,,,,1,,,1,1,,1,,,,,,,,1,,,,,,,,,,,,1,,1,,1,,1,,1,,1,,1,,1,,1,,1,1,1,,1,,1,,,1,1,,,,,,,,,,1,,,,,1,,,,,,,,,,1,1,1,,1,,1,,1,,1,,,,,1,1,1,,,1,,1,1,1,,1,,1,,1,,1,,1
Xylena brucei,1,,1,,1,,,,1,1,1,,,1,,,,,,,,,,,,,,1,1,1,,1,,,,,,,,,,1,,1,1,1,,,,,,,1,1,1,1,,,,,1,1,1,,,,1,,,,,,,,,,,,,,,,,,,1,1,,,,,,,,,,,,1,,1,,,1,,1,1,1,,,,1,1,,,,,,,,,,,1,1,,1,1,,,,,,,,,,1,,,,,,,,,,,,1,,1,,1,,1,1,1,,1,,1,,1,,1,,1,1,1,,1,1,1,,,1,1,,,,,,,,,,1,,,,,1,,,,,,,,,,1,1,,,1,,1,,1,,1,,,,,1,1,1,1,1,1,,1,1,1,,1,,1,,1,,1,,1
Lithomoia germana,1,1,1,1,1,1,,1,1,,,,,1,1,,1,,,,,,,,,1,1,,1,,1,,,,,,1,,,,,1,1,1,1,1,,1,,,,,,,,,,,1,1,1,1,,,,,1,,,,,,,,,,,,,,,,,,1,1,1,,,,,,,,,,,,1,,1,,,1,,1,,1,,,,1,1,,,,,,,,,,,1,,1,1,,,1,,,,,,,,1,,,,,,,,,,,,1,,1,,1,,1,1,1,,1,,1,,1,,1,,1,1,,,1,1,1,,,1,1,,,,,,,,,,1,,1,,,,,,,,,,,,,1,1,,,1,,1,,1,,1,,,,,1,,1,1,1,,1,,1,1,,1,,1,,1,,1,,1
Homoglaea californica,1,1,1,,1,,,1,,1,,,,1,,1,1,,,,,,,,,,1,1,1,1,1,1,,,,,,,,,,1,,,1,,,,,,,,1,1,1,1,1,,,,1,1,1,,,1,,,,,,,,,,,,,,1,1,,,,,,,,,,,,,,,,,,,,1,,,1,,1,,1,,1,,,1,,,,,,,,,,1,,,,,1,,,,,,,,,,1,,,,,,,,,,,,1,,1,,1,,1,,1,,1,,1,,1,,1,,1,1,1,,1,,1,1,,1,1,,,,,,,,,,1,,,,,,,,,,,,,,,1,,1,,,,1,,1,,1,,,,,1,1,1,1,1,,,1,,1,,1,,1,,1,,1,,1
Homoglaea carbonaria,1,1,1,1,1,,,,,1,,,,1,1,,1,,,1,,,,,,1,1,1,1,1,,1,1,1,,,1,,,1,,1,,1,1,1,,,,1,,,,1,1,1,1,1,1,1,1,1,1,,,1,1,,,,,,,,,,,,,,,,1,1,1,,,,,,,,,,,,,,,,1,,,1,,1,,1,,,,1,1,,,,,,,,,,1,1,,1,1,1,,1,,,,,,,,1,,,,,,,,,,,,1,,1,,1,,1,,1,,1,,1,,1,,1,,1,1,1,,1,1,1,,,1,1,,,,,,,,,,1,,,,,,,,,,,,,,,1,1,,,1,,1,,1,,1,,,,,1,1,1,1,1,1,,1,,1,,1,,1,,1,,1,,1
Homoglaea hircina,,,,,1,,,,,,,,,,,,,,,,,,,,,,,,,,,,,,,,,,,,,,,1,1,1,,1,,,,,,,1,1,1,,,,1,1,,,,1,,,,,,,,,,,,,1,1,1,,,,,,,,,,,,,,,,,,,,1,,,1,,1,,1,,,,,1,,,,,,,,,,1,,,,,1,,1,,,,,,,,1,,,,,,,,,,,,1,,1,,1,,1,,1,,1,,1,,1,,1,,1,1,1,,1,,1,,,1,,1,,,,,,,,,1,,,1,,1,,,,,,,,,,1,1,,,1,,1,,1,,1,,,,,,1,1,1,1,1,,1,,1,,1,,1,,1,1,1,,1
Homoglaea dives,1,1,1,,1,1,,1,,1,1,1,,1,1,1,1,,,,,,,,,1,1,,1,1,1,1,,,,,,,,,,1,,1,1,,,,,,,,1,1,1,1,1,,1,1,1,1,1,,,1,1,,,,,,,,,,,,,,,,1,1,1,,,,,,,,,,,,,,1,,1,1,,1,,1,,1,,1,,,1,,,,,,,,,,1,,,1,1,,,,,,,,,,,1,,,,,,,,,,,,1,,1,,1,,1,,1,,1,,1,,1,,1,,1,,1,,1,,1,,,1,1,,,,,,,,,,1,,,,,,,,,1,,,,,,1,1,,,1,,1,,1,,1,,,,,1,1,1,1,1,,,1,,1,,1,,1,,1,,1,,1
Litholomia napaea,1,1,1,1,1,1,,1,1,1,1,1,,1,,1,1,,,1,1,,,,,1,1,1,1,1,1,,1,,,,1,,,,,1,1,1,1,1,,1,1,,,,,1,1,1,1,1,1,1,1,1,1,1,,1,,,,,,,,,,,,1,1,1,,,,,,,,,,,,,,,,,,,,,1,,,1,,1,,1,,,,1,,,,,,,,,,,,1,,,1,,,,,,,,,,,1,,,,,,,,,,,,1,,1,,1,,1,,1,,1,,1,,1,1,1,,1,1,,,1,,1,,,1,,1,,,,,,,,,1,,1,,,,,,,,,,,,,1,1,1,,1,,1,,1,,1,,,,,1,,1,1,1,,,1,1,1,,1,,1,,1,,1,,1
Lithophane innominata,1,1,1,,1,,1,1,1,1,1,,,1,1,1,1,,,,,,,,,1,1,1,,1,1,1,,,,,,,,,,1,1,1,1,1,,,,,,,,1,1,1,1,1,1,1,1,1,1,,,1,,,,,,,,,,,,,,,,1,1,,,,,,,,,,,,,,,,1,,1,1,,1,,1,1,1,,,,,,1,,,,,,,,,1,1,,1,1,,,1,,,,,,,,1,,,,,,,,,,,,1,,1,,1,,1,,1,,1,,1,,1,,1,,1,1,1,,1,,1,,,,1,1,,,,,,,,,1,,,,,1,,,,,,,,,,1,1,,,1,,1,,1,,1,,,,,1,,,1,1,,,1,,1,,1,,1,,1,,1,,1
Lithophane petulca,1,1,1,,1,1,,1,,1,1,,,1,1,,1,,,,,,,,,1,1,,,1,1,1,,,,,,,,,,1,1,1,1,1,,,,,,,,1,1,1,1,1,1,1,1,1,1,,,1,1,,,,,,,,,,,,,,,,1,1,1,,,,,,,,,,,,,,1,,1,1,,1,,1,1,1,,,,1,1,1,,1,,,,,,,1,,,1,1,1,,1,,,,,,,,1,,,,,,,,,,,,1,,1,,1,,1,1,1,,1,1,1,,1,,1,,1,1,1,1,1,,1,,,,1,,,,,,,,,,1,,,,,,,1,,,,,,,,1,1,1,,1,,1,,1,,1,,,,,1,1,1,1,1,1,,1,,1,,1,,1,,1,,1,,1
Lithophane disposita,1,,,1,,,,,,1,,,,,,,,,,,,,,,,,,,,,,,,,,,1,,,1,,,,,,,,,,,,,,,1,1,,,,,1,1,,,,1,,,,,,,,,,,,,,1,1,1,,,,,,,,,,,,,,,,,1,,1,,,1,,1,1,1,,,,1,,1,,,,,,,,,1,1,,1,,1,,,,,,,,,,1,,,,,,,,,,,,1,,1,,1,,1,1,1,,1,,1,,1,1,1,,1,1,,,1,,1,,,1,1,1,,,,,,,,,1,,,1,1,1,,,,,,,,,,1,1,,,1,1,1,,1,,1,,,,,1,1,,1,1,,,1,,1,,1,,1,,1,,1,,1
Lithophane amanda,1,1,1,1,1,,,1,,1,1,,,,,1,1,,,1,,,,,,1,1,,,1,1,1,,,,,1,,,,,1,,1,1,1,1,,,,,,,,1,1,1,,,1,1,1,1,,,1,1,,,,,,,,,,,,,,,1,1,1,1,,,,,,,,,,,,,,1,,1,,,1,,1,1,1,,,,,1,1,,,,,,,,,1,,,1,1,1,,1,,,,,,,,1,,,,,,,,,,,,1,,1,,1,,1,1,1,,1,,1,,1,,1,,1,,1,,1,,1,,,1,1,1,,,,,,,,,1,,,,1,1,,,,,,,,,,1,1,1,,1,1,1,,1,,1,,,,,1,,,1,1,,,1,,1,,1,,1,,1,,1,,1
Lithophane pexata,1,1,,1,1,,,,,,1,,,,,,1,,,,,,,,,,,,,,,,,,,,1,,,,,1,1,,1,1,,,,,,,,,1,1,1,,,,1,1,1,,,,1,,,,,,,,,,,,,,,,,,1,1,,,,,,,,,,,,,,,1,1,,1,,1,1,1,,1,,,1,,,,,,,,,,,1,1,1,1,,,,,,,,,,,1,,,,,,,,,,,,1,,1,,1,1,1,,1,,1,,1,,1,,1,1,1,1,1,,1,,1,,,1,1,1,,,,,,,,,1,,,1,1,1,,,,,,,,,,1,1,,,1,,1,,1,,1,,,,,1,,1,,1,,,1,,1,,1,,1,,1,,1,,1
Lithophane dilatocula,1,,1,,1,1,1,1,1,1,,,,,1,,,,,,,,,,,1,1,1,,1,1,1,,,,,,,,,,1,,1,,,,,,,,,1,1,1,1,1,1,,,1,1,,,,,1,,,,,,,,,,,,,,,,,,1,1,,,,,,,,,,,,,,,1,1,,1,,1,1,1,,1,,,1,,,,,,,,,,,1,1,1,1,,,1,,,,,,,,1,,,,,,,,,,,,1,,1,,1,1,1,,1,,1,,1,,1,,1,,1,1,,,1,,1,,,1,,1,,,,,,,,,1,,,1,1,,,,,,,,,,,1,1,,,1,1,1,,1,,1,,,,,1,1,1,,1,,,1,1,1,,1,,1,,1,,1,,1
Lithophane thaxteri,1,,1,,1,1,,1,,,1,,,1,,,,,,,,,,,,,,,1,1,1,1,,,,,,,,,,1,1,1,1,,,,,,,,,,1,1,1,,1,,1,1,,,,1,1,,,,,,,,,,,,,,,1,1,1,1,,,,,,,,,,,,,,,,1,,,1,,1,1,1,,,,1,1,,,,,,,,,,,1,,1,1,,,,,1,,,,,,1,,,,,,,,,,,,1,,1,1,1,1,1,1,1,,1,,1,,1,,1,,1,1,1,,1,,1,,,1,1,,,,,,,,,,1,,,,,,,,,,,,,,,1,,1,,,,1,,1,,1,,,,,1,,1,,1,1,,1,,1,,1,,1,,1,,1,,1
Lithophane fagina,1,,1,1,1,,,,1,1,,,,,,,,,,,,,,,,,,,,1,,,,,,,1,,,1,,1,,1,1,1,,,,,,,,,1,1,1,,,,1,1,,,,1,1,,,,,,,,,,,,,,,,,1,1,,,,,,,,,,,,,,,,1,,,1,,1,1,1,,,,1,,,,,,,,,,,,,1,,,,,,,,,,,,,1,,,,,,,,,,,,1,,1,,1,,1,,1,,1,1,,,1,,1,,1,,1,,1,,1,,,1,,1,,,,,,,,,1,,1,,,,,,,,,,,,,1,1,1,,1,,1,,1,,1,,,,,1,,1,,1,,,1,,1,,1,,1,,1,,1,,1
Lithophane baileyi,1,,1,,1,1,,,,,1,,,1,,,,,,,,,,,,,1,,,,1,1,,,,,,,,,,1,1,1,1,1,,1,1,1,,,1,1,1,1,,,,1,1,1,1,,,1,1,,,,,,,,,,,,,,1,1,1,1,1,,,,,,,,,,,,,,1,,1,,,1,,1,1,1,,,1,1,,,,,,,,,,,,1,1,1,1,,,,,,,,,,,1,,,,,,,,,,,,1,,1,,1,,1,1,1,,1,,1,,1,1,1,,1,1,,,1,,1,,,1,1,,,,,,,,,,1,,,,,,,,,,,,,,,1,1,1,,1,,1,,1,,1,,,,,1,1,1,,1,,,1,,1,,1,,1,,1,,1,,1
Lithophane atara,1,,1,1,1,,,,1,1,,,,,,,,,,,,,,,,,,1,1,1,1,,,,,,1,,,,,,,,1,,,,,,,,,,,1,1,,,,1,1,,,,1,1,,,,,,,,,,,,,,,,1,1,1,,,,,,,,,,,,,,,,1,,,1,,1,1,1,,1,,1,1,,,,,,,,,,1,1,,1,1,,,,,,,,,,,1,,,,,,,,,,,,1,,1,,1,1,1,1,1,,1,,1,,1,,1,,1,1,1,,1,,1,,,1,,1,,,,1,,,,,1,,,,,,,,,,,,,,,1,1,1,,1,,1,,1,,1,,,,,,1,1,1,1,,,1,,1,,1,,1,,1,,1,,1
Lithophane ponderosa,1,1,1,,1,,,,1,1,1,1,,1,,,1,,,,,,,,,,,1,1,1,1,1,1,,,,,,,,,,,1,1,,,,,,,,,1,1,1,1,1,,,1,1,1,,,1,1,,,,,,,,,,,,,,,1,1,1,1,,,,,,,,,,,,,,,,1,,,1,,1,1,1,,,,1,,,,,,,,,,,1,1,,,1,,,,,,,,,,,1,,,,,,,,,,,,1,,1,1,1,1,1,1,1,,1,,1,,1,,1,,1,1,1,,1,,1,,,1,,,,,,1,,,,,1,,,1,,,,,,,,,,,,1,1,,,1,,1,,1,,1,,,,,,1,1,1,1,,,1,,1,,1,,1,,1,,1,,1
Lithophane jefferyi,,,1,,,,,,,,,,,,,,,,,,,,,,,,,,,,,1,,,,,,,,,,,,,,,,,,,,,,,,,1,1,,,,1,,,,1,1,,,,,,,,,,,,,,,1,1,1,1,,,,,,,,,,,,,,1,,1,,,1,,1,1,1,,,,1,,,,,,,,,,,1,1,,,,1,,,,,,,,,,1,,,,,,,,,,,,1,,1,,1,,1,,1,,1,,1,,1,,1,,1,1,1,1,1,1,1,,1,,,1,,,,,,,,,1,,,1,1,,,,,,,,,,,1,,1,,,,1,,1,,1,,,,,,1,1,,1,,,1,,1,,1,,1,,1,,1,,1
Lithophane gausapata,,,1,,,,,,,,,,,,,,,,,,,,,,,,1,1,,,1,1,,,,,,,,,,,,,,,,,,,,,1,,1,,1,,,,,1,1,,,1,1,,,,,,,,,,,,,,,1,1,1,1,,,,,,,,,,,,,,,,1,,,1,,1,1,1,,,,1,1,,,,,,,,,,1,,,1,1,,,1,,1,,,,,,1,,,,,,,,,,,,1,,1,,1,1,,,1,,1,,1,,1,,1,,1,1,1,,1,1,1,,,,1,1,,,,,,,,,1,,,,,,,,,,,,,,,1,1,1,,1,,1,,1,,1,,,,,1,1,1,1,1,,,1,,1,,1,,1,,1,,1,,1
Lithophane itata,,1,,1,1,,,,,,,,,,,,1,,,,,,,,,,,,,,,,,,,,1,,,,,,,1,,,,,,,,,,,1,1,,1,,,1,1,,,,1,,,,,,,,,,,,,,,1,1,1,,,,,,,,,,,,,,,,,,1,,,1,,1,1,1,,,,1,,,,,,,,,,,1,1,,,,,,,,,,,,,,1,,,,,,,,,,,,1,,1,,1,1,,1,1,,1,,1,,1,,1,,1,,1,,1,,1,,,1,1,,,,,,,,,,1,,,,,,,,,,,,,,,1,1,1,,1,,1,,1,,1,,,,,1,1,,1,1,,,1,,1,,1,,1,,1,,1,,1
Lithophane boogeri,,,1,,,,,,,,,,,,,,,,,,,,,,,,1,1,,1,,,1,,,,,,,,,,,,,,,,,,,,,,1,1,,,,,1,1,,,,1,1,,,,,,,,,,,,,,,,1,1,1,,,,,,,,,,,,,,1,,1,,,1,,1,1,1,,,,1,,,,,,,,,,,1,,,,,,,,,,,,,,,1,,,,,,,,,,,,1,,1,,1,1,1,,1,,1,,1,,1,,1,,1,,1,,1,,1,,,1,,1,,,,,,,,,1,,1,,,,,,,,,,,,,1,1,1,,1,,1,,1,,1,,,,,1,,1,1,1,,,1,,1,,1,,1,,1,,1,,1
Lithophane contenta,1,,1,,1,,,1,1,1,,,,,,,,,,,,,,,,,1,1,1,,1,1,,,,,,,,,,1,,,,,,,,,,,1,1,1,1,,,,1,1,1,1,1,,1,,,,,,,,,,,,,,,1,1,1,,,,,,,,,,,,,,,,1,,1,,,1,,1,1,1,,,,1,,,,,,,,,,,1,1,1,,,,,,,,,,,,,1,,,,,,,,,,,,1,,1,,1,,1,,1,,1,,1,,1,,1,,1,1,1,,1,1,1,,,1,,1,,,,,,,,,1,,,1,1,,,,,,,,,,,1,1,,,1,1,1,,1,,1,,,,,1,1,1,1,1,,,1,,1,,1,,1,,1,,1,,1
Lithophane georgii,1,1,1,1,1,,,1,1,1,1,1,,1,1,,1,,,1,,,,,,1,1,1,1,1,1,1,1,1,,,1,,,1,,1,1,1,1,1,,,,,,,,1,1,1,1,1,,1,1,1,1,1,,1,1,,,,,,,,,,,,,,,,,1,1,1,,,,,,,,,,,,,1,,1,1,,1,,1,1,1,,,,1,,,,,,,,,,,,1,1,,1,,,,,,,,,,,1,,,,,,,,,,,,1,,1,,1,,1,1,,,1,,1,,1,1,1,,1,1,,,1,,1,,,1,1,1,,,,,,,,,1,,1,1,1,1,,,,,,,,,,1,1,,,1,,1,,1,,1,,,,,1,,1,1,1,,,1,,1,,1,,1,,1,,1,,1
Lithophane pertorrida,1,1,1,1,1,1,,,1,1,1,,,1,1,1,1,,,,,,,,,1,1,1,1,,1,1,,,,,1,,,,,1,1,1,1,1,,,,,,,,1,1,1,1,1,,,1,1,1,1,,1,1,,,,,,,,,,,,,,,,1,1,1,,,,,,,,,,,,,,,,1,,,1,,1,1,1,,,,1,,,,,,,,,,,1,1,,,1,,,,,,,,,,,1,,,,,,,,,,,,1,,1,,1,,1,1,1,,1,,1,,1,1,1,,1,1,,,1,,1,,,1,,1,,,,,,,,,1,,1,,,,,,,,,,,,,1,1,,,1,,1,,1,,1,,,,,1,1,1,1,1,,,1,1,1,,1,,1,,1,,1,,1
Eupsilia tristigmata,1,1,1,1,1,1,,1,1,1,1,,,1,1,1,1,,,,,,,,,1,1,1,,1,1,1,,,,,1,,,1,,1,,1,1,1,,,,,,,,1,1,1,1,1,,1,1,1,1,1,,1,,,,,,,,,,,,,1,1,1,,,,,,,,,,,,,,,,,,1,,1,1,,1,,1,,1,,,,,1,,,1,,,,,,,1,1,,,,,,1,,,,,,,,1,,,,,,,,,,,,1,,1,,1,,1,,1,,1,,1,,1,1,1,,1,,1,,1,,1,,,1,1,1,,,,,,,,,1,,,,,,,1,,,,,,,,1,1,1,,1,,1,,1,,1,,,,,1,,,1,1,,,1,,1,,1,,1,,1,,1,,1
Eupsilia fringata,1,1,,,1,,,1,1,1,,1,,1,,,1,,,,,,,,,,,,,,,,,,,,,,,,,1,,1,1,,,,,,,,,,1,1,,,,,1,1,1,,,1,,,,,,,,,,,,,,1,1,1,,,,,,,,,,,,,,,,,1,,1,1,,1,,1,,1,,,,,1,,,1,1,,,,,,1,,1,1,1,,,1,,,,,,,,1,,,,,,,,,,,,1,,1,,1,,1,,1,,1,1,1,,1,,1,,1,,1,,1,1,1,,,1,1,1,,,,,,,,,1,,,1,1,1,,1,1,,,,,,,1,1,1,,1,,1,,1,,1,,,,,1,,,1,1,,,1,,1,,1,,1,,1,,1,,1
Eupsilia devia,,,,,1,,,,,,,,,,,,,,,,,,,,,,,,,,,,,,,,,,,,,,,,1,,,,,,,,,1,1,1,,,,,1,,,,,1,,,,,,,,,,,,,1,1,1,,,,,,,,,,,,,,,,,,,,1,,,1,,1,,1,,,,,1,,,,,,,,,,1,,,1,,1,,,,,,,,,,1,,,,,,,,,,,,1,,1,,1,,1,,1,,1,,1,,1,,1,,1,,1,,1,,1,,,1,1,1,,,,,,,,,1,,,,,1,,,,,,,,,,1,1,1,,1,,1,,1,,1,,,,,1,1,,1,1,,,1,,1,,1,,1,,1,,1,,1
Eucirroedia pampina,,1,,1,1,,,,,,,,,,,,1,,,,,,,,,,,,,,,,,,,,1,,,,,,,1,1,,1,1,,,,,,,,,,,,1,1,1,,,,1,1,,,,,,,,,,,,,,,1,1,1,1,,,,,,,,,,,,,,1,,1,1,,1,,1,,1,,,,,,,,1,,,,,,,1,,,,1,,1,,,,,,,,,1,,,,,,,,,,,,1,,1,,1,,1,,1,,1,,1,,1,,1,,1,1,1,,1,1,1,,,,,1,,1,,,,,,,1,,,,,1,,1,,,,,,,,1,1,1,,1,,1,,1,,1,,,,,,1,,1,1,,,1,,1,,1,,1,,1,,1,,1
Mesogona olivata,1,1,1,1,1,1,,1,1,1,1,1,,1,,,1,1,1,,,,1,,,1,1,1,1,1,1,1,1,1,1,,,,,,,1,,1,1,,,,,,,,,,,,,,1,1,1,1,,,,1,1,,,,,,,,,,,,,1,1,1,1,1,1,,,,,,,,,,,,,,,,1,1,,1,,1,,1,,,,,1,1,,1,,,,,,,1,,1,,1,1,,,,,,,,,,1,,,,,,,,,,,,1,,1,,1,,1,,1,,1,,1,,1,,1,,1,1,,,1,,1,,,1,1,1,,,,,,,,,1,,,1,1,1,,1,,,,,,,,1,1,1,,1,,1,,1,,1,,,,,1,1,1,1,1,,,1,,1,,1,,1,,1,,1,,1
Mesogona rubra,1,,1,,,,,,1,,,,,,1,,,,,,,,,,,1,,,,,1,1,,,,,,,,,,,,,,,,,,,,,,,,,,,,1,1,1,,,,1,1,,,,,,,,,,,,,,,,,1,1,,,,,,,,,,,,,,,,1,1,,1,,1,,1,,,,,,1,,1,1,1,,,,,1,,,,,,,,,,,,,,,1,,,,,,,,,,,,1,,1,,1,,1,,1,,1,,1,,1,,1,,1,1,1,,1,1,1,,,,,,,1,1,1,,,,,1,,,,,,,,,,,,,,,1,,1,,,,1,,1,,1,,,,,,1,1,1,1,,,1,,1,,1,,1,,1,,1,,1
Mesogona subcuprea,1,,1,,,,,,1,1,,,,,,,,,,,,,,,,,1,1,1,,1,1,,,,,,,,,,,,,,,,,,,,,,,,,,1,,1,1,1,,,,1,1,,,,,,,,,,,,,,,,,1,1,,,,,,,,,,,,,,,,1,1,,1,,1,,1,,,,,,1,1,1,1,1,,,,,1,1,,,,,,,,,,,,,,1,,,,,,,,,,,,1,,1,,1,,1,,1,,1,,1,,1,,1,,1,1,,,1,,1,,,,,1,,,,1,,,,,1,,,,,,,,,,,,,,,1,1,1,,1,,1,1,1,,1,,,,,,1,1,1,1,,,1,,1,,1,,1,,1,,1,,1
Agrochola purpurea,1,1,1,1,1,,,1,,1,1,1,,1,1,1,1,,1,1,,,1,1,,1,1,1,1,1,1,1,1,1,,,1,,,1,,1,,1,1,,,,,,,,1,1,1,1,,,1,1,1,1,1,,,1,,,,,,,,,,,,,1,1,1,1,,,,,,,,,,,,,,,,,,,1,1,,1,,1,,1,,,,,1,1,1,,,,,,,,,1,,,1,,,1,,,,,,,,1,,,,,,,,,,,,1,,1,,1,,1,,1,,1,,1,,1,,1,,1,1,1,,1,,1,,,1,1,1,,,,1,,,,,1,,,1,1,,,,,1,,,,,,1,1,1,,1,,1,1,1,,1,,,,,,1,,1,1,,,1,,1,,1,,1,,1,,1,,1
Agrochola pulchella,1,1,1,,1,1,,1,1,1,1,1,,1,1,1,1,,,,,,,,,1,1,1,1,,1,1,1,,,,,,,,,1,1,,1,,,,,,,,,,,1,,1,,1,1,1,1,,,1,,,,,,,,,,,,,1,1,1,,,,,,,,,,,,,,,,,,,,1,,,1,,1,,1,,,,,1,,,1,,,,,,,,,1,,1,,,1,1,,,,,,,1,,,,,,,,,,,,1,,1,,1,,1,,1,,1,,1,,1,,1,,1,1,,,1,1,1,,,1,1,,,,,1,,,,,1,,,,,1,,,,1,,,,,,1,1,,,1,,1,,1,,1,,,,,,1,1,1,1,,,1,,1,,1,,1,,1,,1,,1
Sunira bicolorago,,,,,,,,,,,,,,,,,,,,,,,,,,,,,,,,,,,,,,,,,,,,,,,,,,,,,,,,,,,,1,1,,,,,1,,,,,,,,,,,,1,1,1,1,1,,,,,,,,,,,,,,,,,,,1,,,1,,1,,1,,,,,,1,1,,,,,,,,1,,,,1,1,,,,,,,,,,1,,,,,,,,,,,,1,,1,,1,,1,,1,,1,,1,,1,,1,,1,1,1,,1,,1,,,1,,1,,,,,,,,,1,,,1,1,,,,,,,,,,,1,1,1,,1,,1,,1,,1,,,,,1,1,1,1,1,,,1,,1,,1,,1,,1,,1,,1
Sunira decipiens,1,1,1,1,1,1,,1,1,1,1,1,,1,1,1,1,,,1,,,,,,1,1,,1,1,1,1,1,,,,1,,,,,1,1,1,1,,,,,,,,1,,,,,1,1,1,1,1,1,1,,1,,,,,,,,,,,,,1,1,1,1,,,,,,,,,,,,,,,,,,,1,,,1,,1,,1,,,,,,1,1,1,,,,,,,1,,,,1,1,1,1,,,,,,,,1,,,,,,,,,,,,1,,1,,1,,1,,1,,1,,1,,1,1,1,,1,1,,,1,,1,,,,,1,1,,,,,,,,1,,,,,,,,,,,,,,,1,1,1,,1,,1,,1,,1,,,,,,1,,1,1,,,1,,1,,1,,1,,1,,1,,1
Sunira verberata,1,1,1,1,1,1,,1,,1,1,,,1,,1,,,,1,,,,1,,1,1,,,1,,,,,,,1,,,,,1,1,1,1,1,,1,,,,,,,1,,,,1,1,1,1,1,,,1,,,,,,,,,,,,,,1,1,1,,,,,,,,,,,,,,,,,,,1,,,1,,1,,1,,,,,1,1,,1,,,,,,,1,1,,,1,1,,1,,,,,,,,1,,,,,,,,,,,,1,,1,,1,,1,,1,,1,,1,,1,,1,,1,1,,,1,,1,,,1,1,,,,,,,,,,1,,,,,1,,,,,,,,,,1,,1,,,,1,,1,,1,,,,,1,1,1,1,1,,,1,,1,,1,,1,,1,,1,,1
Anathix puta,1,1,1,1,1,,,,1,1,1,,,,,,1,,,,,,,1,,,,,,1,1,1,1,,,,1,1,,,,,1,1,1,1,,1,,1,,,,,,,,,1,1,1,1,,,1,1,,,,,,,,,,1,1,1,1,1,,,,,,,,,,,,,,,,,,,,,1,,,1,,1,,1,,,,,1,1,,1,,,,,,,1,1,,1,,,,1,,,,,,,,1,,,,,,,,,,,,1,,1,,1,,1,,1,,1,,1,,1,,1,,1,1,1,,1,,1,,,,,1,,,,,,,,,1,,,1,1,,,,,,,,,,,1,1,,,1,,1,,1,,1,,,,,1,1,,1,1,,,1,,1,,1,,1,,1,,1,,1
Anathix aggressa,1,1,1,1,1,,,,,1,,,,,,,,,,1,,,,,,,,,1,,,,1,,,,,,,1,,,,1,,,,,,,,,,,,,,,,1,1,1,,,,1,,,,,,,,,,,,1,1,1,,,,,,,,,,,,,,,,,,,,,1,,,1,,1,,1,,,,,,1,,,,,,,,,1,,,,1,,,1,,,,,,,,1,,,,,,,,,,,,1,,1,,1,,1,,1,,1,,1,,1,,1,,1,1,1,,1,1,1,,,,,1,,,,,,,,,1,,,,,,,,,,,,,,,1,1,1,,1,,1,,1,,1,,,,,,1,,1,1,,,1,,1,,1,,1,,1,,1,,1
Xanthia tatago,1,1,1,1,1,,,1,,,,,,,,,1,,,,,,,,,1,1,,,,1,,,,,,1,,,,,1,1,1,1,1,,1,1,1,,,,,,,,,1,1,1,1,,,,1,,,,,,,,,,,,1,1,1,,,,,,,,,,,,,,,,,,,,,1,,,1,,1,,1,,,,,,,1,,,,,,,,,,,,1,,,,,,,,,,,1,,,,,,,,,,,,1,,1,,1,,1,,1,,1,,1,,1,,1,,1,1,1,,1,1,1,,,,,1,1,,,,,,,,1,,,1,1,,,,,,,,,,,1,,1,,,,1,1,1,,1,,,,,,1,1,,1,,,1,1,,,1,,1,,1,,1,,1
Hillia maida,1,1,,,1,,,,,,,,,1,1,,1,,,,,,,,,,,,,,,,,,,,,,,,,,1,1,1,,,,,,,,,,,,,,1,1,1,,,,,1,1,,,,,,,,,,,,,,,1,1,1,1,,,,,,,,,,,,,,1,,1,1,,1,,1,,1,,1,,,1,,,,,,,,,,1,1,1,,1,,,,,,,,,,,1,,,,,,,,,,,,1,,1,,1,,1,,1,,1,,1,,1,1,1,,1,1,1,,1,,1,,,1,1,1,,,,,,,,,1,,,1,1,1,,,,,,,,,,1,1,1,,1,,1,,1,,1,,,,,1,1,1,,1,,,1,,1,,1,,1,,1,,1,,1
Hillia iris,,1,,,1,,,,,,,,,,,,,,,,,,1,,,,,,,,,,,,,,,,,,,,,1,,1,,1,,1,,,,,,,,,1,1,1,,,,,1,,,,,,,,,,,,,,1,1,,,,,,,,,,,,,,,,,,,,1,1,,1,,1,,1,,,,1,,1,,,,,,,,,,1,,,1,,,,,,,,,,,1,,,,,,,,,,,,1,,1,,1,,1,,1,,1,,1,,1,,1,,1,1,,,1,1,1,,,1,,1,,,,,,,,,1,,,1,1,,,,,,,,,,,1,1,,,1,,1,1,1,,1,,,,,,1,,1,1,,,1,,1,,1,,1,,1,,1,,1
Parastichtis suspecta,1,1,,,1,,,,1,1,,,,,,,,,1,,,,,,,,,,,,,,,,,,,,,,,,1,1,1,1,1,1,,,,,,,,,,1,1,1,1,,,,,1,,,,,,,,,,,,1,1,1,1,,,,,,,,,,,,,,,,,,,,1,,,1,,1,,1,,,,,1,,,,,,,,,,1,,1,1,,1,,1,,,,,,,,1,,,,,,,,,,,,1,,1,,1,,1,,1,,1,,1,,1,,1,,1,1,1,,1,,1,,,1,1,,,,,,,,,,1,,,,,1,,,,,,,,,,1,1,,,1,,1,,1,,1,,,,,1,1,1,1,1,,,1,,1,,1,,1,,1,,1,,1
Aseptis fumosa,1,1,1,,1,,,1,1,1,1,1,,1,1,1,,,1,1,1,1,,1,,,1,1,1,1,1,1,1,,,,,,,,,,,1,1,1,,,,,,,,,,,1,1,1,1,,,,,,1,,,,,,,,,,,,,,1,1,1,,,,,,,,,,,,,,,,,1,,1,,1,,,1,,1,,1,,,1,,,,,,,,,,1,,1,,1,,,,,,,,,,,1,,,,,,,,,,,,1,,1,,1,,1,,1,,1,,1,,1,1,1,,1,1,1,,1,,1,,,1,1,,,,,,,,,,1,,1,,,1,,,,,,,,,,1,1,1,,1,1,1,,1,,1,,,,,,1,1,1,1,,,1,,1,,1,,1,,1,,1,,1
Aseptis ethnica,1,,1,,,,,,1,,,,,1,1,,,,,,,,,,,1,1,1,,,1,1,,,,,,,,,,,,,,,,,,,,,,,,,1,1,1,1,1,,,,,1,1,,,,,,,,,,,,,,,,1,1,1,,,,,,,,,,,,,,1,,1,1,,1,,1,,1,,1,,1,1,,,,,,,,,,1,,,,,,,,,,,,,,,1,,,,,,,,,,,,1,,1,,1,,1,,1,,1,,1,,1,,1,,1,1,1,,1,,1,,,1,1,,,,,,,,,,1,,,,,,,,,,,,,,,1,1,,,1,,1,,1,,1,,,,,,1,,1,1,,,1,,1,,1,,1,,1,,1,,1
Aseptis fanatica,1,,1,,,,,,1,,,,,1,1,,,,,,,,,,,1,1,1,,,1,1,,,,,,,,,,,,,,,,,,,,,,,,,1,1,1,1,1,,,,,1,1,,,,,,,,,,,,,,,,1,1,1,,,,,,,,,,,,,,,,1,1,,1,,1,,1,,1,,,,,,,,,,,,,1,,,1,1,,,,,,,,,,,1,,,,,,,,,,,,1,,1,,1,,1,,1,,1,,1,,1,,1,,1,,1,,1,,1,1,,1,,,,,,,,,,,1,,,,,,,,,,,,,,,1,1,1,,1,,1,,1,,1,,,,,,1,,1,1,,,1,,1,,1,,1,,1,,1,,1
Aseptis binotata,1,1,1,1,1,1,,1,1,1,1,1,,1,1,,1,1,1,1,1,1,,1,,1,1,1,1,1,1,1,1,1,1,,,,,,,1,1,1,1,1,,,,,,,,,,,1,1,1,1,1,,,,,1,,,,,,,,,,,,,1,1,1,,,,,,,,,,,,,,,,,,1,,1,1,,1,,1,,1,,,,1,1,,,,,,,,,,,,,1,,1,,,,,,,,,,1,,,,,,,,,,,,1,,1,,1,,1,1,1,,1,,1,,1,,1,,1,1,1,,1,,1,,,1,1,,,,,,,,,,1,,,,,1,,,,,,,,,,1,1,,,1,,1,1,1,,1,,,,,1,1,,1,1,,,1,,1,,1,,1,,1,,1,,1
Aseptis adnixa,1,1,1,,1,1,,1,1,1,1,,,1,1,1,1,,,,,,,,,1,1,1,1,,1,1,,,,,,,,,,1,1,1,,,,,,,,,,,,,1,1,1,1,1,,,,,1,,,,,,,,,,,,,1,1,1,1,,,,,,,,,,,,,,,,,1,,1,,1,,,1,,1,,,,,1,,,,,,,,,,,1,,,,1,,,,,,,,,,1,,,,,,,,,,,,1,,1,,1,,1,1,1,,1,,1,,1,1,1,,1,1,1,,1,1,1,,,1,1,1,,,,,,,,,1,,,1,1,1,,,,,,,,,,1,1,,,1,,1,1,1,,1,,,,,1,1,1,1,1,,,1,,1,,1,,1,,1,,1,,1
Aseptis characta,1,1,1,,1,,,,1,1,1,1,,1,1,,,,1,1,1,1,,1,,,1,1,1,1,,,1,1,,,,,,,,,,1,,,,,,,,,,,,,1,1,1,1,1,1,,,,1,,,,,,,,,,,,1,1,1,,,,,,,,,,,,,,,,,,,,,1,1,,1,,1,,1,,,,1,1,,,,,,,,,,,1,1,,,1,,,,,,,,,,1,,,,,,,,,,,,1,,1,,1,1,1,1,1,,1,,1,,1,1,1,,1,1,1,,1,,1,,,1,,1,,,,,,,,,1,,,1,1,,,,,,,,,,,1,1,,,1,1,1,1,1,,1,,,,,,1,1,1,1,,,1,,1,,1,,1,,1,,1,,1
Aseptis marina,,,1,,,,,,,,,,,,,,,,,,,,,,,1,,1,,,,1,,,,,,,,,,,,,,,,,,,,,,,,,1,1,1,,,,,,,1,,,,,,,,,,,1,1,1,,,,,,,,,,,,,,,,,,,,1,,1,1,,1,,1,,1,,,,1,1,,1,,,,,,,,,,,1,1,,1,1,,,,,,,,1,,,,,,,,,,,,1,,1,,1,,1,,1,,1,,1,,1,,1,,1,,1,,1,1,1,,,1,,1,,,,,,,,,1,,,,,,,,,,,,,,,1,1,1,,1,,1,,1,,1,,,,,,1,1,,1,,,1,,1,,1,,1,,1,,1,,1
Epidemas cinerea,1,1,1,,1,,,,,1,,,,,,,,,1,1,,,,,,,,,,1,,,1,,,,,,,,,,,,,1,,,,,,,,,,,,,,,1,1,,,1,1,,,,,,,,,,1,1,1,1,1,1,,,,,,,,,,,,,,,,,,,,1,,,1,,1,,1,,,,1,1,,,,,,,,,,1,1,1,,1,,,,,,,,,,,1,,,,,,,,,,,,1,,1,,1,,1,1,1,,1,,1,,1,,1,1,1,1,1,,1,,1,,1,1,,,,,,,,,,,,1,1,1,,,,,,,,,,,,1,1,1,,1,,1,1,1,1,1,1,,,1,1,1,1,1,1,,,1,,1,,1,,1,,1,,1,,1
Epidemas obscurus,1,1,1,,1,,,1,1,1,1,,,1,,1,,,1,1,,,1,1,,,1,1,1,1,1,1,1,1,,,,,,,,1,,1,1,,,,,,,,,,,,,1,,1,1,1,,,1,1,,,,,,,,,,1,1,1,1,1,1,,,,,,,,,,,,,,,,,,,,1,,,1,,1,,1,,,,1,1,,,,,,,,,,1,1,1,,1,,,,,,,,,,,1,,,,,,,,,,,,1,,1,,1,,1,1,1,,1,,1,,1,,1,1,1,1,1,,1,,1,,1,1,,,,,,,,,,,1,1,1,1,,,,,,,,,,,,1,1,1,,1,,1,1,1,,1,,,,,1,1,1,1,1,,,1,,1,,1,,1,,1,,1,,1
Brachylomia elda,1,,1,1,,,,,,,,,,1,,,,,,,,,,,,,,,,1,1,,1,,,,1,,,,,,,,,,,,,,,,,,,,,,,,1,1,,,,1,,,,,,,,,,,,1,1,1,,,,,,,,,,,,,,,,,,,,,1,,,1,,1,,1,,,,,1,,,,,,,,,,,1,,1,,1,,,,,,,,,,1,,,,,,,,,,,,1,,1,,1,,1,1,1,,1,,1,,1,,1,,1,1,,,1,,1,,1,,,1,,,,,,,,,1,,,1,1,,,,,,,,,,,1,1,1,,1,,1,,1,,1,,,,,1,1,1,1,1,1,,1,1,,,1,,1,,1,,1,,1
Brachylomia populi,1,1,1,1,1,,,1,1,1,,,,1,,,,1,,,,,,,,,1,,1,1,,,,,,,1,,,,,,1,1,1,,1,1,,,,,,,,,,,1,1,1,1,,,,1,,,,,,,,,,,,,1,1,1,,,,,,,,,,,,,,,,,,,,1,,,1,,1,,1,,1,,1,1,1,,1,,,,,,,,1,,1,1,1,,1,,,,,,,,1,,,,,,,,,,,,1,,1,,1,,1,,1,,1,,1,,1,,1,,1,1,1,,1,,1,,,1,,1,,,,,,,,,1,,,1,1,,,,,,,,,,,1,1,1,,1,,1,,1,,1,,,,,1,1,1,1,1,,,1,1,1,,1,,1,,1,,1,,1
Brachylomia algens,,,,,1,,,,,,,,,,,,,,,,,,,,,,,,,,,,,,,,,,,,,,,,,,,1,,1,,,,,,,,,,1,,,,,,1,,,,,,,,,,,,1,1,,,,,,,,,,,,,,,,,,,,,,1,,,1,,1,,1,,,,1,1,,,,,,,,,,1,,,1,,,,,,,,,,,,1,,,,,,,,,,,,1,,1,,1,,1,,1,,1,,1,,1,,1,,1,1,,,1,,1,,,1,1,1,,,,,,,,,1,,,,,,,,,,,,,,,1,,1,,,,1,,1,,1,,,,,,1,,1,1,,,1,1,1,,1,,1,,1,,1,,1
Brachylomia discolor,,1,1,,,,,,,,,,,,,,,1,,,,,,,,,,1,,,,,,,,,,,,,,,,,,,,,,,,,,,,,,,,1,,,,,1,1,,,,,,,,,,1,1,1,,,,,,,,,,,,,,,,,,,,,,,1,,,1,,1,,1,,,,1,,1,,,,,,,,,1,1,,,,1,,,,,,,,,,1,,,,,,,,,,,,1,,1,,1,,1,,1,,1,,1,,1,,1,,1,1,1,,1,,1,,,1,,1,,,,,,,,,1,,,1,1,,,,,,,,,,,1,1,1,,1,,1,1,1,,1,,,,,,1,1,1,1,,,1,1,1,,1,,1,,1,,1,,1
Brachylomia discinigra,,,,,1,,,,,,,,,,,,,,,,,,,,,,,,,,,,,,,,,,,,,,,1,1,1,,1,,,,,,,,,,,,,1,,,,,1,,,,,,,,,,,,,1,1,,,,,,,,,,,,,,,,,,,,,1,,,1,,1,,1,,,,1,1,1,,,,,,,,,,,,1,1,1,,,,,,,,,,1,,,,,,,,,,,,1,,1,,1,,1,1,1,,1,,1,,1,,1,,1,1,1,,1,,1,,,1,,1,,,,,,,,,1,,,,,,,,,,,,,,,1,1,1,,1,,1,,1,,1,,,,,,1,1,1,1,,,1,,1,,1,,1,,1,,1,,1
Brachylomia obscurifascia,,,1,,,,,,,,,,,,,,,,,,,,,,,,,1,,1,,,,,,,,,,,,,,,,,,,,,,,,,,,,,1,1,1,,,,,1,,,,,,,,,,,1,1,1,,,,,,,,,,,,,,,,,,,,,,1,,,1,,1,,1,,,,1,,1,,,,,,,,,,1,,,1,,,,,,,,,,,1,,,,,,,,,,,,1,,1,,1,,1,1,1,,1,,1,,1,,1,,1,1,,,1,,1,,,,,1,,,,,,,,,1,,,1,1,,,,,,,,,,,1,1,1,,1,,1,,1,,1,,,,,,1,,1,1,,,1,1,1,,1,,1,,1,,1,,1
Brachylomia rectifascia,1,1,1,1,1,,,1,1,,1,1,,1,1,1,1,1,1,,,1,,,,1,1,,1,1,1,1,,,,,1,,,,,1,,1,1,1,,,,,,,,,,,1,1,1,1,1,,1,,,1,,,,,,,,,,,,1,1,1,1,,,,,,,,,,,,,,,,,,,,1,,,1,,1,,1,,,,1,,,,,,,,,,,,1,,,,1,,,,,,,,,,1,,,,,,,,,,,,1,,1,,1,,1,1,1,,1,,1,,1,,1,,1,1,1,,1,,1,,,1,,1,,,,,,,,,1,,,1,,,,,,,,,,,,1,1,1,,1,,1,,1,,1,,,,,1,1,,1,1,,,1,,1,,1,,1,,1,,1,,1
Brachylomia thula,1,,1,,1,1,,1,1,,,,,1,1,,,,,,,,,,,1,1,1,,,1,1,,,,,,,,,,1,,,,,,,,,,,,,,,,1,1,1,1,,,,1,1,,,,,,,,,,1,1,1,,,,,,,,,,,,,,,,,,,,,,,1,,,1,,1,,1,,1,,1,1,,,,,,,,,,1,1,,,,1,,1,,,,,,,,1,,,,,,,,,,,,1,,1,,1,,1,1,1,,1,,1,,1,,1,,1,1,,,1,,1,,,1,1,,,,,,,,,,1,,,,,1,,,,,,,,,,1,1,1,,1,,1,,1,,1,,,,,1,1,,1,1,,,1,1,1,,1,,1,,1,,1,,1
Brachylomia sierra,,,1,,,,,,,,,,,,,,,,,,,,,,,,,1,,,,,,,,,,,,,,,,,,,,,,,,,,,,,,,,1,,,,,1,1,,,,,,,,,,1,1,1,1,,,,,,,,,,,,,,,,,,,,,,1,,,1,,1,,1,,,,1,1,1,,,,,,,,,,1,,1,1,1,,,,,,,,,,1,,,,,,,,,,,,1,,1,,1,,1,1,1,,1,,1,,1,,1,,1,1,,,1,,1,,,1,,1,,,,,,,,,1,1,,1,,,,,,,,,,,,1,1,1,,1,,1,,1,,1,,,,,1,1,1,1,1,,,1,1,1,,1,,1,,1,,1,,1
Hyppa contrasta,1,1,1,,1,1,,1,1,,1,1,,1,1,,1,1,,,,1,,1,,1,1,,1,1,1,,,,,,,,,,,1,1,1,1,1,1,1,,1,,,,,,1,1,1,1,1,,,,,,1,1,,,,,,,,,,,,,1,1,1,1,1,1,,,,,,,,,,,,,,,,1,,,1,,1,,1,,,,1,1,1,,,,,,,,,,1,1,1,1,1,,1,,,,,,,,1,,,,,,,,,,,,1,1,1,,1,1,1,1,,1,1,,1,,1,1,1,1,1,1,1,,1,1,1,,,1,,1,,,,,,,,,1,,,1,1,,,,,,,,,,,1,1,1,,1,,1,,1,,1,,,,,1,,1,1,1,,1,1,,1,,1,,1,,1,,1,,1
Hyppa brunneicrista,1,1,1,,1,,,,1,,1,,,1,1,,1,,,,,,,,,,,,,,1,,,,,,,1,,,,,,1,1,,,1,,1,,,,,,,1,1,1,1,,,,,,1,1,,,,,,,,,,,,,,,1,1,1,1,,,,,,,,,,,,,,,,1,,,1,,1,,1,,,,1,1,,,,,,,,,,,1,1,1,1,,,1,,,,,,,,1,,,,,,,,,,,,1,,1,,1,1,1,1,1,,1,,1,,1,1,1,1,1,1,1,,1,,1,,,1,1,,,,,,,,,,1,,,,,,,,,,,,,,,1,1,1,,1,,1,,1,,1,,,,,1,1,,1,1,,1,1,,1,,1,,1,,1,,1,,1
Hyppa indistincta,1,1,1,,1,1,,,1,1,1,1,,1,1,,1,,,,,,,,,,1,1,1,1,1,1,,,,,,,,,,1,1,1,1,1,,,,,,,,,,1,1,1,1,1,1,,,,,1,1,,,,,,,,,,,,,,,,1,1,1,,,,,,,,,,,,,,,,1,,,1,,1,,1,,,,1,,,,,,,,,,,,1,1,,1,,,,,,,,,,,1,,,,,,,,,,,,1,1,1,,1,1,,1,,1,1,,1,,1,1,1,,1,1,1,,1,1,1,,,1,,1,,,,,,,,,1,,1,,,,,,,,,,,,,1,1,1,,1,,1,,1,,1,,,,,1,1,,1,1,,1,1,,1,,1,,1,,1,,1,,1
Cosmia praeacuta,1,1,1,,1,1,,1,1,1,1,1,,1,1,1,,,,,,1,,1,,1,1,,1,1,1,1,,,,,,,,,,1,,1,1,1,,,,,,,,,,,1,1,1,1,1,1,,,,1,,,,,,,,,,,,,1,1,1,1,,,,,,,,,,,,,,,,,,,1,,,1,,1,,1,,1,,1,,,,,,,,,,,,1,,,,1,,1,,,,,,,,1,,,,,,,,,,,,1,,1,,1,,1,,1,,1,,1,,1,,1,,1,1,1,,1,1,1,,,1,1,,,,,,,,,,1,,,,,1,,,,,,,,,,1,,1,,,,1,,1,,1,,,,,1,,1,1,1,,,1,,1,,1,,1,,1,,1,,1
Cosmia elisae,1,1,1,,1,1,,,1,1,1,1,,1,1,,,,,,,1,,1,,1,,1,1,1,1,1,,,,,,,,,,1,,1,1,1,,,,,,,,,,,,1,1,1,1,,,,,1,,,,,,,,,,,,,1,1,1,1,,,,,,,,,,,,,,,,,,,1,,,1,,1,,1,,,,1,,1,,,,,,,,,1,1,,,,,,,,,,,,,,1,,,,,,,,,,,,1,,1,,1,,1,,1,,1,,1,,1,1,1,,1,1,1,,1,,1,,,1,,1,,,,,,,,,1,,,1,,,,,,,,,,,,1,1,1,,1,,1,,1,,1,,,,,1,1,1,1,1,,,1,,1,,1,,1,,1,,1,,1
Cosmia calami,1,,1,,,,,1,1,1,,,,,1,,,,,,,,,,,1,1,1,,,,1,,,,,,,,,,,,,,,,,,,,,,,,,,1,1,1,1,,,,,1,,,,,,,,,,,,1,1,1,1,,,,,,,,,,,,,,,,,,,,1,,,1,,1,,1,,,,,,1,1,1,,,,,,,1,,1,,,,1,,,,,,,,,1,,,,,,,,,,,,1,,1,,1,,1,,1,,1,,1,,1,,1,,1,1,,,1,,1,,1,,,1,,,,,,,,,1,,,,,,,,,,,,,,,1,,1,,,,1,,1,,1,,,,,1,1,1,1,1,,,1,,1,,1,,1,,1,,1,,1
Zotheca tranquilla,1,1,1,1,1,1,,1,1,1,1,1,,1,1,1,1,1,1,,1,1,,1,,1,1,1,1,1,1,1,1,,,,1,,,,,1,1,1,1,,,,,,,,,,,1,1,1,1,1,1,,,,,1,,,,,,,,,,,,,,1,1,1,1,,,,,,,,,,,,,,,,,,1,,,1,,1,,1,,,,,,1,,,,,,,1,,1,,,,1,,,,,,,,,,,1,,,,,,,,,,,,1,,1,,1,,1,,1,,1,,1,,1,,1,,1,,1,,1,1,1,,1,,,1,,,,,,,,,1,,,,,1,,,,,,,,,,1,,1,,,,1,,1,,1,,,,,,1,,1,1,,,1,,1,,1,,1,,1,,1,,1
Enargia decolor,1,1,1,1,1,,,1,1,1,1,,,1,1,1,1,,,,,,,,,,,,,1,,,1,,,,,1,,,,1,1,1,1,1,,1,,,,,,,,,,1,1,1,1,1,,,,1,1,,,,,,,,,,,,,,,1,1,1,1,1,,,,,,,,,,,,,,,1,,,1,,1,,1,,,,,,1,1,1,,,,,,,1,,,,1,,1,,,,,,,,,1,,,,,,,,,,,,1,,1,,1,,1,,1,,1,,1,,1,1,1,,1,1,1,,1,,1,,,,,1,1,,,,,,,,1,,,,1,,,,,,,,,,,1,,1,,,,1,1,1,,1,,,,,,1,1,1,1,,,1,,1,,1,,1,,1,,1,,1
Enargia infumata,1,1,1,,1,,,,1,1,1,,,1,1,,,,1,1,1,1,,1,,1,1,1,,,,,1,,,,,,,,,1,1,1,1,1,1,1,,1,,,,,,,1,1,1,1,1,,,,,1,1,,,,,,,,,,,,,,1,1,1,1,1,,,,,,,,,,,,,,,,1,,,1,,1,,1,,,,1,1,1,,1,,,,,,,1,1,,1,1,1,,1,,,,,,,,1,,,,,,,,,,,,1,,1,,1,,1,,1,,1,,1,,1,1,1,,1,1,1,,1,,1,,,,,1,,,,,,,,,1,,,,,1,,,,1,,,,,,1,,1,,,,1,1,1,,1,,,,,,1,1,1,1,,,1,,1,,1,,1,,1,,1,,1
Enargia fausta,1,1,1,,1,,,1,,1,,,,1,,,1,,,,,,,,,,1,,,,,,,,,,,,,,,,1,1,1,,,,,,,,,,,,,1,1,1,1,1,,,,1,1,,,,,,,,,,,,,,1,1,1,1,1,,,,,,,,,,,,,,,,1,,,1,,1,,1,,,,,,1,1,1,,,,,,,1,,,,1,,,1,,,,,,,,1,,,,,,,,,,,,1,,1,,1,,1,,1,,1,,1,,1,,1,,1,1,,,1,1,1,,,,,1,1,,,,,,,,1,,,,1,1,,,,,,,,,,1,,1,,,,1,1,1,,1,,,,,,1,1,,1,,,1,,1,,1,,1,,1,,1,,1
Ipimorpha nanaimo,1,,1,,1,1,,1,,,,,,1,1,,,,,,,,,,,1,1,,,,1,1,,,,,,,,,,1,1,1,,,,,,,,,,,,,,1,1,1,1,,,,,1,,,,,,,,,,,,,1,1,1,1,,,,,,,,,,,,,,,,,,,1,,,1,,1,,1,,,,,,1,,,,,,,,,1,,,,1,,,,,,,,,,,1,,,,,,,,,,,,1,,1,,1,,1,,1,,1,,1,,1,1,1,,1,1,,,1,,1,,,,,1,,,,,,,,,1,,,,1,,,,,,,,,,,1,,1,,,,1,1,,,1,,,,,,1,,1,1,,,1,,1,,1,,1,,1,,1,,1
Ipimorpha viridipallida,1,,1,,,,,,1,1,,,,,,,,,,,,,,,,,,,,1,,,,,,,,,,,,,,,,,,,,,,,,,,,,,1,1,1,,,,,1,,,,,,,,,,,,,,1,1,,,,,,,,,,,,,,,,,,,,1,,,1,,1,,1,,,,,,1,,,,,,,,,1,,,,,,,,,,,,,,,1,,,,,,,,,,,,1,,1,,1,,1,,1,,1,,1,,1,1,1,,1,1,,,1,,1,,1,,,1,,,,,,,,,1,,,,,,,,,,,,,,,1,,1,,,,1,,1,,1,,,,,,1,,1,1,,,1,,1,,1,,1,,1,,1,,1
Ipimorpha pleonectusa,1,,,,1,,,,,,,,,,,,,,,,,,,,,,,,,,,,,,,,,,,,,,,1,1,1,,1,,,,,,,,,,,1,1,1,,,,,1,,,,,,,,,,,,,,1,1,,,,,,,,,,,,,,,,,,,,1,,,1,,1,,1,,,,,1,1,,,,,,,,,1,,,,,1,,,,,,,,,,1,,,,,,,,,,,,1,,1,,1,,1,,1,,1,,1,,1,1,,,1,1,,,1,,1,,,,,1,,,,,,,,,1,,,,1,,,,,,,,,,,1,,1,,,,1,1,1,,1,,,,,1,1,,1,1,,,1,,1,,1,,1,,1,,1,,1
Andropolia diversilineata,1,1,1,,,,,1,1,1,1,1,,1,,,1,,1,1,,1,,1,,,1,1,,1,1,1,1,,,,,,,,,,,,,,,,,,,,,,,,,1,1,1,1,,,,,1,1,,,,,,,,,,,,,,,1,1,1,1,,,,,,,,,,,,,,,,1,,,1,,1,,1,,1,,1,1,,,,,,,,,,1,1,1,1,1,1,,1,,,,,,,,1,,,,,,,,,,,,1,,1,1,1,,1,1,1,,1,,1,,1,,1,1,1,1,1,,1,,1,,1,,,,,,,,,,,,1,,,1,1,,,,,,,,,,,1,1,1,,1,,1,1,,,1,,,,,1,1,1,,1,,1,1,,1,,1,,1,,1,,1,,1
Andropolia contacta,1,1,1,1,1,,,,,1,,1,,,,,,,1,,1,,,1,,,,1,,,,,1,,,,,1,,,,,,1,1,1,,1,,1,,,,,,,,,1,1,1,,,,,1,1,,,,,,,,,,,,,,,,,1,1,1,,,,,,,,,,,,,1,,1,,,1,,1,,1,,,,1,,,,,,,,,,,1,1,1,,,,,,,,,,,,,1,,,,,,,,,,,,1,,1,,1,,1,,1,,1,,1,,1,1,1,,1,1,1,,1,,1,,,1,,1,,,,,,,,,1,,,1,1,,,,,,,,,,,1,1,,,1,1,1,1,,,1,,,,,1,1,1,1,1,,,1,,1,,1,,1,,1,,1,,1
Andropolia aedon,1,1,1,,1,1,,1,1,1,1,1,,1,1,,1,,,,1,1,,,,1,1,1,,1,1,1,,,,,,,,,,1,,1,1,1,,,,,,,,,,,,1,1,1,1,,,1,,1,1,,,,,,,,,,,,,,,,,1,1,1,,,,,,,,,,,,,1,,1,1,,1,,1,,1,,,,1,,1,,,,,,,,,1,1,,,,1,,,,,,,,,,1,,,,,,,,,,,,1,,1,,1,,1,1,1,,1,,1,,1,1,1,,1,1,1,,1,,1,,,1,,1,,,,,,,,,1,1,,1,,,,,,,,,,,,1,1,,,1,1,1,1,,,1,,,,,1,1,1,1,1,,,1,,1,,1,,1,,1,,1,,1
Andropolia theodori,1,1,1,,1,,,1,1,1,1,1,,1,1,1,1,,1,,,1,1,1,,,,1,1,1,1,1,1,,,,,,,,,1,1,1,1,,,,,,,,,,,,,1,1,1,1,1,,,,,1,,,,,,,,,,,,,,,,,,1,1,1,1,,,,,,,,,,,,,1,1,,1,,1,,1,,,1,1,1,1,,,,1,,,,,,1,1,1,1,1,,1,,1,,,,,,1,,,,,,,,,,,,1,,1,1,1,,1,1,1,,1,,1,,1,,1,,1,1,1,,1,1,1,,1,,,1,,,,1,,,,,1,,,1,,,,,,1,,,,,,1,1,1,,1,,1,1,1,,1,,,,,1,1,,1,1,1,1,1,,1,,1,,1,,1,,1,,1
Rhizagrotis cloanthoides,1,1,1,,,,,,,1,,,,,,,,,1,1,,,,,,,,,,1,,,1,1,,,,,,,,,,,,,,,,,,,,,,,1,1,1,,1,,,,,1,,,,,,,,,,,,1,1,1,1,1,,,,,,,,,,,,,,,,,,,1,,,1,,1,,1,,,,,1,1,,,,,,,,,,1,,1,1,1,,,,,,,,,,1,,,,,,,,,,,1,1,,1,1,1,,1,1,,,1,,1,,1,,1,,1,,1,,1,1,1,,1,,,,,,,,,,,,1,1,,1,,,,,,,,,,,,1,,1,,,1,1,,1,,1,,,,,,1,1,1,1,,,1,,1,,1,,1,,1,,1,,1
Rhizagrotis albalis,1,1,1,,,,,,,1,,,,,,,,,1,1,,,,,,,,,,,,,1,1,,,1,,,,,,,,,,,,,,,,,,,,1,1,1,,,,,,,1,1,,,,,,,,,,,,,,1,1,1,1,1,,,,,,,,,,,,,,1,,1,,,1,,1,,1,,,,1,1,,,,,,,,,,1,1,1,1,1,1,,,,,,,,,,1,,,,,,,,,,,1,1,,1,1,1,,1,1,,,1,,1,,1,,1,,1,,1,,1,,1,,1,,,,,,,,,,,,1,1,,1,,,,,,,,,,,,1,,1,,,1,,1,1,,1,,,,,,1,1,1,1,,,1,,1,,1,,1,,1,,1,,1
Rhizagrotis modesta,,,1,,,,,,,,,,,,,,,,,,,,,,,,,,,,,,1,1,,,,,,,,,,,,,,,,,,,,,,,,1,1,1,1,,,,,1,,,,,,,,,,,,1,1,1,,,,,,,,,,,,,,,,,,,,,1,,,1,,1,,1,,,,1,1,1,,,,,,,,,1,,,1,1,1,,,,,,,,,,1,,,,,,,,,,,,1,,1,,1,,1,,1,,1,,1,,1,,1,,1,,1,,1,1,1,,1,,,,,,,,,,,,1,1,,1,,,,,,,,,,,,1,,1,,,1,1,,1,,1,,,,,,1,1,1,1,,,1,,1,,1,,1,,1,,1,,1
Rhizagrotis stylata,,1,1,,,,,,,,,,,,,,,,1,1,,,,,,,,,,,,,1,1,,,,,,,,,,,,,,,,,,,,,,,1,1,1,,,,,,,1,,,,,,,,,,,,,,1,1,1,1,,,,,,,,,,,,,,,,,,1,,,1,,1,,1,,,,1,,1,,,,,,,,,,1,1,1,,1,,,,,,,,,,1,,,,,,,,,,,,1,,1,,1,,1,,1,,1,,1,,1,,1,,1,1,,,1,1,1,,1,,,,,,,,,,,,1,1,,1,,,,,,,,,,,,1,,1,,,1,1,,1,,1,,,,,,1,1,1,1,,,1,,1,,1,,1,,1,,1,,1
Fishia discors,1,1,1,1,1,,,1,1,1,1,1,,1,1,1,1,1,,,,,1,1,,,1,1,1,1,1,1,1,1,,,1,,,1,,1,1,1,1,1,,,,,,,,,,,,,1,1,1,1,1,,,1,1,,,,,,,,,,,,,,,,1,1,1,,,,,,,,,,,,,,1,,1,1,,1,,1,,1,,,,1,1,,,,,,,,,,1,,,1,1,,,,,,,,,,,1,,,,,,,,,,,,1,1,1,,1,1,1,1,1,,1,,1,,1,1,1,,1,1,1,,1,1,1,,1,,1,1,,,,,,,,,1,,,1,1,,,,,,,,,,,1,1,1,,1,1,1,,1,,1,,,,,1,1,1,1,1,,,1,,1,,1,,1,,1,,1,,1
Fishia connecta,,1,1,,,,,,,,,,,,,,,,,,,,,1,,,,,,,,,1,,,,,,,,,,,,,,,,,,,,,,,,,,,,1,,,,,1,1,,,,,,,,,,,,,,,1,1,1,1,,,,,,,,,,,,,,1,,1,1,,1,,1,,1,,,,1,1,,,,,,,,,,,1,1,1,1,,,,,,,,,,,1,,,,,,,,,,,,1,,1,,1,1,1,1,1,,1,,1,,1,1,1,,1,1,,,1,,1,,1,1,,1,,,,,,,,,1,1,,1,,,,,,,,,,,,1,1,,,1,1,1,1,1,,1,,,,,,1,1,1,1,,,1,,1,,1,,1,,1,,1,,1
Fishia yosemitae,1,1,1,1,1,,,,1,1,,,,1,,1,,,,1,,,1,,,,,1,1,1,1,,1,1,,,1,,,1,,,,1,1,1,,,,,,,,,,,1,,,,1,1,1,,,1,1,,,,,,,,,,,,,1,1,1,1,1,1,,,,,,,,,,,,,,1,,1,1,,1,,1,,1,,,,1,1,,,,,,,,,,1,1,1,1,1,1,,,,,,,,,,1,,,,,,,,,,,,1,,1,,1,1,1,1,,,1,,1,,1,1,1,,1,1,1,,1,1,1,,1,1,1,1,,,,,,,,,1,1,1,1,,,,,,,,,,,,1,1,,,1,1,1,,1,,1,,,,,1,1,1,1,1,,,1,,1,,1,,1,,1,,1,,1
Fishia nigrescens,,,1,,,,,,,,,,,,,,,,,,,,,,,,1,1,,1,,1,1,,,,,,,,,,,,,,,,,,,,,,,,,,,,,1,,,,1,1,,,,,,,,,,,,,1,1,1,1,1,1,,,,,,,,,,,,,,1,,1,1,,1,,1,,1,,,,1,1,,,,,,,,,,1,1,1,1,1,1,,,,,,,,,,1,,,,,,,,,,,,1,,1,,1,1,1,1,,,1,,1,,1,1,1,,1,1,1,,1,1,1,,1,1,1,,,,,,,,,,,1,1,1,,,,,,,,,,,,1,1,1,,1,1,1,,1,,1,,,,,1,1,1,1,1,,,1,,1,,1,,1,,1,,1,,1
Fishia illocata,1,1,1,,1,1,,1,,1,1,1,,1,1,1,1,,,,,,,,,1,1,,,1,1,1,,,,,,,,,,1,1,,1,1,,1,,,,,,,1,1,,1,1,1,1,1,,,,1,1,,,,,,,,,,,,,,1,1,1,1,1,,,,,,,,,,,,,,1,,1,,,1,,1,,1,,,,,1,,,,,,,,,,,1,1,,,1,,,,1,,,,,,1,,,,,,,,,,,,1,,1,,1,,1,,1,,1,,1,,1,,1,,1,1,1,,1,,1,,,1,,1,,,,,,,,,1,,,1,1,,,,,,,,,,,1,1,,,1,1,1,,1,,1,,,,,1,1,1,1,1,,,1,,1,,1,,1,,1,,1,,1
Platypolia anceps,,,1,1,1,,,,,,,,,,,,,,,,,,,,,,,1,,,,,,,,,1,,,,,,1,1,1,1,1,1,1,,,,,,,,,,,1,1,1,,,,1,1,,,,,,,,,,,,,,,,1,1,1,,,,,,,,,,,,,,1,,1,1,,1,,1,,1,,,,1,1,1,,,,,,,,,,1,1,1,1,1,,,,,,,,,,1,,,,,,,,,,,,1,,1,,1,1,1,1,1,,1,,1,,1,1,1,,1,1,,,1,,1,,,1,1,1,,,,,,,,,1,,,1,1,,,,,,,,,,,1,1,1,,1,,1,,1,,1,,,,,,1,,1,1,,,1,,1,,1,,1,,1,,1,,1
Platypolia contadina,1,1,1,,1,1,,1,1,1,1,1,,1,1,,1,,,,,,,1,,1,1,1,1,1,1,1,,,,,,,,,,1,1,1,1,1,,1,,,,,,,,,1,1,1,1,1,1,,,,1,1,,,,,,,,,,,,,,,1,1,1,1,,,,,,,,,,,,,,1,,1,1,,1,,1,,1,,,,1,,,,,,,,,,,,1,1,,,1,,,,,,,,,,1,,,,,,,,,,,,1,,1,,1,1,1,1,1,,1,,1,,1,1,1,,1,1,1,,1,1,1,,,1,1,,,,,,,,,,1,,,,,,,,,,,,,,,1,1,1,,1,,1,,1,,1,,,,,1,1,1,1,1,,,1,,1,,1,,1,,1,,1,,1
Platypolia loda,1,1,1,1,1,,,,,1,1,1,,1,,1,1,,,,,,1,1,,,,,1,1,1,1,,,,,1,,,,,1,,1,1,1,,,,,,,,1,,,,1,,,1,1,,,,1,1,,,,,,,,,,,,,,,,1,1,1,,,,,,,,,,,,,,1,,1,1,,1,,1,,1,,,,1,,,,,,,,,,,1,1,1,,,,,,,,,,,,,1,,,,,,,,,,,,1,,1,,1,1,1,,1,,1,,1,,1,1,1,,1,1,1,,1,1,1,,1,1,,,,,,,,,,,1,,,1,,,,,,,,,,,,1,1,,,1,1,,,1,,1,,,,,1,1,1,1,1,,,1,,1,,1,,1,,1,,1,,1
Platypolia mactata,1,1,,,1,,,,,,1,,,,,,1,,,,,,,,,,,,,,,,,,,,,,,,,1,,1,1,1,,1,,,,,,,,,,,1,1,1,,,,,1,,,,,,,,,,,,,,,1,1,,,,,,,,,,,,,,,,,1,,1,1,,1,,1,,1,,,,1,1,1,,,,,,,,,,1,1,1,1,1,,,,,,,,,,1,,,,,,,,,,,,1,,1,,1,1,1,1,1,,1,,1,,1,1,1,,1,1,,,1,,1,,,,1,1,,,,,,,,,1,,,,,1,,,,,,,,,,1,1,1,,1,,1,,1,,1,,,,,1,1,1,1,1,,,1,,1,,1,,1,,1,,1,,1
Xylotype arcadia,1,,1,,1,1,,1,,,1,,,,1,,,,,,,,,,,1,,,1,1,1,,,,,,,,,,,1,1,1,1,1,,,,1,,,,,,,,,,1,1,1,,,,1,1,,,,,,,,,,,,,,,,1,1,1,1,,,,,,,,,,,,,1,,1,1,,1,,1,,1,,,,1,,,,,,,,,,,1,1,1,,1,1,,,,,,,,,,1,,,,,,,,,,,,1,,1,1,1,1,1,,1,,1,,1,,1,,1,1,1,1,1,,1,,1,,,1,1,1,,,,,,,,,1,,,1,1,1,,,,,,,,,,1,1,1,,1,,1,,1,,1,,,,,1,1,1,1,1,,,1,,1,,1,,1,,1,,1,,1
Dryotype opina,1,,1,,1,,,1,,,,,,,,,,,,,,,,,,1,1,,,,1,1,,,,,,,,,,1,,,,,,,,,,,,,,,,1,1,1,1,1,,,,1,,,,,,,,,,,,1,1,1,1,,,,,,,,,,,,,,,,,,,,1,1,,1,,1,,1,,,,,1,,,,,,,,,,,1,1,,,1,,,,,,,,,,1,,,,,,,,,,,,1,,1,,1,,1,1,1,,1,,1,,1,1,1,,1,1,1,,1,,1,,1,1,,1,,,,,,,,,1,,,1,1,,,,,,,,,,,1,1,,1,1,1,,1,,,1,,,,,,1,1,1,1,,,1,,1,,1,,1,,1,,1,,1
Mniotype pallescens,,1,1,,1,,,,,,,,,,,,,,,,,,,1,,,,1,,,,,,,,,,,,,,,,1,,,,,,,,,,,,,,1,1,,,,,,,1,,,,,,,,,,,,,,,1,1,1,,,,,,,,,,,,,,,,1,,1,1,,1,,1,,1,,,,1,,1,,,,,,,,,,1,1,1,,1,,,,,,,,,,1,,,,,,,,,,,,1,,1,,1,1,1,1,1,,1,,1,,1,,1,1,1,1,,,1,1,1,,1,1,,,,,,,,,,,1,,,1,,,,,,,,,,,,1,1,,,1,1,,,1,,1,,,,,,1,,1,1,,,1,,1,,1,,1,,1,,1,,1
Mniotype ducta,1,1,1,,1,,,1,,,1,1,,1,1,,1,,,,,,,,,,,,,1,1,1,,,,,,,,,,1,1,1,1,1,,1,,1,,,,,,1,1,1,1,1,1,,,,,1,1,,,,,,,,,,,,,,1,1,1,1,1,1,,,,,,,,,,,,,1,,1,1,,1,,1,,1,,1,,1,1,,,,,,,,,,1,1,,1,1,,,,,,,,,,,1,,,,,,,,,,,,1,,1,,1,,1,1,1,,1,,1,,1,1,1,,1,1,1,,1,,1,,,1,1,1,,,,,,,,,1,,,,,,,,,,,,,,,1,1,,,1,1,1,,1,,1,,,,,1,1,1,1,1,,,1,,1,,1,,1,,1,,1,,1
Mniotype tenera,1,1,1,1,1,1,,,,1,1,1,,1,1,,,,1,,1,,,,,1,,,,,,,,,,,1,,,,,1,1,1,1,1,,1,,1,,,,,,,1,1,1,1,1,,,,,1,1,,,,,,,,,,,,,,1,1,1,1,1,,,,,,,,,,,,,,1,,1,1,,1,,1,,1,,,,1,1,,,,,,,,,,1,1,,1,1,,,,,,,,,,,1,,,,,,,,,,,,1,,1,,1,1,1,,1,,1,,1,,1,1,1,,1,1,1,,1,,1,,1,1,,1,,,,,,,,,1,,1,1,,1,,,,,,,,,,1,1,,,1,1,1,,1,,1,,,,,1,1,1,1,1,1,,1,,1,,1,,1,,1,,1,,1
Sutyna privata,1,1,,,1,,,,,,1,,,,,1,1,,,,,,,,,,,,,,,,,,,,,,,,,,,1,1,,,1,,,,,,,,,,,,1,1,,,,,1,,,,,,,,,,,,,,,,1,1,,,,,,,,,,,,,,,,,,1,1,,1,,1,,1,,,,1,,,,,,,,,,,1,1,1,,,,,,,,,,,,,1,,,,,,,,,,,,1,,1,1,1,1,1,,1,,1,,1,,1,,1,,1,1,1,,1,,1,,1,,,,,,,,,,,,1,,,1,,,,,,,,,,,,1,,1,,,1,1,,1,,1,,,,,,1,1,1,1,,,1,,1,,1,,1,,1,,1,,1
Ufeus satyricus,1,1,1,,1,,1,1,1,1,1,1,,1,1,1,1,,,1,,,,,,,1,,1,1,1,1,1,,,,,,,,,,,,1,1,,1,,,,,1,1,1,1,1,1,1,,1,1,1,,,1,1,,,,,,,,,,,,,,1,1,1,1,1,,,,,,,,,,,,,,,,1,,,1,,1,,1,,,,,1,1,,,1,,,,,,1,1,,,,,,,,,,,,,,1,,,,,,,,,,,,1,,1,,1,,1,1,1,1,1,,1,,1,,1,,1,,1,,1,,1,,,1,1,1,,,,,,,,,1,,,,,,,,,,,,,,,1,1,1,,1,,1,,1,,1,,,,,1,1,,1,1,,,1,,1,,1,,1,,1,,1,,1
Ufeus hulstii,1,1,1,,1,,,1,,1,1,,,1,1,1,,,,1,,,,,,,,1,,1,,1,,,,,,,,,,,,,,1,,,,,,,,,,,1,1,1,1,,,,,,1,1,,,,,,,,,,,,,,,,,1,1,,,,,,,,,,,,,,1,,1,1,,1,,1,,1,,,,,1,,,,1,,,,,,1,1,,,,1,,,,,,,,,,1,,,,,,,,,,,,1,,1,,1,,1,,1,,1,,1,,1,,1,,1,,1,,1,1,1,,,1,1,1,,,,,,,,,1,,,,,,,,,,,,,,,1,1,1,,1,,1,,1,,1,,,,,1,1,,1,1,,,1,,1,,1,,1,,1,,1,,1
Properigea albimacula,1,1,1,,1,,,,1,1,1,1,,1,1,,1,1,,,1,1,,1,,1,1,1,1,1,1,1,,,,,,,,,,,,1,1,,,,,,,,,,,,,1,1,1,1,,,,,1,,,,,,,,,,,,,1,1,,,,,,,,,,,,,,,,,,,,,1,1,,1,,1,,1,,,,,1,,,,,,,,,,,1,1,,,1,,,,,,,,,,1,,,,,,,,,,,,1,,1,,1,,1,,1,,1,,1,,1,,1,,1,,1,,1,,1,,1,1,,1,,,,,,,,,1,,1,1,,1,,,,,,,,,,1,1,,,1,1,1,,1,1,1,1,,,1,1,1,1,1,1,,,1,,1,,1,,1,,1,,1,,1
Properigea niveirena,1,1,1,,1,,,1,1,1,,1,,1,1,,,,,,,1,,,,1,,,1,,1,1,,,,,,,,,,1,,,,,,,,,,,,,,,,1,1,1,1,,,,,1,,,,,,,,,,,,1,1,1,1,,,,,,,,,,,,,,,,,,,,1,1,,1,,1,,1,,,,1,1,,,,,,,,,,1,1,1,1,1,1,,,,,,,,,,1,,,,,,,,,,,,1,,1,,1,,1,,1,,1,,1,,1,,1,,1,,1,,1,,1,,,1,1,1,,,,,,,,,1,,1,1,1,1,,,,,,,,,,1,,1,,,1,1,,1,,1,,,,,1,,1,1,1,,,1,,1,,1,,1,,1,,1,,1
Pseudobryomima muscosa,1,1,1,,1,1,,1,1,,,,,1,1,,,,,,,1,,1,,1,1,,,,1,1,,,,,,,,,,1,1,1,1,,,,,,,,,,,,1,1,1,1,1,1,,,1,1,,,,,,,,,,1,1,1,1,,,,,,,,,,,,,,,,,,,,,,1,,,1,,1,,1,,1,,1,,,,,,,,,,,,,,1,,,1,,,,,,,,,1,,,,,,,,,,,,1,,1,,1,,1,,1,,1,,1,,1,,1,,1,,1,,1,1,1,,,1,,,,,,,,,,,1,,,,,1,,,,,,,,,,1,1,1,,1,,1,,1,,1,,,,,1,,1,1,1,,,1,,1,,1,,1,,1,1,1,,1
Pseudanarta caeca,1,1,1,,,,,,,1,,,,,,,,,1,1,,1,1,,,,,1,,1,,,1,1,,,,,,,,,,,,,,,,,,,,,,,,,,1,1,1,,,1,,,,,,,,1,1,1,,,,,,,,,,,,,,,,,,,,,,,,,,1,,,1,,1,,1,,,,1,,1,,,,,,,,,,,1,1,1,1,,,,,,,,,,1,,,,,,,,,,,,1,,1,,1,1,,1,1,,1,,1,,1,,1,1,1,,1,,1,,1,,,,,,1,,,,,,,,,1,,,,,,,,,,,,,,1,,1,,,,1,,1,1,,1,,,1,1,,,1,1,,,1,,1,,1,,1,,1,,1,,1
Pseudanarta crocea,1,1,1,,1,,,,,1,1,,,,,,,1,1,1,,,1,,,,,1,1,1,1,1,1,1,,,,,,,,,,1,,,,,,,,,,,,,,,,1,1,1,,,1,1,,,,,,,,1,1,1,1,,,,,,,,,,,,,,,,,,,,,,,,1,,,1,,1,,1,,,,1,,,,,,,,,,,,1,1,,,1,,,,,,,,,,1,,,,,,,,,,,,1,,1,,1,,1,,1,,1,,1,,1,,1,,1,,1,1,1,,1,1,,,,,1,,,,,,,,,1,1,,,,1,,,,,,,,,1,,1,,,,1,,1,1,,1,,,1,1,,1,1,1,,,1,,1,,1,,1,,1,,1,,1
Pseudanarta flava,1,1,1,,1,,,,,1,,,,,,,,,1,1,,,1,,,,,1,,1,,,1,1,,,,,,,,,,1,,,,,,,,,,,,,,,1,1,1,1,,,1,1,,,,,,,,1,1,1,1,,,,,,,,,,,,,,,,,,,,,,,,1,,,1,,1,,1,,,,1,1,,,,,,,,,,,1,1,1,1,,,,,,,,,,,1,,,,,,,,,,,,1,,1,,1,,1,1,1,,1,,1,,1,,1,1,1,,1,,1,,1,1,,,,,1,,,,,,,,,1,1,,,,1,,,,,,,,,1,1,1,,1,,1,,1,1,,1,,,1,1,,,1,1,,,1,,1,,1,,1,,1,,1,,1
Pseudanarta singula,,1,1,,,,,,,,,,,,,,,,1,,,,,,,,,,,,,,1,,,,,,,,,,,,,,,,,,,,,,,,,,,1,1,,,,1,1,,,,,,,,,,1,1,,,,,,,,,,,,,,,,,,,,,,,,1,,,1,,1,,1,,,,,1,,,,,,,,,,,1,,1,,1,,,,,,,,,,1,,,,,,,,,,,,1,,1,,1,1,1,1,1,1,1,,1,,1,,1,,1,1,1,,1,,1,1,,,,,1,,,,,,,,,1,1,,,,1,,,,,,,,,1,,1,,,,1,,1,1,,1,,,1,1,,,1,1,,,1,,1,,1,,1,,1,,1,,1
Perigonica tertia,1,,1,,,,,1,1,1,,,,,,,,,,,,,,,,,1,1,,,1,1,,,,,,,,,,,,,,,,,,,,,,,1,1,1,,,,,,,,,1,1,,,,,,,,,,,,,,,1,1,1,1,,,,,,,,,,,,,,1,,1,1,,1,1,1,,1,,,,,,1,,1,,,,,,,1,1,,,1,1,,1,,,,,,,,1,,,,,,,,,,,,1,,1,,1,,1,,1,,1,,1,,1,,1,,1,1,,,1,1,1,,1,,,,,,,,,,,,1,,,1,,1,,,,,,,,,,1,1,,1,1,,1,,1,,1,,,,,1,1,1,1,1,,,1,,1,,1,,1,,1,,1,,1
Perigonica angulata,1,,1,,,,,,1,,,,,,,,,,,,,,,,,1,1,1,,,1,1,,,,,,,,,,,,,,,,,,,,,,,,1,1,1,1,,,,,,,1,,,,,,,,,,,,,,,1,1,1,,,,,,,,,,,,,,,,1,,1,,,1,1,1,,1,,,,,,1,,,,,,,,,,1,,1,,,,,,,,,,,,1,,,,,,,,,,,,1,,1,,1,,1,,1,,1,,1,,1,,1,,1,1,1,,1,1,1,,1,,,,,,,,,,,,1,,,1,,,,,,,,,,,,1,1,,,1,,1,,1,,1,,,,,1,1,1,1,1,,,1,,1,,1,,1,,1,,1,,1
Perigonica pectinata,1,,1,,,,,,1,,,,,,,,,,,,,,,,,1,,,,,1,1,,,,,,,,,,,,,,,,,,,,,,,1,1,1,1,,,,,,,,1,,,,,,,,,,,,,,1,1,,,,,,,,,,,,,,,,,,,,1,1,,1,,1,,1,,,,1,,1,,,,,,,,,1,1,,1,,,,1,,,,,,,,1,,,,,,,,,,,,1,,1,,1,,1,,1,,1,,1,,1,,1,,1,,1,,1,1,1,,,,,1,,,,,,,,,1,,,,,,,,,,,,,,,1,,1,,,,1,,1,,1,,,,,1,1,,1,1,,,1,,1,,1,,1,,1,,1,,1
Acerra normalis,1,1,1,,1,,,1,1,1,1,1,,1,1,1,1,,,,,,,,,1,1,1,1,1,1,1,,,,,,,,,,1,,1,1,,,,,,,,,1,1,1,1,,,1,,,,,,1,,,,,,,,,,,,,,,1,1,1,,,,,,,,,,,,,,,,,,1,1,,1,,1,,1,,,,1,1,1,,,,,,,,,,1,1,1,1,1,,,,,,,,,,1,,,,,,,,,,,,1,,1,,1,,1,,1,,1,,1,,1,,1,,1,,1,1,,,1,,,1,1,,,,,,,,,,1,,,,,1,,,,,,,,,,1,1,1,,1,,1,,1,,1,,,,,1,,,1,1,,,1,,1,,1,,1,,1,,1,,1
Stretchia plusiaeformis,1,1,1,,1,,,,,1,,,,,,1,1,,,,,,,,,,,1,1,1,1,,,,,,,,,,,,,1,1,,,,,,,,,,1,1,1,,,1,,,,,,1,,,,,,,,,,,,1,1,1,1,,,,,,,,,,,,,,,,,,,,1,1,,1,,1,,1,,,,1,,,,,,,,,,,,1,1,,,1,1,,,,,,,,,1,,,,,,,,,,,,1,,1,,1,,1,,1,,1,,1,,1,,1,,1,,1,1,1,1,1,,,1,1,1,,,,,,,,,1,,,1,1,1,,,,,,,,,,1,1,1,,1,,1,,1,,1,,,,,1,1,1,1,1,,,1,,1,,1,,1,,1,,1,,1
Stretchia pictipennis,,,1,,,,,,,,,,,,,,,,,,,,,,,,,,,,,1,,,,,,,,,,,,,,,,,,,,,,1,1,1,1,,,,,,,,,1,,,,,,,,,,,,,,1,1,1,,,,,,,,,,,,,,,,,1,,1,1,,1,,1,,1,,,,1,1,,,,,,,,,,,1,1,1,1,,,,,,,,,,,1,,,,,,,,,,,,1,,1,,1,,1,,1,,1,,1,,1,,1,,1,,1,1,,1,1,,,,1,,,,,,,,,,1,,,,,,,,,,,,,,,1,1,1,,1,,1,,1,,1,,,,,,1,1,1,1,1,,1,1,,,1,,1,,1,,1,,1
Stretchia muricina,1,,1,,1,1,,1,1,1,,,,1,1,,,,,,,,,,,1,1,1,,1,1,1,,,,,,,,,,1,,1,1,,,,,,,,,,1,1,1,1,,,,,,,,1,,,,,,,,,,,,1,1,1,1,,,,,,,,,,,,,,,,,,,,1,,,1,,1,,1,,,,1,1,,,,,,,,,,,1,1,1,1,1,,1,,,,,,,,1,,,,,,,,,,,,1,,1,,1,,1,,1,,1,,1,,1,,1,,1,,1,1,,1,1,,,1,1,1,,,,,,,,,1,,,,,,,,,,,,,,,1,1,1,,1,,1,,1,,1,,,,,1,1,1,1,1,,,1,,1,,1,,1,,1,,1,,1
Stretchia prima,,,1,,,,,,,,,,,,,,,,,,,,,,,,,1,,1,,1,,,,,,,,,,,,,,,,,,,,,,,1,1,1,,,,,,,,1,1,,,,,,,,,,1,1,1,,,,,,,,,,,,,,,,,,,,,,,1,,,1,,1,1,1,,,,1,,,,,,,,,,,1,1,1,,,1,,,,,,,,,,1,,,,,,,,,,,,1,,1,,1,,1,1,1,,1,,1,,1,,1,,1,1,,,1,,1,,,1,1,,,,,,,,,,1,,,,,,,,,,,,,,,1,,1,,,,1,,1,,1,,,,,,1,,1,1,,,1,1,1,,1,,1,,1,,1,,1
Orthosia pulchella,1,1,1,,1,,,1,1,1,,,,1,,,1,,,,,,,,,,,1,1,1,1,1,,,,,,,,,,,,1,,,,,,,,,,1,1,1,1,1,1,,,,,,,1,,,,,,,,,,,,,,1,1,,,,,,,,,,,,,,,,,,,,1,,,1,,1,,1,,,1,1,1,1,,1,,,,,,,1,1,1,1,1,,1,1,,,,,,,,1,,,,,,,,,,,,1,,1,,1,1,1,,1,,1,,1,,1,,1,,1,1,1,,1,1,1,,,1,1,1,,,,,,,,,1,,,1,1,1,1,1,,,,,,,,1,1,1,,1,,1,,1,,1,,,,,1,1,1,1,,1,,1,,1,,1,,1,,1,,1,,1
Orthosia transparens,1,,1,,1,1,,1,1,,,,,1,1,,,,,,,,,,,1,1,,,,1,1,,,,,,,,,,1,,1,,,,,,,,,,,1,1,1,1,,,1,,,,,1,,,,,,,,,,,,,,1,1,1,,,,,,,,,,,,,,,,,,,1,,,1,,1,,1,,,,,1,,,,1,,,,,,1,1,,1,,,,,,,,,,,,1,,,,,,,,,,,,1,,1,,1,,1,,1,,1,,1,,1,,1,,1,,1,,1,,1,,,1,1,1,,,,,,,,,1,,,,,,,,1,,,,,,,1,,1,,,,1,,1,,1,,,,,1,,1,1,1,,,1,,1,,1,,1,,1,,1,,1
Orthosia praeses,1,,1,,1,1,1,1,1,,,,,1,1,,,,,,,,,,,1,1,,,,1,1,,,,,,,,,,1,,,,,,,,,,,1,1,1,1,1,,1,,,,,,,1,,,,,,,,,,,,,,,1,1,1,,,,,,,,,,,,,,,,1,,1,1,,1,,1,,1,,1,,,1,1,,,,,,,,,,1,,,1,1,,,,,,,,,,1,,,,,,,,,,,,1,,1,,1,,1,1,1,,1,,1,,1,,1,,1,1,1,1,1,1,1,,,,1,1,,,,,,,,,1,,,1,1,,,,,,,,,,,1,1,,1,1,,1,,1,,1,,,,,1,1,1,1,1,1,,1,1,,,1,,1,,1,,1,,1
Orthosia mys,1,,1,,1,,,1,,,,,,,,,,,,,,,,,,,1,1,,,1,1,,,,,,,,,,1,,,,,,,,,,,,,1,,,,,,1,1,1,1,,1,1,,,,,,,,,,,,,,1,1,1,1,1,,,,,,,,,,,,,,,,1,,,1,,1,,1,,,,,1,,,,1,,,,,,1,,,,,,,,,,,,,,,1,,,,,,,,,,,,1,,1,,1,,1,,1,,1,,1,,1,,1,,1,,1,,1,,1,,1,,,,,,,1,,,,,1,,1,,,,,,,1,,,,,,1,1,,,1,,1,,1,,1,,,,,,1,1,1,1,,,1,,1,,1,,1,,1,,1,,1
Orthosia ferrigera,1,,1,,1,,,,1,1,,,,,1,,,,,,,,,,,1,1,1,1,,1,1,,,,,,,,,,1,,,,,,,,,,,,1,1,1,1,,,,,,,,,1,,,,,,,,,,,,,,1,1,1,,,,,,,,,,,,,,,,,,,1,1,,1,,1,,1,,,,,,1,1,1,,,,,,,1,,,,1,1,1,1,,,,,,,,1,,,,,,,,,,,1,1,,1,,1,,1,,1,,1,,1,,1,,1,,1,,1,,1,1,1,,,1,,1,,,,,,,,,1,,,1,1,1,,,,,,,,,,1,1,,,1,1,1,,1,,1,,,,,1,1,1,1,1,1,,1,,1,,1,,1,,1,,1,,1
Orthosia terminata,,,1,,,,,,,,,,,,,,,,,,,,,,,,,,,,,1,,,,,,,,,,,,,,,,,,,,,,,1,1,,,,,,,,,,1,,,,,,,,,,,,,,1,1,1,,,,,,,,,,,,,,,,,,,1,1,,1,,1,,1,,,,1,,1,,,,,,,,,1,,,1,,1,,,,,,,,,,1,,,,,,,,,,,,1,,1,,1,,1,,1,,1,,1,,1,,1,,1,,1,,1,,1,,,1,1,1,,,,,,,,,1,,,,,1,,,,,,,,,,1,1,1,,1,1,1,,1,,1,,,,,1,,,1,1,,,1,,1,,1,,1,,1,,1,,1
Orthosia behrensiana,,,1,,,,,,,,,,,,,,,,,,,,,,,1,,,,,1,1,,,,,,,,,,,,,,,,,,,,,,1,1,1,1,1,,,,,,,,1,,,,,,,,,,,,,,,1,1,1,,,,,,,,,,,,,,,,,,1,,,1,,1,,1,,,,,,1,,,,,,,,,1,1,,1,1,,,,,,,,,,,1,,,,,,,,,,,,1,,1,,1,,1,,1,,1,,1,,1,,1,,1,1,1,,1,,1,,1,,,,,,,,,,,,1,,,1,1,,,,,,,,,,,1,1,,,1,,1,,1,,1,,,,,,1,,1,1,,,1,,1,,1,,1,,1,,1,,1
Orthosia arthrolita,,,1,,,,,,,,,,,,,,,,,,,,,,,,,,,,,1,,,,,,,,,,,,,,,,,,,,,,,,,,,,,1,1,,,,1,,,,,,,,,,,,,,,1,1,1,,,,,,,,,,,,,,,,,,1,,,1,,1,,1,,,,,,1,,,,,,,,,1,1,,,,,,,,,,,,,,1,,,,,,,,,,,,1,,1,,1,,1,,1,,1,,1,,1,,1,,1,1,1,1,1,,1,,,1,1,,,,,,,,,,1,,,,,1,,,,,,,,,,1,,1,,,,1,,1,,1,,,,,1,,,1,1,,,1,,1,,1,,1,,1,,1,,1
Orthosia revicta,1,1,1,1,1,1,,1,,1,1,,,1,1,1,1,,,,,,,,,1,1,,1,1,1,1,,,,,1,,,,,1,,1,1,,,,,,,,,,,1,1,1,,,1,,,,,1,1,,,,,,,,,,,,,,1,1,1,1,1,,,,,,,,,,,,,,,,1,,,1,,1,,1,,,,1,1,1,,1,1,1,,,,,1,,,1,1,1,,1,1,,,,,,,1,,,,,,,,,,,,1,,1,,1,,1,,1,,1,,1,,1,1,1,,1,1,,,1,,1,,,1,,1,,,,,,,,,1,,,1,1,,,,,1,,,,,,1,1,1,,1,,1,,1,,1,,,,,1,1,,1,1,,,1,,1,,1,,1,,1,,1,,1
Orthosia segregata,1,,1,,1,,,,,,1,,,,,,,,,,,,,,,,,,1,1,,,,,,,,,,,,,,1,1,,,,,,,,,,,1,1,,,,,,,,,1,,,,,,,,,,,,,,,1,1,1,,,,,,,,,,,,,,,,1,,1,,,1,,1,,1,,,,1,1,,,,,,,,,,,1,1,1,1,1,,,,,,,,,,1,,,,,,,,,,,,1,,1,,1,1,1,,1,,1,,1,,1,,1,,1,1,1,,1,,1,,,1,1,1,,,,,,,,,1,,,1,1,,,,,,,,,,,1,1,1,,1,1,1,,1,,1,,,,,1,1,,1,1,,,1,,1,,1,,1,,1,,1,,1
Orthosia pacifica,1,,1,1,1,,1,1,1,1,,,,1,1,,,,,,,,,,,1,1,1,,,1,1,,,1,,,,,,,1,,,,,,,,,,,,,1,1,1,,,,,,,,,1,1,,,,,,,,,,,,,,,1,1,1,1,,,,,,,,,,,,,,,,1,,,1,,1,,1,,,,,1,1,,1,,,,,,,1,,,,1,1,1,1,,,,,,,,1,,,,,,,,,,,,1,,1,,1,,1,,1,,1,,1,,1,,1,,1,1,1,,1,,1,,,,,1,,,,,,,,,1,,,1,1,,,,,,,,,,,1,1,,,1,,1,,1,,1,,,,,1,1,,1,1,,,1,,1,,1,,1,,1,,1,,1
Orthosia hibisci,1,1,1,,1,1,1,1,1,1,1,,,1,1,1,1,,,1,,,,,,1,1,1,1,1,1,1,,,,,,,,,,1,1,1,1,,,,,,,,,1,1,1,1,1,1,1,1,1,1,,,1,1,,,,,,,,,,,,,,,1,1,1,1,,,,,,,,,,,,,,,,1,,,1,,1,,1,,,,1,1,1,,,,,,,,,1,1,,,1,1,,,,,,,,,,1,,,,,,,,,,,,1,,1,,1,,1,,1,,1,,1,,1,,1,,1,1,1,,1,1,1,,,,,1,,,,,,,,,1,,,1,1,,,,,,,,,,,1,1,1,,1,,1,,1,,1,,,,,1,,,1,1,,,1,,1,,1,,1,,1,,1,,1
Egira variabilis,1,1,1,,1,,,1,1,,,,,,,,1,,,,,,,,,,,,,,1,1,,,,,,,,,,,,1,1,,,,,,,,,,1,1,1,,,,,,,,,1,,,,,,,,,,,,,,1,1,1,,,,,,,,,,,,,,,,,,,1,,,1,,1,,1,,,,1,1,,,,,,,,,,,1,,1,1,1,,,,,,,,,,1,,,,,,,,,,,,1,,1,,1,,1,,1,,1,,1,,1,,1,,1,1,,,1,,1,,1,1,,,,,,,,,,,1,,,,1,1,,,,,,,,,,1,1,,,1,,1,,1,,1,,,,,,1,,1,1,,,1,1,1,,1,,1,,1,,1,,1
Egira hiemalis,1,1,1,,1,1,,1,1,1,,,,1,1,1,1,,,1,,,,,,1,1,1,1,1,1,1,1,,,,,,,,,1,,,,,,,,,,,1,1,1,1,1,1,1,1,1,,,,,1,,,,,,,,,,,,1,1,1,1,1,,,,,,,,,,,,,,,,,1,,1,,,1,,1,,1,,,,1,,1,,,,,,,,,,1,,1,,1,,,,,,,,,,1,,,,,,,,,,,,1,,1,,1,,1,1,1,,1,,1,,1,1,1,,1,1,1,,1,,1,,1,1,,,,,,,,,,,1,,,1,1,,,,,,,,,,,1,1,,,1,,1,1,1,,1,,,,,1,1,1,1,1,1,,1,,1,,1,,1,,1,,1,,1
Egira simplex,1,1,1,,1,1,1,1,1,1,1,,,1,1,1,1,,,,,,,,,1,1,1,,1,1,1,,,,,,,,,,1,,1,1,,,,,,,,,,1,1,1,1,1,,,,,,,1,1,,,,,,,,,,,,,,1,1,1,1,1,,,,,,,,,,,,,,,,1,,,1,,1,,1,,,1,1,,1,,,,,,,,,,1,1,1,,1,,,,,,,,,,1,,,,,,,,,,,,1,,1,,1,1,1,1,1,,1,,1,,1,1,1,,1,1,1,,1,,1,,1,,,,,,,,,,,,1,1,,1,1,,,,,,,,,,,1,1,,1,,1,1,1,1,,1,,,,,,1,,1,1,,,1,,1,,1,,1,,1,,1,,1
Egira vanduzeei,,,1,,,,,,,,,,,,,,,,,,,,,,,1,,,,,,,,,,,,,,,,,,,,,,,,,,,,1,1,,,,,,,,,,,1,,,,,,,,,,,,,,,1,1,1,,,,,,,,,,,,,,,,,,1,,,1,,1,,1,,,,1,,1,,,,,,,,,1,1,,,,1,,,,,,,,,,1,,,,,,,,,,,,1,1,1,1,,,1,1,,1,1,,1,,1,,1,,1,,1,1,1,,1,,1,,,,,,,,,,,,1,1,,1,,,,,,,,,,,,1,1,,1,1,,1,,1,,1,,,,,,1,,1,1,,,1,,1,,1,,1,,1,,1,,1
Egira crucialis,1,1,1,,1,1,,1,1,1,1,,,1,1,1,1,,,,,,,,,1,1,1,1,1,1,1,,,,,,,,,,1,,1,1,,,,,,,,,1,1,1,1,1,1,1,1,,,,,1,1,,,,,,,,,,,,,,1,1,1,1,1,,,,,,,,,,,,,,,,1,,,1,,1,,1,,,1,1,,,,,,,,,,,,1,1,1,,1,,,,,,,,,,1,,,,,,,,,,,,1,1,1,1,,1,1,1,,,1,,1,,1,1,1,,1,,1,1,1,1,1,,1,,,,,,,,,,,,1,1,,1,,,,,,,,,,,,1,1,,,1,,1,1,1,,1,,,,,,1,,1,1,,,1,,1,,1,,1,,1,,1,,1
Egira cognata,1,,1,,,1,,1,1,,,,,,,,,,,,,,,,,1,1,,1,,1,1,,,,,,,,,,,,,,,,,,,,,,1,1,1,1,,1,1,,1,,,,1,,,,,,,,,,,,,1,1,1,,,,,,,,,,,,,,,,,,1,,1,,,1,,1,,1,,,,1,,,,,,,,,,,,1,1,,,1,,,,,,,,,,1,,,,,,,,,,,,1,,1,,1,,1,,1,,1,,1,,1,,1,,1,1,1,,1,1,1,,1,,,,,,,,,,,,1,1,,1,,,,,,,,,,,,1,1,,1,,1,1,1,1,,1,,,,,1,1,1,1,1,,,1,,1,,1,,1,,1,,1,,1
Egira februalis,1,,1,,,,,,1,,,,,,1,,,,,,,,,,,1,1,1,,,1,1,,,,,,,,,,,,,,,,,,,,,,1,1,1,1,1,,,,,,,,1,,,,,,,,,,,,,1,1,1,1,,,,,,,,,,,,,,,,,,,1,1,,1,,1,,1,,,,1,,,,,,,,,,,,1,1,,1,1,,,,,,,,,,1,,,,,,,,,,,,1,,1,,1,,1,1,1,,1,,1,,1,1,1,,1,1,1,1,1,1,1,,1,1,,,,,,,,,,,1,1,,1,,,,,,,,,,,,1,1,,1,1,,1,1,1,,1,,,,,1,1,1,1,1,,,1,,1,,1,,1,,1,,1,,1
Egira curialis,1,1,1,,1,,,1,1,1,1,,,1,1,1,1,,,1,,,,,,1,1,1,1,1,1,1,1,,,,,,,,,1,,,1,,,,,,,,,1,1,1,1,1,1,1,,,,,,1,1,,,,,,,,,,,,,,,1,1,1,1,,,,,,,,,,,,,,1,,1,1,,1,,1,,1,,,,1,,,,,,,,,,,1,1,,,,,,,,,,,,,,1,,,,,,,,,,,,1,,1,,1,,1,,1,,1,,1,,1,1,1,,1,1,1,,1,,1,,1,,,,,,,,,,,,1,1,,1,,,,,,,,,,,,1,1,,,1,,1,,1,,1,,,,,,1,1,1,1,,,1,,1,,1,,1,,1,,1,,1
Egira dolosa,1,1,1,,1,,,1,,1,,,,1,1,1,1,,,,,,,,,,,,,1,,,,,,,,,,,,,,1,1,,,,,,,,,,,1,1,,,,,,,,,1,,,,,,,,,,,,,,1,1,1,1,,,,,,,,,,,,,,,,,,1,1,,1,,1,,1,,,,1,,,,,,,,,,,,1,1,,,,,,,,,,,,,1,,,,,,,,,,,,1,,1,,1,,1,,1,,1,,1,,1,,1,,1,1,1,,1,,1,,1,1,,,,,,,,,,,1,,,1,,,,,,,,,,,,1,,1,,,1,1,,1,,1,,,,,,1,,1,1,1,,1,1,1,,1,,1,,1,,1,,1
Egira rubrica,1,1,1,,1,1,1,1,1,1,1,1,,1,1,1,1,,,,,,,,,1,1,,1,1,1,1,,,,,,,,,,1,,,1,,,,,,,,,1,1,1,1,1,1,,1,,,,,1,,,,,,,,,,,,,,1,1,1,,,,,,,,,,,,,,,,,1,,1,1,,1,,1,,1,,,1,1,1,1,,,,,,,,,,1,1,1,1,1,,1,1,,,,,,,1,,,,,,,,,,,,1,,1,,1,,1,1,,,1,,1,,1,1,1,,1,1,,,1,1,1,,1,1,,,,,,,,,,,1,,,1,,,,,,,,,,,,1,1,,1,1,,1,,1,,1,,,,,,1,,1,1,1,,1,,1,,1,,1,,1,,1,,1
Egira perlubens,1,1,1,,1,1,,1,1,1,1,1,,1,1,1,1,,,,1,,,,,1,1,1,1,1,1,1,,,,,,,,,,1,,1,1,,,,,,,,,1,1,1,1,1,,,,1,,,,1,1,,,,,,,,,,,,,1,1,1,1,1,1,,,,,,,,,,,,,,1,,,1,,1,,1,,1,,,,1,1,,,,,,,,,,,1,1,1,1,1,,,,,,,,,,1,,,,,,,,,,,,1,,1,,1,,1,,1,,1,,1,,1,1,1,,1,1,1,,1,1,1,,1,,,,,,,,,,,,1,,,1,,,,,,,,,,,,1,1,,,1,,1,,1,,1,,,,,,1,1,1,1,,,1,,1,,1,,1,,1,,1,,1
Admetovis oxymorus,1,1,1,,1,,,,1,1,1,1,,1,1,,1,,,,1,1,,1,,,1,1,1,1,1,1,,,,,,,,,,,,1,,,,,,,,,,,,,1,1,1,1,,,,,,1,1,,,,,,,,,,,,,,,,,1,1,,,,,,,,,,,,,,1,,,1,,1,,1,,1,,,,1,,1,,,,,,,,,,1,1,1,1,1,,,,,,,,,,1,,,,,,,,,,,,1,,1,,1,,1,1,1,,1,,1,,1,1,1,,1,1,,,1,1,1,,,,,1,,,,,,,,,1,,,1,1,,,,,,,,,,,1,1,,,1,1,1,,1,,1,,,,,,1,1,,1,1,1,,,1,,1,,1,,1,,1,,1
Admetovis similaris,1,1,1,,1,,,,1,1,1,1,,1,,1,1,1,,,,,,,,,,,1,1,,1,,,,,,,,,,,,1,,,,,,,,,,,,1,1,1,1,1,,,,,,1,1,,,,,,,,,,,,,,,,1,1,1,,,,,,,,,,,,,,1,,,1,,1,,1,,1,,,,1,,1,,,,,,,,,,,1,1,1,1,,,1,,,,,,,1,,,,,,,,,,,,1,,1,,1,,1,,1,,1,,1,,1,,1,,1,1,1,,1,1,1,,1,,,1,,,,,,,,,1,,,,,,,,,,,,,,,1,,1,,,,1,,1,,1,,,,,,1,1,1,1,1,1,,,1,,1,,1,,1,,1,,1
Tholera americana,1,1,1,,1,,,,1,1,1,,,,,1,,,1,1,1,1,1,1,,,,1,,1,1,,1,1,,,,,,,,,,1,1,,,,,,,,,,,,,,,1,1,1,,,,1,,,,,,,,,,,,1,1,1,1,1,,,,,,,,,,,,,,,,,,,1,1,,1,,1,,1,,,,1,1,1,,,,,,,,,,1,1,1,1,1,,,,,,,,,,1,,,,,,,,,,,1,,1,1,,1,,1,,1,,1,,1,,1,1,,,1,1,1,,1,1,1,,,1,,1,,,,,,,,,1,,1,1,,1,,,,,,,,,,1,,1,,,,1,1,1,,1,,,,,1,1,1,1,1,,,1,1,1,,1,,1,,1,,1,,1
Nephelodes minians,1,1,1,,1,,,1,,1,1,,,1,,,1,1,1,,,1,1,1,,1,,,1,1,,,1,1,,,,,,,,,1,,1,,,,,,,,,,1,,,1,1,1,1,1,,,,1,1,,,,,,,,,,,,,1,1,1,1,1,1,,,,,,,,,,,,,,,,1,,,1,,1,,1,,,,,1,1,,1,,,,,,,1,,,,1,1,,1,,,,,,,,1,,,,,,,,,,,,1,,1,,1,,1,,1,,1,,1,,1,,1,,1,1,1,,1,1,1,,1,1,1,1,,,,,,,,,1,,,1,1,,,,,,,,,,,1,1,1,,1,1,1,,1,,1,,,,,1,1,1,1,1,1,,1,,1,,1,,1,,1,,1,,1
Nephelodes demaculata,,,1,,,,,,,,,,,,,,,,,,,,,,,,,1,,1,1,,1,,,,,,,,,,,,,,,,,,,,,,,,,,1,1,1,,,,,1,,,,,,,,,,,,,,,1,1,,,,,,,,,,,,,,,,,,,1,,,1,,1,,1,,,,,,1,,,,,,,,,1,,,,,,,,,,,,,,,1,,,,,,,,,,,,1,,1,,1,,1,,1,,1,,1,,1,,1,,1,,1,,1,,1,,,1,1,1,,,,,,,,,1,,,1,1,1,,,,,,,,,,1,,1,,,,1,,1,,1,,,,,1,,,1,1,,,1,,1,,1,,1,,1,,1,,1
Escaria clauda,,,1,,,,,,,,,,,,,,,,,,,,,,,,,,,,,,1,,,,,,,,,,,,,,,,,,,,,,,,,1,,1,,,,,1,1,,,,,,,,,,1,1,1,,,,,,,,,,,,,,,,,,,,,,,1,,,1,,1,,1,,,,1,,1,,,,,,,,,1,1,1,1,,1,,,,,,,,,,1,,,,,,,,,,,,1,,1,,1,,1,,1,,1,,1,,1,,1,,1,,1,,1,1,1,,,1,,1,,,,,,,,,1,,1,,,,,,,,,,,,,1,1,1,,1,,1,,1,,1,,,,,1,,,1,1,,,1,,1,,1,,1,,1,,1,,1
Escaria homogena,,,,1,,,,,,,,,,,,,,,,,,,,,,,,,,,,,,,,,,,,,,,,,,,,,,,,,,,,,,,1,,,,,,1,1,,,,,,,,,,1,1,1,,,,,,,,,,,,,,,,,,,,,,,1,,,1,,1,,1,,,,,,1,,,,,,,,,1,,1,,1,,,,,,,,,,,1,,,,,,,,,,,,1,,1,,1,,1,,1,,1,,1,,1,,1,,1,,1,,1,1,1,,,,,1,,,,,,,,,1,,1,,,,,,,,,,,,,1,1,1,,1,,1,,1,,1,,,,,1,,,1,1,,,1,,1,,1,,1,,1,,1,,1
Afotella cylindrica,1,1,1,,,,,,,1,,,,,,,,,1,,,,,,,,,,,,,,1,1,,,,,,,,,,,,,,,,,,,,,,1,1,1,1,1,1,,,,1,1,,,,,,,,,,1,1,1,,,,,,,,,,,,,,,,,,,,,,,1,,,1,,1,,1,,,,1,,1,,,,,,,,,1,,,1,1,1,,,,,,,,,,1,,,,,,,,,,,,1,,1,,1,,1,,1,,1,,1,,1,1,1,,1,1,1,,1,,1,,,,,1,,,,,,,,,1,1,,,1,,,,,,,,,,,1,1,1,,1,,1,1,1,,1,,,,,1,,,1,1,,,1,,1,,1,,1,,1,,1,,1
Hadenella pergentilis,1,1,1,,,,,,,1,,,,,,,,,1,1,,,,,,,,,,1,1,,1,1,,,,,,,,,,,,,,,,,,,,,,1,1,1,1,1,1,,,,1,1,,,,,,,,,,1,1,1,1,,,,,,,,,,,,,,,,,,,,,,1,,,1,,1,,1,,,,1,,1,,,,,,,,,,1,1,1,,1,,,,,,,,,,1,,,,,,,,,,,,1,,1,,1,,1,,1,,1,,1,,1,1,1,,1,1,1,,1,1,1,,,,,1,,,,,,,,,1,,1,,1,,,,,,,,,,,1,1,1,,1,,1,,1,,1,,,,,1,,1,1,1,,,1,,1,,1,,1,,1,,1,,1
Anarta nigrolunata,1,,,,1,,,,,,,,,1,1,,,,,,,,,,,,,,,,,,,,,,,,,,,1,1,1,1,,,1,,1,,,,,,,,1,1,1,1,,,,1,1,,,,,,,,,1,1,1,1,,,,,,,,,,,,,,,,,,,,,,,1,,,1,,1,,1,,,,1,1,1,,,,,,,,,,1,,1,1,1,,,,,,,,,,1,,,,,,,,,,,,1,,1,,1,,1,,1,,1,,1,,1,1,1,,1,1,,,1,1,1,1,1,,,,,,,,,,,,,1,1,,,,,,,,,,,,,1,1,,1,,,1,,1,1,,1,,,1,1,,,1,1,,,1,,1,,1,,1,,1,,1,,1
Anarta trifolii,1,1,1,,1,1,,1,1,1,1,,,,1,1,1,1,1,1,,,,1,,,1,,1,1,,1,1,1,,,,,,,,1,,1,1,,,,,,,,,,,1,1,1,1,1,1,1,,,,1,,,,,,,,,,,,,1,1,1,1,,,,,,,,,,,,,,,,,1,,1,,,1,,1,,1,,,,,,1,,,,,,,,,1,1,,,1,,,,,,,,,,,1,,,,,,,,,,,,1,,1,,1,,1,1,1,,1,,1,,1,1,1,,1,1,1,,1,,1,,1,1,,1,,,,,,,,,1,,1,1,,1,,,,,,,,,,1,,1,,,1,,,1,1,1,1,,1,1,1,,,1,1,,,1,,1,,1,,1,,1,,1,,1
Anarta mutata,1,1,1,,1,,,,,1,1,,,,,,,,1,1,,,,1,,,1,1,1,1,,,1,1,,,,,,,,,,,1,,,,,,,,,,,,1,1,1,1,1,1,,,,1,,,,,,,,,,,,,,1,1,1,,,,,,,,,,,,,,,,,,,1,,,1,,1,,1,,,,,,1,,,,,,,,,1,1,,,1,,,,,,,,,,,1,,,,,,,,,,,,1,,1,,1,,1,,1,,1,,1,,1,1,1,,1,1,1,,1,1,1,,1,1,,1,,,,,,,,,1,,1,1,,1,,,,,,,,,,1,1,1,,1,1,,,1,,1,,,,,1,,1,1,1,,,1,,1,,1,,1,,1,,1,,1
Anarta fulgora,1,,1,,,,,,,1,,,,,,,,,,,,,,,,,,,,,,,1,,,,,,,,,,,,,,,,,,,,,,,1,1,1,,,,,,,,1,,,,,,,,,,,,1,1,,,,,,,,,,,,,,,,,,,,,,1,,,1,,1,,1,,,,1,,,,,,,,,,,1,1,1,,1,1,,,,,,,,,,1,,,,,,,,,,,,1,,1,,1,,1,,1,,1,,1,,1,1,,,1,1,1,,1,,1,,1,,,,,,,,,,,,1,,,1,,,,,,,,,,,,1,1,,,1,1,,,1,,1,,,,,1,1,1,1,1,,,1,1,1,,1,,1,,1,,1,,1
Anarta hamata,1,1,1,,,,,1,1,,,,,,,,1,,,,,,,,,,,1,1,1,,,1,,,,,,,,,,,,,,,,,,,,,,,,1,1,1,1,,1,,,,1,,,,,,,,,,,,,,,1,1,1,,,,,,,,,,,,,,,,,,1,1,,1,,1,,1,,,,,1,1,,,,,,,,,1,,,1,1,,,,,,,,,,,1,,,,,,,,,,,,1,,1,,1,,1,,1,,1,,1,,1,1,1,,1,1,1,,1,,1,,,1,1,1,,,,,,,,,1,,,1,1,1,,,,,,,,,,1,1,,,1,1,1,,1,1,1,1,,,1,1,,,1,1,,,1,,1,,1,,1,,1,,1,,1
Anarta oregonica,1,1,1,,1,1,,,1,1,1,1,,1,1,,1,,1,,1,,,1,,,,1,,1,1,1,1,,,,,,,,,,,1,1,1,,1,,,,,,,,,1,1,1,1,,,,,,1,,,,,,,,,,,,,1,1,1,,,,,,,,,,,,,,,,,,1,,1,1,,1,,1,,1,,,,,1,,,,,,,,,,1,1,,1,,1,,,,,,,,,,1,,,,,,,,,,,,1,,1,,1,,1,,1,,1,,1,,1,1,1,,1,1,1,,1,,1,1,,1,,1,,,,,,,,,1,1,1,1,,1,,,,,,,,,,1,1,,,1,1,1,,1,1,,1,,,1,1,,1,1,1,,,1,,1,,1,,1,,1,,1,,1
Anarta inconcinna,,,,,1,,,,,,,,,,,,,,,,,,,,,,,,,,,,,,,,,,,,,,,,,,,1,,,,,,,,,,,1,,,,,,,1,,,,,,,,,,,,,1,1,,,,,,,,,,,,,,,,,,,1,,1,1,,1,,1,,1,,,,1,,1,,,,,,,,,1,1,,,,,,,,,,,,,,1,,,,,,,,,,,,1,,1,,1,,1,,1,,1,,1,,1,1,1,,1,1,1,,1,,1,1,1,1,,1,,,,,,,,,1,1,1,1,,1,,,,,,,,,,1,1,,1,1,1,1,,1,1,1,1,,1,1,1,,,1,1,,,1,,1,,1,,1,,1,,1,,1
Anarta columbica,1,,1,,1,,,,1,1,,1,,1,,,,,,,,,,,,,1,,,1,,,1,,,,,,,,,,,1,,1,,,,,,,,,,1,1,1,1,1,,,,,,1,,,,,,,,,,,,,1,1,,,,,,,,,,,,,,,,,,,,,1,1,,1,,1,,1,,,,1,1,,,,,,,,,,1,1,,,1,1,,,,,,,,,,1,,,,,,,,,,,,1,,1,,1,,1,,1,,1,,1,,1,,1,,1,,1,,1,,1,1,,1,1,1,,,,,,,,,1,1,,1,1,1,,,,,,,,,,1,1,,1,1,,1,,1,1,1,1,,1,1,1,1,1,1,1,,,1,,1,,1,,1,,1,,1,,1
Anarta alta,,1,,,,,,,,,,,,,,,,,1,,,,,,,,,,,,,,,,,,,,,,,,,,,,,,,,,,,,,,,1,1,,,,,,,1,,,,,,,,,,,,,1,1,,,,,,,,,,,,,,,,,,,,,1,1,,1,,1,,1,,,,,,1,,,,,,,,,1,1,,,1,,,,,,,,,,,1,,,,,,,,,,,,1,,1,,1,,1,,1,,1,,1,,1,1,1,,1,1,1,,1,,1,,,1,1,1,,,,,,,,,1,,,1,1,1,,,,,,,,,,1,1,1,,1,,1,,1,1,1,1,,,1,1,,,1,1,,,1,,1,,1,,1,,1,,1,,1
Anarta farnhami,1,1,,,1,,,,,,,,,1,,1,1,,,,,,,,,,,,,,,,,,,,,,,,,,,1,,1,,1,,,,,,,,,,1,1,1,,,,,,1,1,,,,,,,,,,,,,,1,1,1,1,1,,,,,,,,,,,,,,1,,1,1,,1,,1,,1,,,,,1,,,,,,,,,,,1,,,,1,,1,,,,,,,,1,,,,,,,,,,,,1,,1,,1,,1,,1,,1,,1,,1,1,1,,1,1,1,,1,,1,,1,1,,1,,,,,,,,,1,,1,1,,1,,,,,,,,,,1,1,,,1,1,1,,1,1,1,1,,,1,1,1,1,1,1,,,1,,1,,1,,1,,1,,1,,1
Anarta crotchii,1,1,1,,1,,,,1,1,,,,1,,,,,,1,,,,,,,,,1,1,,,,,,,,,,,,,,,1,,,,,,,,,,,1,1,1,,,,,,,,1,,,,,,,,,,,,,1,1,1,,,,,,,,,,,,,,,,,,1,,1,1,,1,,1,,1,,,,,,1,,,,,,,,,1,1,,1,,,,,,,,,,,,1,,,,,,,,,,,,1,,1,,1,,1,1,1,,1,,1,,1,1,1,,1,1,1,,1,1,1,,,1,,1,,,,,,,,,1,,,1,1,,,,,,,,,,,1,1,1,,1,1,1,,1,,1,,,,,1,1,,1,1,,,1,,1,,1,,1,,1,,1,,1
Anarta fusculenta,1,1,1,,,,,,,1,1,,,,,,,,,1,,,,,,,,1,,1,,,1,1,,,,,,,,,,,,,,,,,,,,,,1,1,1,1,,,,,,,1,,,,,,,,,,,,,1,1,1,,,,,,,,,,,,,,,,,,1,,1,1,,1,,1,,1,,,,1,1,1,,,,,,,,,1,1,,1,1,1,,,,,,,,,,1,,,,,,,,,,,,1,,1,,1,1,1,1,1,,1,,1,,1,1,1,,1,,1,,1,,1,,,1,1,1,,,,,,,,,1,,,1,1,1,,,,,,,,,,1,1,,,1,1,1,,1,,1,,,,,1,1,,1,1,,,1,,1,,1,,1,,1,,1,,1
Anarta edwardsii,1,,,,,,,1,,,,,,,,,,,,,,,,,,,,,,,,,,,,,,,,,,,,,,,,,,,,,,,,,,1,1,,,,,,,1,,,,,,,,,,,,,,1,1,1,,,,,,,,,,,,,,,,,,,1,,,1,,1,,1,,,,1,,1,,,,,,,,,1,1,,,,1,,,,,,,,,,1,,,,,,,,,,,,1,,1,,1,,1,,1,,1,,1,,1,,1,,1,,1,,1,1,1,1,1,1,,,,,,,,,,,,1,1,1,,,,,,,,,,,,1,,1,,,,1,,1,1,,1,,,1,1,,,1,1,,,1,,1,,1,,1,,1,,1,,1
Anarta antica,,,1,,,,,,,,,,,,,,,,,,,,,,,,,,,,,,1,,,,,,,,,,,,,,,,,,,,,,,,,,1,1,,,,,,1,,,,,,,,,,,,,1,1,1,,,,,,,,,,,,,,,,,,,,1,,,1,,1,,1,,,,,,1,,,,,,,,,1,1,,1,1,,,,,,,,,,,1,,,,,,,,,,,,1,,1,,1,,1,,1,,1,,1,,1,1,1,,1,1,1,,1,,1,,1,,,,,,,,,,,,1,,,1,,,,,,,,,,,,1,,1,,,,1,,1,,1,,,,,1,1,,1,1,,,1,,1,,1,,1,,1,,1,,1
Anarta decepta,1,1,1,,,,,,,1,,,,,,,,,1,1,,,,,,,,,,,,1,1,1,,,,,,,,,,,,,,,,,,,,,,1,1,1,1,1,1,,,,,1,,,,,,,,,,,,,1,1,1,,,,,,,,,,,,,,,,,,,,1,,,1,,1,,1,,,,,,1,,,,,,,,,1,1,,1,,,,,,,,,,,,1,,,,,,,,,,,,1,,1,,1,,1,,1,,1,,1,,1,1,1,,1,1,1,,1,1,1,,1,1,,,,,,,,,,,1,,1,1,,,,,,,,,,,,1,1,1,,1,,1,,1,1,1,1,,,1,1,,,1,1,,,1,,1,,1,,1,,1,,1,,1
Trudestra hadeniformis,,,1,,,,,,,,,,,,,,,,,,,,,,,,,,,,,,1,,,,,,,,,,,,,,,,,,,,,,,,1,,,,,,,,,1,,,,,,,,,,,,,,1,1,,,,,,,,,,,,,,,,,,,,1,,,1,,1,,1,,,,1,,1,,,,,,,,,1,1,1,1,1,1,,,,,,,,,,1,,,,,,,,,,,,1,,1,,1,,1,,1,,1,,1,,1,1,1,,1,1,1,,1,1,1,,1,1,1,1,,,,,,,,,1,,1,1,1,1,,,,,,,,,,1,,1,,,1,1,,1,1,1,1,,,1,1,1,,1,1,,,1,,1,,1,,1,,1,,1,,1
Scotogramma submarina,,,1,,,,,,,,,,,,,,,,,,,,,,,,,,,,,,1,,,,,,,,,,,,,,,,,,,,,,,,,,1,1,,,,,,1,,,,,,,,,,,,,1,1,,,,,,,,,,,,,,,,,,,1,,1,,,1,,1,,1,,,,1,,1,,,,,,,,,1,1,,,,,,,,,,,,,,1,,,,,,,,,,,,1,,1,,1,,1,,1,,1,,1,,1,1,1,,1,1,1,,1,,1,1,,,1,,,,,,,,,,1,,1,1,,,,,,,,,,,,1,1,1,,1,,1,,1,,1,,,,,1,,,1,1,,,1,,1,,1,,1,,1,,1,,1
Scotogramma fervida,,1,1,,,,,,,,,,,,,,,,1,,,,,,,,,,,1,,,1,1,,,,,,,,,,,,,,,,,,,,,,,1,1,1,1,,,,,,1,,,,,,,,,,,,1,1,1,,,,,,,,,,,,,,,,,,,,,1,1,,1,,1,,1,,,,1,,1,,,,,,,,,1,1,,1,1,1,,1,,,,,,,,1,,,,,,,,,,,,1,,1,,1,,1,,1,,1,,1,,1,1,,,1,1,1,1,1,1,1,,,1,,,,,,,,,,,1,1,1,,,,,,,,,,,,,1,1,1,,1,,1,,1,,1,,,,,1,,,1,1,,,1,1,1,,1,,1,,1,,1,,1
Scotogramma stretchii,1,1,1,,,,,,,1,,,,,,,,,,1,,,,,,,,,,1,,,1,,,,,,,,,,,,,,,,,,,,,,1,1,1,1,,,,,,,,1,,,,,,,,,,,,1,1,,,,,,,,,,,,,,,,,,,,1,,1,1,,1,,1,,1,,,,,,1,,,,,,,,,1,1,,,,,,,,,,,,,,1,,,,,,,,,,,,1,,1,,1,,1,,1,,1,,1,,1,,1,,1,,1,,1,,1,,,1,1,1,,,,,,,,,1,,,1,1,1,,,,,,,,,,1,1,,,1,,1,,1,,1,,,,,1,1,,1,1,,,1,,1,,1,,1,,1,,1,,1
Scotogramma ptilodonta,,,1,,,,,,,,,,,,,,,,,,,,,,,,,,,,,,1,,,,,,,,,,,,,,,,,,,,,,,,,,1,1,,,,,,1,,,,,,,,,,,,1,1,1,,,,,,,,,,,,,,,,,,,,,1,,,1,,1,,1,,,,1,,1,,,,,,,,,1,1,,,,1,,,,,,,,,,1,,,,,,,,,,,,1,,1,,1,,1,,1,,1,,1,,1,1,1,,1,1,1,,1,,1,,1,1,,,,,,,,,,,1,1,,1,,,,,,,,,,,,1,1,1,,1,1,1,,1,,1,,,,,1,1,1,,1,,,1,,1,,1,,1,,1,,1,,1
Scotogramma yakima,1,,1,,,,,,1,1,,,,,,,,,,,,,,,,,,,1,,,,1,1,,,,,,,,,,,,,,,,,,,1,,,,,,1,,1,1,,,,1,,,,,,,,,,,,1,1,1,1,,,,,,,,,,,,,,,,,,,,1,1,,1,,1,,1,,,,1,,1,,,,,,,,,1,,1,1,,1,,,,,,,,,,1,,,,,,,,,,,,1,,1,,1,,1,,1,,1,,1,,1,1,1,,1,1,1,,1,,1,,1,1,,,,,,,,,,,,1,1,1,,,,,,,,,,,,1,1,1,,1,1,,,1,1,1,1,,,1,1,,1,,1,,,1,,1,,1,,1,,1,,1,,1
Scotogramma orida,,1,1,,,,,,,,,,,,,,,,1,1,,,,,,,,,,1,,,1,1,,,,,,,,,,,,,,,,,,,,,,,,,,1,1,1,,,,1,,,,,,,,,,,,,1,1,,,,,,,,,,,,,,,,,,,,,1,1,,1,,1,,1,,,,1,,1,,,,,,,,,1,1,,,,1,,,,,,,,,,1,,,,,,,,,,,,1,,1,,1,1,1,1,1,,1,,1,,1,1,1,,1,1,1,,1,,1,1,1,1,,,,,,,,,,,,1,1,1,,,,,,,,,,,,1,1,1,,1,,1,,1,1,,1,,,1,1,,,1,1,,,1,,1,,1,,1,,1,,1,,1
Tridepia nova,,1,1,,,,,,,,,,,,,,,,,1,,,,1,,,,,,,,,1,,,,,,,,,,,,,,,,,,,,,,,,1,,1,1,,,,,,1,,,,,,,,,,,,1,1,1,1,1,,,,,,,,,,,,,,,,,,,1,,,1,,1,,1,,,,,,1,,,,,,,,,1,,,,1,,,,,,,,,,,1,,,,,,,,,,,,1,,1,,1,,1,,1,,1,,1,,1,,1,,1,1,1,,1,,1,,1,,,1,,,,,,,,,1,,,1,1,,,,,,,,,,,1,1,1,,1,1,1,,1,,1,,,,,1,,,1,1,,,1,,1,,1,,1,,1,,1,,1
Coranarta luteola,,,,,1,,,,,,,,,,,,,,,,,1,,,,,,,,,,,,,,,,,,,,,,,1,,,,,1,,,,,,,1,1,1,,,,,,1,1,,,,,,,,,,1,1,,,,,,,,,,,,,,,,,,,,,,,,1,,,1,,1,,1,,,,1,1,,,,,,,,,,,1,1,1,1,,,,,,,,,,,1,,,,,,,,,,,,1,,1,,1,,1,,1,,1,,1,,1,,1,,1,1,1,,1,1,1,1,,,,,1,,,,,,,,,1,,,,,1,,,,,,,,,1,,1,,,,1,,1,1,,1,,,1,1,,,1,1,,,1,,1,,1,,1,,1,,1,,1
Coranarta macrostigma,,,,,1,,,,,,,,,,,,,,,,,,,,,,,,,,,,,,,,,,,,,,,,1,,,,,,,,,,,,1,,,,,,,,1,1,,,,,,,,,1,1,1,,,,,,,,,,,,,,,,,,,,,,,,1,,,1,,1,,1,,,,1,1,,,,,,,,,,,1,1,1,1,1,,,,,,,,,,1,,,,,,,,,,,,1,,1,,1,,1,,1,,1,,1,,1,,1,,1,1,1,,1,1,1,1,,,1,,1,,,,,,,,,1,,,1,,1,,,,,,,,,1,,1,,,,1,,1,1,,1,,,1,1,1,,1,1,,,1,,1,,1,,1,,1,,1,,1
Polia discalis,,1,,1,1,,,,,,,,,,,,,,,,,1,,1,,,,,,,,,,,1,,,,,,,,,,1,,,,,,,,,,,,,,1,1,,,,,,1,1,,,,,,,,,,,,,,,,,1,1,1,1,,,,,,,,,,,,,,1,1,,1,,1,,1,,,,1,,1,,,,,,,,,1,1,1,1,,1,,,,,,,,,,1,,,,,,,,,,,,1,,1,,1,,1,,1,,1,,1,,1,1,1,,1,1,1,,1,,1,,1,1,,,,,,,,,,,1,1,,1,,,,,,,,,,,,1,1,1,,1,1,,,1,,1,,,,,,1,1,1,1,,,1,,1,,1,,1,,1,,1,,1
Polia piniae,1,1,1,,1,1,,1,1,1,1,1,,1,1,1,1,,,,1,1,,,,1,1,1,1,1,1,1,1,,,,,,,,,1,,1,1,,1,,,,,,,,,,,1,1,1,1,,,,,1,1,,,,,,,,,,,,,,,,,1,1,1,1,1,,,,,,,,,,,,,1,1,,1,,1,,1,,,,1,,,,,,,,,,,1,1,,,,,,,,,,,,,,1,,,,,,,,,,,,1,,1,,1,,1,,1,,1,,1,,1,1,,,1,1,,,1,,1,,1,1,,,,,,,,,,,1,1,,1,,,,,,,,,,,,1,1,,,1,1,,,1,,1,,,,,1,1,,1,1,,,1,,1,,1,,1,,1,,1,,1
Polia nimbosa,1,1,1,,1,1,1,1,,,1,,,1,1,,1,,,,,,,,,1,1,,,,1,,,,,,,,,,,1,,,1,,1,1,,,,,,,,,,1,1,1,,,,,,,1,,,,,,,,,,,,,,,,,,,1,1,1,,,,,,,,,,,1,,1,,,1,,1,,1,,,1,1,,1,,,,,,,,,1,1,,1,,1,,,,,,,,,,1,,,,,,,,,,,,1,,1,,1,,1,,1,,1,,1,,1,1,,,1,1,,,1,,1,,1,1,,1,,,,,,,,,1,1,1,1,1,,,,,,,,,,,1,1,,,1,1,1,1,1,,1,,,,,1,1,,1,1,,,1,,1,,1,,1,,1,,1,,1
Polia imbrifera,,,,,1,,,,,,,,,,,,,,,,,,,,,,,,,,,,,,,,,,,,,,,,1,,,1,,,,,,,,,,,1,,,,,,,1,1,,,,,,,,,,,,,,,,,1,1,1,,,,,,,,,,,,,1,,1,1,,1,,1,,1,,,,1,1,,,,,,,,,,1,1,,,,1,,,,,,,,,,1,,,,,,,,,,,,1,,1,,1,,1,,1,,1,,1,,1,,1,,1,1,,,1,,1,,,1,1,1,,,,,,,,,1,1,,,1,,,,,,,,,,,1,1,1,,1,,1,,1,,1,,,,,,1,,1,1,,,1,,1,,1,,1,,1,,1,,1
Polia rogenhoferi,,,,,1,,,,,,,,,,,,,,,,,,,,,,,,,,,,,,,,,,,,,,,,,1,,1,,,,,,,,,,1,1,1,,,,,,1,1,,,,,,,,,,,,,,,,,1,1,1,1,,,,,,,,,,,,1,,1,1,,1,,1,,1,,1,,1,1,,,,,,,,,,1,1,1,1,1,,,,,,,,,,,1,,,,,,,,,,,,1,,1,,1,,1,,1,,1,,1,,1,1,,,1,1,1,,1,,1,,,1,1,,,,,,,,,,1,,,,,,,,,,,,,,,1,1,1,,1,,1,,1,,1,,,,,1,1,,1,1,,,1,,1,,1,,1,,1,,1,,1
Polia propodea,1,,,,1,,,,,,1,,,1,,,,,,,,,,,,,,,,,,,,,,,,,,,,,,1,,,,,,,,,,,,,,,1,1,,,,,,1,1,,,,,,,,,,,,,,,,,1,1,1,1,,,,,,,,,,,,,,1,,,1,,1,,1,,,,1,1,,,,,,,,,,1,1,1,,,,,,,,,,,,,1,,,,,,,,,,,,1,,1,,1,,1,,1,,1,,1,,1,1,1,,1,1,1,,1,1,1,,,1,1,,,,,,,,,,1,1,,1,,,,,,,,,,,,1,1,1,,1,1,1,,1,,1,,,,,1,1,,1,1,,,1,,1,,1,,1,,1,,1,,1
Polia richardsoni,,,,,1,,,,,,,,,,,,,,,,,,,,,,,,,,,,,,,,,,,,,,,,,,,,,1,,,,,,,,1,1,,,,,,,1,,,,,,,,,,,,1,1,1,1,1,1,,,,,,,,,,,,,,,,,,1,,,1,,1,,1,,1,,1,1,,,,,,,,,,,1,1,1,1,,1,,,,,,,,,1,,,,,,,,,,,,1,,1,,1,,1,,1,,1,,1,,1,1,1,,1,1,1,1,1,1,,1,1,,,1,1,,,,,,,,,1,1,,,1,1,,,,,,,,,1,1,,1,1,,1,,1,1,,1,,,1,1,,1,1,1,,1,1,1,1,,1,,1,,1,,1,,1
Polia purpurissata,1,1,1,1,1,,,1,1,1,1,1,,1,1,,1,1,,,1,1,,1,,1,1,1,1,1,1,,,,1,,1,,,,1,,,1,1,1,,1,,,,,,,,1,,1,1,1,1,,,,,1,1,,,,,,,,,,,,,,,,,1,1,1,1,1,,,,,,,,,,,1,,1,1,,1,,1,,1,,,,1,,1,,,,,,,,,1,1,,,1,1,,,,,,,,,,1,,,,,,,,,,,,1,,1,1,1,,1,,1,,1,,1,,1,1,1,,1,1,,,1,,1,,,1,1,1,,,,,,,,,1,,,1,1,1,,,,,,,,,,1,,1,,,,1,,1,,1,,,,,1,1,1,1,1,,,1,,1,1,1,,1,,1,,1,,1
Polia nugatis,1,1,1,,1,,,,,1,,,,,,1,,,1,1,1,1,,1,,,,1,1,1,,,1,,,,,,,,,,,1,,,,,,,,,,,,,,1,1,1,1,1,1,,,1,1,,,,,,,,,,,,,,,,,1,1,1,1,,,,,,,,,,,,1,,1,1,,1,,1,,1,,,,1,1,,,,,,,,,,1,1,1,1,1,1,,,,,,,,,,1,,,,,,,,,,,,1,,1,1,1,,1,1,1,,1,,1,,1,,1,,1,1,1,1,1,1,1,,1,,,,,,,,,,,,1,,,1,,,,,,,,,,,,1,,1,,,,1,,1,,1,,,,,,1,1,,1,,,1,,1,,1,,1,,1,,1,,1
Melanchra adjuncta,1,1,1,,1,1,,1,,1,1,1,,1,1,1,1,1,,,1,,,1,,1,1,,1,1,1,,,,,,,,,,,1,,1,1,1,,1,,,,,,,,,1,1,1,1,,,,,,1,,,,,,,,,,,,,,,1,1,1,,,,,,,,,,,,,,,,,,1,1,,1,,1,,1,,1,,1,1,,,,,,,,,,,,1,,,1,,,,,,,,,,1,,,,,,,,,,,,1,,1,,1,,1,,1,,1,,1,,1,,1,,1,1,,,1,1,1,,,1,1,1,,,,,,,,,1,,,1,1,1,,,,,,,,,,1,1,1,,1,,1,1,1,,1,,,,,1,1,1,1,1,,,1,,1,,1,,1,,1,,1,1,
Melanchra picta,1,1,1,,,1,,1,,1,1,,,,,,1,,1,1,,,,,,1,1,,1,1,1,,1,1,,,,,,,,,,,,,,,,,,,,,,,1,1,1,1,1,,,,,1,,,,,,,,,,,,,,1,1,1,1,,,,,,,,,,,,,,,,,,1,,,1,,1,,1,,,,,1,,,,,,,,,,1,,,1,,1,,,1,,,,,,,1,,,,,,,,,,,,1,,1,,1,,1,,1,,1,,1,,1,,1,,1,1,1,,1,,1,,1,,,,,,,,,,,,1,,,1,,,,,,,,,,,,1,1,1,,1,,1,,1,,1,,,,,,1,1,1,1,,,1,,1,,1,,1,,1,,1,1,
Melanchra pulverulenta,1,1,1,,1,1,,,1,,1,,,1,,,1,,,,,,,,,1,1,,,,1,,,,,,,,,,,,,1,1,1,,1,,,,,,,,,,1,1,1,,,,,,1,,,,,,,,,,,,,1,1,1,1,1,,,,,,,,,,,,,,,,,,1,,,1,,1,,1,,,,1,1,,,,,,,,,,,1,1,1,1,,,,,,,,,,,1,,,,,,,,,,,,1,,1,,1,,1,,1,,1,,1,,1,1,1,1,,1,1,,1,,1,,,1,1,1,,,,,,,,,1,,,1,1,1,,,,,,,,,,1,1,1,,1,1,1,,1,,1,,,,,1,1,1,1,1,,,1,,1,,1,,1,,1,,1,1,
Melanchra assimilis,,,,,1,,,,,,,,,,,,,,,,,,,,,,,,,,,,,,,,,,,,,,,,,,,1,,,,,,,,,,,1,,,,,,,1,,,,,,,,,,,,,,1,1,1,,,,,,,,,,,,,,,,,,,1,,,1,,1,,1,,1,,1,1,,,,,,,,,,,,1,,,,,,,,,,,,,1,,,,,,,,,,,,1,,1,,1,,1,,1,,1,,1,,1,1,1,1,,1,1,,1,,1,,1,,,,,,,,,,,,,,,1,,,,,,,,,,,,1,1,,,1,1,1,,1,1,1,1,,,1,1,1,1,1,1,,,1,,1,,1,,1,,1,,1,1,
Lacanobia nevadae,1,1,1,,1,,,,,1,1,,,1,1,,,,,,,,,1,,,,1,,1,1,,,,,,,,,,,,,1,1,1,,,,,,,,,,,1,1,1,1,,,,,,1,,,,,,,,,,,,,,,1,1,1,,,,,,,,,,,,,,,,1,,1,1,,1,,1,,1,,,,,1,,,,,,,,,,,1,1,1,,1,,,,,,,,,,1,,,,,,,,,,,,1,,1,,1,,1,1,1,,1,,1,,1,1,1,,1,1,,,1,,1,,,1,1,1,,,,,,,,,1,,,,,,,,,,,,,,,1,1,1,,1,,1,,1,,1,,,,,1,1,1,1,1,1,,1,1,1,,1,,1,,1,,1,1,
Lacanobia atlantica,1,,,,1,,,1,,,,,,,,,,,,,,,,,,,,,,,,,,,,,,,,,,1,,,,1,,1,,,,,,,,,,1,1,,,,,,,1,,,,,,,,,,,,,1,1,1,1,,,,,,,,,,,,,,,,,1,,,,,1,,1,,1,,,,1,1,1,,,,,,,,,,1,1,1,1,1,,,,,,,,,,1,,,,,,,,,,,,1,,1,,1,,1,1,,,1,1,1,,1,1,,,1,1,,,1,1,1,,,1,1,1,,,,,,,,,1,,,1,1,1,,,,,,,,,,1,1,,,1,1,1,,1,,1,,,,,1,,1,1,1,1,,1,,1,,1,,1,,1,,1,1,
Lacanobia radix,1,1,1,,1,1,,1,1,,1,,,1,1,,,,,,,,,1,,1,1,,1,,1,,,,,,,,,,,1,,,1,1,1,1,,,,,,,,,1,1,1,1,,,,,,1,,,,,,,,,,,,,,,1,1,1,,,,,,,,,,,,,,,,,,1,,,1,,1,,1,,,,,1,1,,,,,,,,,,1,,1,1,1,,,1,,,,,,,1,,,,,,,,,,,,1,,1,,1,,1,1,,,1,,1,,1,1,1,,1,1,,,1,1,1,,,1,1,1,,,,,,,,,1,,,1,1,1,,,,,,,,,,1,1,1,,1,,1,,1,,1,,,,,1,1,1,1,1,1,,1,,1,,1,,1,,1,,1,1,
Lacanobia subjuncta,1,1,1,,1,1,,1,1,1,1,1,,1,1,1,1,1,1,1,,1,,1,,1,1,1,1,1,1,1,,1,,,,,,,,1,,1,1,,,,,,,,,,,1,1,1,1,1,1,1,,,,1,1,,,,,,,,,,,,,,,1,1,1,1,,,,,,,,,,,,,,1,,1,1,,1,,1,,1,,,,1,1,1,,,,,,,,,1,1,,1,,1,,,1,,,,,,,1,,,,,,,,,,,,1,,1,,1,1,1,1,,,1,,1,,1,1,1,,1,1,1,,1,1,1,,,1,1,1,,,,,,,,,1,,,1,1,1,,,,,,,,,,1,1,,,1,1,,,1,,1,,,,,1,1,,1,1,,,1,,1,,1,,1,,1,,1,1,
Lacanobia grandis,1,1,1,,1,,,1,,,,,,,,,1,,,,,,,,,,1,,,,1,,,,,,,,,,,,,,1,,,,,,,,,,,1,1,1,1,,,,,,,1,1,,,,,,,,,,,,,,,1,1,1,1,,,,,,,,,,,,,,1,,1,1,,1,,1,,1,,,,1,1,,,,,,,,,,,1,1,1,1,1,,,1,,,,,,,1,,,,,,,,,,,,1,,1,,1,1,,1,,,1,,1,,1,,1,,1,1,1,,1,1,1,,,,,1,,,,,,,,,1,,,1,1,,,,,,,,,,,1,1,1,,1,1,1,,1,,1,,,,,1,1,1,1,1,,,1,,1,,1,,1,,1,,1,1,
Spiramater lutra,1,1,1,,1,1,,1,,1,1,1,,1,1,1,1,,,,,,,,,1,1,,1,1,1,1,,,,,,,,,,1,,1,1,1,,1,,,,,,,,,1,1,1,1,,,,,,1,1,,,,,,,,,,,,,,,1,1,1,1,,,,,,,,,,,,,,,,1,,,1,,1,,1,,1,,1,1,,,,,,,,,,,1,1,1,1,,,,,,,,,,,1,,,,,,,,,,,,1,,1,,1,,1,,1,,1,,1,,1,1,1,1,1,1,,,1,,1,,,1,1,1,,,,,,,,,1,,,1,1,1,,,,,,,,,,1,1,1,,1,,1,,1,,1,,,,,1,1,1,1,1,,,1,,1,,1,,1,,1,,1,1,
Trichordestra tacoma,1,,1,,1,1,,1,1,,,,,1,1,,,,,,,,,,,1,1,1,,,1,,,,,,,,,,,,,1,1,1,,,,,,,,,,1,1,1,1,1,,,,,,1,,,,,,,,,,,,,,,1,1,,,,,,,,,,,,,,,,,,,1,1,,1,,1,,1,,,,1,1,,,1,1,,,,,,,,,1,1,,,1,1,,,,,,,1,,,,,,,,,,,,1,,1,,1,,1,,1,,1,,1,,1,1,1,,1,1,,,1,,1,,,1,,1,,,,,,,,,1,,,1,,1,,,,,,,,,,1,1,,,1,,1,,1,,1,,,,,1,1,1,1,1,,1,1,,1,,1,,1,,1,,1,1,
Trichordestra dodii,,,,,1,,,,,,,,,,,,,,,,,,,,,,,,,,,,,,,,,,,,,,,,,1,,1,,,,,,,,,,,1,,,,,,,1,,,,,,,,,,,,,1,1,,,,,,,,,,,,,,,,,,,,,1,,,1,,1,,1,,,,,1,1,,,,,,,,,,1,,,1,1,,,,,,,,,,1,,,,,,,,,,,,1,,1,,1,1,1,,1,,1,,1,,1,1,1,,1,1,1,,1,,1,,,,,1,,,,,,,,,,,,1,1,,,,,,,,,,,1,1,1,,1,1,,,1,1,,1,,,1,1,,1,1,1,1,,1,,1,,1,,1,,1,,1,1,
Trichordestra lilacina,1,1,1,,1,1,,1,,1,1,,,1,,,,,,1,,,,,,1,1,1,1,,,,1,,,,,,,,,1,,1,,1,,,,,,,,,,,1,1,1,1,1,,,,,1,,,,,,,,,,,,,,1,1,1,1,,,,,,,,,,,,,,,,,,1,,,1,,1,,1,,,,1,1,,,1,,,,,,,1,1,1,1,1,1,,1,,,,,,,,1,,,,,,,,,,,,1,,1,,1,1,1,1,1,,1,,1,,1,1,1,,1,1,1,,1,,1,,,,,1,,,,,,,,,1,,,1,1,,,,,,,,,,,1,1,1,,1,1,1,,1,,1,,,,,1,1,1,1,1,,,1,,1,,1,,1,,1,,1,1,
Trichordestra liquida,1,1,1,,1,1,,1,,1,1,1,,1,1,1,1,,,1,1,,,,,1,1,1,,1,1,1,1,1,,,,,,,,1,,,1,1,,,,,,,,,,1,1,1,1,1,1,,,,,1,,,,,,,,,,,,,,1,1,1,1,,,,,,,,,,,,,,,,,,1,,,1,,1,,1,,,,1,1,1,,,,,,,,,,1,1,1,1,1,,,,,,,,,,1,,,,,,,,,,,,1,,1,,1,1,1,,1,,1,,1,,1,1,1,1,1,1,1,,1,,1,,,1,,1,,,,,,,,,1,,,1,1,,,,,,,,,,,1,1,1,,1,1,,,1,,1,,,,,1,1,1,1,1,,,1,,1,,1,,1,,1,,1,1,
Papestra quadrata,1,1,1,1,1,,,,,,1,,,1,1,,1,,,,1,,,,,,,,1,1,,,,,1,1,,,,,,,,1,,1,,1,,,,,,,,,1,1,1,1,,,,,,1,,,,,,,,,,,,,,1,1,1,1,,,,,,,,,,,,,,,,,,1,,,1,,1,,1,,,,,1,,,,,,,,,,1,1,1,1,,,,,,,,,,,,1,,,,,,,,,,,,1,,1,,1,,1,,1,,1,,1,,1,1,1,,1,1,1,,1,1,1,,,1,1,1,,,,,,,,,1,,,1,1,1,,,,,,,,,,1,1,1,,1,1,1,,1,,1,,,,,1,1,1,1,1,,,1,,1,,1,,1,,1,,1,1,
Papestra biren,,,,,,,,,,,,,,,,,,,,,,,,,,,,,,,,,,,,,,,,,,,,,,,,,,,,,,,,,,1,,,,,,,,1,,,,,,,,,,,,,,1,1,1,,,,,,,,,,,,,,,,,1,,1,,,1,,1,,1,,1,,1,,,,,,,,,,,,1,1,1,,,,,,,,,,,,1,,,,,,,,,,,,1,,1,,1,,1,,1,,1,,1,,1,1,,,1,1,,,1,1,1,,,1,1,1,,,,,,,,,1,,,1,1,1,,,,,,,,,,1,1,1,,1,1,1,,1,,1,,,,,1,,1,1,1,,,1,,1,,1,,1,,1,,1,1,
Papestra cristifera,1,,1,,1,1,,,1,1,1,,,1,1,,,,,,,,,,,1,,1,1,1,1,1,,,,,,,,,,1,,1,1,1,,1,,1,,,,,,,1,1,1,1,,,,,,1,1,,,,,,,,,,,,,,,,1,1,1,,,,,,,,,,,,,,,,1,,,1,,1,,1,,1,,1,,,,,,,,,,,,1,1,1,,,,,,,,,,,,1,,,,,,,,,,,,1,,1,,1,,1,,1,,1,,1,,1,1,1,1,1,1,,,1,1,1,,,1,,,,,,,,,,,1,,,,,,,,,,,,,,,1,1,1,,1,1,1,,1,,1,,,,,1,1,1,1,1,,,1,,1,,1,,1,,1,,1,1,
Papestra brenda,1,1,1,,1,,,,1,,1,1,,1,1,,,,,,,,,1,,,,1,,1,1,,,,,,,,,,,,,1,1,1,,,,,,,,,,,1,1,1,1,1,,,,,1,,,,,,,,,,,,,,,1,1,1,1,,,,,,,,,,,,,,,,,1,,,1,,1,,1,,,,1,1,,,,,,,,,,1,1,1,1,,,,,,,,,,,,1,,,,,,,,,,,,1,,1,,1,,1,,1,,1,,1,,1,1,1,,1,1,1,,1,1,1,,,1,,1,,,,,,,,,1,,,,,,,,,,,,,,,1,1,1,,1,1,1,,1,,1,,,,,1,1,1,1,1,,,1,,1,,1,,1,,1,,1,1,
Papestra invalida,1,,1,,1,,,,1,1,1,1,,1,,,,,,,,,,,,,,1,1,1,1,1,,,,,,,,,,,,,1,,,,,,,,,,,,1,1,1,1,1,,,,,1,1,,,,,,,,,,,,,,,,,1,1,1,,,,,,,,,,,,,1,,1,1,,1,,1,,1,,,,1,1,,,,,,,,,,1,1,1,1,,,,,,,,,,,,1,,,,,,,,,,,,1,,1,,1,,1,,1,,1,,1,,1,1,1,,1,1,1,,1,1,1,,,1,1,1,,,,,,,,,1,,,1,1,1,,,,,,,,,,1,1,1,,1,1,,,1,,1,,,,,1,1,1,1,1,,,1,,1,,1,,1,,1,,1,1,
Hada sutrina,1,1,1,,1,1,,,1,,1,,,1,1,,1,,,,,,,,,,,,,,1,,,,,,,,,,,1,,1,1,1,,1,,1,,,,,,,1,1,1,1,1,,,,1,1,,,,,,,,,,1,1,1,1,1,,,,,,,,,,,,,,,,,,,,,1,,,1,,1,,1,,,,1,,,,,,,,,,,,1,1,,,,,,,,,,,,,1,,,,,,,,,,,,1,,1,,1,1,1,1,1,,1,,1,,1,,1,,1,1,1,,1,1,1,,,1,1,,,,,,,,,,1,,,,,,,,,,,,,,,1,,1,,,,1,,1,,1,,,,,1,1,1,1,1,,,1,,1,,1,,1,,1,,1,1,
Mamestra configurata,1,1,1,1,1,1,,1,,1,,1,,1,,1,1,,,1,,1,,,,1,1,1,1,1,,,,1,,,1,,,,,1,,1,1,1,,1,,,,,,,,,1,1,1,1,1,1,,,,1,1,,,,,,,,,,,,,,1,1,1,1,1,,,,,,,,,,,,,,1,,1,1,,1,,1,,1,,,,1,1,,,,,,,,,,,1,1,1,1,1,,,,,,,,,,1,,,,,,,,,,,,1,,1,,1,,1,,1,,1,,1,,1,1,1,,1,1,1,,1,1,1,,1,1,,,,,,,,,,,1,,1,1,,,,,,,,,,,,1,1,,,1,1,1,,1,,1,,,,,1,,1,1,1,,,1,,1,,1,,1,,1,,1,1,
Sideridis fuscolutea,1,1,1,,,,,,,1,,,,,,,,,1,1,,1,,,,,,,,1,,,1,,,,,,,,,,,,,,,,,,,,,,,1,1,1,,,,,,,,1,,,,,,,,,,,,,,,1,1,,,,,,,,,,,,,,,,,,,1,1,,1,,1,,1,,,,,,1,,,,,,,,,1,1,1,,1,,,,,,,,,,,1,,,,,,,,,,,,1,,1,,1,,1,,1,,1,,1,,1,,1,,1,1,1,,1,1,1,,1,1,1,1,,,,,,,,,1,,1,1,1,1,,,,,,,,,,1,1,1,,1,1,1,,1,,1,,,,,1,,1,1,1,,,1,,1,,1,,1,,1,,1,1,
Sideridis uscripta,1,1,1,,,,,,,1,,,,,,,,,,1,,1,,,,,,1,,1,,,1,,,,,,,,,,,,,,,,,,,,,,,,1,1,1,1,,,,,,1,1,,,,,,,,,,,,,1,1,1,1,1,1,,,,,,,,,,,,,,,,1,,,1,,1,,1,,,,,1,1,1,,,,,,,,,1,1,,,,,,,,,,,,1,1,,1,,,,,1,,,1,,1,1,1,,1,,1,,1,,1,,1,,1,,1,,1,1,1,,1,1,1,,,1,,1,,,,,,,,,1,,,1,1,,,,,,,,,,,1,1,1,,1,1,1,,1,,1,,,,,,1,1,1,1,,,1,,1,,1,,1,,1,,1,1,
Sideridis rosea,1,1,1,,1,1,,1,,1,1,,,1,1,1,1,,,,,,,,,1,1,,,1,1,,,,,,,,,,,,,1,,,,,,,,,,,,1,1,1,1,,,,,,,1,1,,,,,,,,,,,,,,,,1,1,1,,,,,,,,,,,,,,,,1,,,1,,1,,1,,,,,1,,1,1,1,,,,,,1,,,,1,,1,1,1,,,,,,,1,,,,,,,,,,,,1,,1,,1,,1,,1,,1,,1,,1,1,1,,1,1,,,1,,1,,,,,1,,,,,,,,,1,,,1,1,,,1,1,,,,,,,1,1,1,,1,1,1,1,1,,1,,,,,,1,1,1,1,1,,1,,1,,1,,1,,1,,1,1,
Sideridis maryx,1,1,1,,1,,,1,,1,,,,,,,1,,,,,,,,,,,,,1,1,1,,,,,,,,,,1,,1,1,1,,,,,,,,,,,1,1,1,,,,,,,1,1,,,,,,,,,,,,,,,1,1,1,1,,,,,,,,,,,,,,,,1,1,,1,,1,,1,,,,,1,,,,1,,,,,,1,,,1,1,,,,,,,,,,,1,,,,,,,,,,,,1,,1,,1,,1,,1,,1,,1,,1,,1,,1,,1,,1,,1,,,1,,1,,,,,,,,,1,,,1,1,,,1,1,,,,,,,1,1,1,,1,1,1,,1,,1,,,,,1,,1,1,1,1,,1,,1,,1,,1,,1,,1,1,
Hecatera dysodea,1,1,1,,,,1,,,1,,,,,1,,,,1,,,,,,,,1,,,,1,,,,,,,,,,,,,,,,,,,,,,,,,,1,1,1,1,1,,,,1,1,,,,,,,,,,1,1,1,1,,,,,,,,,,,,,,,,,,,,,,1,1,,1,,1,,1,,1,,,1,1,1,,,,,,,,,1,,,1,1,1,1,,,,,,,,1,,,,,,,,,,,,1,,1,,1,,1,,1,,1,,1,,1,,1,,1,1,1,,1,1,1,,1,1,,1,,,,,,,,,1,1,,1,1,,,,,,,,,,,1,1,1,,1,1,1,,1,1,1,1,,1,1,1,1,1,1,1,,1,1,,1,,1,,1,,1,,1,1,
Hadena variolata,1,1,1,,1,,,1,1,1,1,1,,1,1,1,1,1,1,,,1,,1,,,,1,,1,1,1,1,,,,,,,,,,,1,1,1,,,,,,,,,,,1,1,1,1,,,,,,1,,,,,,,,,,,,1,1,1,,,,,,,,,,,,,,,,,,,,,1,1,,1,,1,,1,,,,1,1,,,,,,,,,,,1,1,,,,1,1,,,,,,,,1,,,,,,,,,,,,1,,1,,1,,1,,1,,1,,1,,1,,1,,1,1,1,,1,1,1,,,1,1,,,,,,,,,,1,,1,,,1,,,,,,,,,,1,1,1,,1,1,1,,1,,1,,,,,1,1,1,1,1,,,1,1,1,,1,,1,,1,,1,1,
Hadena capsularis,1,1,1,,1,,,,,1,,,,,,,1,,,,,,,,,,,,1,1,,,,,,,,,,,,,,1,,,,,,,,,,,,,1,1,,1,,,,,,1,,,,,,,,,,,,1,1,,,,,,,,,,,,,,,,,,,,,,1,,,1,,1,,1,,,,1,1,1,,,,,,,,,1,1,1,,1,1,,,,,,,,,,1,,,,,,,,,,,,1,1,1,,1,1,1,1,1,,1,,1,,1,,1,,1,1,,,1,1,1,,,1,1,1,,,,,,,,,1,,,1,1,1,,,,,,,,,,1,1,1,,1,1,1,,1,,1,,,,,1,,1,1,1,,,1,,1,,1,,1,,1,,1,1,
Hadena caelestis,1,,1,,1,,,,1,,1,,,,1,,,,,,,,,,,,,,,,,1,,,,,,,,,,,,1,,,,,,,,,,,,,,,1,,,,,,,1,,,,,,,,,,,,1,1,,,,,,,,,,,,,,,,,,,,1,,1,,,1,,1,,1,,,,1,,,,,,,,,,,,1,1,,,,,,,,,,,,,1,,,,,,,,,,,,1,,1,,1,1,1,,1,,1,,1,,1,,1,1,1,1,,,1,,1,,,1,,,,,,,,,,,1,,,,,,,,,,,,,,,1,1,,,1,1,1,,1,,1,,,,,1,1,1,1,1,,,1,,1,,1,,1,,1,,1,1,
Hadena ectrapela,1,1,1,,1,,,,1,1,1,1,,1,1,,1,,,,1,1,,1,,1,,1,1,1,1,,1,,,,,,,,,,,1,1,1,,,,,,,,,,,1,1,1,1,,,,,,1,,,,,,,,,,,,1,1,1,,,,,,,,,,,,,,,,,,,,,1,,,1,,1,,1,,,,1,1,,,,,,,,,,,1,1,1,1,,,,,,,,,,,1,,,,,,,,,,,,1,,1,,1,1,1,,1,,1,,1,,1,,1,1,1,1,,,1,1,1,,,1,1,1,,,,,,,,,1,,1,1,1,1,,,,,,,,,,1,1,,,1,1,1,1,1,1,1,1,,1,,1,,1,1,1,,,1,,1,,1,,1,,1,,1,1,
Hadena siskiyou,,,1,,,,,,,,,,,,,,,,,,,,,,,,,,,,1,1,,,,,,,,,,,,,,,,,,,,,,,,1,1,1,1,,,,,,,1,,,,,,,,,,,,1,1,1,,,,,,,,,,,,,,,,,,,,,1,,,1,,1,,1,,1,,1,,,,,,,,,,,,1,1,1,,,,,,,,,,,,1,,,,,,,,,,,,1,,1,,1,1,1,,1,,1,,1,,1,,1,1,1,1,,,1,1,1,,,1,,1,,,,,,,,,1,,1,1,1,,,,,,,,,,,1,1,,,1,1,1,,1,,1,,,,,1,,1,1,1,,,1,,1,,1,,1,,1,,1,1,
Dargida procinctus,1,1,1,,1,1,,1,1,1,1,1,,1,1,1,1,,,1,,1,,1,,1,1,1,,1,1,1,1,,,,,,,,,1,1,1,1,1,,,,,,,,,1,1,1,1,1,1,1,1,1,1,,1,1,,,,,,,,,,,,,,,,1,1,1,1,,,,,,,,,,,,,1,,1,1,,1,,1,,1,,,,,1,,,,,,,,,,,1,1,,,1,,,,,,,,,1,1,,1,,,,,,1,,1,1,1,,1,,1,,1,1,1,,1,,1,,1,1,1,,1,1,1,,1,1,1,,,1,,,,,,,,,,,1,,,1,,,,,,,,,,,,1,1,1,,1,1,,,1,,1,,,,,1,1,1,,1,,1,1,,1,,1,,1,,1,,1,1,
Dargida diffusa,,1,1,,1,,,,,,,,,,,,,,,1,,1,,,,,,,,,,,,1,,,,,,,,,,,,,,1,,,,,,,,,,,1,1,1,,,,1,1,,,,,,,,,,1,1,1,1,1,,,,,,,,,,,,,,,,,,,,,1,,,1,,1,,1,,,,,,1,,,,,,,,,1,1,1,1,1,,,,,,,,,,1,1,,1,,,,,,1,,1,,1,,1,,1,,1,1,1,,1,,1,,1,,1,,1,,1,,1,,1,,,,,1,,,,,,,,,1,,1,,1,,,,,,,,,,,1,,1,,,1,1,,1,,1,,,,,,1,1,1,1,,,1,1,1,,1,,1,,1,,1,1,
Dargida terrapictalis,1,1,1,,,,,,,1,1,,,,1,,,,,1,,1,,,,,,1,1,1,,,1,1,,,,,,,,,,,,,,,,,,,,,,,1,1,1,,1,,,,,1,,,,,,,,,,,,1,1,1,,,,,,,,,,,,,,,,,,,,,1,,,1,,1,,1,,,,,,1,,,,,,,,,1,1,1,1,1,,,,,,,,,,1,1,,1,,,,,,1,,1,,1,,1,,1,,1,1,1,,1,,1,,1,,1,,1,,1,,1,1,1,,,1,1,,,,,,,,,,1,,1,,,1,,,,,,,,,,1,,1,,,,1,,1,,1,,,,,1,,,1,1,,,1,,1,,1,,1,,1,,1,1,
Mythimna oxygala,1,1,1,1,1,1,1,1,,1,1,1,,1,1,1,1,,1,1,1,,,1,,1,1,1,1,1,1,,,,1,,,,,,,1,1,,1,1,,1,,,,,,,,1,1,1,1,1,1,1,1,,,1,,,,,,,,,,,,1,1,1,1,1,,,,,,,,,,,,,,,,,,,1,,,1,,1,,1,,,,,,1,,,,,,,,,1,,,,,,,,,,,,,,,1,,,,,,,,,,,,1,1,,,1,,1,,1,,1,,1,,1,,1,,1,,1,,1,,1,,1,1,,1,,,,,,,,,1,,1,1,,1,,,,,,,,,,1,,1,,,,1,,1,,1,,,,,,1,1,1,1,,,1,,1,,1,,1,,1,,1,1,
Mythimna yukonensis,,,,,1,,,,,,,,,,,,,,,,,,,,,,,,,,,,,,,,,,,,,,,,,,,,,,,,,,,,,,1,1,,,,,1,1,,,,,,,,,,1,1,1,1,,,,,,,,,,,,,,,,,,,,,,1,,,1,,1,,1,,,,,1,1,,,,,,,,,1,,,,,,,,,,,,,,,1,,,,,,,,,,,,1,1,,,1,,1,,1,,1,,1,,1,,1,,1,,1,,1,,1,,,1,1,,,,,,,,,,1,,,,,1,,,,,,,,,,1,,1,,,,1,,1,,1,,,,,1,,1,1,1,,,1,,1,,1,,1,,1,,1,1,
Mythimna unipuncta,1,1,1,,1,1,,1,,1,,,,,,1,1,1,1,1,,,,,,1,1,1,1,,1,1,1,1,,,,,,,,1,,,,,,,,,,,,,1,1,1,1,1,1,1,1,1,,,1,1,,,,,,,,,,,,,,,1,1,1,1,,,,,,,,,,,,,,,,1,,,1,,1,,1,,,,,1,1,,,,,,,,,1,1,1,1,1,1,1,1,,,,,,,,1,,,,,,,,,,,,1,,1,,1,,1,,1,,1,,1,,1,,1,,1,,1,,1,,1,,,1,,,,,,,,,,,1,1,,,,1,,,,,,,,,,1,1,1,,1,1,,,1,,1,,,,,1,,1,1,1,,,1,,1,,1,,1,,1,,1,1,
Leucania farcta,1,1,1,,1,1,1,1,1,1,1,1,,1,1,1,1,,1,1,1,1,,1,,1,1,1,1,1,1,1,1,,,,,,,,,1,1,1,1,,,,,,,,,,,,1,1,1,1,1,1,,,,1,1,,,,,,,,,,,,1,1,1,1,1,1,1,,,,,,,,,,,,,,,,1,,,1,,1,,1,,,,,,1,,1,,1,,,,,1,,,,,1,,1,,1,,,,,,1,,,,,,,,,,,,1,1,,,1,,1,,1,,1,,1,,1,,1,,1,,1,,1,,1,,,1,,1,,,,,,,,,1,1,,1,1,,,,,,,,,,,1,,1,,,1,,,1,,1,,,,,1,1,1,1,1,,,1,,1,,1,,1,,1,,1,1,
Leucania oregona,1,,1,,,1,,1,1,,,,,,1,,,,,,,,,,,1,1,,1,,1,1,,,,,,,,,,,,,,,,,,,,,,,,1,1,1,1,1,1,1,,,,1,,,,,,,,,,,,,,1,1,,,,,,,,,,,,,,,,,,,,1,,,1,,1,,1,,,,,,1,,,,,,,,,1,,1,,,,,,,,,,,,,1,,,,,,,,,,,,1,,1,,1,,1,1,1,,1,,1,,1,,1,,1,,1,,1,,1,,1,,,,,,,,,,,,1,,,1,,,,,,,,,,,,1,,1,,,1,1,,1,,1,,,,,,1,1,1,1,,,1,,1,,1,,1,,1,,1,1,
Leucania anteoclara,1,1,1,,,,,,,1,1,,,,,1,,,1,1,,1,,,,,,,,,,,1,,,,,,,,,,,,,,,,,,,,,,,,1,,1,1,1,1,,,,1,,,,,,,,,,,,,,,1,1,1,,,,,,,,,,,,,,,,,,1,,,1,,1,,1,,,,,,1,,,,,,,,,1,1,1,,1,,,,,,,,,,,1,,,,,,,,,,,,1,1,,,1,,1,1,1,,1,,1,,1,,1,,1,,1,,1,1,1,,1,,,,,,,,,,,,1,,,,,,,,,,,,,,,1,1,1,,1,,1,,1,,1,,,,,,1,1,1,1,,,1,,1,,1,,1,,1,,1,1,
Leucania multilinea,1,,1,,1,,,1,,1,1,,,,,,,,,,,,,,,,,1,,,,,,,,,,,,,,,,1,1,1,1,,,,,,,,,,,1,1,1,,,,,,1,,,,,,,,,,,,,,1,1,1,,,,,,,,,,,,,,,,,,,1,,,1,,1,,1,,,,,,1,,,,,,,,,1,1,,,1,,,,,,,,,,,1,,,,,,,,,,,,1,1,,,1,,1,1,1,,1,,1,,1,,1,,1,,1,,1,,1,,1,,,,,,,,,,,,1,,,,,,,,,,,,,,,1,1,1,,1,,1,,1,,1,,,,,,1,1,1,1,,,1,,1,,1,,1,,1,,1,1,
Leucania commoides,1,,1,,1,,,1,,1,1,,,,1,,,,,,,,,,,,1,,,,1,1,,,,,,,,,,,,,1,,,1,,,,,,,,,,,1,1,1,,,,,1,,,,,,,,,,,,,,1,1,1,1,,,,,,,,,,,,,,,,,,1,,,1,,1,,1,,,,,,1,,1,,,,,,,1,1,1,,1,1,,1,,,,,,,,1,,,,,,,,,,,,1,1,,1,1,,1,1,,,1,1,1,,1,,1,,1,,1,,1,,1,,,1,1,1,,,,,,,,,1,,1,,,,,,,,,,,,,1,,1,,,1,1,,1,,1,,,,,1,,1,1,1,,,1,,1,,1,,1,,1,,1,1,
Leucania insueta,,1,,,1,,,,,,,,,,,,1,,,,,,,,,,,,,,,,,,,,,,,,,,,,1,,,1,,,,,,,,,,1,1,,,,,,,1,,,,,,,,,,,,,,1,1,,,,,,,,,,,,,,,,,,,,1,,,1,,1,,1,,,,,1,1,,,,,,,,,1,,1,1,1,1,,,,,,,,,,1,,,,,,,,,,,1,1,1,,,1,,1,1,1,,1,1,1,,1,,1,,1,,1,,1,,1,,,1,,1,,,,,,,,,1,,,1,1,,,,,,,,,,,1,,1,,,1,1,,1,,1,,,,,1,1,1,1,1,,,1,,1,,1,,1,,1,,1,1,
Leucania dia,1,1,1,1,1,1,,1,1,1,1,,,1,1,1,1,1,,,1,,,1,,1,1,1,1,1,1,1,1,,,,1,,,,,1,,1,1,1,,1,,,,,,1,,1,1,1,1,1,,,,,,1,,,,,,,,,,,,1,1,1,1,1,,,,,,,,,,,,,,,,,,,1,,,1,,1,,1,,,,,1,1,,,,,,,,,1,1,1,,1,1,,,,,,,,,,1,,,,,,,,,,,1,1,1,,,1,,1,1,1,,1,1,1,,1,,1,,1,,1,,1,,1,,,1,1,1,,,,,,,,,1,,,,1,,,,,,,,,,,1,,1,,,1,1,,1,,1,,,,,1,,1,1,1,,,1,,1,,1,,1,,1,,1,1,
Lasionycta taigata,,,,,1,,,,,,,,,,,,,,,,,,,,,,,,,,,,,,,,,,,,,,,,,,,1,,,,,,,,,,,1,,,,,,,1,,,,,,,,,,,,,,1,1,1,,,,,,,,,,,,,,,,,,,1,,,1,,1,,1,,,,1,,,,,,,,,,,1,1,1,,,,,,,,,,,,,1,,,,,,,,,,,,1,,1,,1,,1,,1,,1,,1,,1,1,,,1,1,,,1,1,1,,,1,1,,,,,,,,,,1,,,,,,,,,,,,,,,1,1,1,,1,1,1,,1,,1,,,,,1,1,1,1,1,,1,1,,1,,1,,1,,1,,1,1,
Lasionycta secedens,,,,,1,,,,,,,,,,,,,,,,,,,,,,,,,,,,,,,,,,,,,,,,,1,,,,1,,,,,,,,,1,,,,,,1,1,,,,,,,,,,1,1,1,1,1,,,,,,,,,,,,,,,,,,,,,1,,,1,,1,,1,,,,1,1,,,,,,,,,,1,1,,1,1,,,,,,,,,,,1,,,,,,,,,,,,1,,1,,1,,1,,1,,1,,1,,1,,1,1,1,1,1,,1,1,1,1,,,1,1,1,,,,,,,,,1,,,1,1,1,,,,,,,,,1,,1,,,,1,,1,1,1,1,,,1,1,1,1,1,1,,,1,,1,,1,,1,,1,,1,1,
Lasionycta fergusoni,1,,,,1,,,,,,1,,,1,,,,,,,,,,,,,,,,,,,,,,,,,,,,,,1,1,1,,1,,,,,,,,,,1,1,1,,,,,,1,,,,,,,,,,,,,1,1,1,1,1,,,,,,,,,,,,,,,,,,1,,,1,,1,,1,,,,1,,,,,,,,,,,1,1,,,,,,,,,,,,,,1,,,,,,,,,,,,1,,1,,1,1,1,,1,,1,,1,,1,1,1,,1,1,1,,1,,1,,,1,1,,,,,,,,,,1,,,,,,,,,,,,,,,1,,1,,,,1,,1,,1,,,,,1,1,1,1,1,,,1,,1,,1,,1,,1,,1,1,
Lasionycta mutilata,1,,1,,1,,,,1,,1,,,1,1,,,,,,,,,,,,,,,,1,,,,,,,,,,,,,1,1,1,,,,,,,,,,,,1,1,1,,,,,,1,,,,,,,,,,,,,,,1,1,1,,,,,,,,,,,,,,,,,,1,,,1,,1,,1,,,,1,,,,,,,,,,,1,1,,,,1,,,,,,,,,,1,,,,,,,,,,,,1,,1,,1,,1,,1,,1,,1,,1,1,1,,1,1,1,,1,1,1,,,1,1,,,,,,,,,,1,,,,,,,,,,,,,,,1,,1,,,,1,,1,,1,,,,,1,1,1,1,1,,,1,,1,,1,,1,,1,,1,1,
Lasionycta haida,,,,,1,,,,,,,,,,,,,,,,,,,,,,,,,,,,,,,,,,,,,,1,,,,,,,,,,,,,,,,1,,,,,,,1,,,,,,,,,,,,,,,1,1,,,,,,,,,,,,,,,,,,,1,,,1,,1,,1,,,,1,,,,,,,,,,,,1,,,,1,,,,,,,,,,1,,,,,,,,,,,,1,,1,,1,,1,,1,,1,,1,,1,1,1,,1,1,1,,1,1,1,,,1,1,,,,,,,,,,1,,,,,1,,,,,,,,,,1,1,1,,1,,1,,1,,1,,,,,1,1,1,1,1,,,1,,1,,1,,1,,1,,1,1,
Lasionycta luteola,1,1,,,1,,,,,,,,,1,,,,,,,,,,,,,,,,,,,,,,,,,,,,,,1,1,1,,,,1,,,,,,,,1,1,1,,,,,,1,,,,,,,,,,,,1,1,1,,,,,,,,,,,,,,,,,,,,,1,,,1,,1,,1,,,,,1,1,,,,,,,,,1,,,1,1,1,,,,,,,,,,1,,,,,,,,,,,,1,,1,,1,,1,,1,,1,,1,,1,,1,,1,,1,,1,,1,,,1,1,,,,,,,,,,1,,1,,,1,,,,,,,,,,1,,1,,,,1,,1,,1,,,,,1,,,1,1,,,1,,1,,1,,1,,1,,1,1,
Lasionycta leucocycla,,,,1,1,,,,,,,,,,,,,,,,,,,,,,,,,,,,,,,,1,,,,,,,,,,,,,1,,,,,,,,1,1,,,,,,1,1,,,,,,,,,,1,1,1,1,,,,,,,,,,,,,,,,,,,,,,1,,,1,,1,,1,,,,1,1,,,,,,,,,,1,,,,,1,,,,,,,,,,1,,,,,,,,,,,,1,,1,,1,,1,,1,,1,,1,,1,,1,,1,1,1,,1,1,1,,1,,,1,1,,,,,,,,,1,,,1,,,,,,,,,,,1,1,,1,,,1,,1,1,,1,,,1,1,,,1,1,,,1,,1,,1,,1,,1,1,1,1,
Lasionycta poca,1,,,,1,,,,,,,,,1,,,,,,,,,,,,,,,,,,,,,,,,,,,,,,1,,1,,,,,,,,,,,,,1,1,,,,,1,1,,,,,,,,,,1,1,1,1,,,,,,,,,,,,,,,,,,,,,,1,,,1,,1,,1,,1,,1,,,,,,,,,,,,,1,1,,1,,,,,,,,,,1,,,,,,,,,,,,1,,1,,1,,1,,1,,1,,1,,1,,1,,1,1,1,,1,1,1,1,,1,,,,,,,,,,,,,1,1,,,,,,,,,,,,1,1,,1,,,1,,1,1,1,1,,,1,1,,1,1,1,,,1,,1,,1,,1,,1,,1,1,
Lasionycta illima,,,,,1,,,,,,,,,,,,,,,,,,,,,,,,,,,,,,,,,,,,,,,,,,,,,,,,,,,,,1,,,,,,,1,1,,,,,,,,,,1,1,1,,,,,,,,,,,,,,,,,,,,,,,1,,,1,,1,,1,,,,1,1,,,,,,,,,,1,1,1,,,1,1,,,,,,,,,1,,,,,,,,,,,,1,,1,,1,,1,,1,,1,,1,,1,,1,,1,1,1,,1,1,1,,1,,,1,,,,,,,,,,1,,1,1,,,,,,,,,,,1,1,,1,,,1,1,1,1,,1,,,1,1,,1,,1,,,1,,1,,1,,1,,1,,1,1,
Lasionycta sasquatch,1,,1,,,,,,,,,,,,1,,,,,,,,,,,,,,,,,1,,,,,,,,,,,,,,,,,,,,,,,,,,,1,,,,,,,1,,,,,,,,,,,,,1,1,1,,,,,,,,,,,,,,,,,,,,1,,,1,,1,,1,,,,1,1,,,,,,,,,,1,1,,1,,1,,,,,,,,,,1,,,,,,,,,,,,1,,1,,1,,1,,1,,1,,1,,1,,1,,1,1,1,,1,,1,,,1,1,,,,,,,,,,1,,,1,,1,,,,,,,,,,1,1,,,1,,1,1,,1,1,1,,,1,1,,1,,1,1,,1,,1,,1,,1,,1,,1,1,
Lasionycta perplexa,1,1,1,1,1,,,,1,1,1,1,,1,1,,1,,1,,1,1,,1,,,1,1,1,1,1,1,,,,,,1,,,,,1,1,1,1,,,,,,,,,,,1,1,1,1,,,,,,1,1,,,,,,,,,,,,,1,1,1,1,1,1,,,,,,,,,,,,,,,,1,,,1,,1,,1,,,,1,1,,,,,,,,,,1,1,1,1,1,,,,,,,,,,,1,,,,,,,,,,,,1,,1,,1,,1,,1,,1,,1,,1,1,1,,1,1,1,,1,,1,,,,1,1,,,,,,,,,1,,,1,,1,,,,,,,,,,1,1,1,,1,,1,,1,,1,,,,,1,1,1,1,1,,,1,,1,,1,,1,,1,,1,1,
Lasionycta perplexella,1,,,,1,,,,,,,,,1,,,,,,,,,,,,,,,,,,,,,,,,,,,,,,1,,1,,,,,,,,,,,,,1,1,,,,,,1,,,,,,,,,,,,,1,1,1,,,,,,,,,,,,,,,,,,,,1,,,1,,1,,1,,,,1,1,,,,,,,,,,1,1,1,1,1,,,,,,,,,,,1,,,,,,,,,,,,1,,1,,1,,1,,1,,1,,1,,1,1,1,,1,1,1,,1,,1,,,,1,1,,,,,,,,,1,,,,,,,,,,,,,,,1,1,1,,1,,1,,1,,1,,,,,1,1,1,1,1,,,1,,1,,1,,1,,1,,1,1,
Lasionycta subfuscula,1,1,1,,1,1,,,1,,1,1,,1,1,,,,,,,,,1,,,,,,,1,,1,,,,,,,,,,,1,1,1,,,,,,,,,,,,1,1,1,,,,,,1,,,,,,,,,,,,,,1,1,1,1,,,,,,,,,,,,,,,,,,1,,,1,,1,,1,,,,1,1,,,,,,,,,,1,1,1,1,1,1,,,,,,,,,,1,,,,,,,,,,,,1,,1,,1,1,1,,1,,1,,1,,1,1,1,,1,1,1,,1,1,1,,,1,1,1,,,,,,,,,1,,1,,,,,,,,,,,,,1,1,1,,1,,1,,1,,1,,,,,1,1,1,1,1,,,1,,1,,1,,1,,1,,1,1,
Lasionycta quadrilunata,,,,,,,,,,,,,,,,,,,,,,,,,,,,,,,,,,,,,,,,,,,,,,,,,,,,,,,,,,1,1,,,,,,1,1,,,,,,,,,,1,1,,,,,,,,,,,,,,,,,,,,,,,,1,,,1,,1,,1,,1,,1,1,,,,,,,,,,1,,,,,,1,,,,,,,,,1,,,,,,,,,,,,1,,1,,1,,1,,1,,1,,1,,1,,1,,1,,1,,1,,1,1,1,1,,1,,,,,,,,,,1,1,1,,1,,,,,,,,,,1,1,,1,,,1,,1,1,,1,,,1,1,,,1,1,,,1,,1,,1,,1,,1,,1,1,
Lasionycta lagganata,,,,,1,,,,,,,,,,,,,,,,,,,,,,,,,,,,,,,,,,,,,,,,1,,,,,,,,,,,,,,1,1,,,,,1,1,,,,,,,,,,1,1,1,1,,,,,,,,,,,,,,,,,,,,,,1,,,1,,1,,1,,,,,1,,,,,,,,,,1,,,,,,,,,,,,,,,1,,,,,,,,,,,,1,,1,,1,,1,,1,,1,,1,,1,,1,,1,,1,,1,,1,1,1,1,1,,,,,,,,,,,1,1,1,1,,,,,,,,,,,1,1,,1,,1,1,,1,1,1,1,,,1,1,,,1,1,,,1,,1,,1,,1,,1,1,1,1,
Lasionycta carolynae,,,,,,,,,,,,,,,,,,,,,,,,,,,,,,,,,,,,,,,,,,,,,,,,,,,,,,,,,,,1,,,,,,,1,,,,,,,,,,,,1,1,1,,,,,,,,,,,,,,,,,,,,,1,,,1,,1,,1,,1,,1,1,,,,,,,,,,1,,,,,,,,,,,,,,,1,,,,,,,,,,,,1,,1,,1,,1,,1,,1,,1,,1,,1,,1,,1,,1,,1,1,1,1,,,,,,,,,,,,1,1,1,,,,,,,,,,,,1,1,,1,1,1,1,,1,1,,1,,,1,1,1,,1,1,,,1,,1,,1,,1,,1,,1,1,
Lasionycta uniformis,1,,,,1,,,,,,,,,1,1,,,,,,,,,,,,,,,,,,,,,,,,,,,,,1,1,1,,1,,1,,,,,,,,1,1,1,,,,,,1,,,,,,,,,,,,,1,1,1,1,,,,,,,,,,,,,,,,,,,1,,,1,,1,,1,,1,,1,1,1,,,,,,,,,1,1,1,1,1,1,1,,,,,,1,,,1,,,,,,,,,,,,1,,1,,1,,1,,1,,1,,1,,1,,1,,1,1,1,,1,,1,,,1,1,1,,,,,,,,,1,,1,1,,,,,,,,,,,,1,1,1,,1,,1,1,1,,1,,,,,1,,1,1,1,,,1,,1,,1,,1,,1,1,1,1,
Lasionycta brunnea,1,,,,1,,,,,,1,,,,,,,,,,,,,,,,,,,,,,,,,,,,,,,,,,1,,,1,,,,,,,,,,1,1,1,,,,,,1,,,,,,,,,,,,1,1,1,1,,,,,,,,,,,,,,,,,,,,1,,,1,,1,,1,,,,,1,1,,,,,,,,,1,,,,1,,,,,,,,,,,1,,,,,,,,,,,,1,,1,,1,,1,,1,,1,,1,,1,,1,,1,1,1,,1,1,1,,,1,1,1,,,,,,,,,1,,,,,1,,,,,,,,,,1,,1,,,,1,,1,,1,,,,,1,,1,1,1,,,1,,1,,1,,1,,1,1,1,1,
Lasionycta caesia,1,,,,1,,,,,,,,,1,,,,,,,,,,,,,,,,,,,,,,,,,,,,,,1,,1,,,,,,,,,,,,,1,1,,,,,,1,,,,,,,,,,,,1,1,1,1,,,,,,,,,,,,,,,,,,,,1,,,1,,1,,1,,,,1,,,,,,,,,1,,,1,1,,,1,,,,,,,,,,1,,,,,,,,,,,,1,,1,,1,,1,,1,,1,,1,,1,1,1,,1,1,1,,1,1,1,1,,1,,,,,,,,,,,1,,1,,,,,,,,,,,,,1,1,1,,1,,1,,1,,1,,,,,1,,1,1,1,,,1,1,1,,1,,1,,1,1,1,1,
Lasionycta gelida,,,,,1,,,,,,,,,,,,,,,,,,,,,,,,,,,,,,,,,,,,,,1,,,,,,,,,,,,,,,,1,,,,,,,1,,,,,,,,,,,,,1,1,1,,,,,,,,,,,,,,,,,,,,1,,,1,,1,,1,,1,,1,,,,,,,,,,,1,,,1,,1,,,,,,,,,,1,,,,,,,,,,,,1,,1,,1,,1,,1,,1,,1,,1,,1,,1,,1,,1,1,1,,,1,,,,,,,,,,,1,,1,,,1,,,,,,,,,,1,1,1,,1,,1,,1,,1,,,,,1,,1,1,1,,,1,,1,,1,,1,,1,,1,1,
Lasionycta promulsa,,1,,,1,,,,,,,,,,,,,,,,,1,,,,,,,,,,,,,,,,,,,,,,1,1,1,,,,,,,,,,,,,1,1,,,,,,1,,,,,,,,,,,,1,1,1,1,1,,,,,,,,,,,,,,,,,,,1,,,1,,1,,1,,,,,1,1,,,,,,,,,1,,,1,1,,,,,,,,,,,1,,,,,,,,,,,,1,,1,,1,,1,,1,,1,,1,,1,,1,,1,,1,,1,,1,,,,1,1,,,,,,,,,1,,,,,1,,,,,,,,,,1,1,1,,1,,1,,1,,1,,,,,1,,,1,1,,,1,,1,,1,,1,,1,,1,1,
Lasionycta macleani,,,,,1,,,,,,,,,,,,,,,,,,,,,,,,,,,,,,,,,,,,,,,1,,,,,,,,,,,,,,,1,,,,,,1,1,,,,,,,,,,1,1,1,1,,,,,,,,,,,,,,,,,,,,,,1,,,1,,1,,1,,,,,1,1,,,,,,,,,1,,,,1,,,,,,,,,,,1,,,,,,,,,,,,1,,1,,1,,1,,1,,1,,1,,1,,1,,1,1,1,,1,,1,,1,1,1,1,,,,,,,,,1,,1,1,1,1,,,,,,,,,,1,1,,1,,,1,,1,1,1,1,,,1,1,,1,1,1,,,1,,1,,1,,1,,1,,1,1,
Lasionycta pulverea,,,,,,,,,,,,,,,,,,,,,,,,,,,,,,,,,,,,,,,,,,,,,,,,,,,,,,,,,,,1,,,,,,1,1,,,,,,,,,,1,1,1,1,1,,,,,,,,,,,,,,,,,,,,,1,,,1,,1,,1,,,,1,1,1,,,,,,,,,1,,,1,1,1,,,,,,,,,,1,,,,,,,,,,,,1,,1,,1,,1,,1,,1,,1,,1,,1,,1,1,1,,1,,1,,,1,1,1,,,,,,,,,1,,1,,,1,,,,,,,,,,1,1,,1,1,,1,,1,,1,,,,,1,,1,1,1,,,1,,1,,1,,1,,1,,1,1,
Lasionycta silacea,1,,,,1,,,,1,,,,,1,1,,,,,,,,,,,,,,,,,,,,,,,,,,,,,1,,1,,,,,,,,,,,,,1,1,,,,,,1,,,,,,,,,,,,,1,1,1,1,1,,,,,,,,,,,,,,,,,,1,,,1,,1,,1,,,,1,1,,,,,,,,,,1,,,,,1,,,,,,,,,,1,,,,,,,,,,,,1,,1,,1,,1,,1,,1,,1,,1,,1,,1,1,1,,1,,1,,,1,1,,,,,,,,,,1,,,,,1,,,,,,,,,,1,1,1,,1,,1,,1,,1,,,,,1,,1,,1,,,1,,1,,1,,1,,1,,1,1,
Lasionycta impingens,,,,1,1,,,,,,,,,,,,,,,,,,,,,,,,,,,,,,,,1,,,,,,1,,1,,,,,,,,,,,,,,1,1,,,,,1,1,,,,,,,,,,1,1,1,1,,,,,,,,,,,,,,,,,,,,,,1,,,1,,1,,1,,,,1,,,,,,,,,,,1,1,,,,1,,,,,,,,,,1,,,,,,,,,,,,1,,1,,1,1,1,,1,,1,,1,,1,,1,,1,1,1,,1,,1,,1,,,1,,,,,,,,,1,,,1,1,,,,,,,,,,,1,1,,1,1,,1,,1,1,1,1,,,1,1,1,1,1,1,,,1,,1,,1,,1,,1,,1,1,
Psammopolia arietis,1,,1,,,1,,,,,,,,,,,,,,,,,,,,1,,,,,,,,,,,,,,,,,,,,,,,,,,,,,,,,1,1,1,1,,,,,1,,,,,,,,,,,,,1,1,1,1,,,,,,,,,,,,,,,,,,,1,,,1,,1,,1,,,,1,,,,,,,,,,,1,1,,,,1,,,,,,,,,,1,,,,,,,,,,,,1,,1,,1,,1,,1,,1,,1,,1,,1,,1,1,1,,1,1,1,,,1,,,,,,,,,,,,,1,,,,,,,,,,,,,1,,1,,,,1,,1,,1,,,,,1,,1,1,1,,,1,,1,,1,,1,,1,,1,1,
Psammopolia wyatti,1,,1,,1,1,,1,,,,,,,,,,,,,,,,,,1,,,,,,,,,,,,,,,,,1,,,,,,,,,,,,,,1,1,1,1,1,,,,,1,1,,,,,,,,,,,,,,,,1,1,1,1,1,,,,,,,,,,,,,,1,,,1,,1,,1,,,,1,,,,,,,,,,,1,1,,,,1,,,,,,,,,,1,,,,,,,,,,,,1,,1,,1,,1,,1,,1,,1,,1,1,1,,1,1,1,,1,1,1,,,1,,,,,,,,,,,1,,1,,,,,,,,,,,,,1,1,1,,1,,1,,1,,1,,,,,1,,1,1,1,,,1,,1,,1,,1,,1,,1,1,
Lacinipolia meditata,1,,,,1,,,,,1,,,,,,,,,,,,,,,,,,,,,,,,,,,,,,,,,,,1,,,,,,,,,,,,,,1,,1,,,,,1,,,,,,,,,,,,1,1,,,,,,,,,,,,,,,,,,,,,,1,,,1,,1,,1,,,,,1,1,,1,,,,,,,1,,,,1,1,,1,,,,,,,,1,,,,,,,,,,,,1,,1,,1,,1,,1,,1,,1,,1,,1,,1,,1,,1,,1,,,,1,1,,,,,,,,,1,,,,1,1,,,,,,,,,,1,,1,,,,1,,1,,1,,,,,1,1,,1,1,,,1,,1,,1,,1,,1,,1,1,
Lacinipolia lustralis,,,,,1,,,,,,,,,,,,,,,,,,,,,,,,,,,,,,,,,,,,,,,1,1,,,,,,,,,,,,,1,1,1,,,,,1,1,,,,,,,,,,1,1,1,1,,,,,,,,,,,,,,,,,,,,,,1,,,1,,1,,1,,,,1,1,,,,,,,,,,1,1,1,1,1,1,,,,,,,,,,1,,,,,,,,,,,,1,,1,,1,,1,,1,,1,,1,,1,,1,,1,1,,,1,,1,,,1,1,1,,,,,,,,,1,,,,,,,,,,,,,,,1,,1,,,,1,,1,,1,,,,,1,1,1,1,1,,,1,,1,,1,,1,,1,,1,1,
Lacinipolia cuneata,1,1,1,,1,1,,1,1,,,,,1,1,1,,,,,,,,,,1,1,,1,,1,1,,,,,,,,,,1,,,,,,,,,,,,,,1,1,1,1,1,1,,,,,1,,,,,,,,,,,,1,1,1,,,,,,,,,,,,,,,,,,,,,1,,,1,,1,,1,,,,1,1,,,,,,,,,,,1,1,,,1,1,,,,,,,,,1,,,,,,,,,,,,1,,1,1,1,1,1,1,1,,1,,1,,1,,1,,1,1,1,,1,,1,,,1,1,1,,,,,,,,,1,,,1,,,,,,,,,,,,1,,1,,,,1,,1,,1,,,,,1,1,1,1,1,,,1,,1,,1,,1,,1,,1,1,
Lacinipolia anguina,1,1,,,1,,,,,,1,,,1,,,1,,,,,,,,,,,,,,,,,,,,,,,,,,,1,1,1,,,,,,,,,,,1,1,1,1,,,,,1,1,,,,,,,,,,1,1,1,1,1,,,,,,,,,,,,,,,,,,,,,1,,,1,,1,,1,,,,1,1,,,,,,,,,,1,1,,1,1,1,,,,,,,,,,1,,,,,,,,,,,,1,,1,1,1,,1,,1,,1,,1,,1,1,1,,1,1,1,,1,,1,,,1,1,1,,,,,,,,,1,,1,,,,,,,,,,,,,1,1,1,,1,1,1,,1,,1,,,,,1,,1,1,1,,,1,,1,,1,,1,,1,,1,1,
Lacinipolia longiclava,,1,,1,,,,,,,,,,,,,,,,,,1,,,,,,,,,,,,,,,,,,,,,,,,,,,,,,,,,,,1,1,,,,,,,1,1,,,,,,,,,,1,1,,,,,,,,,,,,,,,,,,,,,,,,1,,,1,,1,,1,,,,1,,1,,,,,,,,,1,1,1,1,1,1,,,,,,,,,,1,,,,,,,,,,,,1,,1,1,1,,1,1,1,,1,,1,,1,1,1,,1,1,,,1,1,1,,1,,,1,,,,,,,,,1,,,1,1,1,,,,,,,,,,1,1,1,,1,,1,,1,,1,,,,,1,1,1,1,1,,,1,1,1,,1,,1,,1,,1,1,
Lacinipolia stenotis,1,1,1,,,,,,,1,1,,,,,,,,1,,,,,,,,,,1,1,,,1,1,,,,,,,,,,,,,,,,,,,,,,,,,,1,1,1,,,1,1,,,,,,,,,,1,1,1,1,,,,,,,,,,,,,,,,,,,,,,1,,,1,,1,,1,,,1,1,,,,,,,,,,,,1,1,1,,1,,,,,,,,,,1,,,,,,,,,,,,1,,1,1,1,,1,,1,,1,,1,,1,,1,,1,1,1,,1,1,1,,1,1,,,,,,,,,,,1,,1,,,,,,,,,,,,,1,,1,,,,1,,1,,1,,,,,1,1,1,1,1,,,1,,1,,1,,1,,1,,1,1,
Lacinipolia vicina,1,1,1,,1,,,,1,1,1,1,,1,1,,,,1,1,,,,,,1,1,1,1,1,1,1,1,1,,,,,,,,,,,1,,,,,,,,,,,,1,1,1,1,1,1,,,,1,,,,,,,,,,,,,1,1,1,,,,,,,,,,,,,,,,,,,,1,,,1,,1,,1,,,,1,1,,,,,,,,,,1,1,1,1,1,1,,,,,,,,,,1,,,,,,,,,,,,1,,1,1,1,1,1,1,1,,1,,1,,1,1,1,1,1,1,1,,1,,1,,1,1,,,,,,,,,,,1,1,,1,,,,,,,,,,,,1,1,1,,1,1,1,,1,,1,,,,,1,1,1,1,1,,,1,,1,,1,,1,,1,,1,1,
Lacinipolia pensilis,1,1,1,1,1,,,1,1,1,1,1,,1,1,1,1,1,1,1,,1,1,1,,1,1,1,1,1,1,1,1,1,,,,1,,,,1,1,1,1,,,,,,,,,,,,1,1,1,1,1,1,,,1,1,,,,,,,,,,1,1,1,1,1,,,,,,,,,,,,,,,,,,,,,1,,,1,,1,,1,,,,1,1,1,,,,,,,,,1,1,1,1,1,1,1,,,,,,,,,1,,,,,,,,,,,,1,,1,,1,,1,1,1,,1,,1,,1,1,1,1,1,1,1,,1,,1,,1,1,1,1,,,,,,,,,1,1,1,,1,,,,,,,,,,,1,1,1,,1,1,1,,1,,1,,,,,1,1,1,1,1,,,1,,1,,1,,1,,1,,1,1,
Lacinipolia renigera,1,,,,1,,,,,,,,,,1,,,,,,,,,,,,,,,,,,,,,,,,,,,,,,1,,1,1,,,,,,,,,,,1,1,1,,,,1,1,,,,,,,,,,1,1,1,,,,,,,,,,,,,,,,,,,,,,,1,,,1,,1,,1,,,,,1,,,,1,,,,,,,1,1,,,1,,1,,,,,,,,1,,,,,,,,,,,,1,,1,,1,1,1,,1,,1,,1,,1,1,1,,1,1,1,,1,,1,,1,1,,,,,,,,,,,1,,,1,1,,,,,,,,,,,1,1,1,,1,,1,,1,,1,,,,,,1,,1,1,,,1,,1,,1,,1,,1,,1,1,
Lacinipolia stricta,1,1,1,,1,1,,1,1,1,1,1,,1,1,1,1,1,,1,,,1,,,1,1,1,,1,1,1,1,1,,,,,,,,1,,1,1,,,,,,,,,,,,1,,1,1,1,1,1,,1,1,,,,,,,,,1,1,1,1,,,,,,,,,,,,,,,,,,,,,,,1,,,1,,1,,1,,,,1,1,1,,1,,,,,,,,1,1,,,1,,,,,,,,,,1,,,,,,,,,,,,1,,1,,1,,1,,1,,1,,1,,1,,1,,1,1,1,,1,,1,,,1,1,1,,,,,,,,,1,,,1,,1,,,,,,,,,,1,1,1,,1,,1,,1,,1,,,,,1,1,1,1,1,,,1,,1,,1,,1,,1,,1,1,
Lacinipolia lorea,1,1,1,,1,,,,,1,1,,,,,,1,1,,,,1,,1,,,,,,1,,,,,,,,,,,,,,,1,,,1,,,,,,,,,1,1,1,,,,,,1,1,,,,,,,,,,1,1,1,1,,,,,,,,,,,,,,,,,,,,,,1,,,1,,1,,1,,,,,1,1,,,,,,,,,1,,,,1,1,,,,,,,,,,1,,,,,,,,,,,,1,,1,,1,,1,,1,,1,,1,,1,,1,,1,1,1,,1,1,1,,,1,,1,,,,,,,,,1,,,,,1,,,,,,,,,,1,,1,,,,1,,1,,1,,,,,1,,1,1,1,,,1,,1,,1,,1,,1,,1,1,
Lacinipolia olivacea,1,1,1,1,1,1,,1,1,1,1,1,,1,1,1,1,,1,1,1,1,1,1,,1,1,1,1,1,1,1,1,,,,1,1,,,,1,1,1,1,1,1,1,,,,,,,,,,1,1,1,1,,,,1,1,,,,,,,,,,1,1,1,,,,,,,,,,,,,,,,,,,,,,,1,,,1,,1,,1,,1,,1,1,,,,,,,,,,,1,1,1,1,1,,1,,,,,,,,1,,,,,,,,,,,,1,,1,,1,,1,,1,,1,,1,,1,1,1,1,1,1,1,,1,,1,,1,1,1,1,,,,,,,,,1,,1,1,1,1,,,,,,,,,,1,1,,,1,1,1,,1,,1,,,,,1,1,1,1,1,,1,1,,1,,1,,1,,1,,1,1,
Lacinipolia bucketti,1,,1,,1,1,,,,,,,,,,,,,,,,,,,,1,,,,,1,,,,,,,,,,,1,,,,,,,,,,,,,,,,,1,1,1,,,,1,1,,,,,,,,,,1,1,,,,,,,,,,,,,,,,,,,,,,,,1,,,1,,1,,1,,,1,1,,,,,,,,,,,,1,1,1,1,1,,,,,,,,,,1,,,,,,,,,,,,1,,1,,1,1,1,1,1,,1,,1,,1,1,1,1,1,1,,,1,,1,,1,1,,,,,,,,,,,1,,,1,1,,,,,,,,,,,1,1,,,1,1,1,,1,,1,,,,,1,1,1,1,1,,,1,,1,,1,,1,,1,,1,1,
Lacinipolia davena,1,1,1,1,1,1,,1,1,1,1,1,,1,1,1,1,,,,1,,,,,1,1,1,1,1,1,1,,,,,1,,,,,1,1,1,1,1,,1,,,,,,,,1,1,1,1,1,1,1,,,1,1,,,,,,,,,,1,1,1,1,,,,,,,,,,,,,,,,,,,,,,1,,,1,,1,,1,,1,,1,1,,,,,,,,,,,,1,1,1,,,1,,,,,,,,1,,,,,,,,,,,,1,,1,,1,,1,,1,,1,,1,,1,,1,1,1,1,1,,1,,1,,1,1,1,,,,,,,,,,1,,1,1,1,,,,,,,,,,,1,1,,,1,,1,,1,,1,,,,,1,1,1,1,1,1,,1,,1,,1,,1,,1,,1,1,
Lacinipolia comis,1,1,1,,1,1,,1,1,1,1,1,,1,1,1,1,,,,1,,,,,1,1,1,1,1,1,1,,,,,,,,,,1,1,1,1,,,,,,,,,,,,,1,1,1,1,1,,,1,1,,,,,,,,,,1,1,1,1,,,,,,,,,,,,,,,,,,,,,,1,,,1,,1,,1,,,,1,1,,,,,,,,,,,1,1,1,1,1,,,,,,,,,,1,,,,,,,,,,,,1,,1,,1,,1,,1,,1,,1,,1,1,1,1,1,1,1,,1,,1,,,1,1,,,,,,,,,,1,,1,1,1,,,,,,,,,,,1,1,1,,1,,1,,1,,1,,,,,1,,1,1,1,,1,1,,1,,1,,1,,1,,1,1,
Lacinipolia rectilinea,1,1,1,,,,,,,1,1,,,,,1,,,,,,,,,,,1,,,,,,,,,,,,,,,,,,,,,,,,,,,,,,,1,1,1,1,,,,1,1,,,,,,,,,1,1,1,,,,,,,,,,,,,,,,,,,,,,,,1,,,1,,1,,1,,,,1,1,,,,,,,,,,1,1,,1,1,1,,1,,,,,,,,1,,,,,,,,,,,,1,,1,,1,,1,,1,,1,,1,,1,1,1,,1,1,1,,1,,1,,1,1,1,1,,,,,,,,,1,,1,1,1,1,,,,,,,,,,1,1,,,1,,1,,1,,1,,,,,1,1,1,1,1,,,1,,1,,1,,1,,1,,1,1,
Lacinipolia strigicollis,1,1,1,,1,,,,1,1,1,1,,1,1,,1,1,1,1,,1,,1,,1,1,1,1,1,1,1,1,1,,,,,,,,1,,1,1,1,,,,,,,,,,,,1,1,1,1,1,,,1,1,,,,,,,,,,1,1,1,1,,,,,,,,,,,,,,,,,,,,,,1,1,,1,,1,,1,,1,1,1,1,1,,,,,,,,,,1,1,1,1,1,,,,,,,,,,1,,,,,,,,,,,,1,,1,,1,,1,,1,,1,,1,,1,1,1,1,1,1,1,,1,1,1,,1,1,,1,,,,,,,,,1,,1,1,,1,,,,,,,,,,1,1,1,,1,1,1,,1,,1,,,,,1,1,1,1,1,,,1,,1,,1,,1,,1,,1,1,
Lacinipolia quadrilineata,,,1,,,,,,,,,,,,,,,,,,,,,,,,1,,,,1,1,,,,,,,,,,,,,,,,,,,,,,,,1,1,1,1,1,1,1,1,,1,1,,,,,,,,,,1,1,1,,,,,,,,,,,,,,,,,,,,,,,1,,,1,,1,,1,,1,,1,1,,,,,,,,,,1,1,1,1,1,,,1,1,,,,,,,1,,,,,,,,,,,,1,,1,1,1,,1,,1,,1,,1,,1,1,1,,1,1,1,,1,1,1,,1,,,,,,,,,,,,1,1,,1,,,,,,,,,,,,1,1,1,,1,,1,,1,,1,,,,,,1,1,1,1,,1,1,1,1,,1,,1,,1,,1,1,
Lacinipolia patalis,1,,1,,1,1,,1,,,,,,,1,,,,,,,,,,,1,1,,1,,1,1,,,,,,,,,,1,,,,,,,,,,,,,,,1,1,1,1,1,,,,,1,,,,,,,,,,,,1,1,,,,,,,,,,,,,,,,,,,,,,1,,,1,,1,,1,,,,1,,,,,,,,,,,1,1,,,,,,,,,,,,,,1,,,,,,,,,,,,1,,1,,1,,1,1,,,1,,1,,1,1,1,,1,1,1,1,1,,1,,1,1,,1,,,,,,,,,1,,,1,1,,,,,,,,,,,1,1,1,,1,,1,,1,,1,,,,,1,1,1,1,1,,,1,,1,,1,,1,,1,,1,1,
Trichocerapoda strigata,1,1,1,,,,,,,1,,,,,,,,,,1,,,,,,,1,,,1,,,1,1,,,,,,,,,,,,,,,,,,,,,,,,,1,1,1,1,,,1,1,,,,,,,,,,1,1,1,,,,,,,,,,,,,,,,,,,,,,,1,,,1,,1,,1,,,,1,1,,,,,,,,,,1,1,1,,,1,,,,,,,,,,1,,,,,,,,,,,,1,,1,,1,,1,1,1,,1,,1,,1,1,1,,1,1,1,,1,,1,,1,1,,1,,,,,,,,,1,,1,1,1,1,,,,,,,,,,1,,1,,,1,1,,1,1,1,1,,,1,1,1,1,,1,,,1,,1,,1,,1,,1,,1,1,
Trichocerapoda oblita,1,1,1,,,,,,,1,,,,,,,,,,1,,,,,,,,1,1,1,,,1,1,,,,,,,,,,,,,,,,,,,,,,,,,1,1,1,1,,,,1,,,,,,,,,,,,1,1,1,,,,,,,,,,,,,,,,,,,,,1,1,,1,,1,,1,,,,1,1,1,,,,,,,,,1,1,1,1,1,1,,,,,,,,,1,1,,1,,,1,1,,,,1,,1,,1,,1,,1,,1,,1,,1,,1,1,1,,1,,1,1,1,1,1,,1,1,,1,,,,,,,,,1,1,1,1,1,1,,,,,,,,,,1,,1,,,1,1,,1,,1,,,,,1,1,1,,1,,,1,,1,,1,,1,,1,,1,1,
Anhimella perbrunnea,1,1,1,,1,1,,1,,1,,,,1,1,1,,,,,,,,,,1,1,1,1,,,1,1,,,,,,,,,1,,,,,,,,,,,,,,,,,1,1,1,,,,1,1,,,,,,,,,,1,1,1,1,,,,,,,,,,,,,,,,,,,,,,1,1,,1,,1,,1,,,,,1,1,,1,,,,,,,1,1,1,1,1,1,,,,,,,,,,1,,,,,,,,,,,,1,,1,,1,,1,,1,,1,,1,,1,,1,,1,1,1,,1,1,1,,,1,1,1,,,,,,,,,1,,,,,1,,,,,,,,,,1,1,1,,1,,1,,1,,1,,,,,1,,1,1,1,,,1,,1,,1,,1,,1,,1,1,
Anhimella contrahens,1,1,1,,1,,,,,1,,,,1,,1,,,1,1,,,,1,,,1,,,,1,,,,,,,,,,,,,1,,,,,,,,,,,,,1,1,1,1,1,,,,1,1,,,,,,,,,,1,1,1,1,,,,,,,,,,,,,,,,,,,,,,1,,,1,,1,,1,,,,1,1,1,,,,,,,,,1,1,1,1,1,1,,,,,,,,,,1,,,,,,,,,,,,1,,1,,1,,1,,1,,1,,1,,1,,1,,1,1,1,,1,,1,,1,,,1,,,,,,,,,1,,,1,1,,,,,,,,,,,1,1,1,,1,,1,,1,,1,,,,,1,1,1,1,1,,,1,,1,1,1,,1,,1,1,1,1,
Anhimella pacifica,1,,1,,,,,,,1,,,,,,,,,,,,,,,,,,,1,,,1,1,,,,,,,,,,,,,,,,,,,,,,,,1,1,1,1,1,,,,1,1,,,,,,,,,,1,1,1,,,,,,,,,,,,,,,,,,,,,,,1,1,,1,,1,,1,,,,1,1,,,,,,,,,,,1,1,1,1,1,,,,,,,,,,1,,,,,,,,,,,,1,,1,,1,,1,,1,,1,,1,,1,,1,,1,1,1,,1,1,,,1,,,1,,,,,,,,,1,,,1,1,,,,,,,,,,,1,1,1,,1,,1,,1,,1,,,,,1,1,1,1,1,,,1,,1,,1,,1,,1,,1,1,
Homorthodes furfurata,1,1,1,,1,1,,1,1,1,1,1,,1,1,,1,,1,1,,1,,1,,1,1,1,,1,1,1,,,,,,,,,,,,1,,1,,,,,,,,,,,,1,1,1,,,,,1,1,,,,,,,,,,1,1,1,,,,,,,,,,,,,,,,,,,,,,,1,,,1,,1,,1,,,,,1,,,1,,,,,,,1,1,,1,1,1,,1,,,,,,,,1,,,,,,,,,,,,1,,1,,1,,1,,1,,1,,1,,1,,1,,1,1,1,,1,1,1,,1,1,1,1,,,,,,,,,1,,,1,1,,,,,,,,,,,1,1,1,,1,1,1,,1,,1,,,,,1,1,1,1,1,,,1,,1,,1,,1,,1,1,1,1,
Homorthodes communis,1,1,1,,1,1,,1,1,1,1,1,,1,1,1,1,,,,1,,,1,,1,1,1,,1,1,1,1,,,,,,,,,1,,1,1,,,,,,,,,,1,,,1,1,1,1,,,,1,1,,,,,,,,,1,1,1,,,,,,,,,,,,,,,,,,,,,,,,1,,,1,,1,,1,,,,,1,1,,,,,,,,,1,1,,,1,,,,,,,,,,,1,,,,,,,,,,,,1,,1,,1,,1,,1,,1,,1,,1,,1,,1,1,1,,1,,1,,,1,1,1,,,,,,,,,1,,,,1,,,,,,,,,,,1,1,1,,1,,1,,1,,1,,,,,1,1,1,1,1,,,1,,1,,1,,1,,1,,1,1,
Homorthodes fractura,1,,1,,1,1,,1,,1,,,,1,,,,,,,,,,,,1,1,,,,,,,,,,,,,,,1,,1,,,,,,,,,,,,,1,1,1,1,1,,,,1,1,,,,,,,,,1,1,1,1,,,,,,,,,,,,,,,,,,,,,,,1,,,1,,1,,1,,,,,1,1,,,,,,,,,1,1,1,1,1,1,,,,,,,,,,1,,,,,,,,,,,,1,,1,,1,,1,,1,,1,,1,,1,,1,,1,1,1,,1,1,1,,,1,,1,,,,,,,,,1,,,1,1,,,,,,,,,,,1,1,1,,1,1,1,,1,,1,,,,,1,,1,1,1,,,1,,1,,1,,1,,1,,1,1,
Homorthodes discreta,1,1,1,,1,,,,1,1,,1,,1,,,,,,1,,1,,,,,,,,1,1,1,1,,,,,,,,,,,1,,,,,,,,,,,,,,,1,1,1,,,,,1,,,,,,,,,,,,1,1,,,,,,,,,,,,,,,,,,,,,,1,1,,1,,1,,1,,,,,,1,,,,,,,,,1,1,,1,1,,,,,,,,,,,1,,,,,,,,,,,,1,,1,,1,,1,,1,,1,,1,,1,,1,,1,,1,,1,,1,,,1,,1,,,,,,,,,1,,,1,1,1,,,,,,,,,,1,1,,,1,,1,,1,,1,,,,,1,1,1,1,1,,,1,,1,,1,,1,,1,,1,1,
Homorthodes hanhami,1,,1,,1,1,,1,1,,,,,1,1,,,,,,,,,,,,1,1,,,1,1,,,,,,,,,,1,,,1,,,,,,,,,,,1,1,1,1,1,,,,,1,1,,,,,,,,,,1,1,1,1,,,,,,,,,,,,,,,,,,,,,,1,1,,1,,1,,1,,,,,,1,,,,,,,,,,1,,1,1,,,,,,,,,,,1,,,,,,,,,,,,1,,1,,1,,1,,1,,1,,1,,1,,1,,1,1,1,,1,,1,,,1,1,1,,,,,,,,,1,,,1,1,,,,,,,,,,,1,1,,,1,,1,,1,,1,,,,,1,1,1,1,1,,,1,,1,,1,,1,,1,,1,1,
Homorthodes carneola,,,,,1,,,,,,,,,,,,,,,,,,,,,,,,,,,,,,,,,,,,,,,1,,,,,,,,,,,,,,,1,,,,,,1,1,,,,,,,,,,1,1,1,,,,,,,,,,,,,,,,,,,,,,,1,,,1,,1,,1,,,,1,1,1,,,,,,,,,1,1,,,1,1,,,,,,,,,,1,,,,,,,,,,,,1,,1,,1,,1,,1,,1,,1,,1,,1,,1,,1,,1,,1,,,1,1,1,,,,,,,,,1,,,,1,,,,,,,,,,,1,1,1,,1,,1,,1,,1,,,,,1,1,1,1,1,,,1,,1,,1,,1,,1,,1,1,
Protorthodes curtica,1,1,1,,1,,,,1,1,1,1,,1,,1,,1,1,1,,1,1,,,,,1,1,1,1,1,1,1,,,,,,,,,,1,1,,,,,,,,,,,,,1,1,1,1,1,,,1,1,,,,,,,,,,1,1,1,1,,,,,,,,,,,,,,,,,,,,,,1,,,1,,1,,1,,,,,1,1,,1,,,,,,,1,1,,,1,,,,,,,,,,,1,,,,,,,,,,,,1,,1,,1,,1,,1,,1,,1,,1,,1,,1,,1,,1,,1,,,,,1,,,,,,,,,1,,,1,1,,,,,,,,,,,1,1,1,,1,1,1,,1,,1,,,,,1,1,1,1,1,,,1,,1,,1,,1,,1,,1,1,
Protorthodes eureka,,1,,,,,,,,,,,,,,,,,,,,,1,,,,,,,,,,,,,,,,,,,,,,,,,,,,,,,,,,,,,,1,,,,1,1,,,,,,,,,,1,1,1,1,,,,,,,,,,,,,,,,,,,,,,1,,,1,,1,,1,,,,,1,1,,1,,,,,,,1,1,,,1,,,,,,,,,,,1,,,,,,,,,,,,1,,1,,1,,1,,1,,1,,1,,1,,1,,1,,1,,1,,1,,1,,,1,,,,,,,,,1,,,1,1,,,,,,,,,,,1,1,1,,1,1,1,,1,,1,,,,,1,1,1,1,1,,,1,,1,,1,,1,,1,,1,1,
Protorthodes incincta,,1,1,,,,,,,,,,,,,1,,,,1,,,,,,,,,,,,,1,1,,,,,,,,,,,,,,,,,,,,,,,,,1,1,1,1,,,,1,,,,,,,,,,,,1,1,,,,,,,,,,,,,,,,,,,,,,1,1,,1,,1,,1,,,,1,,1,,,,,,,,,1,1,,,1,,,,,,,,,,,1,,,,,,,,,,,,1,,1,,1,,1,,1,,1,,1,,1,,1,,1,1,1,,1,,1,,1,1,1,1,,,,,,,,,1,,1,1,1,1,,,,,,,,,,1,1,1,,1,1,1,,1,,1,,,,,1,1,,1,1,,,1,,1,,1,,1,,1,,1,1,
Protorthodes rufula,1,,1,,,1,,1,,,,,,,1,,,,,,,,,,,1,1,,1,,,1,,,,,,,,,,,,,,,,,,,,,,,,1,1,1,1,1,1,,,,1,1,,,,,,,,,,1,1,1,1,1,,,,,,,,,,,,,,,,,,,,,1,,,1,,1,,1,,,,1,1,1,,1,,,,,,,1,1,,1,1,1,,,,,,,,,,1,,,,,,,,,,,,1,,1,,1,,1,,1,,1,,1,,1,,1,,1,1,1,,1,,1,,1,1,,1,,,,,,,,,1,,,1,1,,,,,,,,,,,1,1,1,,1,1,1,,1,,1,,,,,1,,1,1,1,,,1,,1,,1,,1,,1,,1,1,
Protorthodes alfkenii,,1,1,,,,,,,,,,,,,,,,1,,,,1,1,,,,,,,,1,1,1,,,,,,,,,,,,,,,,,,,,,,,,,1,1,1,,,,1,1,,,,,,,,,,1,1,1,1,,,,,,,,,,,,,,,,,,,,,,1,1,,1,,1,,1,,,,1,1,1,,,,,,,,,1,1,,1,1,1,,,,,,,,,,1,,,,,,,,,,,,1,,1,,1,,1,,1,,1,,1,,1,,1,,1,1,1,,1,,1,,1,,,1,,,,,,,,,1,,,1,1,,,,,,,,,,,1,1,,,1,1,1,,1,,1,,,,,1,,1,1,1,,,1,,1,,1,,1,,1,,1,1,
Protorthodes oviduca,,,,,1,,,,,,,,,,,,,,,,,,,,,,,,,,,,,,,,,,,,,,,,,,,1,,,,,,,,,1,1,1,,,,,,1,1,,,,,,,,,,1,1,1,1,,,,,,,,,,,,,,,,,,,,,,1,,,1,,1,,1,,,,,,1,,,,,,,,,1,,,1,1,,,1,,,,,,,,1,,,,,,,,,,,,1,,1,,1,,1,,1,,1,,1,,1,,1,,1,1,,,1,,1,,,,,1,,,,,,,,,1,,,,1,,,,,,,,,,,1,1,1,,1,,1,,1,,1,,,,,1,1,,1,1,,,1,,1,,1,,1,,1,,1,1,
Protorthodes texana,1,,1,,,,,,,1,,,,,,,,,,,,,,,,,,,,1,,,1,1,,,,,,,,,,,,,,,,,,,,,,,,,,1,1,1,,,1,1,,,,,,,,,,1,1,1,1,,,,,,,,,,,,,,,,,,,,,,1,1,,1,,1,,1,,,,,,1,,,,,,,,,,1,,,1,,,,,,,,,,,1,,,,,,,,,,,,1,,1,,1,,1,,1,,1,,1,,1,,1,,1,1,1,,1,,1,,1,1,1,1,,,,,,,,,1,,1,1,1,1,,,,,,,,,,1,,1,,,1,1,,1,,1,,,,,1,,1,1,1,,,1,,1,,1,,1,,1,,1,1,1
Ulolonche dilecta,,,1,,,,,,,,,,,,,,,,,,,,,,,,,1,,,,,,,,,,,,,,,,,,,,,,,,,,,,,,,1,,,,,,,1,,,,,,,,,,,,,,1,1,1,,,,,,,,,,,,,,,,,,,1,,,1,,1,,1,,,,,,1,,,,,,,,,,1,,,1,,,,,,,,,,,1,,,,,,,,,,,,1,,1,,1,,1,,1,,1,,1,,1,,1,,1,,1,,1,,1,,,,1,1,,,,,,,,,1,,,,1,1,,,,,,,,,,1,1,1,,1,,1,,1,,1,,,,,1,1,,1,1,,,1,,1,,1,,1,,1,,1,1,
Ulolonche orbiculata,,1,,,,,,,,,,,,,,,,,1,,,,,,,,,,,,,,,,,,,,,,,,,,,,,,,,,,,,,,,1,1,1,,,,,1,1,,,,,,,,,1,1,1,1,,,,,,,,,,,,,,,,,,,,,,,1,,,1,,1,,1,,,,1,1,,,,,,,,,,1,1,,1,1,1,,,,,,,,,,1,,,,,,,,,,,,1,,1,,1,,1,,1,,1,1,1,,1,1,1,,1,,1,,1,,1,,,1,1,1,,,,,,,,,1,,1,,,1,,,,,,,,,,1,,1,,,,1,,1,,1,,,,,1,,,1,1,,,1,,1,,1,,1,,1,,1,1,
Pseudorthodes irrorata,1,,1,,1,1,,1,1,,,,,1,1,,,,,,,,,,,1,1,1,,,1,1,,,,,,,,,,1,1,,,,,,,,,,,,,,1,1,1,1,1,,,,1,1,,,,,,,,,,1,1,1,1,,,,,,,,,,,,,,,,,,,,,,1,,,1,,1,,1,,,,,1,,,1,,,,,,,,,,,1,1,,1,,,,,,,,1,,,,,,,,,,,,1,,1,,1,,1,,1,,1,,1,,1,,1,,1,1,1,,1,,1,,,1,1,1,,,,,,,,,1,,,,,1,,,,,,,,,,1,1,,,1,,1,,1,,1,,,,,1,1,1,1,1,,,1,,1,,1,,1,,1,,1,1,
Pseudorthodes puerilis,,,1,,,,,,,,,,,,,,,,,,,,,,,1,,,,,,,,,,,,,,,,,,,,,,,,,,,,,,,,1,1,,,,,,1,1,,,,,,,,,,1,1,1,,,,,,,,,,,,,,,,,,,,,,,1,,,1,,1,,1,,,,,1,1,,1,,,,,,,,,,,1,1,,1,,,,,,,,1,,,,,,,,,,,,1,,1,,1,,1,,1,,1,,1,,1,,1,,1,1,1,,1,,1,,,1,1,1,,,,,,,,,1,,,,,1,,,,,,,,,,1,1,,,1,,1,,1,,1,,,,,1,1,1,1,1,1,,1,,1,,1,,1,,1,,1,1,
Orthodes goodelli,1,1,1,,1,,,,,1,,,,1,,,,1,,,,1,,,,,,,,1,,,,,,,,,,,,,,1,,,,,,,,,,,,,1,1,1,1,1,,,,,1,,,,,,,,,,,,1,1,1,1,,,,,,,,,,,,,,,,,,,,1,,,1,,1,,1,,,,,1,,,,,,,,,,1,1,1,1,,1,,1,,,,,,,,1,,,,,,,,,,,,1,,1,,1,,1,,1,,1,,1,,1,1,1,,1,1,1,,1,,1,,,1,1,1,,,,,,,,,1,,,,,1,,,,,,,,,,1,1,1,,1,,1,,1,,1,,,,,1,1,1,1,1,,,1,,1,,1,,1,,1,,1,1,
Orthodes obscura,1,,1,,1,,,,,,1,1,,,,,,,,,,,,,,,,,,1,,,,,,,,,,,,,,,1,1,,,,,,,,,,,,1,1,,,,,,,1,,,,,,,,,,,,,1,1,1,,,,,,,,,,,,,,,,,,,,1,,,1,,1,,1,,1,,1,1,,,,,,,,,,1,1,,1,,,,,,,,,,,,1,,,,,,,,,,,,1,,1,,1,,1,,1,,1,,1,,1,,1,,1,,1,,1,,1,,,1,,1,,,,,,,,,1,,,1,1,,,,,,,,,,,1,1,,,1,,1,,1,,1,,,,,1,1,1,1,1,,,1,,1,,1,,1,,1,,1,1,
Orthodes noverca,1,1,1,,1,,,1,1,1,1,1,,1,1,,1,1,,,,1,,,,1,1,,1,1,,1,1,,,,,,,,,,,1,1,,,,,,,,,,,1,1,1,1,1,1,,,,,1,,,,,,,,,,,,1,1,1,1,,,,,,,,,,,,,,,,,,,,1,,,1,,1,,1,,,,1,1,1,,,,,,,,,1,1,,,1,1,,,,,,,,,,1,,,,,,,,,,,,1,,1,,1,,1,,1,,1,,1,,1,,1,,1,1,1,,1,,1,,,1,,1,,,,,,,,,1,,,1,1,,,,,,,,,,,1,1,1,,1,1,1,,1,,1,,,,,1,1,1,1,1,,,1,,1,,1,,1,,1,,1,1,
Orthodes detracta,,1,,,1,,,,,,,,,,,,,,,,,,,1,,,,,,,,,,,,,,,,,,,,,1,,,,,,,,,,,,,1,1,,,,,,,1,,,,,,,,,,,,1,1,1,,,,,,,,,,,,,,,,,,,,,1,,,1,,1,,1,,,,1,1,,,,,,,,,,1,1,1,1,1,1,,1,,,,,,,,1,,,,,,,,,,,,1,,1,,1,,1,1,1,,1,,1,,1,,1,,1,1,1,,1,,1,,,1,,1,,,,,,,,,1,,,,,,,,,,,,,,,1,,1,,,,1,,1,,1,,,,,1,1,1,1,1,1,,1,,1,,1,,1,,1,,1,1,
Zosteropoda hirtipes,1,1,1,,1,1,,1,1,1,1,1,,1,1,1,1,1,,,,,,,,1,1,,,1,1,1,,,,,,,,,,1,,1,1,,,,,,,,,,,1,1,1,1,1,1,1,,,1,1,,,,,,,,,,1,1,1,1,,,,,,,,,,,,,,,,,,,,,,1,,,1,,1,,1,,,,,,,1,1,,,,,,,1,,,,1,,1,1,,,,,,,,1,,,,,,,,,,,,1,,1,,1,,1,,1,,1,,1,,1,,1,,1,,1,,1,,1,,1,1,,1,,,,,,,,,1,,,1,1,,,,,,,,,,,1,,1,,,1,1,1,1,,1,,,,,,1,,1,1,,,1,,1,,1,,1,,1,,1,,1
Neleucania praegracilis,,1,,,,,,,,,,,,,,,,,1,,,,,,,,,,,,,,,,,,,,,,,,,,,,,,,,,,,,,,,,1,,,,,,,1,,,,,,,,,,,,1,1,1,,,,,,,,,,,,,,,,,,,,,1,,,1,,1,,1,,,,,,1,1,,,,,,,,1,,,,,,,,,,,,,,,1,,,,,,,,,,,1,1,1,1,,1,,1,,1,,1,,1,,1,,1,,1,,1,,1,,1,,,,,1,,1,,,,,,,1,,,,,,,,,1,,,,,,1,,1,,,,1,,1,,1,,,,,1,1,1,1,1,,,1,,1,,1,,1,,1,,1,1,1
Tricholita chipeta,,1,,,,,,,,,,,,,,,,,1,,,,,,,,,,,,,,,,,,,,,,,,,,,,,,,,,,,,,,,,,1,1,,,,,1,,,,,,,,,,,,1,1,1,,,,,,,,,,,,,,,,,,,,,1,,,1,,1,,1,,,,1,,1,,,,,,,,,1,1,1,,,1,,,,,,,,,,1,,,,,,,,,,,,1,,1,,1,,1,,1,,1,,1,,1,1,,,1,1,1,,1,1,1,,1,1,,1,,,,,,,,,1,1,,1,,,,,,,,,,,,1,1,1,,1,,1,,1,,1,,,,,1,1,,1,1,,,1,,1,,1,,1,,1,,1,1,1
Hydroeciodes serrata,,1,,,,,,,,,,,,,,,,,,,,1,,1,,,,,,,,,,,,,,,,,,,,,,,,,,,,,,,,,,,,1,,,,,,1,,,,,,,,,,,,,,1,1,1,,,,,,,,,,,,,,,,,,,1,,,1,,1,,1,,,,,1,,,1,,,,,,,,,1,,1,,1,1,,,,,,,,1,,,,,,,,,,,,1,,1,,1,,1,,1,,1,,1,,1,1,1,,1,1,,,1,1,1,,,1,1,1,,,,,,,,,1,,,,,1,,1,,,,,,,,1,,1,,,1,1,,1,,1,,,,,1,1,,1,1,,,1,,1,,1,,1,,1,1,1,1,1
Peridroma saucia,1,1,1,1,1,1,,1,,1,,,,1,1,1,1,,1,1,,1,,,,1,1,1,1,1,1,1,1,,,,1,,,,,1,,,1,1,,,,,,,,,1,1,1,1,1,1,1,1,1,,,1,1,,,,,,,,,,,,,,,,,1,1,1,1,,,,,,,,,,,,,,1,,,1,,1,,1,,,,,1,1,,,,,,,,,1,1,,1,1,,,,,,,,,,,1,,,,,,,,,,,,1,,1,,1,,1,,1,,1,1,1,,1,,1,,1,1,1,,1,1,1,,1,1,,,,,,,,,,,1,1,,,1,,,,,,,,,,,1,1,1,,1,1,,,1,,1,,,,,1,,,1,1,,,1,,1,,1,,1,,1,,1,,1
Anicla exuberans,,1,,,1,,,,,,,,,,,,,,1,,,,,,,,,,,,,,,,,,,,,,,,,1,,,,,,,,,,,,,,1,1,1,,,,,,1,1,,,,,,,,,,,,,,,1,1,1,1,,,,,,,,,,,,,,,,1,,,1,,1,,1,,,,1,,1,,,,,,,,,1,1,,1,1,1,,,,,,,,,,1,,,,,,,,,,,,1,,1,,1,,1,,1,,1,,1,,1,,1,,1,,1,,1,,1,,1,1,,,,,,,,,,,1,,,1,1,,,,,,,,,,,1,,1,,,,1,,1,,1,,,,,1,,,1,1,,,1,1,1,,1,,1,,1,,1,,1
Anicla tepperi,,,,,,,,,,,,,,,,,,,,,,,,,,,,,,,,,,,,,,,,,,,,,,,,,,,,,,,,,,,1,,,,,,,1,,,,,,,,,,,,,,,1,1,1,,,,,,,,,,,,,,,,,,1,,,1,,1,,1,,,,1,,,,,,,,,,,,1,,,1,,,,,,,,,,,1,,,,,,,,,,,1,1,,1,,1,,1,,1,,1,,1,,1,,1,,1,,1,,1,1,1,,1,,,,,,,,,,,,1,,,1,1,,,,,,,,,,,1,,1,,,,1,,1,,1,,,,,,1,1,1,1,,,1,1,1,,1,,1,,1,,1,,1
Striacosta albicosta,,1,,,,,,,,,,,,,,,,,,1,,,,,,,,,,,,,,,,,,,,,,,,,,,,,,,,,,,,,,1,1,1,,,,,,1,1,,,,,,,,,,,,,,,1,1,1,1,,,,,,,,,,,,,,,,1,,,1,,1,,1,,,,,1,,,,,,,,,,,1,1,,,1,,,,,,,,,,1,,,,,,,,,,,,1,,1,,1,,1,1,1,,1,1,,,1,1,1,,1,1,1,,1,1,1,,1,,,,,,,,,,,,1,,,1,1,1,,,,,,,,,,1,,1,,,1,1,,1,,1,,,,,,1,1,1,1,1,,1,,1,,1,,1,,1,,1,,1
Actebia fennica,1,,,,1,,,1,,1,,,,,,,,,,,,,,,,,,,,,,,,,,,,,,,,1,,1,1,1,,,,,,,,,,,,,1,1,1,,,,,1,1,,,,,,,,,,,,,,1,1,1,1,1,,,,,,,,,,,,,,,,1,,,1,,1,,1,,1,,,1,,,,,,,,,,,1,,1,1,1,,1,,,,,,,,1,,,,,,,,,,,,1,,1,,1,,1,,1,,1,,1,,1,,1,,1,1,,,1,,1,,1,1,,,,,,,,,,,1,,,1,1,,,,,,,,,,,1,1,1,,1,1,1,,1,,1,,,,,1,,1,,1,,,1,,1,,1,,1,,1,,1,,1
Actebia balanitis,1,1,,,1,,,,,1,1,,,1,,,1,,,1,,1,1,1,,,,,,,,,,,,,,,,,,,,1,,,,,,,,,,,,,,1,1,1,1,,,,,1,1,,,,,,,,,,,,,,1,1,1,1,1,,,,,,,,,,,,,,,,1,,,1,,1,,1,,,,1,,1,,,,,,,,,1,1,,,1,,,,,,,,,,,1,,,,,,,,,,,,1,,1,,1,,1,,1,,1,,1,,1,,1,,1,1,,,1,,1,,1,1,,,,,,,,,,,1,,,1,1,,,,,,,,,,,1,1,1,,1,1,1,,1,,1,,,,,1,,1,1,1,,,1,,1,,1,,1,,1,,1,,1
Dichagyris grotei,,1,1,,,,,,,,,,,,,,,1,,,,,,1,,,,,,1,,,,,,,,,,,,,,,,,,,,,,,,,,,,,1,1,,,,,,1,,,,,,,,,,,,,,1,1,,,,,,,,,,,,,,,,,,,,1,,,1,,1,,1,,,,,1,1,,,,,,,,,,1,,,1,1,,,,,,,,,,1,,,,,,,,,,,,1,1,1,,1,,1,,1,,1,1,1,,1,,1,,1,1,1,,1,,1,,1,1,,,,,,,,,,,1,,1,1,,,,,,,,,,,,1,,1,,,1,1,,1,1,1,1,,,1,1,1,1,1,1,,,1,1,1,,1,,1,,1,,1,,1
Dichagyris variabilis,1,1,1,,1,1,,1,1,1,1,1,,1,1,1,1,,1,1,1,,1,1,,1,1,1,1,1,1,1,1,1,,,,,,,,1,,1,1,,,,,,,,,,,,1,1,1,1,1,1,,,,1,1,,,,,,,,,,,,,,1,1,1,1,1,,,,,,,,,,,,,,,,1,,,1,,1,,1,,,1,,,1,1,1,,,,,,,1,1,,,1,1,,,,,,,,,,1,,,,,,,,,,,,1,,1,,1,,1,,1,,1,1,1,,1,,1,,1,1,1,,1,1,1,,1,,,1,,,,,,,,,1,,,,1,1,,,,,,,,,,1,1,1,,1,,1,,1,,1,,,,,,1,1,1,1,,,1,,1,,1,,1,,1,,1,,1
Eucoptocnemis canescens,,1,1,,,,,,,,,,,,,,,,,1,,,,,,,,,,,,,1,,,,,,,,,,,,,,,,,,,,,,,,,,,,1,,,,,1,,,,,,,,,,,,,,1,1,1,1,,,,,,,,,,,,,,,,,,1,,,1,,1,,1,,,,1,1,1,,,,,,,,,1,,,1,1,1,,,,,,,,,,1,,,,,,,,,,,,1,,1,,1,,1,,1,,1,,1,,1,1,1,,1,1,1,,1,,1,,1,,,,,,,,,,,,1,,,1,,,,,,,,,,,,1,,1,,,,1,,1,,1,,,,,,1,1,1,1,,,1,,1,,1,,1,,1,,1,,1
Richia parentalis,,,,1,,,,,,,,,,,,,,,,,,,,,,,,,,,,,,,,,,,,,,,,,,,,,,,,,,,,,,,,,1,,,,,1,1,,,,,,,,,,,,,,,,1,1,1,,,,,,,,,,,,,,,,1,,,1,,1,,1,,,,1,1,1,,,,,,,,,1,,,1,1,1,,,,,,,,,,1,,,,,,,,,,,,1,,1,,1,,1,,1,,1,,1,,1,,1,,1,1,1,,1,,1,,,,,1,,,,,,,,,1,,,,1,,,,,,,,,,,1,,1,,,,1,,1,,1,,,,,,1,1,1,1,,,1,,1,,1,,1,,1,,1,,1
Copablepharon mutans,1,,,,,,,,,1,,,,,,,,,,,,,,,,,,,,,,,,,,,,,,,,,,,,,,,,,,,,,,,,,,1,1,,,,,1,1,,,,,,,,,,,,1,1,1,1,1,1,1,,,,,,,,,,,,,,,,1,,,1,,1,,1,,,,,1,1,1,,,,,,,,,1,,,1,1,1,,,,,,,,,1,,,,,,,,,,,,1,,1,,1,,1,,1,,1,1,1,,1,,1,,1,,1,,1,1,1,,,1,1,,,,,,,,,,1,,1,,,1,,,,,,,,,,1,1,1,,1,,1,,1,,1,,,,,1,1,1,1,1,,,1,,1,,1,,1,,1,,1,,1
Copablepharon columbia,1,,,,,,,,,1,,,,,,,,,,,,,,,,,,,,,,,,,,,,,,,,,,,,,,,,,,,,,,,,1,,,,,,,,1,,,,,,,,,,,,,,,1,1,1,,,,,,,,,,,,,,,,,,1,,,1,,1,,1,,,,,,1,1,,,,,,,,1,1,,,1,1,1,,,,,,,,,1,,,,,,,,,,,1,1,,1,,1,,1,,1,,1,1,1,,1,,1,,1,,1,,1,1,1,1,,,1,,,,,,,,,,1,,1,,,1,,,,,,,,,,1,,1,,,1,1,,1,,1,,,,,1,,1,1,1,,,1,,1,,1,,1,,1,,1,,1
Copablepharon spiritum,1,1,1,,,,,,,1,,,,,,,,,,,,1,,,,,,1,,,,,1,1,,,,,,,,,,,,,,,,,,,,,,,,,1,1,1,,,,,1,1,,,,,,,,,,,,,,,,1,1,1,,,,,,,,,,,,,,,,1,,,1,,1,,1,,,1,,,,1,,,,,,,,1,1,,,,,,,,,,,,,,1,,,,,,,,,,,,1,,1,,1,,1,,1,,1,,1,,1,,1,,1,,1,,1,1,1,,1,,,,,,,,,,,,1,,,,,,,,,,,,,,,1,,1,,,,1,,1,,1,,,,,,1,,1,1,,,1,,1,,1,,1,,1,,1,,1
Copablepharon canariana,,1,1,,,,,,,,,,,,,,,,1,,,1,1,,,,,,,1,,,1,,,,,,,,,,,,,,,,,,,,,,,,1,,1,1,,,,,,1,,,,,,,,,,,,,,,1,1,1,,,,,,,,,,,,,,,,,,1,,,1,,1,,1,,,,,,,1,,,,,,,,1,,,,,,,,,,,,,,,1,,,,,,,,,,,,1,,1,,1,,1,,1,,1,,1,,1,,1,,1,,1,,1,,1,,1,,,,,,,,,,,,1,,,,,1,1,,,,,,,,,1,,1,,,,1,,1,,1,,,,,1,1,1,,1,,,1,,1,,1,,1,,1,,1,,1
Copablepharon grandis,,,1,,,,,,,,,,,,,,,,,,,,,,,,,,,,,,1,1,,,,,,,,,,,,,,,,,,,,,,,,,1,,,,,,,1,1,,,,,,,,,,,,,,,1,1,1,1,,,,,,,,,,,,,,,,1,,,1,,1,,1,,,,,,1,1,,,,,,,,1,,,,,,,,,,,,,,,1,,,,,,,,,,,,1,,1,,1,,1,,1,,1,,1,,1,,1,,1,,1,,1,,1,,1,,,,,,,,,,,,1,,,,,,,,,,,,,,,1,,1,,,,1,,1,,1,,,,,,1,1,1,1,,,1,,1,,1,,1,,1,,1,,1
Copablepharon absidum,1,1,1,,,,,,,1,,,,,,,,,,1,,,,,,,,,1,,,,1,,,,,,,,,,,,,,,,,,,,,,,1,1,1,1,1,1,1,,,,1,1,,,,,,,,,,,,,,1,1,1,1,1,,,,,,,,,,,,,,,,1,,,1,,1,,1,,,,,,1,1,,,,,,,,1,,,1,1,1,1,,,,,,,,1,1,1,1,,,,,,1,,1,,1,,1,,1,,1,,1,,1,,1,,1,,1,,1,,1,,1,1,1,,1,1,,1,,,,,,,,,1,,,1,1,1,,,,,,,,,,1,,1,,,,1,1,1,,1,,,,,1,1,1,1,1,,,1,,1,,1,,1,,1,,1,,1
Copablepharon fuscum,1,,,,1,,,1,,,,,,,,,,,,,,,,,,,,,,,,,,,,,,,,,,1,1,,,,,,,,,,,,,,1,1,,,,,,,,1,,,,,,,,,,,,,,,,1,1,,,,,,,,,,,,,,,,,,1,,,1,,1,,1,,,,,1,,,,,,,,,,,1,,,,1,1,,,,,,,,1,1,1,1,,,,,,1,,1,,1,,1,,1,,1,,1,,1,1,1,,1,,1,,1,,1,,1,,1,,,1,1,,,,,,,,,,1,,,,,,,,,,,,,,,1,,1,,,,1,,1,,1,,,,,1,,1,,1,,,1,,1,,1,,1,,1,,1,,1
Copablepharon atrinotum,,,1,,,,,,,,,,,,,,,,,,,,,,,,,1,,,,,1,,,,,,,,,,,,,,,,,,,,,,,,,1,1,,,,,,,1,1,,,,,,,,,,,,,,,1,1,1,1,,,,,,,,,,,,,,,,1,,,1,,1,,1,,,,,1,1,1,,,,,,,,,1,,1,1,1,,,,,,,,,1,1,1,1,,,,,,1,,1,,1,,1,,1,,1,,1,,1,1,1,,1,,1,,1,,1,,1,,1,,1,1,1,,,,,,,,,,1,,1,1,1,,,,,,,,,,,1,,1,,,,1,1,1,,1,,,,,1,1,1,1,1,,,1,,1,,1,,1,,1,,1,,1
Copablepharon viridisparsa,1,1,1,,1,,,,1,1,,,,1,1,,,,1,,1,1,,,,,,1,,1,,,1,,,,,,,,,,,,1,,,,,,,,,,,,,1,1,1,,,,,,1,1,,,,,,,,,,,,,,,1,1,1,1,,,,,,,,,,,,,,,,1,,,1,,1,,1,,,,1,1,1,,,,,,,1,,1,1,,1,1,1,1,,,,,,,,1,1,1,1,,,,,,1,,1,,1,,1,,1,,1,,1,,1,,1,,1,,1,,1,,1,,1,1,1,,,1,1,,,,,,,,,,1,,1,,,,,,,,,,,,,1,,1,,,,1,,1,,1,,,,,1,,,1,1,,,1,,1,,1,,1,,1,,1,,1
Protogygia comstocki,1,,1,,,,,,,1,,,,,,,,,,,,,,,,,,1,,,,1,1,,,,,,,,,,,,,,,,,,,,,,,,1,1,,,1,,,,,1,1,,,,,,,,,,,,,,1,1,1,1,1,,,,,,,,,,,,,,,,1,,,1,,1,,1,,,,1,1,1,,,,,,,,,1,1,1,1,1,1,,,,,,,,,,1,,,,,,,,,,,,1,1,1,,1,,1,,1,,1,,1,,1,,1,,1,1,1,,1,,1,,1,,,,,,,,,,,,1,,,1,1,,,,,,,,,,,1,1,1,,1,1,1,,1,,1,,,,,1,1,1,1,1,,,1,,1,,1,,1,,1,,1,,1
Protogygia enalaga,1,1,1,,,,,,,1,,,,,,,,,1,,,,,,,,,1,1,1,,,1,1,,,,,,,,,,,,,,,,,,,,,,1,1,1,1,,,,,,,1,1,,,,,,,,,,,,,,,1,1,1,1,,,,,,,,,,,,,,,,1,,,1,,1,,1,,,,1,1,1,,,,,,,,,1,1,1,1,1,1,,,,,,,,,,1,,,,,,,,,,,1,1,1,1,,1,,1,1,1,,1,,1,,1,1,1,,1,,1,1,1,,1,,1,,,,,,,,,,,,1,,,1,1,,,,,,,,,,,1,1,1,,1,1,1,,1,,1,,,,,1,1,1,,1,,,1,1,1,,1,,1,,1,,1,,1
Protogygia lagena,1,1,1,,,,,,,1,,,,,,,,,1,1,,,,,,,,,,,,,1,,,,,,,,,,,,,,,,,,,,,,,1,1,1,1,,,,,,,1,1,,,,,,,,,,,,,,,1,1,1,1,1,,,,,,,,,,,,,1,,1,,,1,,1,,1,,,,,1,1,,,,,,,,,1,1,1,1,1,1,,,,,,,,,,1,,,,,,,,,,,1,1,1,1,,1,,1,1,,,1,,1,,1,1,1,,1,,1,1,1,,1,,1,,,1,,,,,,,,,1,,,,1,1,,,,,,,,,,1,1,1,,1,1,1,,1,,1,,,,,1,1,1,1,1,,,1,,1,,1,,1,,1,,1,,1
Protogygia postera,1,1,1,,,,,,,1,,,,,,,,,1,,,,,,,,,1,,1,,,1,1,,,,,,,,,,,,,,,,,,,,,,,,1,1,1,1,,,,,1,,,,,,,,,,,,,,1,1,1,,,,,,,,,,,,,,,,,,,1,,,1,,1,,1,,,,,1,1,,,,,,,,,1,1,1,1,1,1,,,,,,,,,,1,,,,,,,,,,,,1,1,1,,1,,1,1,,,1,,1,,1,,1,,1,,1,1,1,,1,,1,,,,,,,,,,,,1,,,1,1,,,,,,,,,,,1,,1,,,1,1,,1,,1,,,,,,1,1,1,1,,,1,,1,,1,,1,,1,,1,,1
Protogygia arena,,1,1,,,,,,,,,,,,,,,,,1,,,,,,,,,,,,,1,1,,,,,,,,,,,,,,,,,,,,,,1,1,1,,1,,1,,,,1,,,,,,,,,,,,,1,1,,,,,,,,,,,,,,,,,,,,,1,,,1,,1,,1,,,,,,1,,,,,,,,,1,1,1,1,1,,,,,,,,,,,1,,,,,,,,,,,,1,,1,,1,,1,1,1,,1,,1,,1,1,1,,1,1,1,,1,,1,,1,1,,1,,,,,,,,,1,,,1,1,,,,,,,,,,,1,1,,,1,1,1,,1,,1,,,,,,1,,1,1,,,1,,1,,1,,1,,1,,1,,1
Protogygia album,1,,1,,,,,,,1,,,,,,,,,,,,,,,,,,,1,,,,,,,,,,,,,,,,,,,,,,,,,,,,,1,1,1,1,,,,,1,,,,,,,,,,,,,1,1,1,1,,,,,,,,,,,,,,,,,,,1,,,1,,1,,1,,,1,,,,,,,,,,,,1,1,,,,,,,,,,,,,,1,,,,,,,,,,,,1,,1,,1,,1,,1,,1,,1,,1,,1,,1,,1,,1,,1,,1,,,,,,,,,,,,1,,,,,,,,,,,,,,,1,,1,,,,1,,1,,1,,,,,,1,,1,1,,,1,,1,,1,,1,,1,,1,,1
Protogygia milleri,,,1,,,,,,,,,,,,,,,,,,,,,,,,,1,,1,1,1,1,,,,,,,,,,,,,,,,,,,,,,,,1,1,1,1,,,,,,1,,,,,,,,,,,,,,1,1,1,1,,,,,,,,,,,,,,,,,,1,,,1,,1,,1,,,,1,1,1,,,,,,,,,1,1,,1,1,1,,,,,,,,,,1,,,,,,,,,,,,1,,1,,1,,1,,1,,1,,1,,1,1,,,1,1,,,1,1,1,,,1,1,1,,,,,,,,,1,,1,,,,,,,,,,,,,1,1,1,,1,,1,,1,,1,,,,,1,,1,1,1,,,1,1,1,,1,,1,,1,,1,,1
Euxoa bochus,1,1,1,,1,,,,1,1,1,1,,1,1,1,1,1,1,,,1,1,1,,,,1,1,1,1,,1,,,,,,,,,,,1,1,1,,,,,,,,,,,,,1,1,1,,,,,1,,,,,,,,,,,,,1,1,1,1,,,,,,,,,,,,,,,,,,,1,,,1,,1,,1,,,,1,1,,,1,1,,,,,,,1,,1,1,1,,1,1,,,,,,,1,,,,,,,,,,,,1,,1,,1,,1,,1,,1,,1,,1,,1,,1,1,1,,1,1,1,,1,1,,1,,,,,,,,,1,,,1,1,,,,,,,,,,,1,1,,,1,,1,,1,,1,,,,,1,1,1,1,1,,,1,,1,,1,,1,,1,,1,,1
Euxoa adumbrata,1,,,,1,,,,,1,1,1,,1,,,,,,,,,,,,,,,,,,,,,,,,,,,,,,1,1,,,,,,,,,,,,1,1,1,1,1,,,,,1,1,,,,,,,,,,,,,1,1,1,1,1,1,,,,,,,,,,,,,,,,1,,,1,,1,,1,,1,,,1,,,1,,,,,,,,,1,1,1,1,,,,,,,,,,1,,,,,,,,,,,,1,,1,,1,,1,,1,,1,,1,,1,1,1,,1,1,,,1,1,1,,1,1,,1,,,,,,,,,1,,1,1,,1,,,,,,,,,,1,1,,,1,1,,,1,,1,,,,,1,,1,,1,,,1,,1,,1,,1,,1,1,1,,1
Euxoa auxiliaris,1,1,1,1,1,,,1,1,1,1,1,,1,1,1,1,1,1,1,1,1,1,1,,,1,1,1,1,,,1,1,,,1,,,,,,,1,1,,,,,,,,,,,1,1,1,1,1,1,1,,,,1,1,,,,,,,,,,,,,,,1,1,1,1,1,,,,,,,,,,,,,,,1,,,1,,1,,1,1,,,1,1,1,,,,,,,,,1,1,1,1,1,1,,,,,,,,,,1,,,,,,,,,,,,1,,1,,1,1,1,,1,,1,1,1,,1,1,1,,1,1,,,1,,1,,1,1,1,1,,,,,,,,,1,,,1,1,,,,,,,,,,,1,1,1,,1,1,,,1,,1,,,,,1,,1,1,1,,,1,1,1,,1,,1,,1,,1,,1
Euxoa shasta,1,,1,,,,,,1,1,,1,,1,1,,,,,,,,,,,,,1,,1,1,1,,,,,,,,,,,,,,,,,,,,,,,,,,,1,1,1,1,,,,1,1,,,,,,,,,,,,,,,,,1,1,1,,,,,,,,,,,,,,,1,,,1,,1,,1,,,,,1,,,,,,,,,,1,,1,,,1,,,,,,,,,,1,,,,,,,,,,,,1,,1,,1,,1,,1,,1,,1,,1,,1,,1,1,1,,1,,1,,,1,,1,,,,,,,,,1,,,1,1,,,,,,,,,,,1,1,1,,1,1,,,1,,1,,,,,1,,,1,1,,,1,,1,,1,,1,,1,,1,,1
Euxoa biformata,1,1,1,,1,,,,1,,,,,1,1,,,,1,,,,,1,,,1,,,1,1,,,,,,,,,,,,,,1,,,,,,,,,,,,,,1,1,1,,,,,1,1,,,,,,,,,,,,,,,,1,1,1,1,,,,,,,,,,,,,,,1,,,1,,1,,1,,,,,1,,,,,,,,,,1,,1,,,1,,,,,,,,,,1,,,,,,,,,,,,1,,1,,1,,1,,1,,1,,1,,1,,1,,1,1,,,1,,1,,,1,,1,,,,,,,,,1,,,1,1,,,,,,,,,,,1,1,,,1,1,,,1,,1,,,,,1,1,,1,1,,,1,,1,,1,,1,,1,,1,,1
Euxoa intermontana,1,1,1,,,,,,1,1,1,1,,1,1,,,,,1,,,1,,,,,1,,1,1,,1,,,,,,,,,,,1,,,,,,,,,,,,,,,1,1,1,1,,,,1,1,,,,,,,,,,,,,,,,1,1,1,,,,,,,,,,,,,,,,1,,,1,,1,,1,,,,,1,,,,,,,,,,1,,1,1,,,,,,,,,,,,1,,,,,,,,,,,,1,,1,,1,,1,,1,,1,,1,,1,,1,,1,1,,,1,,1,,1,1,,1,,,,,,,,,1,,,1,1,,,,,,,,,,,1,1,1,,1,1,1,,1,,1,,,,,1,1,1,1,1,,1,1,,1,,1,,1,,1,,1,,1
Euxoa mimallonis,1,1,1,,1,,,,1,1,1,,,1,1,,1,,1,1,1,1,,1,,,,1,,1,1,,1,,,,,,,,,,,1,1,,,,,,,,,,,,,,1,1,1,,,,,1,1,,,,,,,,,,,,,,,1,1,1,1,,,,,,,,,,,,,,,,1,,,1,,1,,1,,,,,1,,,1,,,,,,,1,1,1,1,,,,,,,,,,,,1,,,,,,,,,,,,1,,1,,1,,1,,1,,1,,1,,1,,1,,1,1,1,,1,,1,,1,1,,1,,,,,,,,,1,,,1,1,,,,,,,,,,,1,1,1,,1,1,1,,1,1,1,1,,,1,1,1,1,1,1,,,1,,1,,1,,1,,1,,1,,1
Euxoa septentrionalis,1,1,1,,,,,1,1,1,1,1,,1,1,1,1,1,1,1,,,1,1,,1,1,1,,1,1,1,1,1,,,,,,,,,,,,,,,,,,,,,,,1,1,1,1,1,1,,,,1,1,,,,,,,,,,,,,,1,1,1,1,1,,,,,,,,,,,,,,,,1,,,1,,1,,1,,,,1,1,1,,,,,,,,,1,1,1,1,1,1,,,,,,,,,,1,,,,,,,,,,,,1,,1,,1,,1,,1,,1,,1,,1,1,1,,1,1,,,1,,1,,1,1,,1,,,,,,,,,1,,,1,1,,,,,,,,,,,1,1,,,1,1,1,,1,,1,,,,,1,1,1,1,1,,,1,,1,,1,,1,,1,,1,,1
Euxoa olivia,1,1,1,,1,,,,1,1,1,,,,,1,1,,1,1,,,1,1,,,,1,1,1,1,,1,1,,,,,,,,1,,1,1,1,,,,,,,,,,,1,1,,1,1,1,1,,,1,,,,,,,,,,,,1,1,1,1,1,,,,,,,,,,,,,,,,,,,1,,,1,,1,,1,,1,,1,1,1,,,,,,,,,1,1,1,1,1,1,,,,,,,,,,1,,,,,,,,,,,,1,,1,,1,1,1,1,1,,1,1,1,,1,1,1,,1,1,1,,1,1,1,,1,1,,1,,,,,,,,,1,,,1,1,,,,,,,,,,,1,1,,,1,1,1,,1,,1,,,,,1,1,1,1,1,1,,1,1,1,,1,,1,,1,,1,,1
Euxoa messoria,1,1,1,,1,1,,1,1,1,1,1,,1,1,1,1,,1,1,1,1,1,1,,,1,1,1,1,1,1,1,1,,,,,,,,1,,1,1,,,,,,,,,,,,1,1,1,1,1,1,,,,1,,,,,,,,,,,,,,1,1,1,1,,,,,,,,,,,,,,,,,,1,,,1,,1,,1,,,,,1,1,,,,,,,,,1,1,,,1,,,,,,,,,,,1,,,,,,,,,,,,1,,1,,1,,1,1,1,,1,,1,,1,1,1,,1,1,,,1,,1,,1,1,,1,,,,,,,,,1,,,1,1,,,,,,,,,,,1,1,1,,1,1,1,,1,,1,,,,,1,1,1,1,1,,,1,,1,,1,,1,,1,,1,,1
Euxoa divergens,1,1,1,1,1,1,,1,1,1,1,1,,1,1,1,1,1,1,,1,1,,1,,1,1,1,1,1,1,1,1,,,,1,1,,,,,,1,1,1,,,,,,,,,,,1,1,1,1,1,,,,,1,,,,,,,,,,,,1,1,1,1,1,,,,,,,,,,,,,,,,,,,1,,,1,,1,,1,,1,,,1,,,,1,,,,,,,1,1,1,1,1,,,1,,,,,,,1,,,,,,,,,,,,1,,1,,1,,1,,1,,1,,1,,1,1,1,,1,1,,,1,,1,,,1,1,1,,,,,,,,,1,,,1,1,,,,,,,,,,,1,1,1,,1,1,1,,1,,1,,,,,1,1,1,1,1,,,1,,1,,1,,1,,1,,1,,1
Euxoa edictalis,1,1,1,,1,,,,,1,,,,,,,,,,1,,,,,,,,1,,1,,,1,,,,,,,,,,,1,,,,,,,,,,,,1,1,,,,,,,,,1,,,,,,,,,,,,,,1,1,1,,,,,,,,,,,,,,,,,,,1,,,1,,1,,1,,,,,,1,,,,,,,,,1,1,,,1,,,,,,,,,,,1,,,,,,,,,,,,1,,1,,1,,1,,1,,1,,1,,1,,1,,1,1,1,,1,,1,,,1,1,1,,,,,,,,,1,,1,,,,,,,,,,,,,1,1,1,,1,,1,,1,,1,,,,,1,,,1,1,,,1,,1,,1,,1,,1,,1,,1
Euxoa westermanni,,,,,1,,,,,,,,,,,,,,,,,,,,,,,,,,,,,,,,,,,,,,,,,,,,,,,,,,,,,,1,,,,,,,1,,,,,,,,,,,,,1,1,1,1,,,,,,,,,,,,,,,,,,,1,,,1,,1,,1,,,,,1,,,,,,,,,,,,,,,1,,,,,,,,,,1,,,,,,,,,,,,1,,1,,1,,1,1,1,,1,1,1,,1,1,1,,1,1,,,1,,1,,,1,1,1,,,,,,,,,1,,,,,,,,,,,,,,,1,1,,,1,,1,,1,,1,,,,,1,1,1,,,1,1,1,1,1,,1,,1,,1,,1,,1
Euxoa quebecensis,1,,,,1,1,,1,1,,,,,1,1,,,,,,,,,,,,,,,,,,,,,,,,,,,,1,,1,,,1,,,,,,,,,,1,1,1,1,,,,,1,,,,,,,,,,,,,,1,1,1,,,,,,,,,,,,,,,,,,,1,,,1,,1,,1,,,,1,,1,,,,,,,,,1,1,1,,1,,,,,,,,,,,1,,,,,,,,,,,,1,,1,,1,,1,,1,,1,,1,,1,,1,,1,1,1,,1,,1,,,1,1,1,,,,,,,,,1,,,1,1,1,,,,,,,,,,1,1,,,1,,1,,1,,1,,,,,1,,,1,1,,,1,,1,,1,,1,,1,,1,,1
Euxoa aurulenta,1,1,1,,,,,,,1,,,,,,,,,,1,,,,,,,,,1,,,,,,,,,,,,,,,,,,,,,,,,,,,1,1,1,1,,,,,,,1,,,,,,,,,,,,,1,1,1,1,1,,,,,,,,,,,,,,,,,,1,,,1,,1,,1,,,,,1,1,1,,,,,,,,1,1,1,,1,,,1,,,,,,,,1,,,,,,,,,,,,1,,1,,1,,1,,1,,1,1,1,,1,,1,,1,1,1,,1,1,1,,1,1,1,1,,,,,,,,,1,,1,1,1,,,,,,,,,,,1,1,1,,1,,1,,1,,1,,,,,1,,1,1,1,,,1,,1,,1,,1,,1,,1,,1
Euxoa vallus,1,,,,1,,,,,,,,,1,,,,,,,,,,,,,,,,,,,,,,,,,,,,,,1,1,1,,,,,,,,,,,,,1,1,,,,,,1,1,,,,,,,,,,,,,,1,1,1,1,1,,,,,,,,,,,,,,,,1,,,1,,1,,1,,,,1,1,,,1,,,,,,,1,1,,1,1,1,,,,,,,,,,1,,,,,,,,,,,,1,,1,,1,,1,,1,,1,,1,,1,,1,,1,1,1,,1,,1,,,1,1,1,,,,,,,,,1,,1,,,,,,,,,,,,,1,1,1,,1,,1,,1,,1,,,,,1,,,1,1,1,,1,,1,,1,,1,,1,,1,,1
Euxoa macleani,1,,,,1,,,,,,,,,1,,,,,,,,,,,,,,,,,,,,,,,,,,,,,,1,,1,,,,,,,,,,,,,1,1,,,,,1,1,,,,,,,,,,1,1,1,1,1,1,,,,,,,,,,,,,,,,,,,,1,,,1,,1,,1,,,,1,1,1,,,,,,,,,1,1,,,,,,,,,,,,,,1,,,,,,,,,,,,1,,1,,1,,1,,1,,1,,1,,1,,1,,1,,1,,1,,1,,,1,1,,,,,,,,,,1,,1,,,1,,,,,,,,,,1,1,,,1,,1,,1,,1,,,,,1,,,1,1,,,1,,1,,1,,1,,1,,1,,1
Euxoa apopsis,1,,,,1,,,,,,,,,1,,,,,,,,,,,,,,,,,,,,,,,,,,,,,,1,,,,,,,,,,,,,,,1,,,,,,,1,,,,,,,,,,,,,1,1,,,,,,,,,,,,,,,,,,,,,1,,,1,,1,,1,,,,1,1,1,,,,,,,,,1,,,1,1,1,,,,,,,,,,1,,,,,,,,,,,,1,,1,,1,,1,,1,,1,,1,,1,,1,,1,,1,,1,,1,,,1,1,1,,,,,,,,,1,,1,,,1,,,,,,,,,,1,1,,,1,,1,,1,,1,,,,,1,,,1,1,1,,1,,1,,1,,1,,1,,1,,1
Euxoa trifasciata,1,,1,,,,,,1,,,,,,1,,,,,,,,,,,,,,,,1,1,,,,,,,,,,,,,,,,,,,,,,,,,,,1,1,,,,,,1,1,,,,,,,,,,,,,,1,1,1,1,1,,,,,,,,,,,,,,,,1,,,1,,1,,1,,,,,1,,,1,,,,,,,1,1,,,1,,,,,,,,,,,1,,,,,,,,,,,,1,,1,,1,,1,,1,,1,,1,,1,1,1,,1,1,1,,1,,1,,,,1,1,,,,,,,,,1,,,1,1,,,,,,,,,,,1,1,,,1,1,1,,1,,1,,,,,1,1,,1,1,,,1,,1,,1,,1,,1,,1,,1
Euxoa lewisi,1,,1,1,1,1,,,1,,1,,,1,1,,,,,,,,,,,,,,,,1,,,,,,1,,,,,,1,1,1,1,,,,,,,,,,,,1,1,1,,,,,,1,,,,,,,,,,,,,,1,1,1,1,,,,,,,,,,,,,,,,,,1,,,1,,1,,1,,,,,1,,,,1,,,,,,,1,,1,,1,,,,,,,,,,1,,,,,,,,,,,,1,,1,,1,,1,,1,,1,,1,,1,1,1,,1,1,,,1,,1,,,1,1,,,,,,,,,,1,,,,,,,,,,,,,,,1,1,,,1,,1,,1,,1,,,,,1,1,1,1,1,,,1,,1,,1,,1,,1,,1,,1
Euxoa altens,1,1,1,,1,,,,1,,1,1,,1,1,,,,,,1,,,,,,,1,,,1,1,1,,,,,,,,,,,1,,,,,,,,,,,,,,1,1,1,,,,,,1,,,,,,,,,,,,1,1,1,1,1,,,,,,,,,,,,,,,,,,,1,,,1,,1,,1,,,,1,1,1,,,,,,,,,1,1,,,1,,,,,,,,,,,1,,,,,,,,,,,,1,,1,,1,,1,,1,,1,,1,,1,,1,,1,1,1,,1,,1,,,1,1,1,,,,,,,,,1,,,1,1,1,,,,,,,,,,1,,1,,,,1,,1,,1,,,,,1,,,1,1,,,1,,1,,1,,1,,1,,1,,1
Euxoa cryptica,,,1,,,,,,,,,,,,,,,,,,,,,,,,,1,,,,,1,,,,,,,,,,,,,,,,,,,,,,,,,1,,1,,,,,,1,,,,,,,,,,,,,1,1,1,1,1,,,,,,,,,,,,,,,,,,1,,,1,,1,,1,,,,1,,,,,,,,,,,1,1,1,,,,,,,,,,,,,1,,,,,,,,,,,,1,,1,,1,,1,,1,,1,,1,,1,1,,,1,1,,,1,,1,,,1,,,,,,,,,,,1,,1,,,,,,,,,,,,,1,1,1,,1,1,1,,1,,1,,,,,1,,,1,1,,,1,,1,,1,,1,,1,,1,,1
Euxoa extranea,1,,1,,,,,,1,,,,,1,1,,,,,,,,,,,,,1,,,1,1,,,,,,,,,,,,,,,,,,,,,,,,,,,1,1,1,,,,,1,,,,,,,,,,,,,1,1,1,1,1,,,,,,,,,,,,,,,,,,1,,,1,,1,,1,,,,,1,,,,,,,,,,1,1,,1,,1,,,,,,,,,,1,,,,,,,,,,,,1,,1,,1,,1,,1,,1,,1,,1,,1,,1,1,1,,1,,1,,,1,1,1,,,,,,,,,1,,1,1,1,,,,,,,,,,,1,1,1,,1,1,1,,1,,1,,,,,1,,,1,1,,,1,,1,,1,,1,,1,,1,,1
Euxoa tristicula,1,1,1,,1,,,,,1,1,1,,,,1,1,,1,1,,,,1,,,,1,,1,,,1,1,,,,,,,,,,,1,1,,,,,,,,,,,1,1,1,1,1,,,,,1,1,,,,,,,,,,,,,,1,1,1,1,1,,,,,,,,,,,,,,,,1,,,1,,1,,1,,,,1,,1,,,,,,,,,1,1,,1,,,,,,,,,,,,1,,,,,,,,,,,,1,,1,,1,,1,1,1,,1,1,1,,1,1,1,,1,1,1,,1,1,1,,1,1,,1,,,,,,,,,1,,,1,1,,,,,,,,,,,1,1,1,,1,,1,,1,,1,,,,,1,1,,1,1,,,1,1,1,,1,,1,,1,,1,,1
Euxoa vetusta,1,1,1,,1,1,,1,,1,1,,,1,1,,,,,1,,,,,,1,1,,1,,1,1,,,,,,,,,,1,,1,,,,,,,,,,,,,1,1,1,1,1,,,,,1,1,,,,,,,,,,,,,,,1,1,1,1,,,,,,,,,,,,,,,,1,,,1,,1,,1,,,,1,,,,,,,,,,,,1,,,1,1,,1,1,,,,,,,1,,,,,,,,,,,,1,,1,,1,,1,,1,,1,,1,,1,1,,,1,1,,,1,1,1,,,1,1,1,,,,,,,,,1,,,1,1,,,,,,,,,,,1,1,,,1,,1,,1,,1,,,,,1,,1,1,1,,,1,1,,,1,,1,,1,,1,,1
Euxoa atomaris,1,1,1,,,,,1,1,1,1,1,,,1,1,,1,1,,,,,,,,1,1,1,1,1,1,1,1,,,,,,,,,,,,,,,,,,,,,,1,,1,1,1,1,1,,,,1,,,,,,,,,,,,1,1,1,1,,,,,,,,,,,,,,,,,,,,1,,,1,,1,,1,,1,,1,1,1,,,,,,,,,1,1,1,1,1,1,,,,,,,,,,1,,,,,,,,,,,,1,,1,,1,,1,,1,,1,,1,,1,1,1,,1,1,1,,1,1,1,,1,1,,1,,,,,,,,,1,,,1,1,1,,,,,,,,,,1,1,1,,1,1,1,,1,,1,,,,,1,1,1,1,1,,,1,,1,,1,,1,,1,,1,,1
Euxoa pleuritica,1,1,,,,,,,,1,,,,,,,,,,1,,,,,,,,,,,,,,,,,,,,,,,,,,,,,,,,,,,,,1,1,1,,,,,,,1,,,,,,,,,,,,,1,1,1,1,1,,,,,,,,,,,,,,,,,,1,,,1,,1,,1,,,,1,1,1,,,,,,,,,1,1,1,1,1,1,,,,,,,,,,1,,,,,,,,,,,,1,,1,,1,,1,,1,,1,,1,,1,1,1,,1,1,,,1,,1,,,1,1,1,,,,,,,,,1,,,1,1,,,,,,,,,,,1,1,1,,1,1,1,,1,,1,,,,,1,,1,1,1,,,1,,1,,1,,1,,1,,1,,1
Euxoa simona,1,1,1,1,,,,,1,1,,1,,1,1,,,,1,,,1,,,,1,,1,1,1,1,,1,,,,1,,,,,,,,,,,,,,,,,,,,1,1,1,1,1,,,,,1,1,,,,,,,,,,,,,,,1,1,1,1,1,,,,,,,,,,,,,,,1,,,1,,1,,1,,,,1,1,,,,,,,,,,1,1,,1,1,,,,,,,,,,,1,,,,,,,,,,,,1,,1,,1,,1,,1,,1,,1,,1,1,1,,1,1,1,,1,,1,,,1,1,1,,,,,,,,,1,,1,1,1,,,,,,,,,,,1,1,1,,1,1,1,,1,1,1,1,,,1,1,,1,1,1,,,1,,1,,1,,1,,1,,1,,1
Euxoa hardwicki,1,,,,,,,,,1,,,,,,,,,,,,,,,,,,,,,,,,,,,,,,,,,,,,,,,,,,,,,,,1,1,,,,,,,,1,,,,,,,,,,,,,1,1,1,,,,,,,,,,,,,,,,,,,,1,,,1,,1,,1,,,,1,1,1,,,,,,,,,1,,,1,1,1,,,,,,,,,,1,,,,,,,,,,,,1,,1,,1,,1,1,1,,1,,1,,1,1,1,,1,1,1,,1,,1,,,1,1,,,,,,,,,,1,,1,,,1,,,,,,,,,,1,1,,,1,,1,,1,,1,,,,,1,,,1,1,,,1,,1,,1,,1,,1,,1,,1
Euxoa medialis,,,1,,,,,,,,,,,,,,,,,,,,,,,,,,,,,,1,,,,,,,,,,,,,,,,,,,,,,,,,,,,1,,,,,1,1,,,,,,,,,,,,,1,1,1,1,1,1,,,,,,,,,,,,,,,,1,,,1,,1,,1,,,,,,1,,1,,,,,,,1,1,,1,1,1,,1,,,,,,,,1,,,,,,,,,,,,1,,1,,1,,1,,1,,1,,1,,1,,1,,1,1,1,,1,,1,,1,,,,,,,,,,,,1,,,1,1,,,,,,,,,,,1,,1,,,,1,,1,,1,,,,,,1,1,1,1,,,1,,1,,1,,1,,1,,1,,1
Euxoa bifasciata,1,,1,,,,,,,1,,,,1,,,,,,,,,,,,,,,,1,,1,1,,,,,,,,,,,,,,,,,,,,,,,,,,1,1,1,,,,,1,,,,,,,,,,,,,1,1,1,,,,,,,,,,,,,,,,,,,,1,1,,1,,1,,1,,,,1,1,,,,,,,,,,1,1,,,1,,,,,,,,,,,1,,,,,,,,,,,,1,,1,,1,,1,,1,,1,,1,,1,,1,,1,,1,,1,,1,,,1,1,,,,,,,,,,1,,,,,,,,,,,,,,,1,,1,,,,1,,1,,1,,,,,1,,,1,1,,,1,,1,,1,,1,,1,,1,,1
Euxoa perexcellens,1,1,1,,,1,,1,1,1,1,,,,1,,1,,,,,1,,,,1,1,1,,1,1,1,1,,,,,,,,,,,,,,,,,,,,,,,,1,1,1,1,1,1,,,,1,1,,,,,,,,,,,,,,,1,1,1,1,,,,,,,,,,,,,,,,1,,,1,,1,,1,,1,,,1,1,,,,,,,,,,1,1,1,1,1,,1,,,,,,,,1,,,,,,,,,,,,1,,1,,1,1,1,,1,,1,1,1,,1,1,1,,1,1,,,1,,1,,,1,1,1,,,,,,,,,1,,1,1,1,,,,,,,,,,,1,1,,,1,1,,,1,,1,,,,,1,,1,1,1,,,1,,1,,1,,1,,1,,1,,1
Euxoa ustulata,1,1,,,,,,,,1,,,,,,,,,1,,,,,,,,,,,,,,,,,,,,,,,,,,,,,,,,,,,,,,,,1,1,,,,,,1,1,,,,,,,,,,,,,,1,1,1,1,1,,,,,,,,,,,,,,,,1,,,1,,1,,1,,,,,1,,,,,,,,,,1,1,1,1,,1,,,,,,,,,,1,,,,,,,,,,,,1,,1,,1,,1,,1,,1,,1,,1,,1,,1,1,1,,1,,1,,,1,1,1,,,,,,,,,1,,1,1,1,,,,,,,,,,,1,1,1,,1,1,,,1,,1,,,,,1,,1,1,1,1,,1,,1,,1,,1,,1,,1,,1
Euxoa rufula,1,,1,1,1,,,,1,,,,,1,1,,,,,,,,,,,,,1,,,1,,,,,,1,,,,,,,1,,1,,,,,,,,,,,,,1,1,1,,,,,1,,,,,,,,,,,,1,1,1,,,,,,,,,,,,,,,,,,,,,1,,,1,,1,,1,,,,,1,,,,,,,,,,1,1,1,1,,,,,1,,,,,,,1,,,,,,,,,,,,1,,1,,1,,1,,1,,1,,1,,1,,1,,1,1,,,1,1,1,,,1,1,1,,,,,,,,,1,,,1,1,1,,,,,,,,,,1,1,,,1,1,1,,1,,1,,,,,1,,,1,1,1,,1,,1,,1,,1,,1,,1,,1
Euxoa intrita,1,1,1,1,1,,,1,1,1,1,,,,1,1,1,,,,,1,,1,,,1,1,,1,1,,1,1,,,1,,,,,1,,1,,,,,,,,,,,,,,1,1,1,1,1,,,,1,,,,,,,,,,,,1,1,1,1,1,,,,,,,,,,,,,,,,,,,1,,,1,,1,,1,,1,,1,1,1,,,,,,,,,1,1,,1,1,1,,1,,,,,,,,1,,,,,,,,,,,,1,,1,,1,,1,,1,,1,,1,,1,,1,,1,1,1,,1,1,1,,1,1,,1,,,,,,,,,1,,,1,1,,,,,,,,,,,1,1,1,,1,1,1,,1,1,1,1,,,1,1,1,1,1,1,1,,1,,1,,1,,1,,1,,1,,1
Euxoa annulipes,,1,1,,,,,,,,,,,,,,,,1,,,,,,,,,,,1,,1,1,,,,,,,,,,,,,,,,,,,,,,,,,1,1,1,1,,,,,1,,,,,,,,,,,,1,1,1,1,,,,,,,,,,,,,,,,,,,,1,,,1,,1,,1,,,,,,1,,,,,,,,,,1,,,,,,,,,,,,,,1,,,,,,,,,,,,1,,1,,1,,1,,1,,1,,1,,1,,1,,1,1,1,,1,,1,,1,1,,1,,,,,,,,,1,,,1,1,,,,,,,,,,,1,1,1,,1,,1,,1,,1,,,,,1,1,,1,1,,,1,,1,,1,,1,,1,,1,,1
Euxoa emma,1,,,,,,,,,,1,,,,,,,,,,,,,,,,,,,,,,,,,,,,,,,,,,,,,,,,,,,,,,,1,1,,,,,,,1,,,,,,,,,,,,,1,1,1,,,,,,,,,,,,,,,,,,,,1,,,1,,1,,1,,,,,,1,,,,,,,,,,1,,,,,,,,,,,,,,1,,,,,,,,,,,,1,,1,,1,,1,,1,,1,,1,,1,,1,,1,1,1,,1,,1,,1,1,,1,,,,,,,,,1,,,1,1,,,,,,,,,,,1,1,1,,1,,1,,1,,1,,,,,1,1,,1,1,,,1,,1,,1,,1,,1,,1,,1
Euxoa terrenus,1,1,1,,1,,,1,1,1,1,1,,1,1,1,1,1,1,,1,1,,1,,1,1,1,1,1,1,1,1,,,,,,,,,,1,1,1,1,,,,,,,,,,,1,1,1,1,,,,,,1,,,,,,,,,,,,,,1,1,1,1,,,,,,,,,,,,,,,,,,1,,,1,,1,,1,,,,1,1,1,,,,,,,,,1,1,,1,1,1,,,,,,,,,,1,,,,,,,,,,,,1,,1,,1,,1,,1,,1,,1,,1,,1,,1,1,1,,1,,1,,,1,1,1,,,,,,,,,1,,,,,,,,,,,,,,,1,1,1,,1,,1,,1,,1,,,,,1,,,1,1,,,1,,1,,1,,1,,1,,1,,1
Euxoa absona,,1,,,,,,,,,,,,,,,,,1,,,,,,,,,,,,,,,,,,,,,,,,,,,,,,,,,,,,,,,1,1,,,,,,,1,,,,,,,,,,,,,,1,1,1,1,,,,,,,,,,,,,,,,,,1,,,1,,1,,1,,,,1,,,,,,,,,,,,1,1,,1,,,,,,,,,,,1,,,,,,,,,,,,1,1,1,,1,,1,1,1,,1,1,1,,1,1,1,,1,1,1,,1,,1,,,1,1,,,,,,,,,,1,,1,,,,,,,,,,,,,1,1,1,,1,,1,,1,,1,,,,,1,,,1,1,,,1,,1,,1,,1,,1,,1,,1
Euxoa tocoyae,,,1,,,,,,,,,,,,,,,,,,,,,,,,,1,,,1,1,1,,,,,,,,,,,,,,,,,,,,,,,,1,1,,,,,,,,1,1,,,,,,,,,,,,,,1,1,1,1,1,,,,,,,,,,,,,,,,1,,,1,,1,,1,,,,,1,,,1,,,,,,,1,,,,1,,,,,,,,,,,1,,,,,,,,,,,,1,,1,,1,,1,,1,,1,,1,,1,,1,,1,1,1,,1,,1,,,1,1,1,,,,,,,,,1,,,1,1,1,,,,,,,,,,1,1,1,,1,,1,,1,,1,,,,,1,,,1,1,,,1,,1,,1,,1,,1,,1,,1
Euxoa scotogrammoides,1,1,1,,1,,,,1,1,1,1,,,,,,,1,1,,,,,,,,,1,1,,1,1,,,,,,,,,,,1,,,,,,,,,,,,,1,1,1,,,,,,,1,1,,,,,,,,,,,,,1,1,1,1,1,1,,,,,,,,,,,,,,,,1,,,1,,1,,1,,,,1,1,,,,,,,,,,1,1,,1,1,,,,,,,,,,,1,,,,,,,,,,,,1,,1,,1,,1,,1,,1,,1,,1,,1,,1,,1,,1,,1,,,1,1,,,,,,,,,,1,,1,,,1,,,,,,,,,,1,1,1,,1,,1,,1,,1,,,,,1,,,1,1,,,1,,1,,1,,1,,1,,1,,1
Euxoa pluralis,1,1,1,,1,,,,,1,1,,,1,,,,,1,1,,1,,1,,,,1,,1,,,1,,,,,,,,,,,1,,,,,,,,,,,,,1,1,1,1,1,,,,,1,,,,,,,,,,,,,,1,1,1,1,,,,,,,,,,,,,,,,,,1,,,1,,1,,1,,,,1,,1,,1,,,,,,,,1,1,1,1,1,,1,,,,,,,,1,,,,,,,,,,,,1,,1,,1,,1,,1,,1,,1,,1,1,1,,1,1,,,1,,1,,1,1,,1,,,,,,,,,1,,,1,1,,,,,,,,,,,1,1,1,,1,1,,,1,,1,,,,,1,,1,,1,,1,1,,1,,1,,1,,1,,1,,1
Euxoa permixta,1,,1,,,,,,1,1,,1,,1,,,,,,,,,,,,,,1,,1,,,1,,,,,,,,,,,,,,,,,,,,,,,,,1,1,1,,,,,,1,,,,,,,,,,,,,1,1,1,1,,,,,,,,,,,,,,,,,,,1,,,1,,1,,1,,,,,1,1,,,,,,,,,1,1,,,1,,,,,,,,,,,1,,,,,,,,,,,,1,,1,,1,,1,,1,,1,,1,,1,,1,,1,1,1,,1,,1,,,1,1,1,,,,,,,,,1,,,1,1,1,,,,,,,,,,1,1,,,1,,1,,1,,1,,,,,1,,,1,1,,,1,,1,,1,,1,,1,,1,,1
Euxoa setonia,1,1,1,,1,,,,1,1,,1,,,,,1,,1,,,1,,,,,,,1,1,,,1,,,,,,,,,,,1,1,,,1,,,,,,,,,1,1,1,1,1,,,,,1,,,,,,,,,,,,,,1,1,1,1,,,,,,,,,,,,,,,,,,1,,,1,,1,,1,,1,,,,1,,,,,,,,,,,,,1,,,,,,,,,,,1,,,,,,,,,,,,1,,1,,1,,1,,1,,1,,1,,1,,1,,1,1,1,,1,1,1,,,1,1,,,,,,,,,,1,,,,,1,,,,,,,,,,1,1,1,,1,,1,,1,,1,,,,,1,,,1,1,,,1,,1,,1,,1,,1,,1,,1
Euxoa pallidimacula,1,1,1,,,,,,1,1,,,,1,,,,,1,1,,,,,,,,,,1,,,1,,,,,,,,,,,,,,,,,,,,,,,,1,1,1,,,,,,,1,,,,,,,,,,,,,1,1,1,1,1,,,,,,,,,,,,,,,,,,1,,,1,,1,,1,,,,1,,1,,,,,,,,,1,1,,,1,,,,,,,,,,,1,,,,,,,,,,,,1,,1,,1,,1,,1,,1,,1,,1,,1,,1,1,1,,1,,1,,1,1,1,1,,,,,,,,,1,,1,1,,1,,,,,,,,,,1,,1,,,,1,,1,,1,,,,,1,,,1,1,,,1,,1,,1,,1,,1,,1,,1
Euxoa declarata,1,1,1,,1,,,1,1,1,,,,1,1,1,1,,,1,,,,,,1,1,1,1,1,1,,1,,,,,,,,,1,,1,1,,,,,,,,,,,,,1,1,1,1,1,,,,1,,,,,,,,,,,,,1,1,1,1,1,,,,,,,,,,,,,,,,,,1,1,,1,,1,,1,,,,,1,,,,1,,,,,,,1,,,,1,,,1,,,,,,,1,,,,,,,,,,,,1,,1,,1,,1,1,1,,1,,1,,1,1,,,1,1,,,1,,1,,1,1,,,,,,,,,,,1,,,1,1,1,,,,,,,,,,1,1,,,1,1,1,,1,,1,,,,,1,,1,,1,,,1,,1,,1,,1,,1,1,1,,1
Euxoa campestris,1,1,1,,1,,,,,,1,,,,,,,,,,,,,1,,,,,1,,,,,,,,,,,,,,,,1,,,,,,,,,,,,,,1,1,1,,,,,1,,,,,,,,,,,,,1,1,1,1,,,,,,,,,,,,,,,,,,,1,,,1,,1,,1,,,,,1,,,,,,,,,,1,1,,,,,,1,,,,,,,,1,,,,,,,,,,,,1,,1,,1,,1,,1,,1,,1,,1,1,,,1,1,1,,1,1,1,,,1,1,1,,,,,,,,,1,,,1,1,1,,,,,,,,,,1,1,,,1,1,1,,1,,1,,,,,1,,,1,1,1,,1,,1,,1,,1,,1,,1,,1
Euxoa cana,1,1,1,,,,,,1,1,,,,,,,,,1,,,,,,,,,,,1,,1,1,,,,,,,,,,,,,,,,,,,,,,,,,,1,1,1,1,,,,1,,,,,,,,,,,,,1,1,1,1,,,,,,,,,,,,,,,,,,,1,,,1,,1,,1,,,,1,1,,,,,,,,,,1,1,1,1,1,,,,,,,,,,,1,,,,,,,,,,,,1,,1,,1,,1,,1,,1,,1,,1,1,1,,1,1,1,,1,,1,,1,1,,1,,,,,,,,,1,,,1,1,,,,,,,,,,,1,1,1,,1,1,1,,1,,1,,,,,1,1,1,1,1,,,1,,1,,1,,1,,1,,1,,1
Euxoa rockburnei,1,1,1,,1,,,,1,1,1,1,,1,1,1,,,1,1,,1,1,1,,,1,1,,1,,,1,,,,,,,,,,,1,1,1,,,,,,,,,,,,1,1,1,1,1,,,,1,1,,,,,,,,,,,,,,1,1,1,1,1,,,,,,,,,,,,,,,,1,,,1,,1,,1,,,,,1,,,,1,,,,,,,1,1,,,1,,,,,,,,,,1,,,,,,,,,,,,1,,1,,1,,1,,1,,1,,1,,1,1,,,1,1,,,1,,1,,1,1,,1,,,,,,,,,1,,,1,1,,,,,,,,,,,1,1,,,1,1,,,1,1,1,1,,,1,1,,1,1,1,,,1,,1,,1,,1,,1,,1,,1
Euxoa silens,1,1,1,,1,,,,,1,,,,1,,,,,1,1,,,,,,,,1,,1,,,1,1,,,,,,,,,,1,,,,,,,,,,,,,1,1,1,1,,,,,,1,1,,,,,,,,,,,,,1,1,1,1,1,1,,,,,,,,,,,,,,,,1,1,,1,,1,,1,,,,1,,,,,,,,,,,,1,1,,1,,,,,,,,,,,1,,,,,,,,,,,,1,1,1,,1,,1,1,1,,1,1,1,,1,1,1,,1,1,1,,1,1,1,,1,1,,1,,,,,,,,,1,,,1,1,,,,,,,,,,,1,1,1,,1,1,,,1,,1,,,,,1,,1,1,1,,,1,,1,,1,,1,,1,,1,,1
Euxoa simulata,1,1,1,,1,,,,1,1,,1,,1,1,,,,1,,1,,,1,,,,,,1,,1,1,,,,,,,,,,,,1,,,,,,,,,,,,,1,1,1,1,,,,,1,,,,,,,,,,,,,1,1,1,1,,,,,,,,,,,,,,,,,,,1,,,1,,1,,1,,,,,,1,,,,,,,,,1,1,,,1,,,,,,,,,,,1,,,,,,,,,,,,1,,1,,1,,1,,1,,1,,1,,1,1,1,,1,1,,,1,1,1,,,1,1,1,,,,,,,,,1,,1,1,1,1,,,,,,,,,,1,1,,,1,,1,,1,,1,,,,,1,,,1,1,,,1,,1,,1,,1,,1,,1,,1
Euxoa punctigera,1,1,1,1,,,,1,1,1,1,1,,1,1,1,1,,1,1,1,1,,1,,1,,1,1,1,1,1,1,1,,,1,,,,,,,,,,,,,,,,,,,,,,1,1,1,1,,,,1,1,,,,,,,,,,,,,1,1,1,1,1,1,,,,,,,,,,,,,,,,1,,,1,,1,,1,,1,,1,1,1,,,,,,,,,1,1,,,,,,,,,,,,,,1,,,,,,,,,,,,1,,1,,1,,1,,1,,1,,1,,1,,1,,1,1,1,,1,,1,,1,1,1,1,,,,,,,,,1,,,1,1,,,,,,,,,,,1,1,1,,1,1,,,1,,1,,,,,1,,1,1,1,,,1,,1,,1,,1,,1,,1,,1
Euxoa pallipennis,1,1,1,1,,,,,,1,,,,,,,,,1,1,,,,,,,,1,1,1,,,1,1,,,,,,1,,,,,,,,,,,,,,,,,,,1,1,1,1,,,1,1,,,,,,,,,,1,1,1,1,1,1,,,,,,,,,,,,,,,,,,,,1,,,1,,1,,1,,,,1,1,1,,,,,,,,,1,1,,,1,,,,,,,,,,,1,,,,,,,,,,,,1,,1,,1,,1,,1,,1,,1,,1,1,1,,1,1,1,,1,1,1,,1,,,,,,,,,,,,1,,,1,,,,,,,,,,,,1,,1,,,,1,,1,,1,,,,,,1,1,1,1,,,1,,1,,1,,1,,1,,1,,1
Euxoa tessellata,1,1,1,,1,,,1,1,1,1,1,,1,1,1,1,,1,1,1,1,,1,,,1,1,1,1,1,1,1,1,,,,,,,,,,1,1,1,,1,,,,,,,,,1,1,1,1,1,1,,,,1,,,,,,,,,,,,1,1,1,1,1,,,,,,,,,,,,,,,,,,,1,,,1,,1,,1,,,,1,1,1,,,,,,,,,1,1,,1,1,1,,1,,,,,,,,1,,,,,,,,,,,,1,,1,,1,,1,,1,,1,,1,,1,1,1,,1,1,,,1,1,1,,1,1,1,1,,,,,,,,,1,,,1,1,,,,,,,,,,,1,1,1,,1,1,1,,1,,1,,,,,1,,1,1,1,,,1,1,1,,1,,1,,1,,1,,1
Euxoa plagigera,1,1,1,,1,,,1,1,1,1,1,,1,1,1,,,1,1,1,1,,1,,,,1,1,1,1,1,1,1,,,,,,,,,,1,1,,,,,,,,,,,,1,1,1,1,1,,,,,1,,,,,,,,,,,,,1,1,1,1,,,,,,,,,,,,,,,,,,,1,,,1,,1,,1,,1,,1,1,1,,,,,,,,,,1,1,1,1,1,,,,,,,,,,1,,,,,,,,,,,,1,,1,,1,1,1,1,1,,1,,1,,1,1,1,,1,1,,,1,,1,,1,1,,1,,,,,,,,,1,,,1,1,,,,,,,,,,,1,1,1,,1,,1,,1,,1,,,,,1,,1,,1,,,1,1,1,,1,,1,,1,,1,,1
Euxoa albipennis,1,1,1,1,1,,,,1,1,1,,,1,1,1,1,,1,1,,,1,,,,,1,,1,1,1,1,1,,,1,,,,,,,,1,,,,,,,,,,,,,,1,1,1,1,,,,1,,,,,,,,,,,,1,1,1,1,1,,,,,,,,,,,,,,,,,,,1,,,1,,1,,1,,,,,1,,,,,,,,,,1,1,,1,,,,,,,,,,,,1,,,,,,,,,,,,1,,1,,1,,1,,1,,1,,1,,1,1,1,,1,1,,,1,,1,,1,1,,,,,,,,,,,1,,1,1,1,,,,,,,,,,,1,1,,,1,1,,,1,,1,,,,,1,1,1,,1,1,,1,,1,,1,,1,,1,,1,,1
Euxoa henrietta,1,,1,,,,,,1,1,,,,,,,,,,,,,,,,,1,1,1,1,1,1,1,,,,,,,,,,,,,,,,,,,,,,,,1,,,1,1,1,1,,,1,,,,,,,,,,,,1,1,1,1,,,,,,,,,,,,,,,,,,,,1,,,1,,1,,1,,,,,1,1,,1,1,,,,,,,1,1,1,1,1,,1,1,,,,,,,1,,,,,,,,,,,,1,,1,,1,,1,1,1,,1,1,1,,1,1,1,,1,1,1,,1,1,1,,1,1,,1,,,,,,,,,1,,,1,1,,,,,,,,,,,1,1,,,1,1,1,,1,,1,,,,,1,,1,1,1,,,1,1,1,,1,,1,,1,,1,,1
Euxoa hollemani,1,1,1,,,,,,1,1,1,1,,,,,,1,1,1,,,1,,,,,1,1,1,1,,1,1,,,,,,,,,,,,,,,,,,,,,,,,,1,1,1,1,,,1,1,,,,,,,,,,1,1,1,1,1,,,,,,,,,,,,,,,,,,,,,1,,,1,,1,,1,,,,1,1,,,,,,,,,,,1,,1,1,1,,,,,,,,,,1,,,,,,,,,,,,1,,1,,1,,1,1,1,,1,1,,,1,,1,,1,,1,1,1,1,1,,1,1,1,1,,,,,,,,,1,,1,1,1,,,,,,,,,,,1,1,,,1,1,1,,1,,1,,,,,1,,1,1,1,1,1,1,1,1,,1,,1,,1,,1,,1
Euxoa subandera,1,1,1,,,,,,,1,,,,,,,,,1,1,,,,1,,,,1,,,1,,1,,,,,,,,,,,,,,,,,,,,,,,,,,1,1,1,,,,1,1,,,,,,,,,,1,1,1,1,1,,,,,,,,,,,,,,,,,,,,,1,,,1,,1,,1,,,,,1,,,,,,,,,,1,1,,1,,1,,,,,,,,,,1,,,,,,,,,,,,1,1,1,,1,,1,1,,,1,1,1,,1,,1,,1,,1,1,1,,1,,,1,1,,,,,,,,,,1,,1,,,,,,,,,,,,,1,1,1,,1,,1,,1,,1,,,,,1,,,1,1,1,,1,,1,,1,,1,,1,,1,,1
Euxoa xasta,,1,,,,,,,,,,,,,,,,,1,,,,,,,,,,,,,,,,,,,,,,,,,,,,,,,,,,,,,,,,1,,,,,,,1,,,,,,,,,,,,,1,1,1,,,,,,,,,,,,,,,,,,,,1,,,1,,1,,1,,,,1,,,,,,,,,,,1,1,1,,,,,,,,,,,,,1,,,,,,,,,,,1,1,,1,,1,,1,,1,,1,,1,,1,,1,,1,1,1,,1,1,1,,1,1,,,,,,,,,,,1,,,1,,,,,,,,,,,,1,1,1,,1,1,1,,1,,1,,,,,1,1,,1,1,,,1,,1,,1,,1,,1,,1,,1
Euxoa catenula,1,1,1,1,,,,1,1,1,1,,,1,,1,,1,1,1,,,1,1,,,,1,1,1,1,1,1,1,,,,,,1,,,,,,,,,,,,,,,,,,,1,1,1,1,,,,1,,,,,,,,,,,,1,1,1,1,,,,,,,,,,,,,,,,,,,,1,,,1,,1,,1,,,,1,,1,,,,,,,,,1,1,,1,,1,,,,,,,,,,1,,,,,,,,,,,,1,,1,,1,,1,,1,,1,,1,,1,,1,,1,1,1,,1,,1,,1,1,,,,,,,,,,,1,,,1,1,,,,,,,,,,,1,1,1,,1,1,1,,1,,1,,,,,1,1,,1,1,,,1,,1,,1,,1,,1,,1,,1
Euxoa comosa,1,1,1,1,1,,,1,1,1,1,1,,1,1,,1,,1,,1,1,1,1,,,1,1,1,1,1,1,1,,,,1,,,,,1,1,1,1,1,,,,,,,,,,,1,1,1,1,1,,,,,1,,,,,,,,,,,,1,1,1,1,1,1,,,,,,,,,,,,,,,,,,1,,,1,,1,,1,,,,1,1,1,,,,,,,,,1,1,,,,1,,,,,,,,,,1,,,,,,,,,,,,1,,1,,1,,1,,1,,1,,1,,1,1,1,,1,1,1,,1,1,1,,1,1,1,1,,,,,,,,,1,,1,1,1,1,,,,,,,,,,1,1,1,,1,1,1,,1,,1,,,,,1,,,1,1,,,1,,1,,1,,1,,1,,1,,1
Euxoa lineifrons,,1,,,,,,,,,,,,,,,,,,,1,,,,,,,,,,,,,,,,,,,,,,,,,,,,,,,,,,,,,,,1,,,,,,1,,,,,,,,,,,,,,1,1,1,,,,,,,,,,,,,,,,,,,1,,,1,,1,,1,,,,,,1,,,,,,,,,1,1,,1,1,,,,,,,,,,,1,,,,,,,,,,,,1,,1,,1,,1,,1,,1,,1,,1,,1,,1,,1,,1,,1,,1,1,1,1,,,,,,,,,1,,1,1,1,1,,,,,,,,,,1,1,,,1,1,1,,1,,1,,,,,1,,,1,1,,,1,,1,,1,,1,,1,,1,,1
Euxoa lucida,,1,,,,,,,,,,,,,,,,,1,,,1,1,1,,,,,,,,,,,,,,,,,,,,,,,,,,,,,,,,,,,,1,1,,,,1,1,,,,,,,,,,1,1,1,1,1,1,,,,,,,,,,,,,,,,,,1,,1,1,,1,,1,,1,,,,1,,1,,,,,,,,,1,1,,1,1,1,,,,,,,,,,1,,,,,,,,,,,,1,,1,,1,,1,,1,,1,,1,,1,1,1,,1,1,1,,1,,1,,,1,1,1,,,,,,,,,1,,1,1,1,1,,,,,,,,,,1,1,1,,1,1,1,,1,,1,,,,,1,,1,1,1,1,,1,,1,,1,,1,,1,,1,,1
Euxoa occidentalis,1,1,1,,,,,,1,1,1,1,,1,,,,,,,,1,,,,,,,1,1,,,1,,,,,,,,,,,,,,,,,,,,,,,,,,1,1,1,,,,,1,,,,,,,,,,,,,1,1,1,1,,,,,,,,,,,,,,,,,,,1,1,,1,,1,,1,,,,1,1,,,,,,,,,,,1,1,1,1,1,,,,,,,,,,1,,,,,,,,,,,,1,,1,,1,,1,,1,,1,,1,,1,1,1,,1,1,,,1,,1,,,1,1,1,,,,,,,,,1,,1,1,1,1,,,,,,,,,,1,1,,,1,1,1,,1,,1,,,,,1,,1,1,1,,,1,,1,,1,,1,,1,,1,,1
Euxoa infausta,1,1,1,1,1,,,1,1,1,1,1,,1,1,1,1,1,1,1,,1,,1,,,1,1,1,1,1,1,1,1,,,1,,,,,,,1,,,,,,,,,,,,,1,1,1,1,1,,,,,1,,,,,,,,,,,,,1,1,1,,,,,,,,,,,,,,,,,,,,1,,,1,,1,,1,,,,1,1,1,,,,,,,,,1,1,,1,1,1,,,,,,,,,,1,,,,,,,,,,,,1,,1,,1,,1,,1,,1,,1,,1,,1,,1,1,1,,1,,1,,,1,1,1,,,,,,,,,1,,,,,,,,,,,,,,,1,1,1,,1,1,1,,1,,1,,,,,1,1,,1,1,,,1,,1,,1,,1,,1,,1,,1
Euxoa satis,1,1,1,,1,1,,1,1,1,1,1,,1,1,1,1,,1,1,1,1,,1,,1,1,1,1,1,1,1,1,,,,,,,,,1,,1,,,,,,,,,,,,,,1,1,1,1,1,,,,1,,,,,,,,,,,,1,1,1,1,1,,,,,,,,,,,,,,,,,,,1,,,1,,1,,1,,,,1,1,,,,,,,,,,,1,1,1,1,1,,,,,,,,,,1,,,,,,,,,,,,1,,1,,1,,1,,1,,1,,1,,1,,1,,1,1,,,1,1,1,,,1,1,1,,,,,,,,,1,,,,,,,,,,,,,,,1,1,1,,1,1,1,,1,,1,,,,,1,,1,1,1,,,1,,1,,1,,1,,1,,1,,1
Euxoa faulkneri,,,1,,,,,,,,,,,,,,,,,,,,,,,,,1,,,,1,,,,,,,,,,,,,,,,,,,,,,,,,,1,1,1,,,,,,1,,,,,,,,,,,,1,1,1,,,,,,,,,,,,,,,,,,,,,1,,,1,,1,,1,,,,1,1,1,,,,,,,,,1,1,,1,1,1,,,,,,,,,,1,,,,,,,,,,,,1,,1,,1,,1,,1,,1,,1,,1,,1,,1,1,1,,1,,1,,,1,1,1,,,,,,,,,1,,,,,,,,,,,,,,,1,1,,,1,,1,,1,,1,,,,,1,1,,1,1,,,1,,1,,1,,1,,1,,1,,1
Euxoa brunneigera,1,1,1,,,,,,1,1,1,1,,1,1,1,1,,1,,1,1,,1,,,,1,1,1,,1,1,1,,,,,,,,,,,,,,,,,,,,,,,,1,1,1,1,,,,,1,,,,,,,,,,,,1,1,1,1,,,,,,,,,,,,,,,,,,,,1,,,1,,1,,1,,,,,1,,,,,,,,,,1,1,1,1,,1,,,,,,,,,,1,,,,,,,,,,,,1,,1,,1,,1,,1,,1,,1,,1,1,1,,1,1,1,,1,,1,,,1,1,1,,,,,,,,,1,,,,,,,,,,,,,,,1,1,1,,1,,1,,1,,1,,,,,1,1,,1,1,1,,1,,1,,1,,1,,1,,1,,1
Euxoa excogita,1,1,1,,1,,,,1,1,,1,,1,,,,,1,,,,,1,,,,1,,1,1,1,1,,,,,,,,,,,1,,,,,,,,,,,,,,1,1,1,,,,,,1,,,,,,,,,,,,,,1,1,1,1,,,,,,,,,,,,,,,,,,1,,,1,,1,,1,,,,,1,,,,,,,,,,1,,,,,1,,,,,,,,,,1,,,,,,,,,,,,1,,1,,1,,1,,1,,1,,1,,1,,1,,1,,1,,1,,1,,,1,1,1,,,,,,,,,1,,1,,,,,,,,,,,,,1,1,,,1,,1,,1,,1,,,,,1,,,1,1,,,1,,1,,1,,1,,1,,1,,1
Euxoa bicollaris,1,1,1,,,,,,,1,1,1,,1,,,,,,1,,,,,,,,1,,1,1,1,1,1,,,,,,,,,,,,,,,,,,,,,,,1,1,1,1,1,,,,,1,,,,,,,,,,,,1,1,1,1,1,,,,,,,,,,,,,,,,,,,1,,,1,,1,,1,,,,1,,,,,,,,,,,1,1,,,1,,,,,,,,,,,1,,,,,,,,,,,,1,,1,,1,,1,,1,,1,,1,,1,,1,,1,1,1,,1,,1,,,1,1,1,,,,,,,,,1,,1,1,1,1,,,,,,,,,,1,1,,,1,1,1,,1,,1,,,,,1,,,1,1,,,1,1,1,,1,,1,,1,,1,,1
Euxoa satiens,1,1,1,1,1,,,,,1,,,,,,,,,1,1,,,1,,,,,1,,1,,,1,,,,1,,,,,,,1,,,,,,,,,,,,,,,1,1,1,1,,,,1,,,,,,,,,,,,,1,1,1,1,,,,,,,,,,,,,,,,,,,1,,,1,,1,,1,,,,,,1,,,,,,,,,1,1,,,1,,,,,,,,,,,1,,,,,,,,,,,,1,,1,,1,,1,,1,,1,,1,,1,,1,,1,1,1,,1,1,1,,1,,,,,,,,,,,,1,,,1,1,1,,,,,,,,,,1,,1,,,1,1,,1,,1,,,,,1,1,1,1,1,,,1,,1,,1,,1,,1,,1,,1
Euxoa ochrogaster,1,1,1,1,1,,,1,1,1,1,,,1,1,1,1,,,1,1,1,,,,1,1,1,,1,1,,1,,,,1,,,,,,,1,1,1,1,,,,,,,,,,1,1,1,1,1,,,,,1,1,,,,,,,,,,,,,,1,1,1,1,1,,,,,,,,,,,,,,,,1,,,1,,1,,1,,,,,1,1,1,1,,,,,,,1,1,1,1,1,1,1,1,,,,,,,,1,,,,,,,,,,,,1,,1,,1,1,1,1,1,,1,1,1,,1,1,1,,1,1,,,1,,1,,,1,,1,,,,,,,,,1,,,1,1,,,,,,,,,,,1,1,,,1,1,1,,1,,1,,,,,1,,1,1,1,1,,1,,1,,1,,1,,1,1,1,,1
Euxoa nostra,1,1,1,,1,,,,1,1,1,1,,1,,,,,1,1,1,1,,1,,,,1,,1,1,1,1,,,,,,,,,,,1,,,,,,,,,,,,,,1,1,1,,,,,,1,1,,,,,,,,,,,,,1,1,1,1,1,1,,,,,,,,,,,,,,,,1,,,1,,1,,1,,,,,1,1,,1,,,,,,,1,1,,1,1,,,,,,,,,,,1,,,,,,,,,,,,1,,1,,1,,1,,1,,1,,1,,1,,1,,1,1,1,,1,,1,,,1,,1,,,,,,,,,1,,,1,1,,,,,,,,,,,1,1,,,1,1,1,,1,,1,,,,,1,,1,1,1,1,,1,,1,,1,,1,,1,,1,,1
Euxoa choris,1,1,1,,1,,,,1,1,,1,,1,1,,,,1,1,1,1,,1,,,,1,1,1,1,1,1,,,,,,,,,,,1,,,,1,,,,,,,,,1,1,1,1,1,1,,,,1,1,,,,,,,,,,,,,,1,1,1,1,1,,,,,,,,,,,,,,,,1,,,1,,1,,1,,,,,,1,,,,,,,,,1,1,,,,,,,,,,,,,,1,,,,,,,,,,,,1,1,1,,1,,1,1,1,,1,,1,,1,,1,,1,1,1,,1,,1,,1,1,,1,,,,,,,,,1,,,,1,1,,,,,,,,,,1,1,1,,1,1,1,,1,,1,,,,,1,,1,1,1,,,1,,1,,1,,1,,1,,1,,1
Euxoa obeliscoides,1,1,1,,1,,,1,1,1,1,1,,1,,,1,1,1,1,,1,1,1,,,,1,1,1,1,1,1,,,,,,,,,1,,,1,,,,,,,,,,,,,,1,1,1,1,,,,1,,,,,,,,,,,,,1,1,1,1,1,,,,,,,,,,,,,,,,,,1,,,1,,1,,1,,,1,,1,,1,,,,,,,,,1,1,1,1,1,1,,,,,,,,,1,,,,,,,,,,,,1,,1,,1,1,1,1,1,,1,1,,,1,1,1,,1,1,,,1,,1,,1,1,1,1,,,,,,,,,1,,,1,1,,,,,,,,,,,1,1,1,,1,1,1,,1,1,1,1,,,1,1,,1,,,1,1,1,1,1,,1,,1,,1,,1,,1
Euxoa lillooet,1,1,1,,1,,,,1,1,1,1,,1,,1,,,,,,,,1,,,1,,1,1,,,,,,,,,,,,,,1,,,,,,,,,,,,,,,1,1,1,1,,,,1,,,,,,,,,,,,,1,1,1,,,,,,,,,,,,,,,,,,,,1,,,1,,1,,1,,,,,1,1,,,,,,,,,1,1,,1,1,1,,1,,,,,,,,1,,,,,,,,,,,,1,,1,,1,,1,,1,,1,,1,,1,1,1,,1,1,,,1,,1,,,1,1,1,,,,,,,,,1,,,1,1,,,,,,,,,,,1,1,,,1,1,1,,1,,1,,,,,1,,1,1,1,,,1,,1,,1,,1,,1,,1,,1
Euxoa basalis,1,1,1,,,,,,,1,,1,,,,1,1,,,,,1,,,,,1,,1,1,,,,,,,,,,,,,,,,,,,,,,,,,,,,,1,1,1,,,,,1,1,,,,,,,,,,,,,,,,1,1,1,,,,,,,,,,,,,,,,1,,,1,,1,,1,,,,,1,,,,,,,,,,,1,,1,,1,,,,,,,,,,1,,,,,,,,,,,,1,,1,,1,,1,,1,,1,,1,,1,1,1,,1,1,,,1,,1,,1,1,,1,,,,,,,,,1,,,1,1,,,,,,,,,,,1,1,,,1,1,,,1,,1,,,,,1,,1,1,,1,,1,,1,,1,,1,,1,,1,,1
Euxoa costata,1,1,1,1,1,,,,1,1,1,1,,1,1,,1,,,,,,,,,,,1,1,1,1,,,,,,1,,,,,,,1,1,,,,,,,,,,,,,1,1,1,1,,,,,1,,,,,,,,,,,,,1,1,1,1,1,,,,,,,,,,,,,,,,,,1,,,1,,1,,1,,,,,1,,,,,,,,,,,1,1,1,,,,,,,,,,,,1,,,,,,,,,,,,1,,1,,1,,1,1,1,,1,1,,,1,,1,,1,1,,,1,,1,,,1,,1,,,,,,,,,1,,,,,,,,,,,,,,,1,1,,,1,,1,,1,,1,,,,,1,1,1,1,1,1,,1,,1,,1,,1,,1,,1,,1
Euxoa castanea,1,1,1,1,1,,,,,1,1,1,,1,,1,,,,1,1,1,,1,,,,1,1,1,,,1,,,,1,,,,,,,1,1,1,,1,,,,,,,,,,,1,1,,,,,,1,,,,,,,,,,,,,1,1,1,1,,,,,,,,,,,,,,,,,,,1,,,1,,1,,1,,1,,,1,,,,,,,,,,,1,,,1,1,1,,,,,,,,,1,,,,,,,,,,,,1,,1,,1,,1,1,1,,1,1,,,1,,1,,1,1,,,1,,1,,,1,,1,,,,,,,,,1,,,1,1,,,,,,,,,,,1,1,,,1,1,1,,1,,1,,,,,1,,1,1,1,1,,1,,1,,1,,1,,1,,1,,1
Euxoa idahoensis,1,1,1,1,1,,,,1,1,1,1,,1,1,1,,,1,1,,1,,1,,,,1,1,1,,,1,,,,1,,,,,,,1,,1,,1,,,,,,,,,,1,1,1,,,,,,1,,,,,,,,,,,,,1,1,1,1,,,,,,,,,,,,,,,,,,,1,,,1,,1,,1,,,,1,1,,,,,,,,,,,1,1,1,1,1,,,,,,,,,,1,,,,,,,,,,,,1,,1,,1,,1,1,1,,1,1,,,1,1,1,,1,1,,,1,1,1,,,1,,1,,,,,,,,,1,,,1,1,,,,,,,,,,,1,1,,,1,1,1,,1,,1,,,,,1,,1,1,1,1,,1,1,1,,1,,1,,1,,1,,1
Euxoa furtivus,1,1,1,,,,,,1,1,1,1,,1,,1,,,1,1,,1,,,,,,1,,1,,1,1,,,,,,,,,,,,,,,,,,,,,,,,1,1,1,1,,,,,,1,,,,,,,,,,,,,,1,1,1,1,,,,,,,,,,,,,,,,,,1,,,1,,1,,1,,,,,1,1,,,,,,,,,,1,,1,1,1,,,,,,,,,,1,,,,,,,,,,,,1,1,1,,1,,1,1,1,,1,1,1,,1,1,1,,1,1,,,1,1,1,,,1,1,1,,,,,,,,,1,,1,,,,,,,,,,,,,1,1,,,1,1,1,,1,,1,,,,,1,,,1,1,1,,1,,1,,1,,1,,1,,1,,1
Euxoa brevipennis,1,1,1,,1,,,,,1,,,,1,,,,,,1,,,,,,,,1,1,1,,,1,1,,,,,,,,,,1,,,,,,,,,,,,,,,1,1,1,1,,,,1,,,,,,,,,,,,1,1,1,1,1,,,,,,,,,,,,,,,,,,,1,,,1,,1,,1,,,,,1,1,,,,,,,,,,1,,1,1,1,,,,,,,,,,1,,,,,,,,,,,,1,,1,,1,,1,,1,,1,1,1,,1,1,,,1,1,,,1,1,1,,1,1,1,1,,,,,,,,,1,,1,1,1,,,,,,,,,,,1,1,1,,1,1,1,,1,,1,,,,,1,1,,1,1,1,,1,1,1,,1,,1,,1,,1,,1
Euxoa servitus,1,1,1,,1,,,,,1,1,1,,,,1,1,,,,1,1,,,,,,,1,,,,,,,,,,,,,,1,1,1,1,,,,,,,,,,,,,1,1,1,,,,1,1,,,,,,,,,,1,1,1,1,1,1,,,,,,,,,,,,,,,,,,,,1,,,1,,1,,1,,,,1,1,,,,,,,,,,,,,1,1,,,,,,,,,,,1,,,,,,,,,,,,1,,1,,1,,1,1,1,,1,1,1,,1,1,1,,1,1,,,1,1,1,,,1,1,1,,,,,,,,,1,,1,1,1,1,,,,,,,,,,1,1,,,1,1,1,,1,,1,,,,,1,,1,1,,1,,1,,1,,1,,1,,1,,1,,1
Euxoa auripennis,1,1,1,,1,,,,1,1,1,1,,1,1,,,,1,1,,1,,1,,,,1,1,1,1,,1,,,,,,,,,,,1,,,,,,,,,,,,,,,1,1,1,,,,,1,,,,,,,,,,,,1,1,1,1,,,,,,,,,,,,,,,,,,,,1,,,1,,1,,1,,,,1,1,,,,,,,,,,,1,,1,1,,,,,,,,,,,1,,,,,,,,,,,,1,,1,,1,1,1,1,1,,1,1,1,,1,,1,,1,1,,,1,1,1,,1,1,,1,,,,,,,,,1,,,1,1,,,,,,,,,,,1,1,,,1,1,1,,1,,1,,,,,1,,1,1,,1,1,1,1,1,,1,,1,,1,,1,,1
Euxoa olivalis,1,1,1,,1,,,,1,1,,,,1,1,,,,1,1,1,1,,1,,,,1,,1,1,,1,,,,,,,,,,,1,1,,,1,,,,,,,,,,1,1,1,1,,,,1,1,,,,,,,,,,1,1,1,1,1,1,,,,,,,,,,,,,,,,,,,,1,,,1,,1,,1,,,,,1,1,,,,,,,,,,1,,1,1,1,,,,,,,,,,1,,,,,,,,,,,,1,1,1,,1,,1,,1,,1,1,1,,1,1,1,,1,1,,,1,1,,,,1,,1,,,,,,,,,1,,,1,1,,,,,,,,,,,1,1,,,1,1,1,,1,,1,,,,,1,,1,1,1,,,1,,1,,1,,1,,1,,1,,1
Euxoa agema,,1,1,,,,,,,,,,,,,,,,,,,1,,,,,,1,,1,,,1,,,,,,,,,,,,,,,,,,,,,,,,,,1,1,1,,,,,1,,,,,,,,,,,,1,1,1,1,,,,,,,,,,,,,,,,,,,,1,,,1,,1,,1,,,,,1,,,,,,,,,,1,1,,,,1,,,,,,,,,,1,,,,,,,,,,,,1,1,1,,1,,1,1,1,,1,,1,,1,1,1,,1,1,1,,1,,1,,,1,,1,,,,,,,,,1,,,1,1,,,,,,,,,,,1,1,1,,1,1,1,,1,,1,,,,,1,1,1,1,1,,,1,,1,,1,,1,,1,,1,,1
Euxoa oblongistigma,1,1,1,,,,,,,1,,,,,,,,,1,1,,1,1,,,,,1,,1,,,1,,,,,,,,,,,,,,,,,,,,,,,,,,1,1,1,,,,1,1,,,,,,,,,,1,1,1,1,,,,,,,,,,,,,,,,,,,,,,1,,,1,,1,,1,,,,,1,1,,,,,,,,,,1,1,1,1,1,,,,,,,,,,1,,,,,,,,,,,,1,1,1,1,1,,1,1,1,,1,1,1,,1,1,1,,1,1,,,1,1,1,,1,1,,1,,,,,,,,,1,,,1,1,,,,,,,,,,,1,1,,,1,1,1,,1,,1,,,,,1,,1,1,1,,1,1,,1,,1,,1,,1,,1,,1
Euxoa citricolor,1,1,1,,,,,,,1,,,,,,,,,1,1,,,,,,,,,1,1,,,1,1,,,,,,,,,,,,,,,,,,,,,,,,,,1,1,1,,,,1,,,,,,,,,,,,,1,1,1,1,,,,,,,,,,,,,,,,,,,1,,,1,,1,,1,,,,,,1,1,,,,,,,,,,,,1,1,1,,,,,,,,,1,,,,,,,,,,,,1,,1,,1,,1,,1,,1,,1,,1,1,1,,1,1,,,1,,1,,1,,,,,,,,,,,,1,,,1,,,,,,,,,,,,1,,1,,,,1,,1,,1,,,,,,1,1,1,1,,,1,,1,,1,,1,,1,,1,,1
Euxoa tronellus,1,1,1,,1,,,,,1,,,,,,,,,1,,,,1,,,,,,,1,,,1,1,,,,,,,,,,,1,,,,,,,,,,,,,,,1,1,1,,,,1,,,,,,,,,,,,,1,1,1,1,,,,,,,,,,,,,,,,,,,1,,,1,,1,,1,,,,,,1,1,,,,,,,,1,1,,,1,,,,,,,,,,,1,,,,,,,,,,,,1,,1,,1,,1,,1,,1,,1,,1,,1,,1,,1,,1,,1,,1,,,,,,,,,,,,1,,,,,,,,,,,,,,,1,,1,,,,1,,1,,1,,,,,,1,,1,1,,,1,,1,,1,,1,,1,,1,,1
Euxoa difformis,1,1,1,,1,,,1,1,1,1,1,,,,1,,1,1,1,,,1,,,,1,1,1,1,,1,1,1,,,,,,,,1,,,,,,,,,,,,,,,,,1,1,1,1,1,,1,1,,,,,,,,,,1,1,1,1,1,1,1,,,,,,,,,,,,,,,,,,,1,,,1,,1,,1,,,,1,1,1,,1,,,,,,,1,1,,1,1,1,,,,,,,,,,1,,,,,,,,,,,,1,,1,,1,,1,,1,,1,,1,,1,1,1,,1,1,1,,1,,1,,1,1,,1,,,,,,,,,1,,,1,1,,,,,,,,,,,1,1,1,,1,,1,1,1,,1,,,,,1,1,1,1,1,,,1,,1,,1,,1,,1,,1,,1
Euxoa moerens,,1,1,,,,,,,,,,,,,,,,1,,,1,1,,,,,,,1,,,1,1,,,,,,,,,,,,,,,,,,,,,,,,,,1,1,,,,1,1,,,,,,,,,,1,1,1,1,,,,,,,,,,,,,,,,,,,,,,1,,,1,,1,,1,,,,1,1,,,,,,,,,,1,1,,,,1,,,,,,,,,,1,,,,,,,,,,,,1,,1,,1,,1,,1,,1,,1,,1,,1,,1,1,1,,1,1,1,,1,,,1,,,,,,,,,1,,,1,,,,,,,,,,,,1,,1,,,,1,,1,,1,,,,,1,,1,1,1,,,1,,1,,1,,1,,1,,1,,1
Euxoa latro,1,,1,,,,,,1,,,,,1,1,,,,,,,,,,,,,1,,,,,,,,,,,,,,,,,,,,,,,,,,,,,,,,,1,,,,1,1,,,,,,,,,,1,1,1,1,1,,,,,,,,,,,,,,,,,,,,,1,,,1,,1,,1,,,,1,1,1,,,,,,,,,1,1,,1,1,1,,,,,,,,,,1,,,,,,,,,,,,1,,1,,1,,1,,1,,1,,1,,1,1,1,,1,1,1,,1,,1,,,1,1,1,,,,,,,,,1,,1,,,,,,,,,,,,,1,1,,,1,,1,,1,,1,,,,,1,,,1,1,,,1,,1,,1,,1,,1,,1,,1
Euxoa murdocki,1,,1,,,,,,,1,1,,,1,,,,,,,,,,,,,,1,,1,,,1,,,,,,,,,,,,,,,,,,,,,,,,,,,1,1,1,,,1,1,,,,,,,,,,1,1,1,1,,,,,,,,,,,,,,,,,,,,,,1,,,1,,1,,1,,,,1,1,,,1,,,,,,,,1,,1,1,1,,1,,,,,,,,1,,,,,,,,,,,,1,,1,,1,,1,,1,,1,,1,,1,,1,,1,1,1,,1,1,1,,,1,,1,,,,,,,,,1,,,1,1,,,,,,,,,,,1,1,,,1,1,1,,1,,1,,,,,1,,1,,1,1,,1,1,1,,1,,1,,1,,1,,1
Euxoa dodi,,1,,,,,,,,,,,,,,,,,,,,1,,,,,,,,,,,,,,,,,,,,,,,,,,,,,,,,,,,,,,1,,,,,1,1,,,,,,,,,,1,1,1,1,1,1,,,,,,,,,,,,,,,,,,,,1,,,1,,1,,1,,,,1,1,1,,,,,,,,,,1,,1,1,1,,,,,,,,,,1,,,,,,,,,,,,1,,1,,1,,1,,1,,1,,1,,1,1,,,1,1,,,1,,1,,,1,,1,,,,,,,,,1,,,,,,,,,,,,,,,1,1,1,,1,,1,,1,,1,,,,,1,1,1,1,1,,,1,,1,,1,,1,,1,,1,,1
Euxoa infracta,1,1,1,,1,,,,1,1,1,1,,1,1,1,1,,1,1,,1,,1,,,,1,1,1,,,1,,,,,,,,,,,1,,,,,,,,,,,,,,,1,1,1,,,,,1,,,,,,,,,,,,1,1,1,1,,,,,,,,,,,,,,,,,,,,1,,,1,,1,,1,,,,,1,,,,,,,,,,1,1,,,,1,,,,,,,,,,1,,,,,,,,,,,,1,,1,,1,,1,,1,,1,,1,,1,1,1,,1,1,,,1,,1,,,1,,1,,,,,,,,,1,,,1,1,,,,,,,,,,,1,1,,,1,1,1,,1,,1,,,,,1,,1,1,1,1,,1,,1,,1,,1,,1,,1,,1
Euxoa laetificans,1,1,1,1,1,,,,,1,,,,,,,,,1,1,,,,,,,,1,1,1,,,1,1,,,1,,,,,,,,1,,,,,,,,,,,,,1,1,1,1,,,,,1,,,,,,,,,,,,1,1,1,1,,,,,,,,,,,,,,,,,,,,1,,,1,,1,,1,,,,1,1,1,,,,,,,,,,1,1,1,1,1,1,,,,,,,,,1,,,,,,,,,,,,1,,1,,1,,1,1,1,,1,1,,,1,,1,,1,1,,,1,,1,,1,1,,1,,,,,,,,,1,,1,1,1,,,,,,,,,,,1,1,1,,1,,1,,1,,1,,,,,1,1,1,,1,1,,1,1,1,,1,,1,,1,,1,,1
Euxoa quadridentata,1,1,1,1,1,,,,,1,,,,,,,1,,1,1,,,1,,,,,1,,1,,,1,1,,,1,,,,,,,,1,,,,,,,,,,,,1,,,1,1,1,,,1,1,,,,,,,,,,1,1,1,1,1,1,,,,,,,,,,,,,,,,,,,,1,,,1,,1,,1,,,,1,1,1,,,,,,,,,,1,1,1,1,1,,,,,,,,,,1,,,,,,,,,,,,1,,1,,1,,1,1,1,,1,1,1,,1,1,1,,1,1,,,1,1,1,,1,1,,1,,,,,,,,,1,,,1,1,,,,,,,,,,,1,,1,,,,1,,1,,1,,,,,1,,1,1,1,1,1,1,1,1,,1,,1,,1,,1,,1
Euxoa dargo,1,,1,,,,,,,1,1,,,,,,,,,,,,,,,,,1,1,1,,,1,1,,,,,,,,,,,,,,,,,,,,,,,,,,,1,1,,,1,1,,,,,,,,,,1,1,1,,,,,,,,,,,,,,,,,,,,,,,1,,,1,,1,,1,,,,1,1,1,,,,,,,,,,1,1,1,1,1,,,,,,,,,,1,,,,,,,,,,,,1,,1,,1,,1,,1,,1,1,1,,1,1,1,,1,1,,,1,1,1,,1,1,,1,,,,,,,,,1,,1,1,1,,,,,,,,,,,1,1,1,,1,,1,,1,1,1,1,,,1,1,,1,1,1,,,1,,1,,1,,1,,1,,1,,1
Euxoa melura,1,1,1,,,,,,1,1,,,,1,,,,,,1,,1,,,,,,,,1,,,1,,,,,,,,,,,,,,,,,,,,,,,1,,1,1,,,,,,,1,,,,,,,,,,,,,1,1,1,,,,,,,,,,,,,,,,,,,,1,1,,1,,1,,1,,,,1,1,1,,,,,,,,,1,1,1,1,1,1,,,,,,,,,,1,,,,,,,,,,,,1,,1,,1,,1,,1,,1,1,1,,1,1,1,,1,1,,,1,,1,,,1,1,1,,,,,,,,,1,,,1,1,,,,,,,,,,,1,1,,,1,,1,,1,,1,,,,,1,,1,1,1,,,1,,1,,1,,1,,1,,1,,1
Euxoa cicatricosa,1,1,1,1,1,,,,,1,,,,,,,,,,1,,,,,,,,1,,1,,,1,1,,,1,,,,,,,1,,,,,,,,,,,,,,,,1,1,1,,,1,1,,,,,,,,,,1,1,1,1,1,1,,,,,,,,,,,,,,,,,,,,1,,,1,,1,,1,,,,1,1,,,,,,,,,,,1,1,1,1,1,,,,,,,,,,1,,,,,,,,,,,,1,,1,,1,,1,,1,,1,1,1,,1,1,1,,1,1,,,1,1,1,,1,1,,1,,,,,,,,,1,,,1,1,,,,,,,,,,,1,,1,,,1,1,,1,,1,,,,,1,1,1,1,1,,1,1,1,1,,1,,1,,1,,1,,1
Euxoa recula,1,,1,,,,,,,1,,,,,,,,,,,,,,,,,,,,1,,,1,1,,,,,,,,,,,,,,,,,,,,,,,,,,1,1,1,,,1,1,,,,,,,,,,1,1,1,1,1,1,,,,,,,,,,,,,,,,,,,,1,,,1,,1,,1,,,,,1,1,,,,,,,,,,1,1,1,1,1,1,,,,,,,,,1,,,,,,,,,,,,1,,1,,1,,1,,1,,1,1,1,,1,1,1,,1,1,,,1,1,1,,1,,,1,,,,,,,,,1,,,1,1,,,,,,,,,,,1,,1,,,,1,,1,,1,,,,,1,1,1,1,1,,1,1,1,1,,1,,1,,1,,1,,1
Euxoa aequalis,1,1,1,,1,,,1,1,1,1,1,,1,1,,,,1,1,,,1,,,,,1,1,1,1,,1,,,,,,,,,,,,1,,,,,,,,,,,,,1,1,1,1,1,,,,1,,,,,,,,,,,,,,1,1,1,1,,,,,,,,,,,,,,,,,,1,,,1,,1,,1,,,,,1,,,,,,,,,,1,1,,1,,,,,,,,,,,,1,,,,,,,,,,,,1,,1,,1,,1,,1,,1,,1,,1,1,1,,1,1,1,,1,,1,,1,1,1,1,,,,,,,,,1,,1,1,1,,,,,,,,,,,1,1,,,1,,1,,1,,1,,,,,1,1,1,1,1,,,1,,1,,1,,1,,1,,1,,1
Euxoa cona,1,1,1,,,,,,,1,,,,,,,,,1,,,,,,,,,,,1,,,1,1,,,,,,,,,,,,,,,,,,,,,,,,,,,1,1,,,,1,,,,,,,,,,,,,,1,1,1,1,,,,,,,,,,,,,,,,,,1,,,1,,1,,1,,,,1,1,1,,,,,,,,,1,1,,1,1,1,,,,,,,,,,1,,,,,,,,,,,,1,,1,,1,,1,,1,,1,,1,,1,1,1,,1,1,1,,1,1,1,,1,1,,,,,,,,,,,1,,1,1,1,,,,,,,,,,,1,1,1,,1,,1,,1,,1,,,,,1,1,1,1,1,,,1,,1,,1,,1,,1,,1,,1
Euxoa munis,,1,1,,,,,,,,,,,,,1,,,1,,,1,,1,,,,1,1,1,,,1,,,,,,,,,,,,,,,,,,,,,,,,,,1,1,1,,,,,1,,,,,,,,,,,,1,1,1,,,,,,,,,,,,,,,,,,,,,1,,,1,,1,,1,,,,1,,1,,,,,,,,,1,1,,,1,,,,,,,,,,,1,,,,,,,,,,,,1,,1,,1,,1,,1,,1,,1,,1,1,1,,1,1,1,,1,,1,,,1,,1,,,,,,,,,1,,,1,1,,,,,,,,,,,1,1,,,1,,1,,1,,1,,,,,1,1,1,1,1,,,1,,1,,1,,1,,1,,1,,1
Euxoa misturata,1,1,1,1,,,,,,1,,,,,,,,,1,1,,,,,,,,1,1,1,,,1,1,,,1,,,,,,,,,,,,,,,,,,,,,1,1,1,1,1,,,,1,,,,,,,,,,,,1,1,1,1,1,,,,,,,,,,,,,,,,,,,1,,,1,,1,,1,,1,,1,1,1,,,,,,,,,1,1,,1,1,1,,,,,,,,,,1,,,,,,,,,,,,1,,1,,1,,1,,1,,1,,1,,1,1,1,,1,1,1,,1,1,1,,1,1,,,,,,,,,,,1,,1,1,1,,,,,,,,,,,1,,1,,,,1,,1,,1,,,,,1,1,1,1,1,,,1,,1,,1,,1,,1,,1,,1
Euxoa atristrigata,1,1,1,,,,,,,1,,,,,,,,,1,1,,1,,,,,,,,1,,,1,,,,,,,,,,,,,,,,,,,,,,,,,,1,1,1,,,,,1,,,,,,,,,,,,,1,1,1,,,,,,,,,,,,,,,,,,,,1,,,1,,1,,1,,,,,1,1,,,,,,,,,1,1,,,1,,,,,,,,,,,1,,,,,,,,,,,,1,,1,,1,1,1,1,1,,1,,1,,1,1,1,,1,,1,1,1,,1,,1,1,,1,,,,,,,,,1,,,1,1,,,,,,,,,,,1,1,1,,1,1,1,,1,,1,,,,,,1,1,1,1,,,1,,1,,1,,1,,1,,1,,1
Euxoa nevada,1,1,1,,,,,,,1,,,,,,,,,1,1,,,1,,,,,,,1,,,1,1,,,,,,,,,,,,,,,,,,,,,,,,,1,1,1,1,,,,1,,,,,,,,,,,1,1,1,1,1,,,,,,,,,,,,,,,,,,,,1,,,1,,1,,1,,,,1,1,1,,,,,,,,,1,1,,1,1,1,,,,,,,,,,1,,,,,,,,,,,,1,,1,,1,,1,1,1,,1,,1,,1,1,1,,1,1,1,,1,,1,,1,1,,,,,,,,,,,1,,1,1,1,,,,,,,,,,,1,,1,,,1,1,,1,,1,,,,,1,1,1,1,1,,,1,,1,,1,,1,,1,,1,,1
Euxoa cinereopallidus,1,1,1,1,1,,,,,1,,,,,,,,,,1,,,1,,,,,,,1,,,1,1,,,1,,,,,,,1,,,,,,,,,,,,,,,,1,1,1,,,1,1,,,,,,,,,,1,1,1,1,1,,,,,,,,,,,,,,,,,,,,,1,,,1,,1,,1,,,,1,1,,,,,,,,,,,1,,1,1,1,,,,,,,,,,1,,,,,,,,,,,,1,,1,,1,,1,,1,,1,1,1,,1,1,1,,1,1,,,1,1,1,,1,1,1,1,,,,,,,,,1,,1,1,1,1,,,,,,,,,,1,1,1,,1,,1,,1,,1,,,,,1,1,1,1,1,,,1,,1,,1,,1,,1,,1,,1
Euxoa mitis,1,1,1,,,,,,,1,,,,,,,,,1,,,,1,,,,,,1,1,,,1,1,,,,,,,,,,,,,,,,,,,,,,,,,,,1,1,,,,1,,,,,,,,,,,,,1,1,1,,,,,,,,,,,,,,,,,,,,1,,,1,,1,,1,,,,,1,1,,,,,,,,,1,1,,,1,,,,,,,,,,,1,,,,,,,,,,,,1,,1,,1,,1,,1,,1,,1,,1,,1,,1,1,1,,1,,1,,1,1,,,,,,,,,,,1,,1,1,1,,,,,,,,,,,1,1,1,,1,,1,1,1,,1,,,,,1,1,1,1,1,1,,1,,1,,1,,1,,1,,1,,1
Euxoa aberrans,1,,1,1,1,,,,1,1,,,,1,1,,,,,,,,,,,,,,,1,1,,,,,,1,,,,,,,1,1,1,,,,,,,,,,,1,1,1,1,1,,,,,1,,,,,,,,,,,,,1,1,1,1,1,,,,,,,,,,,,,,,,,,1,,,1,,1,,1,,,,1,1,,,,,,,,,,1,1,,1,1,1,,,,,,,,,,1,,,,,,,,,,,,1,,1,,1,,1,,1,,1,,1,,1,,1,,1,1,,,1,,1,,,1,1,1,,,,,,,,,1,,,1,1,,,,,,,,,,,1,1,1,,1,1,1,,1,,1,,,,,1,,1,,1,,,1,,1,,1,,1,,1,,1,,1
Euxoa nomas,1,,,,1,,,,,,,,,1,,,,,,,,,,,,,,,,,,,,,,,,,,,,,,1,1,,,,,1,,,,,,,,,1,1,,,,,1,1,,,,,,,,,,1,1,1,,,,,,,,,,,,,,,,,,,,,,,1,,,1,,1,,1,,,,1,1,1,,,,,,,,,,1,,1,1,1,,,,,,,,,,1,,,,,,,,,,,,1,,1,,1,,1,,1,,1,,1,,1,1,1,,1,1,,1,1,1,1,,,,1,1,1,,,,,,,,1,,,,1,1,1,,,,,,,,,1,1,1,,1,,1,,1,,1,,,,,1,,,1,1,,,1,1,1,,1,,1,,1,,1,,1
Euxoa manitobana,1,1,1,,,,,,,1,,,,1,,,,,,,,1,,1,1,,,,,1,,,,,,,,,,,,,,,,,,,,,,,,,,,,,1,1,,,,,,1,,,,,,,,,,,,,1,1,1,,,,,,,,,,,,,,,,,,,,1,,,1,,1,,1,,,,,1,1,,,,,,,,,,1,,1,1,1,,,,,,,,,,1,,,,,,,,,,,,1,,1,,1,,1,,1,,1,1,1,,1,1,1,,1,1,,,1,,1,,1,1,1,1,,,,,,,,,1,,1,1,1,1,,,,,,,,,,1,1,,,1,,1,,1,,1,,,,,1,,1,1,1,,,1,1,1,,1,,1,,1,,1,,1
Euxoa perolivalis,,1,1,1,,,,,,,,,,,,,,,,1,,1,,1,,,,,,,,,1,,,,,,,1,,,,,,,,,,,,,,,,,,1,1,1,,,,,,1,,,,,,,,,,,,1,1,1,1,,,,,,,,,,,,,,,,,,,,1,,,1,,1,,1,,,,1,1,,,,,,,,,,,1,,1,1,1,,,,,,,,,,1,,,,,,,,,,,,1,,1,,1,,1,,1,,1,,1,,1,1,1,,1,1,,,1,1,1,,,1,1,,,,,,,,,,1,,1,,,,,,,,,,,,,1,1,1,,1,1,1,,1,,1,,,,,1,,1,1,1,,,1,,1,,1,,1,,1,,1,,1
Euxoa perpolita,1,1,,,1,,,,,,,,,1,,,1,,,,,,,,,,,,,,,,,,,,,,,,,,,1,,,,,,,,,,,,,,,,1,1,,,,,1,,,,,,,,,,,,,1,1,1,1,,,,,,,,,,,,,,,,,,,1,,,1,,1,,1,,1,,,1,,,,1,,,,,,1,1,,1,,,,,,,,,,,,1,,,,,,,,,,,,1,,1,,1,,1,,1,,1,,1,,1,,1,,1,1,1,,1,,1,,,1,1,1,,,,,,,,,1,,,1,1,,,,,,,,,,,1,1,,,1,1,1,,1,,1,,,,,1,,1,,1,1,,1,,1,,1,,1,,1,,1,,1
Euxoa taura,,1,,1,1,,,,,,,,,,,,,,,,,1,,,,,,,,,,,,,,,1,,,,,,,1,,,,,,,,,,,,,,,1,1,,,,,,1,,,,,,,,,,,,,1,1,1,1,1,,,,,,,,,,,,,,,,,,1,,,1,,1,,1,,,,,1,1,,,,,,,,,1,1,,,1,1,,,,,,,,,,1,,,,,,,,,,,,1,,1,,1,,1,,1,,1,,1,,1,,1,,1,1,1,,1,,1,,1,1,1,1,,,,,,,,,1,,1,1,1,1,,,,,,,,,,1,1,,,1,,1,,1,,1,,,,,1,,1,1,1,,,1,,1,,1,,1,,1,,1,,1
Euxoa flavicollis,1,1,,,1,,,,,,,,,1,,,,,,,,1,,,,,,,,,,,,,,,,,,,,,,1,,1,,,,,,,,,,,,,1,1,,,,,,1,,,,,,,,,,,,,1,1,1,1,,,,,,,,,,,,,,,,,,,1,,,1,,1,,1,,1,,,1,,,,,,,,,,,1,1,1,1,1,,1,,,,,,,,1,,,,,,,,,,,,1,,1,,1,,1,,1,,1,1,,,1,,1,,1,1,,,1,1,1,,1,1,1,1,,,,,,,,,1,,1,1,1,1,,,,,,,,,,1,1,1,,1,1,1,,1,,1,,,,,1,1,1,1,1,1,,1,1,1,,1,,1,,1,,1,,1
Euxoa maimes,,,,,,,,,,,,,,,,,,,,,,,,,,,,,,,,,,,,,,,,,,,,,,,,,,,,,,,,,,,1,1,,,,,,1,,,,,,,,,,,,1,1,1,1,,,,,,,,,,,,,,,,,,,,1,,,1,,1,,1,,,,,1,1,,,,,,,,,,1,1,,1,1,,,,,,,,,,1,,,,,,,,,,,,1,,1,,1,,1,,1,,1,1,1,,1,1,1,,1,1,,,1,,1,,,,1,1,,,,,,,,,1,,,,1,,,,,,,,,,,1,1,1,,1,,1,,1,,1,,,,,1,,,1,1,1,,1,,1,,1,,1,,1,,1,,1
Euxoa ridingsiana,1,1,1,1,1,,,,,1,1,1,,,,,1,,1,1,1,1,,,,,,1,,1,,,1,,,,1,,,,,,,,1,,,1,,,,,,,,,1,,1,1,1,,,,,1,,,,,,,,,,,,1,1,1,1,,,,,,,,,,,,,,,,,,,,1,,,1,,1,,1,,,,1,1,1,,,,,,,,,,1,,1,1,1,,,,,,,,,,1,,,,,,,,,,,,1,,1,,1,,1,,1,,1,1,1,,1,1,1,,1,1,,,1,,1,,,,1,1,,,,,,,,,1,,,,1,,,,,,,,,,,1,1,1,,1,,1,,1,1,1,1,,,1,1,1,1,1,1,1,,1,1,1,,1,,1,,1,,1,,1
Euxoa wilsoni,1,,1,,,1,,1,,,,,,,,,,,,,,,,,,1,,,,,,,,,,,,,,,,,,,,,,,,,,,,,,,,1,1,1,1,,,,,1,,,,,,,,,,,,,,,1,1,1,,,,,,,,,,,,,,,,,,1,,,1,,1,,1,,,,,1,1,,,,,,,,,,1,1,1,1,1,,,,,,,,,,1,,,,,,,,,,,,1,,1,,1,,1,1,1,,1,1,,,1,1,,,1,1,,,1,1,1,,,,1,1,,,,,,,,,1,,,,1,,,,,,,,,,,1,1,,1,1,,1,,1,,1,,,,,1,,1,1,1,1,,1,,1,,1,,1,,1,,1,,1
Feltia mollis,,,,,1,,,,,,,,,,,,,,,,,,,,,,,,,,,,,,,,,,,,,,,1,1,1,,,,,,,,,,,,,1,1,,,,,,1,1,,,,,,,,,,,,,,1,1,1,1,1,,,,,,,,,,,,,,,,1,,,1,,1,,1,,,,1,1,1,,,,,,,,,,1,,1,1,1,,,,1,,,,,,1,,,,,,,,,,,,1,,1,,1,,1,,1,,1,,1,,1,,1,,1,1,,,1,,1,,,,,1,,,,,,,,,1,,,,1,,,,,,,,,,,1,1,,,1,,1,1,1,,1,,,,,,1,1,1,1,,,1,1,1,,1,,1,,1,,1,,1
Feltia nigrita,,,,,1,,,,,,,,,,,,,,,,,,,,,,,,,,,,,,,,,,,,,,,,,,,,,1,,,,,,,,1,1,,,,,,,1,,,,,,,,,,,,1,1,1,1,1,,,,,,,,,,,,,,,,,,,1,,,1,,1,,1,,,,,1,,,,,,,,,,1,1,,,,1,,,,,,,,,,1,,,,,,,,,,,,1,,1,,1,,1,,1,,1,,1,,1,1,1,,1,1,,,1,,1,,,,,1,,,,,,,,,1,,,,1,,,,,,,,,,,1,,1,,,1,1,,1,,1,,,,,1,1,,1,,1,,1,,1,,1,,1,,1,,1,,1
Feltia jaculifera,1,1,1,1,1,,,1,1,1,1,1,,,1,1,1,1,1,1,,1,1,,,1,1,,1,1,1,1,1,1,,,1,,,,,,,1,1,,,1,,,,,,,,,,1,1,1,1,1,1,,,1,,,,,,,,,,,,,,1,1,1,1,,,,,,,,,,,,,,,,,,1,,,1,,1,,1,,1,,1,1,1,,,,,,,,,,1,,1,1,1,,,,,,,,,,1,,,,,,,,,,,1,1,1,1,,1,1,1,1,1,,1,1,1,,1,1,1,,1,1,1,,1,1,1,,1,1,1,,,,,,,,,,1,,1,1,1,1,,,,,,,,,,1,1,1,,1,,1,,1,1,1,1,,,1,1,1,1,,1,,1,1,,1,,1,,1,,1,,1,,1
Feltia subgothica,,1,,,,,,,,,,,,,,,,,,1,,,,,,,,,,,,,,,,,,,,,,,,,,,,,,,,,,,,,,,1,1,1,,,,,1,,,,,,,,,,,,,1,1,1,1,1,,,,,,,,,,,,,,,,,,1,,,1,,1,,1,,,,,1,,,,,,,,,,,1,,,,1,,,,,,,,,,1,,,,,,,,,,,,1,,1,,1,,1,1,1,,1,1,1,,1,1,1,,1,1,1,,1,,1,,1,1,,1,,,,,,,,,1,,,1,1,,,,,,,,,,,1,1,1,,1,1,1,,1,1,1,1,,,1,1,1,1,1,1,1,1,1,,1,,1,,1,,1,,1,,1
Feltia herilis,1,1,1,1,1,1,,1,1,1,,,,1,1,,1,,,1,,1,,,,1,1,,,,1,,,,,,1,,,,,1,,1,1,,1,1,,,,,,,,,,1,1,1,1,,,,,1,1,,,,,,,,,,,,,,1,1,1,1,1,,,,,,,,,,,,,,,,1,,,1,,1,,1,,1,,,1,,,,,,,,,,,1,,1,1,1,,,,,,,,,,1,,,,,,,,,,,,1,,1,,1,,1,,1,,1,,1,,1,,1,,1,1,,1,1,,1,,,1,1,1,,,,,,,,,1,,,1,1,1,,,,,,,,,,1,1,1,,1,1,1,,1,,1,,,,,1,1,1,1,1,1,1,1,1,1,,1,,1,,1,,1,,1
Agrotis vetusta,1,1,1,,1,1,,1,1,1,,,,1,,,,,,,,1,,,,1,1,1,1,1,1,1,1,1,,,,,,,,,,,1,,,,,,,,,,,1,,,1,1,1,1,,,,1,1,,,,,,,,,,,,,,1,1,1,1,1,,,,,,,,,,,,,,,,1,,,1,,1,,1,,,,1,,1,,,,,,,,,1,1,,,1,1,,,,,,,,,,1,,,,,,,,,,,,1,,1,,1,,1,,1,,1,,1,,1,,1,,1,,1,,1,1,1,,1,,,,,,,,,,,,1,,,,,,,,,,,,,,,1,,1,,,,1,,1,,1,,,,,,1,,1,1,,,1,,1,,1,,1,,1,,1,,1
Agrotis daedalus,,,,,,,,,,,,,,,,,,,,,,,,,,,,,,,,,,,,,,,,,,,,,,,,,,,,,,,,1,,1,,,,,,,,1,,,,,,,,,,,,,1,1,1,,,,,,,,,,,,,,,,,,,,1,,,1,,1,,1,,,,,1,1,,1,,,,,,,1,1,,,1,1,,1,,,,,,,,1,,,,,,,,,,,1,1,1,1,,1,,1,1,1,,1,,1,,1,1,1,,1,,1,,1,1,1,,,,,1,,,,,,,,,1,,,,1,,,,,,,,,,,1,1,1,,1,,1,,1,,1,,,,,1,1,,1,1,,1,1,,1,,1,,1,,1,,1,,1
Agrotis ruta,,,,,1,,,,,,,,,,,,,,,,,,,,,,,,,,,,,,,,,,,,,,,,,,,,,,,,,,,,,,1,,,,,,,1,,,,,,,,,,,,,1,1,1,1,1,,,,,,,,,,,,,,,,,,1,,,1,,1,,1,,,,,1,1,,,,,,,,,1,1,,1,1,1,,,,,,,,,,1,,,,,,,,,,,,1,1,1,,1,,1,,1,,1,,1,,1,1,,,1,1,,,1,1,1,,,,1,1,,,,,,,,,1,,,,1,,,,,,,,,,,1,1,1,,1,,1,,1,,1,,,,,1,,,1,1,1,,1,,1,,1,,1,,1,,1,,1
Agrotis longicornis,,,1,,,,,,,,,,,,,,,,,,,,,,,,,,,,,,1,,,,,,,,,,,,,,,,,,,,,,,,,1,,,,,,,,1,,,,,,,,,,,,,1,1,1,1,,,,,,,,,,,,,,,,,,,1,,,1,,1,,1,,,,,1,1,,,,,,,,,,1,1,,1,1,,,,,,,,,,1,,,,,,,,,,,,1,,1,,1,,1,,1,,1,,1,,1,1,1,,1,1,1,,1,,1,,,1,,1,,,,,,,,,1,,,,,,,,,,,,,,,1,1,1,,1,,1,,1,,1,,,,,1,1,,1,1,,,1,,1,,1,,1,,1,,1,,1
Agrotis orthogonia,,1,1,1,,,,,,,,,,,,1,,,1,1,,,,,,,,,,,,,1,,,,1,,,,,,,,,,,,,,,,,,,,,,,1,1,1,,,,1,,,,,,,,,,,,1,1,1,,,,,,,,,,,,,,,,,,,,,1,,,1,,1,,1,,,1,1,,1,,,,,,,,,,1,1,1,1,1,,,,,,,,,,1,,,,,,,,,,,,1,,1,,1,,1,,1,,1,,1,,1,1,1,,1,1,1,,1,1,1,,,1,,1,,,,,,,,,1,,1,1,1,,,,,,,,,,,1,1,1,,1,1,1,,1,,1,,,,,1,,,1,1,,,1,,1,,1,,1,,1,,1,,1
Agrotis venerabilis,1,1,1,,1,,,,1,1,1,,,1,,,,,1,1,1,,1,,,,1,1,,1,1,,1,1,,,,,,,,,,,1,,,,,,,,,,,,,,1,1,1,1,,,,1,,,,,,,,,,,,,,1,1,1,1,,,,,,,,,,,,,,,,,,1,,,1,,1,,1,,,,,1,1,,,,,,,,,,1,,,1,1,,,,,,,,,,1,,,,,,,,,,,1,1,1,1,,1,1,1,,1,,1,,1,,1,1,,,1,1,1,,1,1,1,,1,1,,1,,,,,,,,,1,,,1,1,1,,,,,,,,,,1,,1,,,1,1,,1,,1,,,,,1,1,,1,1,1,,1,1,1,,1,,1,,1,,1,,1
Agrotis vancouverensis,1,1,1,1,1,1,,1,1,1,1,,,1,1,1,1,,,,1,1,,1,,1,1,1,1,1,1,1,,,,,1,,,,,1,,1,1,1,,,,,,,,,1,1,1,1,1,1,1,,,,,1,,,,,,,,,,,,1,1,1,1,1,,,,,,,,,,,,,,,,,,,1,,,1,,1,,1,,,,,1,1,,1,,,,,,,1,1,1,1,1,1,1,1,1,,,,,,,1,,,,,,,,,,,,1,,1,,1,,1,1,1,,1,,1,,1,1,1,,1,1,1,,1,1,1,,1,1,1,1,,,,,,,,,1,,,1,1,1,,,,,,,,,,1,1,1,,1,,1,,1,,1,,,,,1,1,1,1,1,1,,1,1,1,,1,,1,,1,,1,,1
Agrotis gravis,1,,1,,,1,,1,,,,,,,,,,,,,,,,,,1,,,,,,,,,,,,,,,,,,,,,,,,,,,,,,1,1,1,1,,,,,,,1,,,,,,,,,,,,1,1,1,1,,,,,,,,,,,,,,,,,,,,1,,,1,,1,,1,,1,,,1,1,,,,,,,,,,1,1,1,1,1,,,,,,,,,,1,,,,,,,,,,,,1,,1,,1,,1,,1,,1,,1,,1,1,1,,1,1,1,,1,1,,,1,1,1,1,,,,,,,,,1,,,,1,1,,,,,,,,,,1,1,1,,1,1,1,1,1,,1,,,,,1,1,1,1,1,,,1,,1,,1,,1,,1,,1,,1
Agrotis obliqua,1,1,1,,1,,,,1,,1,,,1,1,,,,,,1,,,1,,,,1,1,1,1,1,,,,,,,,,,,,1,1,1,,1,,,,,,,,,1,1,1,1,,,,,,1,,,,,,,,,,,,,1,1,1,,,,,,,,,,,,,,,,,,,,1,,,1,,1,,1,,,,,1,,,,,,,,,,1,1,1,1,,1,,,,,,,,,,1,,,,,,,,,,,1,1,,1,,1,,1,1,1,,1,,1,,1,1,1,,1,1,1,,1,,1,,,1,1,1,,,,,,,,,1,,,1,1,1,,,,,,,,,,1,1,,,1,,1,,1,,1,,,,,1,1,1,1,1,1,,1,1,1,,1,,1,,1,,1,,1
Agrotis antica,1,,1,,1,,,1,1,1,1,1,,1,,,,,,,,,,,,1,1,1,,,1,1,,,,,,,,,,,,1,,,,,,,,,,,,,1,1,1,1,,,,,,1,,,,,,,,,,,,,1,1,1,1,1,,,,,,,,,,,,,,,,,,1,,,1,,1,,1,,,,,1,1,,,,,,,,,1,1,,,1,1,,,,,,,,,,1,,,,,,,,,,,,1,1,1,,1,,1,,1,,1,,1,,1,1,1,,1,1,1,,1,,1,,1,1,1,1,,,,,,,,,1,,,1,1,,,,,,,,,,,1,1,1,,1,,1,,1,,1,,,,,1,1,,1,1,1,,1,,1,,1,,1,,1,,1,,1
Agrotis ipsilon,1,1,1,,1,1,,1,1,1,,,,1,,1,1,,1,1,,1,,1,,1,1,1,1,1,1,1,1,1,,,,,,,,1,,,,,,,,,,,,,,,1,1,1,1,1,1,1,,,1,1,,,,,,,,,,,,,,,,1,1,1,1,1,,,,,,,,,,,,1,,1,,,1,,1,,1,,,,1,1,1,,,,,,,,,1,1,,1,1,1,,,,,,,,,,1,,,,,,,,,,,,1,,1,,1,,1,,1,,1,,1,,1,1,1,,1,1,1,,1,1,1,,1,1,,,,,,,,,,,1,1,,1,1,,,,,,,,,,,1,1,1,,1,1,,,1,,1,,,,,1,1,,1,1,,,1,1,1,,1,,1,,1,,1,,1
Ochropleura implecta,1,1,1,,1,1,1,1,,1,1,,,1,1,,1,,,,1,,,,,1,1,,,,1,1,,,,,,,,,,1,,,1,1,,,,,,,,,,1,1,1,1,1,1,,,,,1,,,,,,,,,,,,1,1,1,,,,,,,,,,,,,,,,,,,,,1,,,1,,1,,1,,,,,1,,,,1,,,,,,,1,1,1,1,1,1,,,,,,,,,1,,,,,,,,,,,,1,,1,,1,,1,1,1,,1,1,,,1,,1,,1,1,,,1,,1,,1,,,1,,,,,,,,,1,,,,1,1,,,,,,,,,,1,1,1,,1,,1,,1,,1,,,,,,1,1,,1,1,,1,1,,,1,,1,,1,1,1,,1
Diarsia esurialis,1,,1,,1,1,1,1,1,,,,,1,1,,,,,,,,,,,1,1,1,,,1,,,,,,,,,,,1,1,1,,,,,,,,,,,,,1,1,1,1,1,,,,,1,,,,,,,,,,,,1,1,1,1,,,,,,,,,,,,,,,,,,,,1,,,1,,1,,1,,,,,1,1,,1,,,,,,,1,1,,1,1,1,,1,,,,,,,,1,,,,,,,,,,,,1,,1,,1,,1,,1,,1,,1,,1,,1,,1,1,1,,1,,1,,,,,1,,,,,,,,,1,1,,1,1,,,,,1,,,,,,1,1,,1,1,,1,1,1,,1,,,,,,1,1,1,1,,,1,,1,,1,,1,,1,,1,,1
Diarsia calgary,,,,,1,,,,,,,,,,,,,,,,,,,,,,,,,,,,,,,,,,,,,1,,1,,,,,,,,,,,,,,1,1,,,,,,,1,,,,,,,,,,,,1,1,1,,,,,,,,,,,,,,,,,,,,,1,,,1,,1,,1,,,,,1,1,,,,,,,,,,1,,,1,1,,,,,,,,,,1,,,,,,,,,,,,1,,1,,1,,1,,1,,1,,1,,1,1,1,,1,1,,,1,,1,,,,,1,,,,,,,,,1,,,1,1,,,,,,,,,,,1,1,1,,1,,1,1,,,1,,,,,,1,,1,1,1,,1,1,1,,1,,1,,1,1,1,,1
Diarsia dislocata,1,,,,1,,,1,,,,,,1,1,,,,,,,,,,,,,,,,,,,,,,,,,,,,1,1,1,1,,1,,,,,,,,,,,1,1,,,,,,1,,,,,,,,,,,,1,1,1,,,,,,,,,,,,,,,,,,,,,1,,,1,,1,,1,,,,1,1,1,,,,,,,,,1,1,,1,1,1,,,,,,,,,,1,,,,,,,,,,,,1,,1,,1,,1,,1,,1,,1,,1,,1,,1,1,1,,1,,1,,,1,1,1,,,,,,,,,1,,,1,1,1,,,,,,,,,,1,1,,,1,,1,,1,,1,,,,,1,1,1,1,1,1,,1,1,1,,1,,1,,1,1,1,,1
Diarsia rubifera,,,,,1,,,,,,,,,,,,,,,,,,,,,,,,,,,,,,,,,,,,,1,,,1,,,,,,,,,,,,,,1,,1,,,,,1,,,,,,,,,,,,,1,1,,,,,,,,,,,,,,,,,,,,,1,,,1,,1,,1,,,,,1,,,,,,,,,,1,,,,,,,,,,,,,,,1,,,,,,,,,,,,1,,1,,1,,1,,1,,1,,1,,1,,1,,1,1,1,,1,,1,,,1,1,1,,,,,,,,,1,,,,,1,,,,,,,,,,1,,1,,,,1,,1,,1,,,,,1,,1,1,1,1,,1,,1,,1,,1,,1,,1,,1
Diarsia rosaria,1,1,1,,1,1,1,1,1,1,1,,,1,1,1,1,,,,,,,1,,1,1,1,1,1,1,1,1,,,,,,,,,1,,1,1,1,,,,,,,,,,1,1,1,1,1,1,1,,,1,1,,,,,,,,,,1,1,1,1,1,,,,,,,,,,,,,,,,,,,,,1,,,1,,1,,1,,,,,1,,,1,1,,,,,,,1,,1,1,1,1,1,1,,,,,,,1,,,,,,,,,,,,1,,1,,1,,1,,1,,1,,1,,1,,1,,1,1,1,,1,1,1,,,1,,1,,,,,,,,,1,,,1,1,,,1,,,,,,,,1,1,1,,1,1,1,,1,,1,,,,,1,1,1,,1,,,1,,1,,1,,1,,1,1,1,,1
Cerastis enigmatica,1,,1,,1,1,,1,1,1,,,,1,1,,,,,,,,,,,1,1,,,,1,1,,,,,,,,,,1,,1,,,,,,,,,1,1,1,1,1,1,1,1,1,,,,,1,,,,,,,,,,,,1,1,1,,,,,,,,,,,,,,,,,,,,,1,,,1,,1,,1,,,,,1,,,,,,,,,,1,1,,,1,1,,,,,,,,,,1,,,,,,,,,,,,1,,1,,1,1,1,,1,,1,,1,,1,1,1,,1,1,1,1,1,,1,,,,,1,,,,,,,,,1,,,1,1,,,,,,,,,,,1,1,1,,1,,1,1,1,,1,,,,,1,1,1,1,1,,,1,1,1,,1,,1,,1,1,1,,1
Cerastis gloriosa,1,,1,,,1,,,,,,,,,,,,,,,,,,,,1,1,,,,1,,,,,,,,,,,,,,,,,,,,,,,,1,1,,,,,,,,,,1,,,,,,,,,,,,,,,1,1,,,,,,,,,,,,,,,,,,,1,,,1,,1,,1,,,,,1,,,1,,,,,,,,1,1,,,1,,1,,,,,,,,1,,,,,,,,,,,,1,,1,,1,,1,1,1,,1,,1,,1,,1,,1,,1,1,,1,1,,,,,1,,1,,1,,,,,1,,,,1,,,,,,,,,,,1,1,1,,1,,1,,1,,1,,,,,1,1,1,1,1,,,1,1,1,,1,,1,,1,,1,,1
Cerastis salicarum,,1,,,,,,,,,,,,,,,1,,,,,,,,,,,,,,,,,,,,,,,,,,,,,,,,,,,,,,,,1,1,,,,,,,,1,,,,,,,,,,,,,1,1,1,,,,,,,,,,,,,,,,,,,,1,,,1,,1,,1,,,,,1,1,,,,,,,,,,1,,,1,1,,,,,,,,,,1,,,,,,,,,,,,1,,1,,1,1,1,,1,,1,,1,,1,1,,,1,,1,,1,1,1,,,,1,1,,,,,,,,,,,,1,1,,,,,,,,,,,1,,1,,,,1,1,1,,1,,,,,1,,1,1,1,1,,1,,1,,1,,1,,1,1,1,,1
Paradiarsia littoralis,1,1,1,,1,,,,,,1,,,1,,,1,,,,1,,,,,,,,,1,,,,,,,,,,,,,,1,1,1,,1,,1,,,,,,,1,1,1,1,,,,,,1,,,,,,,,,,,,1,1,1,1,1,,,,,,,,,,,,,,,,,,,1,,,1,,1,,1,,,,,,1,,,,,,,,,1,,,,1,,,,,,,,,,,1,,,,,,,,,,,,1,,1,,1,,1,,1,,1,,1,,1,,1,,1,1,1,,1,,1,,,1,1,,,,,,,,,,1,,,,,1,,,,,,,,,,1,1,1,,1,,1,,1,,1,,,,,1,,1,,1,1,,1,,1,,1,,1,,1,1,1,,1
Lycophotia phyllophora,,,,,1,,,,,,,,,,,,,,,,,,,,,,,,,,,,,,,,,,,,,,,,,,,1,,,,,,,,,,,1,,,,,,,1,,,,,,,,,,,,,,,1,1,1,,,,,,,,,,,,,,,,,,1,,,1,,1,,1,,,,1,1,,,,,,,,,,1,,,1,1,1,,,,,,,,,,1,,,,,,,,,,,,1,,1,,1,,1,,1,,1,,1,,1,,1,,1,1,1,,1,1,1,,,1,,1,,,,,,,,,1,,,1,1,,,,,,,,,,,1,,1,,,,1,,1,,1,,,,,1,1,1,,1,,,1,,1,,1,,1,,1,,1,,1
Rhyacia clemens,1,1,1,,1,,,,1,1,1,,,1,1,,,,1,1,,1,,,,,,1,1,1,1,1,1,,,,,,,,,,,,,1,,,,,,,,,,,1,1,1,1,1,,,,,1,1,,,,,,,,,,,,,,,,1,1,1,,,,,,,,,,,,,,,,1,,,1,,1,,1,,,,,,1,,,,,,,,,1,1,,,1,,,,,,,,,,,1,,,,,,,,,,,,1,,1,,1,,1,,1,,1,,1,,1,,1,,1,1,1,,1,,1,,,1,,1,,,,,,,,,1,,,1,1,,,,,,,,,,,1,,1,,,1,1,,1,,1,,,,,1,1,1,1,1,,,1,,1,,1,,1,,1,,1,,1
Chersotis juncta,1,1,1,,,,,,1,,,1,,1,1,,,,1,,,1,,1,,,,1,1,1,,,1,,,,,,,,,,,,,,,,,,,,,,,,,1,1,1,,,,,,1,,,,,,,,,,,,1,1,1,1,,,,,,,,,,,,,,,,,,,,1,,,1,,1,,1,,1,,,1,,,,,,,,,,1,1,1,1,1,1,,,,,,,,,,1,,,,,,,,,,,,1,,1,,1,,1,,1,,1,,1,,1,1,,,1,,1,1,,,1,,,1,1,1,,,,,,,,,1,,,1,1,1,,,,,,,,,,1,1,1,,1,,1,,1,,1,,,,,1,,1,,1,1,,1,,1,,1,,1,,1,,1,,1
Noctua pronuba,1,1,1,1,1,1,,1,1,1,1,1,,1,1,1,1,,1,1,1,1,,1,,1,1,1,1,1,,,1,,,,1,,,,,1,,1,1,,,,,,,,,,,,1,1,1,1,1,1,,,,,1,,,,,,,,,,,,,,,,,,,1,1,1,,,,,,,,,,,,,1,1,,1,,1,1,1,,,,,1,1,,,,,,,,,1,1,,1,1,1,,,,,,,,,,1,,,,,,,,,,,,1,,1,,1,,1,,1,,1,,1,,1,,1,,1,1,1,,1,1,1,,,,,,1,1,,,,,,,,1,,,,,,,,,,,,,,1,,1,,,,1,,1,1,,1,,,1,1,1,1,,1,,,1,1,1,,1,,1,,1,,1,,1
Noctua comes,1,1,1,,1,1,,1,1,1,,,,,1,,,,,,,,1,,,,1,1,1,,1,,,,,,,,,,,1,,,,,,,,,,,,,,,,1,1,1,1,1,,,,1,1,,,,,,,,,,,,,,,,,1,1,,,,,,,,,,,,,,,,1,1,,1,,1,,1,,,,,1,,,,,,,,,,1,,,1,,1,,,,,,,,,,1,,,,,,,,,,,,1,,1,,1,,1,,1,,1,,1,,1,,1,,1,1,1,,1,1,1,,,,,,1,1,,,,,,,,1,,,,,,,,,,,,,,1,1,,1,,,1,,1,1,,1,,,1,1,1,1,1,1,,,1,,1,,1,,1,,1,,1,,1
Cryptocala acadiensis,1,,,1,1,,,,,,1,1,,,,,,,,,,,,,,,,,,,,,,,1,,,,,,,,,,1,,1,1,,,,,,,,,,,1,1,,,,,,1,,,,,,,,,,,,1,1,1,,,,,,,,,,,,,,,,,,,,,1,,,1,,1,,1,,,,,1,,,1,,,,,,,1,1,,1,,1,,,,,,,,,,1,,,,,,,,,,,,1,,1,,1,,1,,1,,1,1,1,,1,,1,,1,,1,1,1,1,,1,,,1,,1,,,,,,,,,1,,,1,,1,1,,,,,,,,1,1,1,,1,,1,,1,1,1,1,,,1,1,,1,1,1,,,1,,1,,1,,1,,1,,1,,1
Spaelotis clandestina,1,1,1,,1,,,,1,1,1,1,,1,1,1,1,1,1,1,1,1,1,1,,,,,1,1,,,1,,,,,,,,,,,1,1,1,,,,,,,,,1,1,1,1,1,1,1,1,,,,1,1,,,,,,,,,,,,,,,1,1,1,1,,,,,,,,,,,,,,,,1,,,1,,1,1,1,,,,1,1,,,,,,,,,,1,1,,1,1,1,,,,,,,,,,1,,,,,,,,,,,,1,,1,,1,,1,,1,,1,,1,,1,,1,,1,1,1,,1,,1,,,1,,1,,,,,,,,,1,,,1,1,,,,,,,,,,,1,1,1,,1,1,,,1,,1,,,,,1,1,,1,1,,,1,,1,,1,,1,,1,,1,,1
Spaelotis bicava,1,1,1,,1,,,,1,1,1,1,,1,1,1,1,1,1,1,,1,1,1,,1,1,1,1,1,1,1,1,,,,,,,,,1,,1,1,,,,,,,,,,,1,1,1,1,1,1,1,,,,1,1,,,,,,,,,,,,,,1,1,1,1,1,,,,,,,,,,,,,,,,1,,,1,,1,1,1,,,,1,1,,,,,,,,,,1,1,,1,1,1,,,,,,,,,,1,,,,,,,,,,,,1,,1,,1,,1,,1,,1,,1,,1,,1,,1,1,1,,1,,1,,,1,1,1,,,,,,,,,1,,1,1,1,,,,,,,,,,,1,1,1,,1,1,1,,1,,1,,,,,1,,,1,1,,,1,,1,,1,,1,,1,,1,,1
Spaelotis unicava,,,1,,,,,,,,,,,,,,,,,,,,,,,,,1,,,,,1,,,,,,,,,,,,,,,,,,,,,,,,1,1,1,1,,,,,,1,1,,,,,,,,,,,,,,,1,1,1,1,,,,,,,,,,,,,,,,1,,,1,,1,1,1,,,,1,1,,,,,,,,,,1,1,,1,1,1,,,,,,,,,,1,,,,,,,,,,,,1,,1,,1,,1,1,1,,1,,1,,1,,1,,1,1,1,,1,,1,,,1,1,1,,,,,,,,,1,,1,1,1,,,,,,,,,,,1,1,1,,1,1,1,,1,,1,,,,,1,,1,1,1,,,1,,1,,1,,1,,1,,1,,1
Spaelotis havilae,,,1,,,,,,,,,,,,,,,,,,,,,,,,1,1,,1,1,1,1,1,,,,,,,,,,,,,,,,,,,,,,,1,1,1,1,1,,,,,1,1,,,,,,,,,,,,,1,1,1,1,1,1,,,,,,,,,,,,,,,,1,,,1,,1,1,1,,,,1,1,,,,,,,,,,1,1,,1,1,1,,,,,,,,,,1,,,,,,,,,,,,1,,1,,1,,1,1,1,,1,,1,,1,,1,,1,1,1,,1,,1,,,1,1,1,,,,,,,,,1,,1,1,1,,,,,,,,,,,1,1,1,,1,1,1,,1,,1,,,,,1,,1,1,1,,,1,,1,,1,,1,,1,,1,,1
Spaelotis velicava,,1,,,,,,,,,,,,,,,,,1,1,,1,,1,,,,,,,,,,,,,,,,,,,,,,,,,,,,,,,,,,,1,1,1,,,,,1,,,,,,,,,,,,,,,,1,1,,,,,,,,,,,,,,,,,,1,,,1,,1,1,1,,,,1,1,,,,,,,,,,1,1,,1,1,1,,,,,,,,,,1,,,,,,,,,,,,1,,1,,1,,1,1,1,,1,,1,,1,,1,,1,1,1,,1,,1,,,1,1,1,,,,,,,,,1,,1,1,1,,,,,,,,,,,1,1,1,,1,1,1,,1,,1,,,,,1,,1,1,1,,,1,,1,,1,,1,,1,,1,,1
Eurois occulta,1,1,1,1,1,1,,1,1,1,1,1,,1,1,1,1,,,,1,1,,1,,,,1,1,1,1,1,,,1,,,,,,,1,1,1,1,1,1,1,,1,,,,,,,1,1,1,1,1,1,,,,,1,,,,,,,,,,,,,,,,,,,1,1,1,1,1,,,,,,,,,1,,1,,,1,,1,1,1,,,,1,,,,,,,,,,,1,1,,,1,,,,,,,,,,,1,,,,,,,,,,,,1,,1,,1,1,1,,1,,1,,1,,1,1,,,1,1,,,1,1,1,1,,1,,,,,,,,,,,1,,1,,,,,,,,,,,,,1,1,1,,1,,1,,1,,1,,,,,1,,1,1,1,,,1,,1,,1,,1,,1,,1,,1
Eurois astricta,1,1,1,1,1,1,,1,1,,1,1,,1,1,,1,,,,1,1,,,,,,1,1,1,1,1,,,1,,,,,,,1,1,1,1,1,1,,,,,,,,,,,1,1,1,1,1,,,,1,1,,,,,,,,,,,,,,,,,1,1,1,1,,,,,,,,,,,,,,1,,,1,,1,1,1,,,,,1,,,,,,,,,,1,1,,1,1,1,,,,,,,,,,1,,,,,,,,,,,,1,,1,,1,,1,,1,,1,,1,,1,1,1,,1,1,1,,1,,1,,,1,1,,,,,,,,,,1,,,,,1,,,,,,,,,,1,1,1,,1,,1,,1,,1,,,,,1,,,1,1,,,1,,1,,1,,1,,1,,1,,1
Eurois nigra,1,1,1,,1,,,,1,,,1,,1,1,,,,1,,1,1,,1,,,,1,,1,,1,,,,,,,,,,,1,1,1,1,,,,,,,,,,,,,1,1,1,1,,,,1,1,,,,,,,,,,,,,,,,,1,1,1,1,1,,,,,,,,,,,1,,1,,,1,,1,1,1,,1,,1,1,,,,,,,,,,1,1,1,1,1,1,,,,,,,,,,1,,,,,,,,,,,,1,,1,,1,,1,,1,,1,,1,,1,1,1,,1,1,1,,1,,1,,,1,,1,,,,,,,,,1,,,1,1,,,,,,,,,,,1,1,,,1,,1,1,1,,1,,,,,1,1,1,1,1,,,1,,1,,1,,1,,1,,1,,1
Graphiphora augur,1,1,1,,1,1,,1,1,1,,1,,1,1,,1,,,1,1,,,1,,1,1,1,,1,1,1,1,,,,,,,,,1,1,1,1,,1,1,,,,,,,,,1,1,1,1,1,1,,,,1,1,,,,,,,,,,,,,,,,,1,1,1,,,,,,,,,,,,,,,1,1,,1,,1,,1,,,,,1,1,,,,,,,,,1,1,,1,,,,,,,,,,,,1,,,,,,,,,,,,1,,1,,1,,1,,1,,1,,1,,1,1,1,,1,1,,,1,,1,,,1,1,1,,,,,,,,,1,,,1,1,,,,,,,,,,,1,1,1,,1,1,1,,1,,1,,,,,1,,,1,1,,,1,,1,,1,,1,,1,,1,,1
Anaplectoides prasina,1,1,1,1,1,1,,1,1,1,1,1,,1,1,,1,,,,,,,1,,1,1,,1,1,1,,,,1,,,,,,,1,,1,1,,1,1,,,,,,,,,1,1,1,1,1,1,,,,1,1,,,,,,,,,,,,,,,,,1,1,1,1,1,,,,,,,,,,,1,,1,,,1,,1,,1,,,,,1,1,1,,,,,,,,,1,1,1,1,1,1,,,,,,,,,1,,,,,,,,,,,,1,,1,,1,,1,,1,,1,,1,,1,1,1,,1,1,1,,1,1,1,,,,1,1,,,,,,,,,1,,,,1,1,,,,,,,,,,1,1,1,,1,1,1,,1,,1,,,,,1,,1,1,1,,,1,,1,,1,,1,,1,,1,,1
Anaplectoides pressus,1,1,1,,1,1,,1,,1,1,1,,1,1,,1,,,,,,,1,,,1,,1,,1,,,1,,,,,,,,1,1,,1,1,1,1,,,,,,,,,,1,1,1,1,,,,,1,1,,,,,,,,,,,,,,,1,1,1,1,,,,,,,,,,,,,,1,,1,,,1,,1,,1,,,,1,1,1,,,,,,,,,,1,1,1,1,1,1,,,,,,,,,1,,,,,,,,,,,,1,,1,,1,,1,,1,,1,,1,,1,1,1,,1,1,,,1,,1,,1,,,1,,,,,,,,,1,,,1,1,,,,,,,,,,,1,1,1,,1,,1,,1,,1,,,,,,1,1,1,1,,,1,1,1,,1,,1,,1,,1,,1
Aplectoides condita,1,1,1,,1,,,,,,1,,,1,1,1,,,,,,,,,,,,,,1,1,,,,,,,,,,,1,,,1,,,,,,,,,,,,1,1,1,,,,,,,1,1,,,,,,,,,,,,,1,1,1,1,1,1,,,,,,,,,,,,,,,,1,,,1,,1,,1,,,,1,1,,,,,,,,,,1,1,1,1,1,1,,,,,,,,,,1,,,,,,,,,,,,1,,1,,1,,1,1,1,,1,,1,,1,,1,,1,1,1,,1,,1,,1,,,1,,,,,,,,,1,,,1,1,,,,,,,,,,,1,1,1,,1,,1,,1,,1,,,,,,1,1,1,1,,,1,,1,,1,,1,,1,,1,,1
Eueretagrotis perattentus,1,1,1,,1,,,,,,1,1,,,,1,1,,,,,,,,,,,,,1,,,,,,,,,,,,1,,,,,,,,,,,,,,,,1,1,1,1,,,,,1,,,,,,,,,,,,,,1,1,1,,,,,,,,,,,,,,,,,,,1,,,1,,1,,1,,,,,1,,,,,,,,,,1,1,,1,1,1,,,,,,,,,,1,,,,,,,,,,,,1,,1,,1,,1,1,1,,1,,1,,1,1,1,,1,1,1,,1,,1,,,,1,1,,,,,,,,,1,,,1,1,,,,,,,,,,,1,1,1,,1,,1,,1,,1,,,,,1,1,1,1,1,1,,1,1,,,1,,1,,1,,1,,1
Xestia xanthographa,1,1,1,,1,1,,1,,1,,,,1,1,1,,,,,,,,,,1,1,,1,,1,1,,,,,,,,,,1,,1,,,,,,,,,,,,,1,1,1,1,1,1,,1,,1,,,,,,,,,,,,,,1,1,1,,,,,,,,,,,,,,,,,,,1,,,1,,1,,1,,,,,1,,,1,,,,,,,1,1,,1,,1,,,,,,,,,,1,,,,,,,,,,,,1,,1,,1,,1,,1,,1,,1,,1,,1,,1,1,,,1,,1,,,,,1,,,,,,,,,1,,,1,1,,,,,,,,,,,1,1,1,,1,,1,1,1,,1,,,,,1,1,1,1,1,,,1,,1,,1,,1,,1,,1,,1
Xestia smithii,1,1,1,,1,1,,1,,1,,,,1,1,,1,,,,,1,,1,,1,1,1,1,1,1,1,,,,,,,,,,1,,1,1,,1,,,,,,,,,,,1,1,1,1,,,,,1,,,,,,,,,,,,,,,1,1,1,,,,,,,,,,,,,,,,,,1,,,1,,1,,1,,,,1,1,,,1,,,,,,,1,1,,1,1,1,,1,,,,,,,,1,,,,,,,,,,,,1,,1,,1,,1,,1,,1,,1,,1,1,1,,1,1,,,1,1,1,,,,1,1,,,,,,,,,1,,,,,1,,,,,,,,,,1,1,1,,1,,1,,1,,1,,,,,1,,1,1,1,,,1,,1,,1,,1,,1,1,1,,1
Xestia normanianus,,,,,,,,,,,,,,,,,,,,,,,,,,,,,,,,,,,,,,,,,,,,,,,,,,,,,,,,,,,,,,,,,,,,,,,,,,,,,,,,,,,,,,,,,,,,,,,,,,,,,,,,,,,,,,,,,,,,,,,,,,,,,,,,,,,,,,,,,,,,,,,,,,,,,,,,,,,,,,,,,,,,,,,,,,,,,,,,,,,,,,,,,,,,,,,,,,,,,,,,,,,,,,,,,,,,,,,,,,,,,,,,,,,,,,,,,,,,,
Xestia oblata,1,1,1,,1,,,1,1,1,1,1,,1,1,1,1,,1,,1,1,,1,,1,1,1,1,1,1,1,1,,,,,,,,,1,1,1,1,1,,,,,,,,,,,1,1,1,1,1,1,,,,1,,,,,,,,,,,,,,,1,1,1,,,,,,,,,,,,,,,,,,1,,,1,,1,,1,,,,,1,,,1,,,,,,,,1,,1,1,1,,1,,,,,,,,1,,,,,,,,,,,,1,,1,,1,,1,,1,,1,,1,,1,1,1,,1,1,,,1,,1,,,,,1,1,,,,,,,,1,,,,,,,1,,,,,,,,1,,1,,,,1,,1,,1,,,,,,1,1,,1,1,1,1,1,1,,1,,1,,1,,1,,1
Xestia cinerascens,1,1,1,,,,,,1,1,,1,,,,1,,,,,,,,,,1,1,,,1,,1,1,,,,,,,,,,,,,,,,,,,,,,,,,1,1,1,1,,,,,1,,,,,,,,,,,,1,1,1,1,,,,,,,,,,,,,,,,,,,,1,,,1,,1,,1,,,,1,1,1,,,,,,,,,1,,,,1,,,,,,,,,,,1,,,,,,,,,,,,1,,1,,1,,1,,1,,1,,1,,1,,1,,1,1,,,1,1,1,,,1,1,1,,,,,,,,,1,,,,,,,,,,,,,,,1,1,1,,1,,1,,1,,1,,,,,1,1,1,1,1,,,1,1,1,,1,,1,,1,,1,,1
Xestia plebeia,1,,1,,1,1,,1,,1,,1,,1,1,,,,,,,,,,,1,1,,,,1,1,1,,,,,,,,,1,,1,,,,,,,,,,,,,,,1,1,1,,,,,1,,,,,,,,,,,,,,,1,1,1,,,,,,,,,,,,,,,,,,1,1,,1,,1,,1,,,,,1,1,,,,,,,,,,1,,,1,1,,,,,,,,,,1,,,,,,,,,,,,1,,1,,1,,1,,1,,1,,1,,1,1,,,1,1,,,1,,1,,,1,1,,,,,,,,,,1,,,,,1,,,,,,,,,,1,1,1,,1,1,1,,1,,1,,,,,1,,1,1,1,1,1,1,,1,,1,,1,,1,,1,,1
Xestia mustelina,1,1,1,,1,1,,1,1,,1,1,,1,1,1,1,,,,,1,,,,1,1,1,1,1,1,1,,,,,,,,,,1,1,1,1,,,,,,,,,,,,,,1,1,1,,,,,1,,,,,,,,,,,,,1,1,1,,,,,,,,,,,,,,,,,,1,,1,,,1,,1,,1,,,,1,1,,,,,,,,,,,1,,1,1,,,,,,,,,,,1,,,,,,,,,,,,1,,1,,1,,1,,1,,1,,1,,1,1,1,,1,1,,,1,,1,,,1,1,1,,,,,,,,,1,,,1,1,1,,,,,,,,,,1,1,,,1,1,1,,1,,1,,,,,1,,1,,1,,,1,1,1,,1,,1,,1,,1,,1
Xestia vernilis,,1,1,,1,,,,,,,,,,,,,,,,,1,1,1,,,,,1,,,,,,,,,,,,,,,,1,,,,,,,,,,,,,,1,1,1,,,,,1,1,,,,,,,,,,,,,1,1,1,1,1,1,,,,,,,,,,,,,,,,1,,,1,,1,,1,,,,1,,1,,,,,,,,,1,1,,1,1,,,,,,,,,,,1,,,,,,,,,,,,1,,1,,1,,1,1,,,1,,1,,1,,1,,1,1,1,,1,,1,,,1,,1,,,,,,,,,1,,1,,1,,,,,,,,,,,1,1,1,,1,,1,,1,,1,,,,,1,1,1,1,1,,,1,,1,,1,,1,,1,,1,,1
Xestia verniloides,1,,,,1,,,,,,,,,1,,,,,,,,,,,,,,,,,,,,,,,,,,,,1,1,,,,,,,,,,,,,,,,,1,1,,,,,1,1,,,,,,,,,,,,,,1,1,1,1,1,,,,,,,,,,,,,,1,,1,,,1,,1,,1,,,,,1,1,,,,,,,,,1,1,,1,1,1,,,,,,,,,,1,,,,,,,,,,,,1,1,1,,1,,1,1,,,1,,1,,1,1,1,,1,1,1,,1,,1,,,1,,1,,,,,,,,,1,,,,1,,,,,,,,,,,1,1,1,,1,,1,,1,,1,,,,,1,,1,1,1,,,1,,1,,1,,1,,1,1,1,,1
Xestia infimatis,1,1,1,,,,,1,1,1,1,1,,1,1,1,1,,1,,,,,,,1,1,1,1,1,1,1,1,1,,,,,,,,,,,,,,,,,,,,,,,,1,1,1,1,1,,,,1,1,,,,,,,,,,,,1,1,1,1,1,1,1,,,,,,,,,,,,,,1,,1,,,1,,1,,1,,,,1,1,1,,,,,,,,,1,1,,1,1,1,,1,,,,,,,,1,,,,,,,,,,,,1,,1,,1,,1,1,,,1,,1,,1,1,1,,1,1,1,,1,1,1,,,1,,1,,,,,,,,,1,,,,1,1,,,,,,,,,,1,1,,,1,1,1,,1,,1,,,,,1,1,1,,1,1,1,1,,1,,1,,1,,1,,1,,1
Xestia finatimis,1,1,1,,1,,,1,1,1,1,1,,1,1,,1,,,1,,,,,,1,1,1,1,1,1,1,1,,,,,,,,,1,,1,,,,,,,,,,,,,,,1,1,1,,,,,1,1,,,,,,,,,,,,1,1,1,1,1,1,1,,,,,,,,,,,,,,1,,1,,,1,,1,,1,,,,1,1,1,,,,,,,,,1,1,1,1,1,1,,1,,,,,,,,1,,,,,,,,,,,,1,,1,,1,,1,1,,,1,,1,,1,1,1,,1,1,1,,1,,1,,,1,,1,,,,,,,,,1,,,,1,1,,,,1,,,,,,1,1,1,,1,,1,,1,,1,,,,,1,1,1,1,1,,1,1,,1,,1,,1,,1,,1,,1
Xestia praevia,,,,,1,,,,,,,,,,,,,,,,,,,,,,,,,,,,,,,,,,,,,,,,,,,,,,,,,,,,,,1,,,,,,,1,,,,,,,,,,,,,,,1,1,1,,,,,,,,,,,,,,,,,,1,,,1,,1,,1,,,,,1,,,,,,,,,,1,1,,1,,1,,,,,,,,,,1,,,,,,,,,,,,1,,1,,1,,1,1,,,1,,1,,1,1,1,,1,1,1,,1,,1,,,1,1,,,,,,,,,,1,,,,,1,,,,,,,,,,1,1,1,,1,,1,,1,,1,,,,,1,,1,1,1,,,1,,1,,1,,1,,1,1,1,,1
Xestia c-nigrum,1,1,1,,1,1,,1,1,1,1,,,1,1,1,1,1,,1,1,1,,1,,1,1,1,1,1,1,1,1,,,,,,,,,1,,1,1,,,,,,,,,,,1,1,1,1,1,1,1,1,,,1,1,,,,,,,,,,,,,,1,1,1,1,1,,,,,,,,,,,,,,,,1,,,1,,1,,1,,,,1,1,,,,,,,,,,,1,,1,1,1,,1,,,,,,,,1,,,,,,,,,,,,1,,1,,1,,1,,1,,1,,1,,1,,1,,1,1,1,1,1,,1,,,1,,1,,,,,,,,,1,,,,1,,,,,,,,,,,1,1,1,,1,1,1,,1,,1,,,,,1,1,1,,1,1,,1,1,1,,1,,1,,1,,1,,1
Xestia maculata,1,,,,,,,,,,,,,1,,,,,,,,,,,,,,,,,,,,,,,,,,,,,,,,,,,,,,,,,,,,,1,,,,,,,1,,,,,,,,,,,,,1,1,1,,,,,,,,,,,,,,,,,,,,1,,,1,,1,,1,,1,,1,,,,,,,,,,,,1,,1,,,,,,,,,,,,1,,,,,,,,,,,,1,,1,,1,,1,,1,,1,,1,,1,1,1,,1,1,,,1,1,1,,,1,1,,,,,,,,,,1,,1,,,,,,,,,,,,,1,1,1,,1,,1,,1,,1,,,,,1,,1,1,1,,,1,1,1,,1,,1,,1,,1,,1
Xestia speciosa,1,,,,1,,,,,,1,,,1,,,,,,,,,,,,,,,,,,,,,,,,,,,,,,,1,,,,,,,,,,,,,1,1,1,,,,,,1,1,,,,,,,,,,,,,,,,,1,1,,,,,,,,,,,,,,,,1,,,1,,1,,1,,,,1,1,,,,,,,,,,1,1,,1,,,,,,,,,,,,1,,,,,,,,,,,,1,,1,,1,,1,,1,,1,,1,,1,1,1,,1,1,1,,1,1,1,,,1,,1,,,,,,,,,1,,,1,,,,,,,,,,,,1,1,,,1,,1,,1,,1,,,,,,1,1,,1,,,1,,1,,1,,1,,1,,1,,1
Xestia mixta,,,,,1,,,,,,,,,,,,,,,,,,,,,,,,,,,,,,,,,,,,,,,,,,,,,,,,,,,,,,1,,,,,,,1,1,,,,,,,,,,,,,,1,1,1,1,1,,,,,,,,,,,,,,,,1,,,1,,1,,1,,1,,1,,,,,,,,,,,,1,1,1,,1,,,,,,,,,,1,,,,,,,,,,,,1,,1,,1,,1,,1,,1,,1,,1,1,1,,1,1,1,,1,1,1,,1,1,,1,,,,,,,,,1,,,1,1,,,,,,,,,,,1,1,,,1,,1,1,,,1,,,,,1,1,1,,1,,,1,,1,,1,,1,,1,,1,,1
Xestia imperita,,1,,,1,,,,,,,,,,,,,,,,,1,,,,,,,,,,,,,,,,,,,,,,,1,1,1,,,,,,,,,,,,1,1,,,,,,1,1,,,,,,,,,,,,,,1,1,1,1,1,,,,,,,,,,,,,,,,1,,,1,,1,,1,,,,1,1,,,,,,,,,,1,1,,1,1,1,,,,,,,,,,1,,,,,,,,,,,,1,,1,,1,,1,,1,,1,,1,,1,,1,,1,1,,,1,,1,,,1,,1,,,,,,,,,1,,,1,1,,,,,,,,,,,1,,1,,,,1,,1,,1,,,,,,1,1,,1,,,1,,1,,1,,1,,1,,1,,1
Xestia atrata,,,,,1,,,,,,,,,,,,,,,,,,,,,,,,,,,,,,,,,,,,,,,,,,,,,,,,,,,,,,1,,,,,,,1,1,,,,,,,,,,,,,1,1,1,1,1,1,,,,,,,,,,,,,,,,1,,,1,,1,,1,,,,1,1,,,,,,,,,,1,,,,,,,,,,,,,,,1,,,,,,,,,,,,1,,1,,1,,1,,1,,1,,1,,1,,1,,1,,1,,1,,1,,,1,1,,,,,,,,,,1,,,,,,,,,,,,,,,1,,1,,,,1,,1,,1,,,,,,1,1,1,1,,,1,,1,,1,,1,,1,,1,,1
Xestia ursae,,,,,1,,,,,,,,,,,,,,,,,,,,,,,,,,,,,,,,,,,,,,,,,,,,,1,,,,,,,,1,1,,,,,,,1,,,,,,,,,,,,,,,1,1,,,,,,,,,,,,,,,,,,,1,,,1,,1,,1,,,,,1,1,,,,,,,,,1,1,,1,1,1,,,,,,,,,,1,,,,,,,,,,,,1,,1,,1,,1,,1,,1,,1,,1,1,1,,1,1,,,1,,1,,,,,1,,,,,,,,,1,,,,1,,,,,,,,,,,1,1,,,1,,1,1,1,,1,,,,,1,1,,1,1,,,1,,1,,1,,1,,1,,1,,1
Xestia tecta,,,,,1,,,,,,,,,,,,,,,,,,,,,,,,,,,,,,,,,,,,,,,,,,,,,1,,,,,,,,1,1,,,,,,,1,,,,,,,,,,,,,,,1,1,1,,,,,,,,,,,,,,,,,,1,,,1,,1,,1,,,,,1,1,,,,,,,,,1,,,,1,1,,1,,,,,,,,1,,,,,,,,,,,,1,,1,,1,,1,,1,,1,,1,,1,1,1,,1,1,1,,1,1,1,,,,1,1,,,,,,,,,1,,,,1,1,,1,,,,,,,,1,1,1,,1,,1,,1,,1,,,,,1,,1,1,,1,,1,,1,,1,,1,,1,,1,,1
Xestia okakensis,,,,,1,,,,,,,,,,,,,,,,,,,,,,,,,,,,,,,,,,,,,,,,,,,,,1,,,,,,,,1,1,,,,,,,1,,,,,,,,,,,,,1,1,1,,,,,,,,,,,,,,,,,,,,1,,,1,,1,,1,,,,,1,1,,,,,,,,,1,,,,1,1,,1,,,,,,,,1,,,,,,,,,,,,1,,1,,1,,1,,1,,1,,1,,1,,1,,1,1,1,,1,,1,,,,1,,,,,,,,,,1,,,,,1,,,,,,,,,,1,1,,,1,,1,,1,,1,,,,,1,,1,1,1,1,,1,,1,,1,,1,,1,,1,,1
Xestia perquiritata,1,,1,,1,1,,,1,,1,1,,1,1,,,,,,,,,,,1,,,,,1,,,,,,,,,,,,,1,,,,,,,,,,,,,,1,1,1,,,,,,1,,,,,,,,,,,,,,,,1,1,,,,,,,,,,,,,,,,,,1,,,1,,1,,1,,1,,1,,1,,,,,,,,,1,1,1,1,,1,,,,,,,,,,1,,,,,,,,,,,,1,,1,,1,,1,,1,,1,,1,,1,,1,,1,1,1,1,1,1,1,,,1,,1,,,,,,,,,1,,,1,1,,,,,,,,,,,1,1,,,1,1,1,,1,,1,,,,,1,1,1,1,1,,,1,,1,,1,,1,,1,,1,,1
Xestia fabulosa,1,,,,1,,,,,,1,,,1,,,,,,,,,,,,,,,,,,,,,,,,,,,,,,1,,,,,,,,,,,,,,,1,1,,,,,,1,1,,,,,,,,,,,,,,,1,1,1,1,,,,,,,,,,,,,,,,1,,,1,,1,,1,,,,1,,1,,,,,,,,,1,1,,,1,,,,,,,,,,,1,,,,,,,,,,,,1,,1,,1,,1,1,1,,1,,1,,1,1,1,,1,1,1,,1,,1,,,1,,1,,,,,,,,,1,,,1,1,,,,,,,,,,,1,1,,,1,,1,1,1,,1,,,,,1,1,1,1,1,1,,1,,1,,1,,1,,1,,1,,1
Xestia homogena,1,1,,,1,,,,1,,1,,,1,1,,,,,,,1,,,,,,,,,,,,,,,,,,,,,,,,,1,,,,,,,,,,,,1,1,,,,,,1,1,,,,,,,,,,,,,,,,1,1,1,,,,,,,,,,,,,,,,1,,,1,,1,,1,,,,1,1,1,,,,,,,,,1,1,,1,1,1,,,,,,,,,,1,,,,,,,,,,,,1,,1,,1,,1,1,1,,1,,1,,1,1,,,1,1,,,1,,1,,,1,,1,,,,,,,,,1,,,1,1,,,,,,,,,,,1,1,1,,1,,1,,1,,1,,,,,,1,1,1,1,,,1,,1,,1,,1,,1,,1,,1
Xestia intermedia,,,,,1,,,,,,,,,,,,,,,,,,,,,,,,,,,,,,,,,,,,,,,,,,,,,1,,,,,,,,1,1,,,,,,,1,,,,,,,,,,,,,1,1,1,1,,,,,,,,,,,,,,,,,,,1,,,1,,1,,1,,,,1,,1,,,,,,,,,1,1,,1,1,,,,,,,,,,,1,,,,,,,,,,,,1,,1,,1,,1,,1,,1,,1,,1,1,,,1,1,,,1,,1,,,1,1,1,,,,,,,,,1,,,1,1,1,,,,,,,,,,1,1,,,1,,1,,1,,1,,,,,1,,1,1,1,,,1,,1,,1,,1,,1,,1,,1
Xestia bryanti,,,,,1,,,,,,,,,,,,,,,,,,,,,,,,,,,,,,,,,,,,,,,,,,,,,1,,,,,,,,1,1,,,,,,1,1,,,,,,,,1,1,1,1,,,,,,,,,,,,,,,,,,,,,,,,1,,,1,,1,,1,,1,,,1,,,,,,,,,,,,1,1,,,,,,,,,,,,1,,,,,,,,,,,,1,,1,,1,,1,,1,,1,,1,,1,,1,,1,1,1,,1,1,1,,1,,,,,,,,,,,,1,,,1,1,,,,,,,,,,,1,1,,,1,1,1,,1,,1,,,,,1,1,,1,1,,,1,,1,,1,,1,,1,,1,,1
Xestia lyngei,,,,,,,,,,,,,,,,,,,,,,,,,,,,,,,,,,,,,,,,,,,,,,,,,,,,,,,,,,1,1,,,,,,1,1,,,,,,,,,,1,1,1,1,1,,,,,,,,,,,,,,,,,,,,,1,,,1,,1,,1,,,,1,,,,,,,,1,,,1,1,,1,,,,,,,,1,,,,1,,,,,,,,,,,,1,,1,,1,,1,,1,,1,,1,,1,,1,,1,,1,,1,,1,,1,1,,,,,,,,,,,1,1,,1,,,,,,,,,,,,1,1,,1,1,1,1,1,,,1,,,,,1,1,,1,1,,,1,,1,,1,,1,,1,,1,,1
Xestia lupa,,,,,1,,,,,,,,,,,,,,,,,,,,,,,,,,,,,,,,,,,,,,,,,,,,,,,,,,,,,1,1,,,,,,,1,,,,,,,,,,,,,,1,1,1,1,,,,,,,,,,,,,,,,,,1,,,1,,1,,1,,,,1,1,,,,,,,,,,1,1,1,1,,,,,,,,,,,,1,,,,,,,,,,,,1,,1,,1,,1,,1,,1,,1,,1,,1,,1,1,1,,1,1,1,,,1,,1,,,,,,,,,1,,,1,1,,,,,,,,,,,1,1,1,,1,,1,,1,,1,,,,,1,1,,1,1,,,1,,1,,1,,1,,1,,1,,1
Coenophila opacifrons,,,,,1,,,,,,,,,,,,,,,,,,,,,,,,,,,,,,,,,,,,,,,,1,,,,,,,,,,,,,,1,1,,,,,,1,,,,,,,,,,,,,,1,1,1,,,,,,,,,,,,,,,,,,,1,,,1,,1,,1,,,,1,1,1,,,,,,,,,1,1,,1,1,1,,,,,,,,,,1,,,,,,,,,,,,1,,1,,1,,1,,1,,1,,1,,1,,1,,1,1,,,1,,1,,,1,1,1,,,,,,,,,1,,,1,1,1,,,,,,,,,,1,1,1,,1,1,1,1,1,,1,,,,,1,1,,1,1,,,1,1,1,,1,,1,,1,,1,,1
Prognorisma substrigata,,,,,1,,,,,,,,,,,,,,,,,,,,,,,,,,,,,,,,,,,,,,,,,,,,,,,,,,,,,1,1,,,,,,,1,,,,,,,,,,,,,,1,1,1,,,,,,,,,,,,,,,,,,,1,,,1,,1,,1,,1,,1,1,1,,,,,,,,,,1,1,1,1,1,,,,,,,,,,1,,,,,,,,,,,,1,,1,,1,,1,,1,,1,,1,,1,,1,,1,1,,,1,,1,,1,1,,1,,,,,,,,,1,,,1,1,,,,,,,,,,,1,1,,,1,,1,,1,,1,,,,,1,1,1,1,1,,1,1,,1,,1,,1,,1,,1,,1
Agnorisma bugrai,1,1,1,1,1,,,1,,1,1,,,,,,,,,,1,,,,,,,1,,1,1,,,,,,,1,,,,,,,1,,,,,,,,,,,,,,1,1,1,,,,,1,,,,,,,,,,,,,,1,1,1,,,,,,,,,,,,,,,,,,,1,,,1,,1,,1,,,,,1,,,,,,,,,,,1,,1,,1,,,,,,,,,,1,,,,,,,,,,,,1,,1,,1,,1,,1,,1,,1,,1,,1,,1,1,1,,1,,1,,,,,1,,,,,,,,,1,,,,1,,,,,,,,,,,1,1,1,,1,,1,,1,,1,,,,,1,1,1,1,,1,,1,1,,,1,,1,,1,,1,,1
Pseudohermonassa tenuicula,,1,,,1,,,,,,,,,,,,,1,,,,1,,,,,,,,,,,,,,,,,,,,,,1,1,,,1,,,,,,,,,,,1,1,,,,,,1,,,,,,,,,,,,,,1,1,1,,,,,,,,,,,,,,,,,,,1,,,1,,1,,1,,1,,1,1,,,,,,,,,,1,1,,1,1,1,,,,,,,,,,1,,,,,,,,,,,,1,,1,,1,,1,1,1,,1,,1,,1,,1,,1,1,1,1,1,1,1,,,1,,1,,,,,,,,,1,,,1,1,,,,,,,,,,,1,1,1,,1,1,1,,1,,1,,,,,1,1,1,,1,,,1,,1,,1,,1,,1,,1,,1
Pseudohermonassa flavotincta,1,,1,,,1,,1,,,,,,1,,,,,,,,,,,,1,,,,,,,,,,,,,,,,,,,,,,,,,,,,,,,,1,1,1,,,,,,1,,,,,,,,,,,,,,1,1,,,,,,,,,,,,,,,,,,,,1,,,1,,1,,1,,,,,1,1,,,,,,,,,,1,,,1,1,,,,,,,,,,1,,,,,,,,,,,,1,,1,,1,,1,1,1,,1,1,1,,1,1,,,1,1,,,1,1,1,,,1,,1,,,,,,,,,1,,,1,1,,,,,,,,,,,1,1,1,,1,1,1,,1,,1,,,,,1,,1,1,1,1,,1,1,,,1,,1,,1,1,1,,1
Setagrotis pallidicollis,1,1,1,,1,,,1,1,1,1,1,,1,1,1,1,,,,1,1,,,,,,1,1,1,1,1,1,,,,,,,,,1,,1,1,,,,,,,,,,,,,1,1,1,1,,,,,1,,,,,,,,,,,,,,1,1,1,1,,,,,,,,,,,,,,,,,,1,1,,1,,1,,1,,,,1,1,1,,,,,,,,,1,1,,1,1,1,,,,,,,,,,1,,,,,,,,,,,,1,,1,,1,,1,1,1,,1,,1,,1,,1,,1,1,1,,1,,1,,1,1,,1,,,,,,,,,1,,,1,1,,,,,,,,,,,1,1,1,,1,1,1,,1,,1,,,,,,1,1,1,1,1,1,1,1,1,,1,,1,,1,,1,,1
Setagrotis vocalis,,1,,,,,,,,,,,,,,,,,1,,1,,,1,,,,,,,,,,,,,,,,,,,,,,,,,,,,,,,,,,,1,1,,,,,,1,,,,,,,,,,,,,1,1,1,1,,,,,,,,,,,,,,,,,,,1,,,1,,1,,1,,,,1,,1,,,,,,,,,1,1,,1,1,1,,,,,,,,,,1,,,,,,,,,,,,1,,1,,1,,1,1,1,,1,,1,,1,,1,,1,1,1,,1,,1,,1,,,1,,,,,,,,,1,,,1,1,,,,,,,,,,,1,1,,,1,1,,,1,,1,,,,,,1,1,1,1,,,1,1,1,,1,,1,,1,,1,1,1
Setagrotis radiola,1,1,1,,,,,,,1,,,,,,,,,1,1,,,1,,,,,1,1,1,,,1,1,,,,,,,,,,,,,,,,,,,,,,,,,1,1,1,1,,,,1,,,,,,,,,,,,1,1,1,1,1,1,,,,,,,,,,,,,,,,,,1,,,1,,1,,1,,,,1,1,,,,,,,,,,,1,1,1,1,,,,,,,,,,,1,,,,,,,,,,,,1,1,1,,1,,1,1,,,1,,1,,1,,1,,1,,1,,1,1,1,,1,,,,,,,,,,,,1,,,1,1,,,,,,,,,,,1,,1,,,1,,,1,,1,,,,,,1,1,1,1,,1,1,,1,,1,,1,,1,,1,,1
Tesagrotis atrifrons,1,1,1,,1,,,,,1,1,1,,1,,,1,,,,,1,,,,,,1,,1,1,,,,,,,,,,,,,1,1,,,,,,,,,,,,,,1,1,1,,,,,1,,,,,,,,,,,,,,1,1,1,,,,,,,,,,,,,,,,,,,1,,,1,,1,,1,,,,,1,,,,,,,,,,1,1,,1,,,,,1,,,,,,,1,,,,,,,,,,,,1,,1,,1,,1,,1,,1,,1,,1,,1,,1,,1,,1,,1,,1,1,,1,,,,,,,,,1,,,1,1,,,,,,,,,,,1,,1,,,1,,,1,,1,,,,,1,,1,,1,,,1,,1,,1,,1,,1,,1,,1
Tesagrotis piscipellis,1,1,1,,,,,,1,1,1,1,,1,1,,,,1,,,1,,1,,,,1,1,,1,1,1,1,,,,,,,,,,,,,,,,,,,,,,,,1,1,1,1,,,,,1,,,,,,,,,,,,,,,1,1,,,,,,,,,,,,,,,,,,,1,,,1,,1,,1,,,,,1,,,,,,,,,,1,1,1,,,1,,,,,,,,,,1,,,,,,,,,,,,1,,1,,1,,1,,1,,1,,1,,1,,1,,1,,1,,1,1,1,,1,1,,1,,,,,,,,,1,,,1,1,,,,,,,,,,,1,,1,,,1,1,,1,,1,,,,,1,1,1,,1,,,1,,1,,1,,1,,1,,1,,1
Tesagrotis corrodera,1,1,1,,,,,,1,1,1,,,1,1,,,,1,,1,,1,1,,,,1,,1,,,1,,,,,,,,,,,,,,,,,,,,,,,,,1,1,1,1,,,,,1,,,,,,,,,,,,,,,1,1,1,,,,,,,,,,,,,,,,,,1,,,1,,1,,1,,,,,1,,,,,,,,,,1,1,,,,1,,,,,,,,,,1,,,,,,,,,,,,1,,1,,1,,1,1,1,,1,1,1,,1,,1,,1,,1,,1,1,1,,1,,,1,,,,,,,,,1,,,1,1,,,,,,,,,,,1,,1,,,1,,,1,,1,,,,,1,1,1,,1,1,,1,,1,,1,,1,,1,,1,,1
Tesagrotis amia,1,1,1,,,,,,,,,1,,,,,,,1,,,1,1,1,,,,1,,1,,,,,,,,,,,,,,,,,,,,,,,,,,,,1,,1,1,,,,,1,,,,,,,,,,,,,,,,1,1,,,,,,,,,,,,,,,,,,1,,,1,,1,,1,,,,,1,,,,,,,,,,1,,,,,,,,,,,,,,,1,,,,,,,,,,,,1,,1,,1,,1,,1,,1,,1,,1,,1,,1,,1,,1,,1,,1,,,1,,,,,,,,,1,,,1,1,,,,,,,,,,,1,,1,,,1,1,,1,,1,,,,,,1,1,,1,,,1,,1,,1,,1,,1,,1,,1
Adelphagrotis stellaris,1,,1,,1,1,,1,1,,,,,1,1,,,,,,,,,,,1,1,,,,1,1,,,,,,,,,,1,,1,,,,,,,,,,,,,1,1,1,1,1,,,,,1,,,,,,,,,,,,,,1,1,1,,,,,,,,,,,,,,,,,,,1,1,,1,,1,,1,,,,1,1,,,,,,,,,,,1,,1,1,,,1,,,,,,,,1,,,,,,,,,,,,1,,1,,1,,1,,1,,1,,1,,1,,1,,1,1,,,1,,1,,,1,,1,,,,,,,,,1,,,1,1,,,,,,,,,,,1,1,1,,1,,1,,1,,1,,,,,1,1,1,,1,,,1,,1,,1,,1,,1,,1,,1
Adelphagrotis indeterminata,1,1,1,,1,1,,1,1,1,,,,1,1,,1,1,,,,,,,,1,1,1,1,1,1,1,,,,,,,,,,1,,1,1,,,,,,,,,,,,,1,1,1,1,,,,,1,,,,,,,,,,,,,1,1,1,,,,,,,,,,,,,,,,,,,,1,,,1,,1,,1,,,,1,1,,,,,,,,,,,1,1,1,1,1,1,1,,,,,,,,1,,,,,,,,,,,,1,,1,,1,,1,1,1,,1,,1,,1,1,1,,1,1,1,,1,,1,,,1,,1,,,,,,,,,1,,,1,1,,,,,,,,,,,1,1,,,1,,1,,1,,1,,,,,1,1,1,,1,,,1,1,1,,1,,1,,1,,1,,1
Adelphagrotis carissima,,,1,,,,,,,,,,,,,,,,,,,,,,,1,,,,,,,,,,,,,,,,,,,,,,,,,,,,,,,,,1,,,,,,,1,,,,,,,,,,,,,,1,1,1,,,,,,,,,,,,,,,,,,,1,,,1,,1,,1,,,,,1,,,,,,,,,,1,,,,,,,,,,,,,,,1,,,,,,,,,,,,1,,1,,1,,1,,1,,1,,1,,1,,1,,1,,1,,1,,1,,1,1,,1,,,,,,,,,1,,,,1,1,,,,,,,,,,1,1,1,,1,,1,,1,,1,,,,,1,1,1,,,1,1,1,1,,,1,,1,,1,,1,,1
Parabagrotis formalis,1,1,1,,,,,1,1,1,1,1,,1,1,,1,,,1,,1,,,,1,1,1,1,1,1,1,,,,,,,,,,,,,,,,,,,,,,,,1,1,1,1,1,1,1,,,,1,,,,,,,,,,,,,,1,1,1,,,,,,,,,,,,,,,,,,,1,,,1,,1,,1,,,,1,1,1,,,,,,,,,,1,,1,1,1,,1,,,,,,,,1,,,,,,,,,,,,1,,1,,1,,1,1,1,,1,1,1,,1,1,1,,1,1,1,,1,1,1,,,1,1,1,,,,,,,,,1,,1,1,1,,,,,,,,,,,1,1,,,1,1,1,,1,,1,,,,,1,,1,1,,1,1,1,1,1,,1,,1,,1,,1,,1
Parabagrotis insularis,1,1,1,,1,,,1,1,1,1,1,,1,1,1,1,,1,1,1,1,1,1,,1,1,1,1,1,1,1,,,,,,,,,,,,1,,,,,,,,,,,,,1,1,1,1,1,1,,,,1,,,,,,,,,,,,,1,1,1,1,,,,,,,,,,,,,,,,,,,1,,,1,,1,,1,,1,,,1,,,,1,,,,,,1,1,1,1,1,1,,,,,,,,,,1,,,,,,,,,,,,1,,1,,1,,1,1,1,,1,1,1,,1,1,1,,1,1,1,,1,,1,,,1,1,1,,,,,,,,,1,,1,1,1,,,,,,,,,,,1,1,1,,1,1,1,,1,,1,,,,,1,,1,,1,1,,1,1,1,,1,,1,,1,,1,,1
Parabagrotis cupidissima,1,,1,,,,,,1,1,,,,,1,,,,,,,,,,,1,1,,,,1,1,,,,,,,,,,,,,,,,,,,,,,,,,1,1,1,1,1,1,,,,1,,,,,,,,,,,,,1,1,1,1,1,,,,,,,,,,,,,,,,,,1,,,1,,1,,1,,,,,1,1,,,,,,,,,1,1,,,1,1,,,,,,,,,,1,,,,,,,,,,,,1,,1,,1,,1,,1,,1,,1,,1,1,,,1,1,,,1,,1,,,1,1,1,,,,,,,,,1,,,,,,,,,,,,,,,1,1,1,,1,,1,,1,,1,,,,,1,,1,,,1,,1,,1,,1,,1,,1,,1,,1
Parabagrotis exsertistigma,1,1,1,1,1,,,1,1,1,1,1,,1,1,1,1,,1,1,,1,1,1,,,1,1,1,1,1,1,1,,,,1,,,,,,,1,,,,,,,,,,,,1,1,1,1,1,1,,,,,1,,,,,,,,,,,,,1,1,1,1,1,,,,,,,,,,,,,,,,,,1,,,1,,1,,1,,1,,,1,,,,,,,,,,,1,1,1,1,1,,,,,,,,,,1,,,,,,,,,,,,1,,1,,1,,1,,1,,1,1,,,1,1,,,1,1,1,,1,,1,,,1,1,,,,,,,,,,1,,,1,1,,,,,,,,,,,1,1,,,1,1,1,,1,,1,,,,,1,,1,,1,1,,1,1,1,,1,,1,,1,,1,,1
Parabagrotis sulinaris,1,1,1,,1,1,,1,1,1,1,1,,1,1,1,1,,,1,1,1,,,,1,1,1,1,1,1,1,,,,,,,,,,1,,1,,,,,,,,,,,,1,1,1,1,1,1,1,,,,1,1,,,,,,,,,,,,,,,1,1,1,1,,,,,,,,,,,,,,,,1,,,1,,1,,1,,,,,1,1,,1,,,,,,,,1,1,1,1,1,,1,,,,,,,,1,,,,,,,,,,,,1,,1,,1,,1,,1,,1,1,1,,1,1,1,,1,1,1,,1,1,1,,,1,1,1,,,,,,,,,1,,,1,1,1,,,,,,,,,,1,1,,,1,1,1,,1,,1,,,,,1,,1,1,1,1,1,1,1,1,,1,,1,,1,,1,,1
Protolampra rufipectus,1,1,1,1,1,,,1,1,1,1,1,,1,1,1,,,1,1,1,1,,1,,1,1,1,1,1,1,1,,,1,,1,,,,,,1,1,1,,,,,,,,,,,,,,1,1,1,1,,,,1,,,,,,,,,,,,,1,1,1,1,1,,,,,,,,,,,,,,,,,,1,,,1,,1,,1,,,,1,1,,,,,,,,,,1,1,,1,1,,,,,,,,,,,1,,,,,,,,,,,,1,,1,,1,,1,,1,,1,,1,,1,,1,,1,1,1,,1,,1,,1,,,1,,,,,,,,,1,,,1,1,,,,,,,,,,,1,1,,,1,,1,,1,,1,,,,,1,1,1,1,1,1,,1,1,,,1,,1,,1,,1,,1
Abagrotis erratica,1,1,1,,1,,,1,1,1,1,,,1,,,1,,,1,1,1,,1,,,1,1,,1,1,1,1,,,,,,,,,,,1,,,,,,,,,1,,,,,1,1,1,1,1,,,,1,,,,,,,,,,,,,1,1,1,1,,,,,,,,,,,,,,,,,,,1,,,1,,1,,1,,,,1,,1,,,,,,,,,1,1,,,1,,,1,,,,,,,,1,,,,,,,,,,,,1,,1,,1,,1,,1,,1,,1,,1,,1,,1,1,,,1,1,1,,,,1,1,,,,,,,,,1,,,,1,1,,,,,,,,,,1,1,,,1,1,1,,1,,1,,,,,1,,,1,1,,,1,,1,,1,,1,,1,,1,,1
Abagrotis trigona,1,1,1,,1,,,1,1,1,,1,,1,1,1,1,,1,1,1,,,1,,1,1,1,1,1,1,1,1,,,,,,,,,,,1,,,,,,,,,,1,,,,1,1,1,1,,,,1,1,,,,,,,,,,1,1,1,1,1,1,,,,,,,,,,,,,,,,,,,,1,,,1,,1,,1,,,,,1,1,,1,,,,,,,1,1,,,1,1,,1,,,,,,,,1,,,,,,,,,,,,1,,1,,1,,1,,1,,1,,1,,1,,1,,1,1,1,,1,1,1,1,,1,1,,,,,,,,,,1,,,,,1,,,,,,,,,,1,1,1,,1,,1,,1,,1,,,,,1,,,1,1,,,1,,1,,1,,1,,1,,1,,1
Abagrotis apposita,1,1,1,1,1,,,1,1,1,1,1,,1,1,1,1,1,,,1,,,,,1,1,1,,1,1,1,,,1,,1,,,,,1,,,1,,,,,,,,,,,,1,1,1,1,1,,,,,1,,,,,,,,,,,,,1,1,1,1,,,,,,,,,,,,,,,,,,,1,1,,1,,1,,1,,,,,1,,,1,,,,,,,1,1,,,1,1,,1,,,,,,,,1,,,,,,,,,,,,1,,1,,1,,1,,1,,1,,1,,1,,1,,1,1,1,,1,,1,,,1,1,1,,,,,,,,,1,,,,,1,,,,,,,,,,1,1,1,,1,,1,,1,,1,,,,,1,1,1,,1,,,1,,1,,1,,1,,1,,1,,1
Abagrotis vittifrons,1,1,1,,,,,,,1,,1,,1,1,1,,1,1,1,,,1,,,,,1,1,1,,,1,,,,,,,,,,,,,,,,,,,,,,,,,1,1,1,1,1,,,,1,,,,,,,,,,,,1,1,1,1,1,,,,,,,,,,,,,,,,,,,1,,,1,,1,,1,,,,1,1,,,,,,,,,,,1,,1,,1,,,,,,,,,,1,,,,,,,,,,,,1,,1,,1,,1,,1,,1,1,,,1,,1,,1,,1,,1,,1,,1,,,,,,,,,,,,1,,,,,,,,,,,,,,,1,,1,,,,1,,1,,1,,,,,,1,1,,1,,,1,1,,,1,,1,,1,,1,,1
Abagrotis mirabilis,1,1,1,1,1,,,,1,1,1,1,,1,,1,,,1,,,,,1,,,,1,,1,1,1,1,,,,1,,,,,,,1,,,,,,,,,,,,,,,1,1,1,,,,,1,,,,,,,,,,,,,,,1,1,1,,,,,,,,,,,,,,,,,,1,1,,1,,1,,1,,1,,1,1,,,,,,,,,,,1,,1,1,1,,,,,,,,,,1,,,,,,,,,,,,1,,1,,1,,1,,1,,1,,1,,1,,1,,1,1,1,,1,,1,,,1,1,,,,,,,,,,1,,,,,1,,,,,,,,,,1,1,1,,1,,1,,1,,1,,,,,1,,1,,,1,1,1,1,1,,1,,1,,1,,1,,1
Abagrotis rubricundis,,,1,,,,,,,,,,,,,,,,,,,,,,,,,,,,1,1,,,,,,,,,,,,,,,1,,,,,,,,,,,,,1,1,,,,,1,,,,,,,,,,,,,,1,1,,,,,,,,,,,,,,,,,,,,1,1,,1,,1,,1,,,,,1,,,,1,,,,,,,,,1,1,1,,,1,,,,,,,1,,,,,,,,,,,,1,,1,,1,,1,,1,,1,,1,,1,,1,,1,1,1,,1,,1,,,1,1,,,,,,,,,,1,,,,,1,,,,,,,,,,1,1,1,,1,,1,,1,,1,,,,,1,,1,1,1,,,1,,1,,1,,1,,1,1,1,,1
Abagrotis glenni,1,1,1,,1,,,,1,1,,,,,,,,,1,1,,,,1,,,1,1,,1,1,,1,,,,,,,,,,,1,,,,,,,,,,,,,,,1,1,1,,,,,1,,,,,,,,,,,,1,1,1,1,1,,,,,,,,,,,,,,,,,,,1,1,,1,,1,,1,,1,,1,1,1,,,,,,,,,,1,1,1,1,1,,,,,,,,,,1,,,,,,,,,,,,1,1,1,,1,,1,1,,,1,,1,,1,,1,,1,1,1,,1,1,1,,,1,1,,,,,,,,,,1,,,,,1,,,,,,,,,,1,1,1,,1,,1,,1,,1,,,,,1,,1,,1,1,1,1,1,1,,1,,1,,1,,1,,1
Abagrotis striata,,1,,,,,,,,,,,,,,,,,1,,,,,1,,,,,,,,,,,,,,,,,,,,,,,,,,,,,,,,,,,1,,1,,,,,1,,,,,,,,,,,,,,1,1,1,,,,,,,,,,,,,,,,,,,1,1,,1,,1,,1,,,,,1,,,,,,,,,,,1,1,,,1,,,,,,,,,,1,,,,,,,,,,,,1,1,,,1,,1,1,1,,1,,1,,1,,1,,1,1,1,,1,,1,,,1,1,,,,,,,,,,1,,1,,,,,,,,,,,,,1,,1,,,,1,,1,,1,,,,,1,,1,,1,1,1,1,1,1,,1,,1,,1,,1,,1
Abagrotis pulchrata,1,,1,,1,,,1,,,,,,,1,,,,,,,,,,,1,1,,,,1,1,,,,,,,,,,1,,,,,,,,,,,,,,,,,1,1,1,,,,,1,,,,,,,,,,,,,1,1,1,1,,,,,,,,,,,,,,,,,,,1,1,,1,,1,,1,,,,1,1,,,,,,,,,,,1,,1,1,,,1,,,,,,,,1,,,,,,,,,,,,1,,1,,1,,1,,1,,1,,1,,1,,1,,1,1,,,1,1,1,,,1,1,,,,,,,,,,1,,,,,1,,,,,,,,,,1,,1,,,,1,,1,,1,,,,,1,,1,1,1,,,1,,1,,1,,1,,1,1,1,,1
Abagrotis nefascia,1,1,1,,1,,,,1,1,1,,,1,,,,,1,1,,,1,1,,,,1,,1,,,1,,,,,,,,,,,1,,,,,,,,,,,,,1,1,1,1,1,1,,,,1,,,,,,,,,,,,,1,1,1,,,,,,,,,,,,,,,,,,,,1,1,,1,,1,,1,,,,,1,,,,1,,,,,,,,,1,1,,,1,,,,,,,,1,,,,,,,,,,,,1,,1,,1,,1,,1,,1,,1,,1,,1,,1,1,1,,1,1,,,,1,,1,,,,,,,,,1,,,,,,,,,,,,,,,1,1,1,,1,,1,,1,,1,,,,,1,1,1,,1,,,1,,1,,1,,1,,1,,1,,1
Abagrotis reedi,1,1,1,,1,,,,1,1,1,1,,1,1,1,1,1,1,1,,1,1,1,,,,1,1,1,1,1,1,,,,,,,,,,,1,,,,,,,,,,,,,,1,1,1,1,,,,,1,,,,,,,,,,,,,1,1,1,,,,,,,,,,,,,,,,,,,,1,,,1,,1,,1,,,,,1,,,,,,,,,,1,1,,1,,1,,,,,,,,,,1,,,,,,,,,,,,1,,1,,1,,1,,1,,1,,1,,1,,1,,1,1,1,,1,1,1,,,1,1,,,,,,,,,,1,,,,,,,,,,,,,,,1,1,1,,1,,1,,1,,1,,,,,1,1,1,,1,,,1,,1,,1,,1,,1,,1,,1
Abagrotis duanca,1,1,1,,1,,,,1,1,1,1,,1,1,1,,1,1,1,,1,1,1,,,,1,1,1,1,,1,,,,,,,,,,,1,,,,,,,,,,,,,1,1,1,1,1,,,,,1,,,,,,,,,,,,,1,1,,,,,,,,,,,,,,,,,,,,,1,,,1,,1,,1,,1,,1,1,,,1,,,,,,,1,1,,1,1,1,,1,,,,,,,,1,,,,,,,,,,,,1,,1,,1,,1,,1,,1,,1,,1,,1,,1,1,,,1,1,1,,,1,,1,,,,,,,,,1,,,1,1,1,,,,,,,,,,1,1,1,,1,,1,,1,,1,,,,,1,,1,,1,,,1,1,1,,1,,1,,1,,1,,1
Abagrotis nanalis,1,1,1,,,,,,,1,,,,,,,,,1,1,,,1,1,,,,1,,1,,,1,,,,,,,,,,,,,,,,,,,,,,,,,,1,1,1,,,,1,1,,,,,,,,,,1,1,1,,,,,,,,,,,,,,,,,,,,,,,1,,,1,,1,,1,,,,1,1,1,,,,,,,,,1,,,1,1,1,,,,,,,,,,1,,,,,,,,,,,1,1,1,1,,1,,1,,1,,1,,1,,1,,1,,1,,1,,1,,1,,,1,,1,,,,,,,,,1,,,1,1,,,,,,,,,,,1,1,1,,1,1,1,,1,,1,,,,,1,,1,,1,,1,1,,1,,1,,1,,1,,1,,1
Abagrotis discoidalis,1,1,1,,,,,,,1,,,,1,1,1,,1,1,1,,,1,,,,,1,,1,,,1,1,,,,,,,,,,,,,,,,,,,,,,,1,1,1,1,1,1,,,,1,,,,,,,,,,,,1,1,1,1,1,,,,,,,,,,,,,,,,,1,,1,1,,1,,1,,1,,,,1,1,,,,,,,,,,1,1,,1,1,,,,,,,,,,,1,,,,,,,,,,,,1,,1,,1,,1,,1,,1,,1,,1,,1,,1,1,1,,1,1,1,,,1,1,1,,,,,,,,,1,,,1,1,,,,,,,,,,,1,1,1,,1,1,1,,1,,1,,,,,1,,1,1,1,1,1,1,,1,,1,,1,,1,,1,,1
Abagrotis turbulenta,1,1,,,1,,,,,1,,,,,,,,,,,,,,1,,,,,,,,,,,,,,,,,,,,1,,,,,,,,,,,,,,,1,1,1,,,,,1,,,,,,,,,,,,,,1,1,,,,,,,,,,,,,,,,,,,,1,,,1,,1,,1,,,,1,1,,,,,,,,,,1,1,,1,1,,,,,,,,,,,1,,,,,,,,,,,,1,,1,,1,,1,,1,,1,,1,,1,,1,,1,1,,,1,1,1,,,1,,1,,,,,,,,,1,,,,,,,,,,,,,,,1,1,,,1,,1,,1,,1,,,,,1,1,1,1,1,1,,1,,1,,1,,1,,1,,1,,1
Abagrotis hermina,1,1,1,,1,,,,,1,1,1,,,,,,,,1,,,,,,,,1,,1,,,1,,,,,,,,,,,,1,,,,,,,,,,,,,1,1,1,1,,,,,1,,,,,,,,,,,,1,1,,,,,,,,,,,,,,,,,,,,,,1,,,1,,1,,1,,,,,1,1,,,,,,,,,1,1,,,1,1,,,,,,,,,,1,,,,,,,,,,,,1,,1,,1,,1,,1,,1,,1,,1,,1,,1,1,1,,1,1,1,,,1,,1,,,,,,,,,1,,,,,,,,,,,,,,,1,1,1,,1,,1,,1,,1,,,,,,1,1,1,1,,,1,,1,,1,,1,,1,,1,,1
Abagrotis dodi,1,1,1,,1,,,,1,1,,,,1,1,,,,1,1,,1,,,,,,1,1,1,,,,,,,,,,,,,,1,1,,,,,,,,,,,,,1,1,1,1,,,,,1,,,,,,,,,,,,1,1,1,,,,,,,,,,,,,,,,,,,,,1,,,1,,1,,1,,,,,1,,,,,,,,,,1,1,,,,1,,1,,,,,,,,1,,,,,,,,,,,,1,,1,,1,,1,,1,,1,,1,,1,,1,,1,1,,,1,1,1,,,1,1,,,,,,,,,,1,,,,,,,,,,,,,,,1,1,1,,1,,1,,1,,1,,,,,1,1,1,1,1,,,1,,1,,1,,1,,1,,1,,1
Abagrotis dickeli,,,,,1,,,,,,,,,,,,,,,,,,,,,,,,,,,,,,,,,,,,,,,1,,,,,,,,,,,,,,,1,1,,,,,1,1,,,,,,,,,,1,1,1,1,,,,,,,,,,,,,,,,,,,,,,1,,,1,,1,,1,,,,,1,1,,1,,,,,,,1,,,1,1,1,,1,,,,,,,,1,,,,,,,,,,,,1,,1,,1,,1,,1,,1,,1,,1,,1,,1,1,,,1,1,1,,,1,1,,,,,,,,,,1,,,,,1,,,,,,,,,,1,1,1,,1,,1,,1,,1,,,,,1,,1,1,1,,,1,1,1,,1,,1,,1,,1,,1
Abagrotis placida,1,1,1,,1,,,1,1,1,1,1,,1,1,1,1,,1,1,1,1,,,,,,1,,1,1,1,,,,,,,,,,,,1,1,1,,,,,,,,,,,,,1,1,1,,,,,1,,,,,,,,,,,,,1,1,1,,,,,,,,,,,,,,,,,,,,1,,,1,,1,,1,,,,1,1,,,,1,,,,,,1,,,1,1,1,,,1,,,,,,,1,,,,,,,,,,,,1,,1,,1,,1,,1,,1,,1,,1,,1,,1,1,,,1,1,1,,,1,1,,,,,,,,,,1,,,,,,,,,,,,,,,1,1,,,1,,1,,1,,1,,,,,1,1,1,,1,,,1,,1,,1,,1,,1,,1,,1
Abagrotis petalama,,,1,,,,,,,,,,,,,,,,,,,,,,,,,,,1,,,,,,,,,,,,,,,,,,,,,,,,,,,,1,1,1,1,,,,,1,,,,,,,,,,,,,,,1,1,1,,,,,,,,,,,,,,,,,,1,,,1,,1,,1,,,,,,1,,,,,,,,,,1,,1,1,1,,,,,,,,,,1,,,,,,,,,,,,1,,1,,1,,1,,1,,1,,1,,1,,1,,1,,1,,1,,1,,,1,1,1,,,,,,,,,1,,,1,1,,,,,,,,,,,1,,1,,,,1,,1,,1,,,,,1,,1,,1,,,1,,1,,1,,1,,1,,1,,1
Abagrotis orbis,1,1,1,,,,,1,,1,,1,,,,,,1,1,1,,,,,,,,,1,,,,1,1,,,,,,,,,,,,,,,,,,,,,,,1,1,1,1,1,1,,,,1,,,,,,,,,,,,,,,1,1,1,,,,,,,,,,,,,,,,,,1,,,1,,1,,1,,,,1,,1,,,,,,,,,1,1,,1,,1,,,,,,,,,,1,,,,,,,,,,,,1,,1,,1,,1,,1,,1,,1,,1,,1,,1,1,1,,1,1,1,,,1,1,,,,,,,,,,1,,,,,1,,,,,,,,,,1,1,1,,1,,1,,1,,1,,,,,1,,,1,1,,,1,,1,,1,,1,,1,,1,,1
Abagrotis baueri,1,,1,,1,1,,1,,,,,,1,,,,,,,,,,,,1,1,,,,1,1,,,,,,,,,,1,,,,,,,,,,,,,,,1,,1,1,1,1,,,,1,,,,,,,,,,,,,,1,1,,,,,,,,,,,,,,,,,,,,1,,,1,,1,,1,,1,,,1,,,1,,,,,,,1,1,,,1,1,,,,,,,,,,1,,,,,,,,,,,,1,,1,,1,,1,,1,,1,,1,,1,,1,,1,1,,,1,,1,,,1,1,,,,,,,,,,1,,,,,1,,,,,,,,,,1,1,1,,1,,1,,1,,1,,,,,1,,1,1,1,,,1,,1,,1,,1,,1,,1,,1
Abagrotis variata,1,1,1,,1,1,,1,1,1,,,,1,1,,1,,,,,,,,,,1,1,1,1,1,1,,,,,,,,,,1,,1,1,,,,,,,,,,,,,1,1,1,1,,,,,1,1,,,,,,,,,,,,,,1,1,1,1,1,,,,,,,,,,,,,,1,,1,1,,1,,1,,1,,1,,1,1,,,,,,,,,,1,1,,1,1,1,,1,,,,,,,,1,,,,,,,,,,,,1,,1,,1,,1,,1,,1,,1,,1,,1,,1,1,1,,1,1,1,,,1,1,,,,,,,,,,1,,,,,,,,,,,,,,,1,1,1,,1,1,1,,1,,1,,,,,1,1,1,1,1,,,1,,1,,1,,1,,1,,1,,1
Abagrotis scopeops,1,1,1,,1,,,1,1,1,1,1,,1,1,1,,,1,,,1,,1,,,1,1,1,1,1,1,,,,,,,,,,1,,1,,,,,,,,,,,,,,1,1,1,1,,,,,1,,,,,,,,,,,,,,1,1,1,,,,,,,,,,,,,,,,,,,1,1,,1,,1,,1,,,,,1,,,,,,,,,,,1,,1,,1,,,,,,,,,,1,,,,,,,,,,,,1,,1,,1,,1,,1,,1,,1,,1,1,1,,1,1,,,1,1,1,,,1,1,,,,,,,,,,1,,,,,1,,,,,,,,,,1,1,1,,1,,1,,1,,1,,,,,1,,1,1,1,1,,1,,1,,1,,1,,1,,1,,1
Abagrotis forbesi,1,1,1,,,,,1,1,1,1,1,,1,1,1,1,,1,1,1,1,1,1,,,,1,1,1,1,1,1,1,,,,,,,,,,,,,,,,,,,,,,1,1,1,1,1,1,1,,,,1,,,,,,,,,,,,,,1,1,1,1,,,,,,,,,,,,,,,,,,1,1,,1,,1,,1,,,,1,1,1,,1,,,,,,,1,1,,1,1,1,,1,,,,,,,,1,,,,,,,,,,,,1,,1,,1,,1,,1,,1,,1,,1,,1,,1,1,1,,1,1,1,,,1,1,,,,,,,,,,1,,,,,1,,,,,,,,,,1,1,1,,1,1,1,,1,,1,,,,,1,,1,1,1,,,1,,1,,1,,1,,1,,1,,1
Abagrotis brunneipennis,1,1,1,,1,,,1,,,1,,,1,,,,,,,1,1,,,,,,,,,1,,,,,,,,,,,,,1,,,,,,,,,,,,,,,1,1,,,,,,1,,,,,,,,,,,,,1,1,1,,,,,,,,,,,,,,,,,,,,1,,,1,,1,,1,,,,,1,,,1,1,,,,,,1,1,,,1,,,1,1,,,,,,,1,,,,,,,,,,,,1,,1,,1,,1,,1,,1,,1,,1,,1,,1,1,1,,1,,1,,,1,1,,,,,,,,,,1,,,,,,,,,,,,,,,1,1,1,,1,,1,,1,,1,,,,,1,1,1,,1,,,1,,1,,1,,1,,1,,1,,1
Abagrotis cupida,1,,,,,,,,,1,,1,,,,,,,,,,,,,,,,,,,,,,,,,,,,,,,,,,,,,,,,,,,,,,,1,,,,,,,1,,,,,,,,,,,,,1,1,1,,,,,,,,,,,,,,,,,,,,1,,,1,,1,,1,,,,,1,1,,1,,,,,,,1,1,,,1,1,,,,,,,,,,1,,,,,,,,,,,,1,,1,,1,,1,,1,,1,,1,,1,,1,,1,1,,,1,,1,,,1,1,,,,,,,,,,1,,,,,1,,,,,,,,,,1,1,1,,1,,1,,1,,1,,,,,1,,1,1,1,,,1,,1,,1,,1,,1,,1,,1
Pronoctua typica,1,1,1,,1,,,,1,1,1,1,,1,1,,1,,,,,1,,1,,,,1,1,1,1,,,,,,,,,,,,,1,,,,,,,,,,,,,,1,1,1,1,,,,,1,1,,,,,,,,,,,,,,,,,1,1,1,,,,,,,,,,,,,1,,1,1,,1,,1,,1,,,,1,,1,,,,,,,,,1,1,,1,1,,,,,,,,,,,1,,,,,,,,,,,,1,,1,,1,,1,,1,,1,,1,,1,,1,,1,1,1,,1,,1,,,,,1,,,,,,,,,1,,,1,1,,,,,,,,,,,1,1,1,,1,1,1,,1,,1,,,,,1,,1,1,1,,,1,,1,,1,,1,,1,,1,,1
Pronoctua pyrophiloides,,,1,,,,,,,,,,,,,,,,,,,,,,,,,1,,,,,1,,,,,,,,,,,,,,,,,,,,,,,,,,,1,1,,,,,1,1,,,,,,,,,,,,,,1,1,1,1,1,,,,,,,,,,,,,,,,1,1,,1,,1,,1,,,,1,1,1,,,,,,,,,1,,,1,1,,,,,,,,,,,1,,,,,,,,,,,,1,,1,,1,,1,,1,,1,,1,,1,,1,,1,,1,,1,,1,,,1,1,1,,,,,,,,,1,,,,,,,,,,,,,,,1,,1,,,,1,,1,,1,,,,,1,1,,1,1,,,1,,1,,1,,1,,1,,1,,1
Pronoctua peabodyae,1,1,,1,1,,,,1,1,1,1,,1,1,1,,,,1,,,,,,,,,,,,,,,1,,,,,,,,,1,1,,,,,,,,,,,,1,1,1,1,1,,,,,1,1,,,,,,,,,,,,,,1,1,1,1,1,,,,,,,,,,,,,,,,1,1,,1,,1,,1,,,,1,1,1,,,,,,,,,1,1,,1,1,1,,,,,,,,,,1,,,,,,,,,,,,1,,1,,1,,1,,1,,1,,1,,1,,1,,1,,1,,1,,1,,,1,,1,,,,,,,,,1,,,,,,,,,,,,,,,1,,1,,,,1,,1,,1,,,,,1,,1,1,1,,,1,,1,,1,,1,,1,,1,,1
Pronoctua craboi,1,1,,,1,,,,1,,,,,1,1,,,,,,,1,,,,,,,,,,,,,,,,,,,,,,1,1,1,,,,,,,,,,,,,1,1,,,,,,1,1,,,,,,,,,,,,,,,,1,1,1,,,,,,,,,,,,,,,,1,,,1,,1,,1,,,,1,1,1,,,,,,,,,,1,,1,1,1,,,,,,,,,,1,,,,,,,,,,,,1,,1,,1,,1,,1,,1,,1,,1,,1,,1,,1,,1,1,1,,,1,,1,,,,,,,,,1,,,,,1,,,,,,,,,,1,,1,,,,1,,1,,1,,,,,1,,1,1,1,,,1,1,1,,1,,1,,1,,1,,1
