id,genus,species,common_name,noc_id,authority,family,similar_species,subfamily,epithet_quoted,tribe
1365,Apantesis,arizoniensis,,93-0277,"(Stretch, [1874])",Erebidae,apantesis-behrii|apantesis-nevadensis,Arctiinae,,Arctiini
1366,Cosmia,elisae,,93-2671,"Lafontaine & Troubridge, 2003",Noctuidae,cosmia-praeacuta|eremobina-claudens|xestia-perquiritata,Noctuinae,,Xylenini
1367,Agrotis,obliqua,,93-3522,"(Smith, 1903)",Noctuidae,agrotis-antica|agrotis-vancouverensis,Noctuinae,,Noctuini
1368,Sympistis,heliophila,,93-1930,"(Paykull, 1793)",Noctuidae,sympistis-zetterstedtii|anarta-nigrolunata|xestia-bryanti,Oncocnemidinae,,
1370,Androloma,maccullochii,MacCulloch\'s Forester Moth,93-1984,"(W. Kirby, 1837)",Noctuidae,alypia-ridingsii,Agaristinae,,
1371,Euxoa,scotogrammoides,,93-3371,"McDunnough, 1932",Noctuidae,euxoa-comosa|euxoa-tocoyae|euxoa-terrenus|euxoa-altens,Noctuinae,,Noctuini
1372,Papestra,quadrata,,93-2892,"(Smith, 1891)",Noctuidae,lacanobia-grandis|mniotype-tenera,Noctuinae,,Hadenini
1373,Lacinipolia,quadrilineata,,93-3075,"(Grote, 1873)",Noctuidae,lacinipolia-comis|lacinipolia-bucketti,Noctuinae,,Eriopygini
1374,Schinia,biundulata,,93-2070,"Smith, 1891",Noctuidae,schinia-sexplagiata,Heliothinae,,
1375,Euxoa,oblongistigma,,93-3444,"(Smith, [1888])",Noctuidae,euxoa-agema|euxoa-quadridentata|euxoa-olivalis,Noctuinae,,Noctuini
1376,Arctia,virginalis,Ranchman\'s Tiger Moth,93-0289,"(Boisduval, 1852)",Erebidae,arctia-parthenos,Arctiinae,,Arctiini
1377,Lasionycta,secedens,,93-2970,"(Walker, [1858])",Noctuidae,lasionycta-illima|lasionycta-leucocycla|lasionycta-taigata,Noctuinae,,Eriopygini
1378,Sympistis,sandaraca,,93-1866,"(Buckett & Bauer, 1967)",Noctuidae,sympistis-hayesi,Oncocnemidinae,,
1379,Orthosia,behrensiana,,93-2769,"(Grote, 1875)",Noctuidae,orthosia-pacifica|cissusa-indiscreta|perigonica-angulata,Noctuinae,,Orthosiini
1380,Orthosia,segregata,,93-2776,"(Smith, 1893)",Noctuidae,lacanobia-subjuncta|orthosia-revicta,Noctuinae,,Orthosiini
1381,Abagrotis,scopeops,,93-3679,"(Dyar, 1904)",Noctuidae,abagrotis-turbulenta,Noctuinae,,Noctuini
1382,Sympistis,pallida,,93-1895,"(Barnes, 1928)",Noctuidae,sympistis-hathor|sympistis-columbia,Oncocnemidinae,,
1383,Orthodes,goodelli,Goodell\'s Arches Moth,93-3141,"(Grote, 1875)",Noctuidae,orthodes-detracta|orthodes-noverca|aseptis-binotata|rhabdorthodes-pattersoni,Noctuinae,,Eriopygini
1384,Stretchia,pictipennis,,93-2757,"McDunnough, 1949",Noctuidae,stretchia-plusiaeformis,Noctuinae,,Orthosiini
1385,Schinia,lynda,,93-2081,"Troubridge, 2002",Noctuidae,schinia-florida,Heliothinae,,
1386,Pyrrhia,exprimens,Purple-Lined Sallow Moth,93-2041,"(Walker, 1857)",Noctuidae,pyrrhia-cilisca,Heliothinae,,
2834,Catocala,meskei,Meske\'s Underwing,93-0807,"Grote, 1873",Erebidae,catocala-junctura|catocala-hermia,Erebinae,,Catocalini
1388,Spilosoma,vagans,Wandering Tiger Moth,93-0313,"(Boisduval, 1852)",Erebidae,spilosoma-pteridis,Arctiinae,,Arctiini
1389,Apantesis,edwardsii,,93-0274,"(Stretch, 1872)",Erebidae,apantesis-ornata,Arctiinae,,Arctiini
1390,Sympistis,columbia,,93-1894,"(McDunnough, 1922)",Noctuidae,sympistis-cherti|sympistis-pallida,Oncocnemidinae,,
1391,Eupsilia,fringata,,93-2593,"(Barnes & McDunnough, 1916)",Noctuidae,eupsilia-devia,Noctuinae,,Xylenini
1392,Euxoa,quadridentata,,93-3455,"(Grote & Robinson, 1865)",Noctuidae,euxoa-laetificans|euxoa-oblongistigma,Noctuinae,,Noctuini
1393,Apantesis,nevadensis,Nevada Tiger Moth,93-0250,"(Grote & Robinson, 1866)",Erebidae,apantesis-behrii|apantesis-blakei|apantesis-eureka|apantesis-arizoniensis|apantesis-yukona,Arctiinae,,Arctiini
1394,Hemileuca,nevadensis,Nevada Buck Moth,MONA 7731,"Stretch, 1872",Saturniidae,,Hemileucinae,,
1395,Furcula,scolopendrina,Zigzag Furcula Moth,93-0028,"(Boisduval, 1869)",Notodontidae,furcula-furcula|furcula-cinereoides,Notodontinae,,
1396,Heliothis,acesias,,93-2047,"Felder & Rogenhofer, 1875",Noctuidae,heliothis-phloxiphaga,Heliothinae,,
1397,Plagiomimicus,spumosum,Frothy Moth,93-1651,"(Grote, 1874)",Noctuidae,plagiomimicus-expallidus|zotheca-tranquilla|selicanis-cinereola,Amphipyrinae,,Stiriini
1398,Sympistis,glennyi,,93-1835,"(Grote, 1873)",Noctuidae,sympistis-acheron|anarta-oregonica|euxoa-extranea,Oncocnemidinae,,
1399,Capsula,alameda,,93-2440,"(Smith, 1903)",Noctuidae,capsula-subflava,Noctuinae,,
1400,Ufeus,satyricus,Grote\'s Satyr Moth,93-2709,"Grote, 1873",Noctuidae,ufeus-hulstii,Noctuinae,,Xylenini
1401,Apantesis,doris,Doris Tiger Moth,93-0241,"(Boisduval, 1869)",Erebidae,apantesis-virgo|apantesis-parthenice,Arctiinae,,Arctiini
1403,Apamea,scoparia,,93-2343,"Mikkola, Mustelin & Lafontaine, 2000",Noctuidae,euxoa-shasta|apamea-cogitata,Noctuinae,,Apameini
1404,Paraseptis,adnixa,,93-2648.1,"(Grote, 1880)",Noctuidae,aseptis-binotata,Noctuinae,,Xylenini
1405,Tridepia,nova,,93-2862,"(Smith, 1903)",Noctuidae,anarta-decepta|anarta-mutata|anarta-trifolii,Noctuinae,,Hadenini
1406,Euros,cervina,,93-2404,"(H. Edwards, 1890)",Noctuidae,euros-osticollis|lacinipolia-stricta,Noctuinae,,Apameini
1407,Apantesis,complicata,,93-0273,"(Walker, 1865)",Erebidae,apantesis-ornata,Arctiinae,,Arctiini
1408,Lophocampa,argentata,Silver-spotted Tiger Moth,93-0368,"(Packard, 1864)",Erebidae,lophocampa-maculata,Arctiinae,,Arctiini
1409,Euxoa,lewisi,,93-3336,"(Grote, 1873)",Noctuidae,euxoa-divergens|euxoa-trifasciata|euxoa-excogita,Noctuinae,,Noctuini
1410,Zale,minerea,Colorful Zale Moth,93-1032,"Guenée, 1852",Erebidae,zale-lunata,Erebinae,,Omopterini
1411,Hyppa,indistincta,,93-2668,"Smith, 1894",Noctuidae,hyppa-brunneicrista|hyppa-contrasta,Noctuinae,,Xylenini
1412,Euxoa,manitobana,,93-3478,"McDunnough, 1925",Noctuidae,euxoa-perolivalis|euxoa-ridingsiana|euxoa-aberrans,Noctuinae,,Noctuini
1413,Euxoa,aberrans,,93-3475,"McDunnough, 1932",Noctuidae,euxoa-manitobana|euxoa-tessellata|euxoa-pleuritica,Noctuinae,,Noctuini
1414,Annaphila,depicta,,93-1751,"Grote, 1873",Noctuidae,annaphila-mera|annaphila-decia|annaphila-macfarlandi,Amphipyrinae,,Stiriini
1415,Sunira,verberata,Battered Sallow Moth,93-2618,"(Smith, 1904)",Noctuidae,agrochola-purpurea|sunira-bicolorago|anathix-puta,Noctuinae,,Xylenini
1416,Apantesis,parthenice,Parthenice Tiger Moth,93-0246,"(Wm. Kirby, 1837)",Erebidae,apantesis-doris|apantesis-virgo,Arctiinae,,Arctiini
1417,Richia,parentalis,,93-3264,"(Grote, 1879)",Noctuidae,anicla-exuberans,Noctuinae,,Noctuini
1418,Idia,aemula,Common Idia Moth,93-0471,"(Hübner, 1814)",Erebidae,idia-americalis|idia-suffusalis|idia-concisa,Herminiinae,,
1419,Ceratomia,amyntor,Elm Sphinx Moth,MONA 7786,"(Geter, 1835)",Sphingidae,ceratomia-undulosa,Sphinginae,,
1420,Apamea,cinefacta,,93-2318,"(Grote, 1881)",Noctuidae,anarta-crotchii|apamea-commoda|anarta-fusculenta|apamea-spaldingi,Noctuinae,,Apameini
1421,Parabagrotis,exsertistigma,,93-3646,"(Morrison, 1874)",Noctuidae,parabagrotis-formalis,Noctuinae,,Noctuini
1422,Drasteria,parallela,,93-0903.1,"Crabo & Mustelin, 2013",Erebidae,drasteria-divergens,Erebinae,,Melipotini
1423,Sympistis,apep,,93-1806,"(Troubridge, 2008)",Noctuidae,sympistis-tenuifascia|sympistis-satanella,Oncocnemidinae,,
1424,Anhimella,perbrunnea,,93-3085,"(Grote, 1879)",Noctuidae,pseudorthodes-irrorata|anhimella-contrahens,Noctuinae,,Eriopygini
1425,Syngrapha,abstrusa,,93-1224,"Eichlin & Cunningham, 1978",Noctuidae,syngrapha-angulidens|syngrapha-alias|syngrapha-octoscripta,Plusiinae,,Plusiini
1426,Hypocoena,basistriga,,93-2428,"(McDunnough, 1933)",Noctuidae,hypocoena-rufostrigata|hypocoena-inquinata,Noctuinae,,Apameini
1427,Aplectoides,condita,,93-3567,"(Guenée, 1852)",Noctuidae,xestia-speciosa|xestia-homogena|anaplectoides-pressus,Noctuinae,,Noctuini
1428,Hada,sutrina,Sutrina Moth,93-2897,"(Grote, 1881)",Noctuidae,hadena-caelestis|hadena-ectrapela|lasionycta-mutilata|lacinipolia-cuneata|lacinipolia-anguina,Noctuinae,,Hadenini
1429,Melanchra,adjuncta,Hitched Arches Moth,93-2874,"(Guenée, 1852)",Noctuidae,papestra-cristifera|papestra-biren|mamestra-configurata,Noctuinae,,Hadenini
1430,Cucullia,serraticornis,,93-1534,"Lintner, 1874",Noctuidae,cucullia-strigata,Cuculliinae,,
1431,Eremobina,claudens,Dark-winged Quaker Moth,93-2372,"(Walker, 1857)",Noctuidae,eremobina-unicincta|psammopolia-arietis|lasionycta-fergusoni|cosmia-elisae,Noctuinae,,Apameini
1432,Copablepharon,mutans,,93-3273,"Crabo & Lafontaine, 2004",Noctuidae,copablepharon-columbia,Noctuinae,,Noctuini
1433,Dichagyris,variabilis,,93-3251,"(Grote, 1874)",Noctuidae,mesogona-olivata,Noctuinae,,Noctuini
1434,Sympistis,hayesi,,93-1867,"(Grote, 1873)",Noctuidae,sympistis-sandaraca,Oncocnemidinae,,
1435,Lithophane,pexata,Plush-naped Pinion Moth,93-2545,"Grote, 1874",Noctuidae,lithophane-baileyi|lithophane-dilatocula,Noctuinae,,Xylenini
1436,Andropolia,diversilineata,,93-2680,"(Grote, 1877)",Noctuidae,andropolia-theodori|polia-nugatis|fishia-yosemitae|sutyna-privata|rhizagrotis-stylata|rhizagrotis-albalis,Noctuinae,,Xylenini
1437,Euxoa,idahoensis,,93-3435,"(Grote, 1878)",Noctuidae,euxoa-furtivus|euxoa-castanea|euxoa-costata|euxoa-absona,Noctuinae,,Noctuini
1438,Euthyatira,lorata,,MONA 6239,(Grote),Drepanidae,euthyatira-pudens,Thyatirinae,,
1439,Heliolonche,modicella,,93-2184,"Grote, 1873",Noctuidae,heliolonche-pictipennis,Heliothinae,,
1440,Acronicta,innotata,Unmarked Dagger Moth,93-1428,"Guenée, 1852",Noctuidae,acronicta-vulpina,Acronictinae,,
1441,Sphinx,perelegans,Elegant Sphinx Moth,MONA 7805,"Hy. Edwards, 1874",Sphingidae,sphinx-vashti|sphinx-chersis,Sphinginae,,
1442,Melipotis,jucunda,Merry Melipotis Moth,93-0878,"Walker, [1858]",Erebidae,drasteria-pallescens,Erebinae,,Melipotini
1443,Lasionycta,impingens,,93-3010,"(Walker, 1857)",Noctuidae,lasionycta-leucocycla,Noctuinae,,Eriopygini
1444,Euxoa,cana,,93-3388,"Lafontaine, 1975",Noctuidae,euxoa-punctigera|euxoa-olivia|euxoa-satiens,Noctuinae,,Noctuini
1445,Sympistis,pudorata,,93-1869,"(Smith, 1893)",Noctuidae,,Oncocnemidinae,,
1446,Zale,termina,,93-1047,"(Grote, 1883)",Erebidae,zale-rubi,Erebinae,,Omopterini
1447,Lacinipolia,cuneata,Cuneate Arches Moth,93-3018,"(Grote, 1873)",Noctuidae,hada-sutrina,Noctuinae,,Eriopygini
1448,Clemensia,umbrata,,93-0215.1,"Packard, 1872",Erebidae,meganola-minuscula,Arctiinae,,Lithosiini
1449,Psammopolia,wyatti,,93-3012,"(Barnes & Benjamin, 1926)",Noctuidae,psammopolia-arietis,Noctuinae,,Eriopygini
1450,Sympistis,seth,,93-1846,"Troubridge, 2008",Noctuidae,sympistis-incubus|sympistis-tartarea|sympistis-simplex|sympistis-sesmu|sympistis-augustus,Oncocnemidinae,,
1453,Euxoa,hollemani,,93-3401,"(Grote, 1874)",Noctuidae,euxoa-subandera|euxoa-nevada,Noctuinae,,Noctuini
1454,Pseudorthodes,irrorata,,93-3132,(Smith [1888]),Noctuidae,pseudorthodes-puerilis|anhimella-perbrunnea,Noctuinae,,Eriopygini
1455,Agrotis,ruta,,93-3510,"(Eversmann, 1851)",Noctuidae,xestia-ursae,Noctuinae,,Noctuini
1456,Hemileuca,nuttalli,Nuttall\'s Sheep Moth,MONA 7743,"(Strecker, 1875)",Saturniidae,hemileuca-hera|hemileuca-eglanterina,Hemileucinae,,
1457,Lithophane,amanda,,93-2544,"(Smith, 1900)",Noctuidae,lithophane-petulca|lithophane-innominata,Noctuinae,,Xylenini
1458,Spaelotis,bicava,,93-3555,"Lafontaine, 1998",Noctuidae,spaelotis-clandestina|spaelotis-unicava|spaelotis-havilae|spaelotis-velicava,Noctuinae,,Noctuini
1459,Acronicta,impleta,Yellow-haired Dagger Moth,93-1474,"Walker, 1856",Noctuidae,acronicta-insita|acronicta-impressa,Acronictinae,,
1460,Mycterophora,longipalpata,Long-palped Mycterophora Moth,93-0676,"(Walker, [1863])",Erebidae,mycterophora-inexplicata|mycterophora-rubricans|mycterophora-monticola,Boletobiinae,,Boletobiini
1461,Resapamea,venosa,,93-2366,"(Smith, 1903)",Noctuidae,resapamea-passer,Noctuinae,,Apameini
1462,Acronicta,funeralis,Funerary Dagger Moth,93-1438,"Grote & Robinson, 1866",Noctuidae,acronicta-mansueta|raphia-frater,Acronictinae,,
1463,Nycteola,cinereana,,93-1144," Neumögen & Dyar, 1893",Nolidae,nycteola-frigidana|nycteola-columbiana,Nolinae,,
1464,Malacosoma,californicum,Western Tent Caterpillar Moth,MONA 7702,"(Packard, 1864)",Lasiocampidae,malacosoma-constrictum|malacosoma-disstria,Lasiocampinae,,
1465,Acronicta,impressa,Impressed Dagger Moth,93-1477,"Walker, 1856",Noctuidae,acronicta-lupini|acronicta-perdita|acronicta-impleta,Acronictinae,,
1466,Acronicta,lupini,,93-1489,"Grote, 1873",Noctuidae,acronicta-impressa,Acronictinae,,
1467,Resapamea,enargia,,93-2367,"(Barnes & Benjamin, 1926)",Noctuidae,resapamea-passer|resapamea-innota,Noctuinae,,Apameini
1468,Lithophane,petulca,Wanton Pinion Moth,93-2536,"Grote, 1874",Noctuidae,lithophane-amanda,Noctuinae,,Xylenini
1469,Protogygia,lagena,,93-3293,"(Grote, 1875)",Noctuidae,protogygia-comstocki|protogygia-enalaga|protogygia-postera,Noctuinae,,Noctuini
1470,Schinia,walsinghami,,93-2154,"(H. Edwards, 1881)",Noctuidae,schinia-acutilinea|schinia-argentifascia,Heliothinae,,
1471,Abagrotis,hermina,,93-3669,"Lafontaine, 1998",Noctuidae,abagrotis-dodi|abagrotis-placida|xestia-cinerascens,Noctuinae,,Noctuini
1472,Caenurgina,annexa,,93-0921,"(Hy. Edwards, 1890)",Erebidae,caenurgina-crassiuscula,Erebinae,,Euclidiini
1473,Apamea,inficita,Lined Quaker Moth,93-2347,"(Walker, 1857)",Noctuidae,apamea-niveivenosa|apamea-lutosa,Noctuinae,,Apameini
1474,Parabagrotis,formalis,,93-3643,"(Grote, 1874)",Noctuidae,parabagrotis-exsertistigma|adelphagrotis-carissima|parabagrotis-sulinaris|parabagrotis-cupidissima,Noctuinae,,Noctuini
1475,Lacinipolia,stricta,Brown Arches Moth,93-3045,"(Walker, 1865)",Noctuidae,amphipoea-lunata|euros-cervina|selicanis-cinereola,Noctuinae,,Eriopygini
1476,Schinia,villosa,,93-2104,"(Grote, 1864)",Noctuidae,schinia-honesta|schinia-vacciniae|schinia-persimilis,Heliothinae,,
1477,Abagrotis,variata,,93-3678,"(Grote, 1876)",Noctuidae,abagrotis-petalama|abagrotis-nefascia,Noctuinae,,Noctuini
1478,Chelis,brucei,,93-0236,"(Hy. Edwards, 1888)",Erebidae,arctia-yarrowii,Arctiinae,,Arctiini
1479,Spiramater,lutra,Otter Spiramater Moth,93-2883,"(Guenée, 1852)",Noctuidae,papestra-cristifera|papestra-brenda|mamestra-curialis,Noctuinae,,Hadenini
1480,Drasteria,mirifica,,93-0888,"(Hy. Edwards, 1878)",Erebidae,drasteria-hastingsii,Erebinae,,Melipotini
1481,Cucullia,basipuncta,,93-1531,"(Barnes & McDunnough, 1918)",Noctuidae,cucullia-mcdunnoughi,Cuculliinae,,
1482,Clostera,apicalis,,,"(Walker, 1855)",Notodontidae,clostera-paraphora|clostera-multnoma|clostera-strigosa,Pygaerinae,1,
1483,Cisseps,fulvicollis,Yellow-collared Scape Moth,93-0440,"(Hübner, 1818)",Erebidae,ctenucha-rubroscapus,Arctiinae,,Arctiini
1484,Xylena,cineritia,Gray Swordgrass Moth,93-2522,"(Grote, 1875)",Noctuidae,xylena-curvimacula|xylena-thoracica,Noctuinae,,Xylenini
1485,Agrochola,purpurea,,93-2613,"(Grote, 1874)",Noctuidae,sunira-verberata|anathix-puta,Noctuinae,,Xylenini
1486,Sympistis,parvacana,,93-1809,"(Troubridge & Crabo, (1999))",Noctuidae,sympistis-satanella,Oncocnemidinae,,
1487,Lithophane,atara,,93-2556,"(Smith, 1909)",Noctuidae,lithophane-thaxteri|lithophane-jeffreyi|lithophane-ponderosa,Noctuinae,,Xylenini
1488,Macronoctua,onusta,Iris Borer Moth,93-2442,"Grote, 1874",Noctuidae,resapamea-passer,Noctuinae,,Apameini
1489,Cucullia,eulepis,,93-1529,"(Grote, 1876)",Noctuidae,cucullia-mcdunnoughi,Cuculliinae,,
1490,Agrotis,ipsilon,Ipsilon Dart Moth,93-3528,"(Hufnagel, 1766)",Noctuidae,peridroma-saucia,Noctuinae,,Noctuini
1491,Schinia,deserticola,,93-2086,"Barnes & McDunnough, 1916",Noctuidae,protoschinia-nuchalis|schinia-crotchii,Heliothinae,,
1492,Euxoa,plagigera,,93-3396,"(Morrison, 1874)",Noctuidae,aseptis-characta|euxoa-tessellata,Noctuinae,,Noctuini
1493,Homorthodes,communis,Alder Quaker Moth,93-3090,"(Dyar, 1904)",Noctuidae,homorthodes-fractura|abagrotis-trigona,Noctuinae,,Eriopygini
1494,Sutyna,privata,,93-2707,"(Walker, 1857)",Noctuidae,fishia-yosemitae|andropolia-diversilineata|xylotype-arcadia,Noctuinae,,Xylenini
1495,Apantesis,behrii,,93-0260,"(Stretch, 1872)",Erebidae,apantesis-nevadensis|apantesis-arizoniensis,Arctiinae,,Arctiini
1496,Apamea,spaldingi,Spalding\'s Quaker Moth,93-2317,"(Smith, 1909)",Noctuidae,apamea-unita|apamea-cinefacta,Noctuinae,,Apameini
1497,Nycteola,frigidana,Frigid Owlet Moth,93-1142,"(Walker, 1863)",Nolidae,nycteola-cinereana|nycteola-columbiana,Nolinae,,
1498,Lithophane,contenta,,93-2572,"Grote, 1880",Noctuidae,lithophane-boogeri,Noctuinae,,Xylenini
1499,Acronicta,lepusculina,Cottonwood Dagger Moth,93-1425,"Guenée, 1852",Noctuidae,acronicta-vulpina,Acronictinae,,
1500,Pachysphinx,occidentalis,Western Poplar Sphinx Moth,MONA 7829,"(Hy. Edwards, 1875)",Sphingidae,pachysphinx-modesta,Smerinthinae,,
1501,Apamea,burgessi,,93-2339,"(Morrison, 1874)",Noctuidae,apamea-longula|fishia-connecta|lacanobia-subjuncta|fishia-discors,Noctuinae,,Apameini
1502,Sympistis,major,,93-1878,"(Grote, 1881)",Noctuidae,sympistis-poliochroa|catabena-lineolata|sympistis-chandleri|sympistis-astrigata,Oncocnemidinae,,
1503,Sympistis,californiae,,93-1913,"(McDunnough, 1946)",Noctuidae,sympistis-anweileri|sympistis-shirleyae,Oncocnemidinae,,
1504,Brachylomia,obscurifascia,,93-2658,"Troubridge & Lafontaine, 2007",Noctuidae,brachylomia-discolor|brachylomia-sierra,Noctuinae,,Xylenini
1505,Arctia,opulenta,,93-0291,"(Edwards, 1881)",Erebidae,arctia-caja,Arctiinae,,Arctiini
1506,Agrotis,vetusta,Old Man Dart Moth,93-3506,"(Walker, 1856)",Noctuidae,euxoa-catenula,Noctuinae,,Noctuini
1507,Lasionycta,subfuscula,,93-2991,"(Gibson, 1920)",Noctuidae,lasionycta-perplexella|lasionycta-perplexa,Noctuinae,,Eriopygini
1508,Euxoa,cicatricosa,,93-3462,"(Grote & Robinson, 1865)",Noctuidae,euxoa-cinereopallidus|euxoa-recula|euxoa-dargo|euxoa-perolivalis,Noctuinae,,Noctuini
1509,Arctia,yarrowii,,93-0286,"(Stretch, 1873)",Erebidae,chelis-brucei,Arctiinae,,Arctiini
1510,Lycophotia,phyllophora,Lycophotia Moth,93-3547,"(Grote, 1874)",Noctuidae,diarsia-rubifera|diarsia-rosaria|diarsia-dislocata,Noctuinae,,Noctuini
1511,Heliothis,phloxiphaga,Darker Spotted Straw Moth,93-2046,"Grote & Robinson, 1867",Noctuidae,heliothis-acesias|helicoverpa-zea,Heliothinae,,
1512,Leucania,farcta,Meadow Wainscot Moth,93-2939,"(Grote, 1881)",Noctuidae,leucania-oregona|benjaminiola-colorada|mythimna-oxygala,Noctuinae,,Leucaniini
1513,Sympistis,dinalda,,93-1823,"(Smith, 1908)",Noctuidae,sympistis-badistriga|sympistis-fifia,Oncocnemidinae,,
1514,Copablepharon,grandis,,93-3283,"(Strecker, 1878)",Noctuidae,copablepharon-absidum|copablepharon-canariana|copablepharon-spiritum,Noctuinae,,Noctuini
1515,Acronicta,americana,American Dagger Moth,93-1421,"(Harris, 1841)",Noctuidae,acronicta-insita,Acronictinae,,
1516,Autographa,sansoni,,93-1207,"Dod, 1910",Noctuidae,autographa-rubidus,Plusiinae,,Plusiini
1517,Euxoa,infracta,,93-3453,"(Morrison, 1875)",Noctuidae,euxoa-dodi|euxoa-campestris,Noctuinae,,Noctuini
1518,Epidemas,obscurus,,93-2651,"Smith, 1903",Noctuidae,epidemas-cinerea,Noctuinae,,Xylenini
1519,Xestia,vernilis,,93-3579,"(Grote, 1879)",Noctuidae,xestia-finatimis,Noctuinae,,Noctuini
1520,Ctenucha,virginica,Virginia Ctenucha Moth,93-0435,"(Esper, 1794)",Erebidae,ctenucha-rubroscapus,Arctiinae,,Arctiini
1521,Adelphagrotis,carissima,,93-3642,"(Harvey, 1875)",Noctuidae,parabagrotis-formalis|protolampra-rufipectus,Noctuinae,,Noctuini
1522,Papestra,invalida,,93-2896,"(Smith, 1891)",Noctuidae,apamea-occidens|eurois-nigra|papestra-brenda|platypolia-loda,Noctuinae,,Hadenini
1523,Schinia,crotchii,,93-2084,"(H. Edwards, 1875)",Noctuidae,protoschinia-nuchalis|schinia-deserticola,Heliothinae,,
1524,Sympistis,pallidior,,93-1948,"(Barnes, 1928)",Noctuidae,sympistis-greyi|sympistis-figurata|sympistis-semicollaris|sympistis-astrigata,Oncocnemidinae,,
1525,Perigonica,tertia,,93-2750,"Dyar, 1903",Noctuidae,perigonica-angulata|perigonica-pectinata,Noctuinae,,Orthosiini
1526,Sympistis,augustus,,93-1865,"(Harvey, 1875)",Noctuidae,sympistis-sesmu|sympistis-seth,Oncocnemidinae,,
1527,Copablepharon,canariana,,93-3282,"McDunnough, 1932",Noctuidae,copablepharon-grandis,Noctuinae,,Noctuini
1528,Anarta,alta,,93-2834,"(Barnes & Benjamin, 1924)",Noctuidae,anarta-oregonica|anarta-inconcinna|anarta-columbica,Noctuinae,,Hadenini
1529,Sympistis,sesmu,,93-1847,"Troubridge, 2008",Noctuidae,sympistis-simplex|euxoa-cinereopallidus|sympistis-seth|sympistis-incubus|sympistis-augustus,Oncocnemidinae,,
1530,Euxoa,tessellata,Tessellate Dart Moth,93-3395,"(Harris, 1841)",Noctuidae,euxoa-satis|euxoa-plagigera|euxoa-occidentalis|euxoa-pleuritica|euxoa-cryptica|euxoa-adumbrata|euxoa-aberrans,Noctuinae,,Noctuini
1531,Aseptis,binotata,,93-2634,"(Walker, 1865)",Noctuidae,paraseptis-adnixa|orthodes-goodelli|helotropha-reniformis,Noctuinae,,Xylenini
1532,Euxoa,punctigera,,93-3387,"(Walker, 1865)",Noctuidae,euxoa-perpolita|euxoa-cana|euxoa-atomaris,Noctuinae,,Noctuini
1533,Cucullia,antipoda,,93-1524,"Strecker, 1878",Noctuidae,cucullia-eurekae|cucullia-mcdunnoughi,Cuculliinae,,
1534,Spargaloma,sexpunctata,Six-spotted Gray Moth,93-0715,"Grote, 1873",Erebidae,tetanolita-palligera,Boletobiinae,,Phytometrini
1535,Heliothodes,diminutivus,Small Heliothodes Moth,93-2036,"(Grote, 1873)",Noctuidae,microhelia-angelica|schinia-persimilis|eutricopis-nexilis,Heliothinae,,
1536,Protoperigea,posticata,,93-2251,"(Harvey, 1875)",Noctuidae,protoperigea-umbricata|protoperigea-calientensis,Noctuinae,,Caradrinini
1537,Copablepharon,spiritum,,93-3280,"Crabo & Fauske, 2004",Noctuidae,copablepharon-grandis|protogygia-album,Noctuinae,,Noctuini
1538,Pleromelloida,bonuscula,,93-1778,"(Smith, 1898)",Noctuidae,pleromelloida-conserta,Oncocnemidinae,,
1539,Feltia,herilis,Master\'s Dart Moth,93-3503,"(Grote, 1873)",Noctuidae,feltia-subgothica,Noctuinae,,Noctuini
1540,Apamea,niveivenosa,Snowy-veined Apamea Moth,93-2355,(Grote. 1879),Noctuidae,apamea-inficita|nephelodes-demaculata|resapamea-innota,Noctuinae,,Apameini
1541,Acronicta,radcliffei,Radcliffe\'s Dagger Moth,93-1430,"(Harvey, 1875)",Noctuidae,acronicta-grisea,Acronictinae,,
1542,Euxoa,servitus,Slave Dart Moth,93-3439,"(Smith, 1895)",Noctuidae,euxoa-auripennis,Noctuinae,,Noctuini
1543,Dolocucullia,dentilinea,,93-1540,"(Smith, 1899)",Noctuidae,cucullia-florea|cucullia-intermedia|dolocucullia-poolei,Cuculliinae,,
1544,Parabagrotis,insularis,,93-3644,"(Grote, 1876)",Noctuidae,abagrotis-duanca,Noctuinae,,Noctuini
1545,Drasteria,petricola,Little Arches Moth,93-0905,"(Walker, 1858)",Erebidae,drasteria-hudsonica|drasteria-adumbrata,Erebinae,,Melipotini
1546,Xestia,xanthographa,Square-spot Rustic Moth,93-3571,"([Denis & Schiffermüller], 1775)",Noctuidae,diarsia-rosaria,Noctuinae,,Noctuini
1547,Euxoa,nevada,,93-3471,"(Smith, 1900)",Noctuidae,euxoa-atristrigata|euxoa-hollemani,Noctuinae,,Noctuini
1548,Sympistis,sagittata,,93-1938,"(Barnes & McDunnough, 1916)",Noctuidae,sympistis-saxatilis,Oncocnemidinae,,
1549,Heliothis,oregonica,Oregon Gem Moth,93-2050,"(H. Edwards, 1875)",Noctuidae,heliothis-ononis,Heliothinae,,
1550,Ponometia,candefacta,Olive-shaded Bird-dropping Moth,93-1314,"(Hübner, [1831])",Noctuidae,ponometia-binocula|ponometia-elegantula,Acontiinae,,Acontiini
1552,Hyles,lineata,White-lined Sphinx Moth,MONA 7894,"(Fabricius, 1775)",Sphingidae,hyles-gallii,Macroglossinae,,
1553,Hydraecia,obliqua,,93-2456,"Harvey, 1876",Noctuidae,hydraecia-medialis,Noctuinae,,Apameini
1554,Euxoa,ustulata,,93-3358,"Lafontaine, 1976",Noctuidae,euxoa-intermontana|euxoa-nostra|euxoa-shasta,Noctuinae,,Noctuini
1555,Schinia,persimilis,,93-2108,"(Grote, 1873)",Noctuidae,schinia-villosa|eutricopis-nexilis|schinia-honesta|heliothodes-diminutivus,Heliothinae,,
1556,Manduca,sexta,Carolina Sphinx Moth,MONA 7775,"(Linnaeus, 1763)",Sphingidae,manduca-quinquemaculata,Sphinginae,,
1557,Brachylomia,algens,,93-2654,"(Grote, 1878)",Noctuidae,brachylomia-thula,Noctuinae,,Xylenini
1558,Apamea,commoda,,93-2329,"(Walker, 1857)",Noctuidae,apamea-centralis|apamea-plutonia|apamea-cinefacta,Noctuinae,,Apameini
1559,Sympistis,cherti,,93-1897,"Troubridge, 2008",Noctuidae,sympistis-sobek|sympistis-columbia,Oncocnemidinae,,
1560,Eupsilia,devia,Sloping Sallow Moth,93-2594,"(Grote, 1875)",Noctuidae,eupsilia-fringata,Noctuinae,,Xylenini
1561,Euxoa,dargo,,93-3459,"(Strecker, 1898)",Noctuidae,euxoa-cinereopallidus|euxoa-cicatricosa|euxoa-perolivalis|epidemas-cinerea,Noctuinae,,Noctuini
1562,Euxoa,perexcellens,,93-3356,"(Grote, 1875)",Noctuidae,euxoa-wilsoni|actebia-fennica|euxoa-ochrogaster,Noctuinae,,Noctuini
1563,Gluphisia,severa,,93-0023,"Hy. Edwards, 1886",Notodontidae,gluphisia-septentrionis|gluphisia-avimacula,Notodontinae,,
1564,Drasteria,sabulosa,,93-0896,"(Hy. Edwards, 1881)",Erebidae,bulia-deducta|drasteria-inepta,Erebinae,,Melipotini
1565,Anhimella,pacifica,,93-3087,"McDunnough, 1943",Noctuidae,anhimella-contrahens,Noctuinae,,Eriopygini
1566,Sympistis,orbicularis,,93-1925,"(Barnes & McDunnough, 1912)",Noctuidae,catabena-lineolata|sympistis-meadiana,Oncocnemidinae,,
1567,Feltia,jaculifera,Dingy Cutworm Moth,93-3498,"(Guenée, 1852)",Noctuidae,prognorisma-substrigata|feltia-subgothica,Noctuinae,,Noctuini
1568,Sympistis,iricolor,,93-1831,"(Smith, 1888)",Noctuidae,sympistis-tartarea,Oncocnemidinae,,
1569,Euxoa,trifasciata,,93-3335,"(Smith, [1888])",Noctuidae,euxoa-lewisi|euxoa-comosa,Noctuinae,,Noctuini
1570,Smerinthus,jamaicensis,Twin-spotted Sphinx Moth,MONA 7821,"(Drury, 1773)",Sphingidae,smerinthus-ophthalmica|smerinthus-cerisyi,Smerinthinae,,
1571,Hypena,modestoides,,93-0587,"Poole, 1989",Erebidae,hypena-humuli|hypena-californica,Hypeninae,,
1572,Tarache,flavipennis,,93-1347,"Grote, 1873",Noctuidae,tarache-knowltoni,Acontiinae,,Acontiini
1573,Autographa,pseudogamma,,93-1196,"(Grote, 1875)",Noctuidae,autographa-californica|autographa-buraetica,Plusiinae,,Plusiini
1574,Ceratomia,undulosa,Waved Sphinx Moth,MONA 7787,"(Walker, 1856)",Sphingidae,ceratomia-amyntor,Sphinginae,,
1575,Rhizagrotis,albalis,,93-2687,"(Grote, 1878)",Noctuidae,andropolia-diversilineata,Noctuinae,,Xylenini
1576,Idia,lubricalis,Glossy Black Idia Moth,93-0482,"(Geyer, 1832)",Erebidae,idia-occidentalis|metalectra-bigallis,Herminiinae,,
1577,Apamea,digitula,,93-2315,"Mustelin & Mikkola, 2006",Noctuidae,apamea-sordens,Noctuinae,,Apameini
1578,Syngrapha,viridisigma,Spruce False Looper Moth,93-1213,"(Grote, 1874)",Noctuidae,syngrapha-celsa,Plusiinae,,Plusiini
1579,Stretchia,prima,,93-2761,"Smith, 1891",Noctuidae,stretchia-muricina|stretchia-plusiaeformis,Noctuinae,,Orthosiini
1580,Protogygia,album,,93-3300,"(Harvey, 1876)",Noctuidae,copablepharon-spiritum,Noctuinae,,Noctuini
1581,Annaphila,decia,,93-1753,"Grote, 1875",Noctuidae,annaphila-depicta|annaphila-mera|annaphila-macfarlandi,Amphipyrinae,,Stiriini
1582,Mesogona,olivata,,93-2610,"(Harvey, 1874)",Noctuidae,dichagyris-variabilis|mesogona-rubra|mesogona-subcuprea|abagrotis-erratica,Noctuinae,,Xylenini
1583,Agrotis,antica,,93-3523,"Crabo & Lafontaine, 2004",Noctuidae,agrotis-obliqua|agrotis-vancouverensis,Noctuinae,,Noctuini
1584,Ipimorpha,viridipallida,,93-2678,"Barnes & McDunnough, 1916",Noctuidae,ipimorpha-nanaimo|ipimorpha-pleonectusa,Noctuinae,,Xylenini
1585,Oligia,tusa,,93-2379,"(Grote, 1878)",Noctuidae,mesapamea-fractilinea|dryotype-opina|oligia-divesta|mesapamea-secalis,Noctuinae,,Apameini
1586,Tarache,major,,93-1365,"(Smith, 1900)",Noctuidae,tarache-augustipennis,Acontiinae,,Acontiini
1587,Tarache,knowltoni,,93-1346,"(McDunnough, 1940)",Noctuidae,tarache-flavipennis,Acontiinae,,Acontiini
1589,Apamea,occidens,Western Apamea Moth,93-2332,"(Grote, 1878)",Noctuidae,papestra-invalida|apamea-unita,Noctuinae,,Apameini
1590,Cerastis,enigmatica,Enigmatic Dart Moth,93-3540,"Lafontaine & Crabo, 1997",Noctuidae,cerastis-gloriosa,Noctuinae,,Noctuini
1591,Schinia,arcigera,Arcigera Flower Moth,93-2134,"(Guenée, 1852)",Noctuidae,schinia-mortua|schinia-rivulosa,Heliothinae,,
1592,Proxenus,miranda,Miranda Moth,93-2266,"(Grote, 1873)",Noctuidae,proxenus-mindara|hypoprepia-inculta|proxenus-mendosa,Noctuinae,,Caradrinini
1593,Gnophaela,vermiculata,Police Car Moth,93-0356,"(Grote, 1864)",Erebidae,gnophaela-latipennis,Arctiinae,,Arctiini
1594,Lithophane,itata,,93-2565,"(Smith, 1899)",Noctuidae,lithophane-fagina|lithophane-boogeri,Noctuinae,,Xylenini
1595,Sympistis,figurata,,93-1946,"(Harvey, 1875)",Noctuidae,sympistis-semicollaris|sympistis-pallidior|sympistis-greyi,Oncocnemidinae,,
1596,Euthyatira,pudens,Dogwood Thyatirid Moth,MONA 6240,(Guenée),Drepanidae,eosphoropteryx-thyatyroides|euthyatira-lorata,Thyatirinae,,
1597,Pseudobryomima,muscosa,Mossy Pseudobryomima Moth ,93-2730,"(Hampson, 1906)",Noctuidae,viridiseptis-marina|hecatera-dysodea,Noctuinae,,Xylenini
1598,Idia,americalis,American Idia Moth,93-0469,"(Guenée, 1854)",Erebidae,idia-aemula|idia-suffusalis|idia-concisa,Herminiinae,,
1599,Aseptis,fanatica,,93-2631,"Mustelin, 2006",Noctuidae,aseptis-ethnica|hillia-maida|melanapamea-mixta|aseptis-fumosa,Noctuinae,,Xylenini
1600,Polia,piniae,Polia Moth,93-2866,"Buckett & Bauer, 1967",Noctuidae,acronicta-insita|polia-discalis|polia-nimbosa,Noctuinae,,Hadenini
1601,Apantesis,quenseli,Labrador Tiger Moth,93-0250,"(Paykull, 1793)",Erebidae,chelis-sordida|apantesis-speciosa,Arctiinae,,Arctiini
1602,Brachylomia,elda,,93-2652,"(French, 1887)",Noctuidae,brachylomia-populi,Noctuinae,,Xylenini
1603,Abagrotis,baueri,,93-3677,"McDunnough, 1949",Noctuidae,abagrotis-orbis|abagrotis-forbesi|abagrotis-trigona|abagrotis-cupida|parabagrotis-cupidissima,Noctuinae,,Noctuini
1604,Brachylomia,rectifascia,,93-2659,"(Smith, 1891)",Noctuidae,litholomia-napaea,Noctuinae,,Xylenini
1605,Dasychira,plagiata,Northern Pine Tussock Moth,93-0156,"(Walker, 1865)",Erebidae,dasychira-grisefacta,Lymantriinae,,Orgyiini
1606,Caenurgina,erechtea,Forage Looper Moth,93-0924,"(Cramer, [1780])",Erebidae,caenurgina-crassiuscula,Erebinae,,Euclidiini
1607,Catocala,grotiana,,93-0805,"Bailey, 1879",Erebidae,catocala-briseis,Erebinae,,Catocalini
1608,Annaphila,macfarlandi,,93-1752,"Buckett & Bauer, 1964",Noctuidae,annaphila-mera|annaphila-decia|annaphila-depicta,Amphipyrinae,,Stiriini
1609,Syngrapha,diasema,,93-1219,"(Boisduval, 1828)",Noctuidae,syngrapha-borea|syngrapha-orophila,Plusiinae,,Plusiini
1610,Psammopolia,arietis,,93-3011,"(Grote, 1879)",Noctuidae,psammopolia-wyatti|eremobina-claudens,Noctuinae,,Eriopygini
1611,Apantesis,virguncula,Little Virgin Tiger Moth,93-0247,"(Wm. Kirby, 1837)",Erebidae,apantesis-obliterata|apantesis-speciosa,Arctiinae,,Arctiini
1612,Orthodes,noverca,,93-3143,"(Grote, 1878)",Noctuidae,oligia-obtusa|protorthodes-alfkenii|orthodes-detracta|orthodes-goodelli|euxoa-terrenus|rhabdorthodes-pattersoni,Noctuinae,,Eriopygini
1613,Colocasia,propinquilinea,Closebanded Yellowhorn Moth,93-1401,"(Grote, 1873)",Noctuidae,,Pantheinae,,
1614,Diarsia,esurialis,,93-3530,"(Grote, 1881)",Noctuidae,diarsia-calgary,Noctuinae,,Noctuini
1615,Abagrotis,dodi,,93-3670,"McDunnough, 1927",Noctuidae,abagrotis-hermina|abagrotis-duanca|abagrotis-placida,Noctuinae,,Noctuini
1616,Papestra,cristifera,,93-2894,"(Walker, 1858)",Noctuidae,spiramater-lutra|papestra-biren|papestra-brenda|melanchra-adjuncta,Noctuinae,,Hadenini
1617,Aseptis,fumosa,,93-2626,"(Grote, 1879)",Noctuidae,aseptis-ethnica|aseptis-fanatica|condica-albolabes,Noctuinae,,Xylenini
2778,Sympistis,utahensis,,93-1856,"(Barnes & Benjamin, 1924)",Noctuidae,sympistis-chandleri,Oncocnemidinae,,
1619,Homorthodes,carneola,,93-3097,"McDunnough, 1943",Noctuidae,homorthodes-discreta,Noctuinae,,Eriopygini
1620,Cucullia,postera,,93-1509,"Guenée, 1852",Noctuidae,cucullia-omissa|cucullia-florea|cucullia-similaris,Cuculliinae,,
1621,Lasionycta,promulsa,,93-3005,"(Morrison, 1875)",Noctuidae,lasionycta-macleani|lasionycta-silacea|lasionycta-pulverea|lasionycta-brunnea,Noctuinae,,Eriopygini
1622,Lithomoia,germana,,93-2524,"(Morrison, 1875)",Noctuidae,lithophane-georgii,Noctuinae,,Xylenini
1623,Lasionycta,quadrilunata,,93-2995,"(Grote, 1874)",Noctuidae,lasionycta-carolynae|lasionycta-lagganata,Noctuinae,,Eriopygini
1624,Amphipyra,tragopoginis,Mouse Moth,93-1545,"(Clerck, 1759)",Noctuidae,aseptis-ethnica|graphiphora-augur,Amphipyrinae,,Amphipyrini
1625,Lithophane,georgii,,93-2573,"Grote, 1875",Noctuidae,lithophane-pertorrida|lithomoia-germana,Noctuinae,,Xylenini
1626,Hypena,abalienalis,White-lined Bomolocha Moth,93-0566,"(Walker, 1859)",Erebidae,hypena-palparia,Hypeninae,,
1627,Euxoa,simulata,,93-3385,"McDunnough, 1946",Noctuidae,euxoa-dodi|euxoa-comosa|euxoa-extranea|euxoa-terrenus,Noctuinae,,Noctuini
1628,Cerastis,gloriosa,,93-3541,"Crabo & Lafontaine, 1997",Noctuidae,cerastis-enigmatica,Noctuinae,,Noctuini
1629,Oligocentria,pallida,Pale Prominent Moth,93-0107,"(Strecker, 1899)",Notodontidae,oligocentria-semirufescens,Heterocampinae,,
1630,Trichocerapoda,strigata,,93-3082,"(Smith, 1891)",Noctuidae,trichocerapoda-oblita|lacinipolia-pensilis,Noctuinae,,Eriopygini
1631,Gluphisia,avimacula,Four-spotted Gluphisia Moth,93-0021,Hudson. 1891,Notodontidae,gluphisia-septentrionis|gluphisia-severa,Notodontinae,,
1633,Xestia,ursae,,93-3601,"(McDunnough, 1940)",Noctuidae,agrotis-ruta|feltia-nigrita|xestia-atrata,Noctuinae,,Noctuini
1634,Mycterophora,inexplicata,,93-0674,Walker 1866,Erebidae,mycterophora-longipalpata,Boletobiinae,,Boletobiini
1635,Litholomia,napaea,,93-2530,"(Morrison, 1874)",Noctuidae,lacinipolia-anguina|brachylomia-rectifascia|sympistis-dunbari,Noctuinae,,Xylenini
1636,Orthosia,transparens,Transparent Quaker Moth,93-2764,"Grote, 1882",Noctuidae,sideridis-maryx|orthosia-pulchella,Noctuinae,,Orthosiini
1637,Neoligia,tonsa,,93-2397,"(Grote, 1880)",Noctuidae,neoligia-albirena|neoligia-lillooet|neoligia-lancea|neoligia-invenusta,Noctuinae,,Apameini
1638,Xylena,thoracica,,93-2521,"(Putnam-Cramer, 1886)",Noctuidae,xylena-cineritia,Noctuinae,,Xylenini
1639,Photedes,defecta,,93-2425,"(Grote, 1874)",Noctuidae,hypocoena-inquinata|hypocoena-rufostrigata|mythimna-oxygala|leucania-dia,Noctuinae,,Apameini
1640,Euxoa,rufula,,93-3359,"(Smith, [1888])",Noctuidae,euxoa-divergens|euxoa-intrita,Noctuinae,,Noctuini
1641,Neoligia,albirena,,93-2401,"Troubridge & Lafontaine, 2002",Noctuidae,neoligia-tonsa|neoligia-lancea|neoligia-lillooet,Noctuinae,,Apameini
1642,Euxoa,tronellus,,93-3446,"(Smith, 1903)",Noctuidae,euxoa-misturata|euxoa-catenula|euxoa-citricolor,Noctuinae,,Noctuini
1643,Phyllodesma,coturnix,,MONA 7688,"De Lajonqiere, 1969",Lasiocampidae,phyllodesma-americana,Lasiocampinae,,
1644,Eutricopis,nexilis,White-spotted Midget Moth,93-2038,"Morrison, 1875",Noctuidae,heliothodes-diminutivus|schinia-persimilis,Heliothinae,,
1645,Euxoa,agema,,93-3443,"(Strecker, 1899)",Noctuidae,euxoa-oblongistigma|euxoa-olivalis,Noctuinae,,Noctuini
1646,Lacinipolia,anguina,Snaky Arches Moth,93-3019,"(Grote, 1881)",Noctuidae,litholomia-napaea|lacinipolia-pensilis|lacinipolia-lustralis|hada-sutrina,Noctuinae,,Eriopygini
1647,Lacinipolia,strigicollis,Collared Arches Moth,93-3069,"(Wallengren, 1860)",Noctuidae,hecatera-dysodea,Noctuinae,,Eriopygini
1648,Drasteria,perplexa,Perplexed Arches Moth,93-0909,"(Hy. Edwards, 1884)",Erebidae,drasteria-stretchii,Erebinae,,Melipotini
1649,Amphipoea,americana,American Ear Moth,93-2447,"(Speyer, 1875)",Noctuidae,amphipoea-pacifica|lacinipolia-lorea,Noctuinae,,Apameini
1650,Cryptocala,acadiensis,Catocaline Dart Moth,93-3553,"(Bethune, 1870)",Noctuidae,noctua-comes|noctua-pronuba,Noctuinae,,Noctuini
1651,Malacosoma,constrictum,Pacific Tent Caterpillar Moth,MONA 7699,(H. Edwards),Lasiocampidae,malacosoma-californicum|malacosoma-disstria,Lasiocampinae,,
1652,Resapamea,passer,Dock Rustic Moth,93-2368,"(Guenée, 1852)",Noctuidae,resapamea-venosa|macronoctua-onusta|graphiphora-augur|nephelodes-minians|resapamea-innota|resapamea-enargia|resapamea-diluvius,Noctuinae,,Apameini
1653,Hypena,atomaria,,93-0573,"(Smith, 1903)",Erebidae,tetanolita-palligera|chytolita-morbidalis,Hypeninae,,
1655,Orthosia,revicta,Subdued Quaker Moth,93-2773,"(Morrison, 1876)",Noctuidae,orthosia-hibisci|orthosia-segregata,Noctuinae,,Orthosiini
1656,Euxoa,perolivalis,,93-3480,"(Smith, 1905)",Noctuidae,euxoa-manitobana|euxoa-dargo|euxoa-ridingsiana|euxoa-cicatricosa|euxoa-flavicollis,Noctuinae,,Noctuini
1657,Anathix,aggressa,,93-2621,"(Smith, 1907)",Noctuidae,anathix-puta|sunira-decipiens,Noctuinae,,Xylenini
1658,Hypena,decorata,,93-0586,"Smith, 1884",Erebidae,hypena-californica|hypena-humuli,Hypeninae,,
1659,Syngrapha,celsa,Western Conifer Looper,93-1229,"(H. Edwards, 1881)",Noctuidae,syngrapha-interrogationis|syngrapha-viridisigma|syngrapha-angulidens|autographa-californica|syngrapha-surena,Plusiinae,,Plusiini
1660,Lasionycta,carolynae,,93-2997,"Crabo, 2009",Noctuidae,lasionycta-quadrilunata|lasionycta-lagganata,Noctuinae,,Eriopygini
1661,Protorthodes,alfkenii,,93-3115.5,"(Grote, 1895)",Noctuidae,sympistis-goedeni|orthodes-noverca|nudorthodes-texana,Noctuinae,,Eriopygini
1662,Lasionycta,taigata,,93-2969,"Lafontaine, 1988",Noctuidae,polia-propodea|lasionycta-mutilata|lasionycta-secedens,Noctuinae,,Eriopygini
1663,Scotogramma,yakima,,93-2856,"(Smith, 1900)",Noctuidae,scotogramma-ptilodonta|scotogramma-orida,Noctuinae,,Hadenini
1664,Homoglaea,dives,,93-2528,"Smith, 1907",Noctuidae,homoglaea-carbonaria,Noctuinae,,Xylenini
1665,Autographa,speciosa,,93-1198,"Ottolengui, 1902",Noctuidae,autographa-v-alba,Plusiinae,,Plusiini
1666,Schinia,jaguarina,Jaguar Flower Moth,93-2073,"(Guenée, 1852)",Noctuidae,schinia-mortua,Heliothinae,,
1667,Sunira,decipiens,,93-2617,"(Grote, 1881)",Noctuidae,sunira-bicolorago|anathix-aggressa,Noctuinae,,Xylenini
1668,Autographa,californica,Alfalfa Looper Moth,93-1193,"(Speyer, 1875)",Noctuidae,syngrapha-celsa|autographa-buraetica|rachiplusia-ou|autographa-pseudogamma,Plusiinae,,Plusiini
1669,Lithophane,fagina,Hoary Pinion Moth,93-2548,"Morrison, 1874",Noctuidae,lithophane-itata|lithophane-boogeri,Noctuinae,,Xylenini
1670,Brachylomia,discolor,,93-2655,"(Smith, 1904)",Noctuidae,brachylomia-sierra|brachylomia-obscurifascia,Noctuinae,,Xylenini
1671,Schinia,albafascia,,93-2159,"Smith, 1883",Noctuidae,schinia-tertia,Heliothinae,,
1672,Striacosta,albicosta,Western Bean Cutworm Moth,93-3228,"(Smith, [1888])",Noctuidae,feltia-subgothica,Noctuinae,,Noctuini
1673,Furcula,modesta,Modest Furcula Moth,93-0029,"(Hudson, 1891)",Notodontidae,furcula-furcula,Notodontinae,,
1674,Euxoa,biformata,,93-3313,"Smith, 1910",Noctuidae,euxoa-intermontana|euxoa-shasta|euxoa-mimallonis,Noctuinae,,Noctuini
1675,Tarache,augustipennis,Narrow-winged Midget Moth,93-1365,"Grote, 1875",Noctuidae,tarache-major,Acontiinae,,Acontiini
1676,Sympistis,hathor,,93-1893,"Troubridge, 2008",Noctuidae,sympistis-sobek|sympistis-pallida,Oncocnemidinae,,
1677,Lasionycta,sasquatch,,93-2986,"Crabo & Lafontaine, 2009",Noctuidae,lasionycta-perplexella|lasionycta-poca,Noctuinae,,Eriopygini
1678,Agrotis,gravis,,93-3518,"Grote, 1874",Noctuidae,agrotis-vancouverensis,Noctuinae,,Noctuini
1679,Melanchra,pulverulenta,,93-2876,"(Smith, [1888])",Noctuidae,orthodes-obscura|melanchra-assimilis|melanapamea-mixta,Noctuinae,,Hadenini
1680,Protolampra,rufipectus,,93-3648,"(Morrison, 1875)",Noctuidae,adelphagrotis-carissima|xestia-intermedia|setagrotis-pallidicollis,Noctuinae,,Noctuini
1681,Apamea,acera,,93-2338,"(Smith, 1900)",Noctuidae,apamea-alia,Noctuinae,,Apameini
1682,Nudorthodes,texana,,93-3116,"(Smith, 1900)",Noctuidae,protorthodes-alfkenii,Noctuinae,,Eriopygini
1683,Nycteola,columbiana,,93-1143,"(H. Edwards, 1873)",Nolidae,nycteola-frigidana|nycteola-cinereana,Nolinae,,
1684,Syngrapha,alticola,,93-1232,"(Walker, [1858])",Noctuidae,syngrapha-microgamma|syngrapha-ignea,Plusiinae,,Plusiini
1685,Sphinx,chersis,Great Ash Sphinx Moth,MONA 7802,"(Hübner, 1823)",Sphingidae,sphinx-perelegans,Sphinginae,,
1686,Sympistis,goedeni,,93-1834,"(Troubridge & Crabo, (1999))",Noctuidae,protorthodes-alfkenii,Oncocnemidinae,,
1687,Tarache,areli,,93-1356,"(Strecker, 1898)",Noctuidae,tarache-toddi|schinia-tertia,Acontiinae,,Acontiini
1688,Dasychira,grisefacta,Grizzled Tussock Moth,93-0158,"(Dyar, 1911)",Erebidae,dasychira-vagans|dasychira-plagiata,Lymantriinae,,Orgyiini
1689,Nephelodes,minians,Bronzed Cutworm Moth,93-2810,"Guenée, 1852",Noctuidae,nephelodes-demaculata|resapamea-passer,Noctuinae,,Tholerini
1690,Noctua,pronuba,Large Yellow Underwing Moth,93-3551,"(Linnaeus, 1758)",Noctuidae,noctua-comes|cryptocala-acadiensis,Noctuinae,,Noctuini
1691,Orgyia,cana,,93-0163,"H. Edwards, 1881",Erebidae,orgyia-pseudotsugata|orgyia-vetusta,Lymantriinae,,Orgyiini
1692,Euxoa,auripennis,,93-3441,"Lafontaine, 1974",Noctuidae,euxoa-servitus,Noctuinae,,Noctuini
1693,Actebia,balanitis,,93-3230,"(Grote, 1873)",Noctuidae,rhyacia-clemens,Noctuinae,,Noctuini
1694,Abagrotis,duanca,,93-3665,"(Smith, 1908)",Noctuidae,parabagrotis-insularis|abagrotis-dodi,Noctuinae,,Noctuini
1695,Protoschinia,nuchalis,,93-2061,"(Grote, 1878)",Noctuidae,schinia-crotchii|schinia-deserticola,Heliothinae,,
1696,Euxoa,taura,,93-3482,"Smith, 1905",Noctuidae,euxoa-latro,Noctuinae,,Noctuini
1697,Euxoa,mitis,,93-3473,"(Smith, 1894)",Noctuidae,euxoa-moerens|euxoa-difformis|euxoa-misturata|euxoa-cona,Noctuinae,,Noctuini
1698,Xestia,tecta,,93-3602,"(Hübner, [1808])",Noctuidae,xestia-okakensis,Noctuinae,,Noctuini
1699,Cerastis,salicarum,Willow Dart Moth,93-3542,"(Walker, 1857)",Noctuidae,agrotis-vancouverensis,Noctuinae,,Noctuini
1700,Rivula,propinqualis,Spotted Grass Moth,93-0592,"Guenée, 1854",Erebidae,phalaenostola-metonalis,Rivulinae,,
1701,Lasionycta,pulverea,,93-3007,"Crabo & Lafontaine, 2009",Noctuidae,lasionycta-macleani|lasionycta-promulsa,Noctuinae,,Eriopygini
1702,Euxoa,excogita,,93-3416,"(Smith, 1900)",Noctuidae,euxoa-brunneigera|euxoa-perpolita|euxoa-comosa|apamea-cogitata|euxoa-ochrogaster|euxoa-lewisi,Noctuinae,,Noctuini
1703,Catocala,allusa,,93-0801,"Hulst, 1884",Erebidae,catocala-californica|catocala-briseis|catocala-faustina,Erebinae,,Catocalini
1704,Cucullia,eurekae,,93-1525,"Poole, 1995",Noctuidae,cucullia-antipoda,Cuculliinae,,
1705,Acronicta,grisea,Gray Dagger Moth,93-1433,"Walker, 1856",Noctuidae,acronicta-radcliffei,Acronictinae,,
1706,Plagiomimicus,expallidus,,93-1663,"Grote, 1883",Noctuidae,plagiomimicus-spumosum,Amphipyrinae,,Stiriini
1707,Anagrapha,falcifera,Celery Looper Moth,93-1234,"(W. Kirby, 1837)",Noctuidae,autographa-pasiphaeia,Plusiinae,,Plusiini
1708,Lasionycta,perplexa,,93-2988,"(Smith, [1888])",Noctuidae,lasionycta-subfuscula|lasionycta-perplexella,Noctuinae,,Eriopygini
1709,Spaelotis,clandestina,Clandestine Dart Moth,93-3554,"(Harris, 1841)",Noctuidae,graphiphora-augur|spaelotis-bicava,Noctuinae,,Noctuini
1710,Pseudeva,palligera,,93-1185,"(Grote, 1881)",Noctuidae,pseudeva-purpurigera,Plusiinae,,Plusiini
1711,Euxoa,infausta,,93-3412,"(Walker, 1865)",Noctuidae,euxoa-permixta|euxoa-faulkneri|euxoa-bifasciata|euxoa-brunneigera|euxoa-satis,Noctuinae,,Noctuini
1712,Condica,discistriga,,93-1991,"(Smith, 1894)",Noctuidae,rhizagrotis-modesta|euxoa-pluralis,Condicinae,,Condicini
1713,Rachiplusia,ou,Gray Looper Moth,93-1176,"(Guenée, 1852)",Noctuidae,autographa-californica,Plusiinae,,Plusiini
1714,Sympistis,saxatilis,,93-1940,"(Troubridge & Crabo, (1999))",Noctuidae,sympistis-sagittata,Oncocnemidinae,,
1715,Sympistis,incubus,,93-1844,"Troubridge, 2008",Noctuidae,sympistis-seth|sympistis-simplex|sympistis-sesmu,Oncocnemidinae,,
1716,Rhizagrotis,cloanthoides,,93-2686,"(Grote, 1881)",Noctuidae,protogygia-comstocki|protogygia-postera,Noctuinae,,Xylenini
1717,Amphipyra,brunneoatra,,93-1547,"Strand, 1916",Noctuidae,amphipyra-glabella,Amphipyrinae,,Amphipyrini
1718,Euxoa,edictalis,,93-3322,"(Smith, 1893)",Noctuidae,anarta-fusculenta,Noctuinae,,Noctuini
1719,Polia,nugatis,,93-2873,"(Smith, 1898)",Noctuidae,andropolia-diversilineata,Noctuinae,,Hadenini
1720,Apamea,devastator,Glassy Cutworm Moth,93-2350,"(Brace, 1819)",Noctuidae,polia-imbrifera|apamea-longula|apamea-indocilis,Noctuinae,,Apameini
1721,Capsula,subflava,Subflava Sedge Borer Moth,93-2439,"(Grote, 1882)",Noctuidae,capsula-oblonga|capsula-alameda,Noctuinae,,
1722,Malacosoma,disstria,Forest Tent Caterpillar Moth,MONA 7698,"(Hübner, 1820)",Lasiocampidae,malacosoma-constrictum|malacosoma-californicum,Lasiocampinae,,
1723,Drasteria,inepta,Inept Drasteria Moth,93-0895,"Hy. Edwards, 1881",Erebidae,drasteria-scrupulosa|drasteria-sabulosa,Erebinae,,Melipotini
1724,Sympistis,lapponica,,93-1929,"(Thunberg, 1791)",Noctuidae,sympistis-wilsoni,Oncocnemidinae,,
1725,Sphinx,vashti,Vashti Sphinx Moth,MONA 7803,"Strecker, 1878",Sphingidae,sphinx-perelegans,Sphinginae,,
1726,Hemaris,thetis,,MONA 7855.1,"(Boisduval, 1855)",Sphingidae,hemaris-thysbe|hemaris-diffinis,Macroglossinae,,
1727,Euxoa,quebecensis,,93-3328,"(Smith, 1900)",Noctuidae,euxoa-vallus|euxoa-comosa|euxoa-macleani,Noctuinae,,Noctuini
1729,Euxoa,shasta,,93-3312,"Lafontaine, 1975",Noctuidae,euxoa-ustulata|euxoa-biformata|apamea-scoparia,Noctuinae,,Noctuini
1730,Oligocentria,semirufescens,Red-washed Prominent Moth,93-0105,"(Walker, 1865)",Notodontidae,oligocentria-pallida|schizura-concinna,Heterocampinae,,
1731,Syngrapha,epigaea,Epigaea Looper Moth,93-1215,"(Grote, 1875)",Noctuidae,autographa-ampla|syngrapha-surena,Plusiinae,,Plusiini
1732,Euxoa,comosa,,93-3405,"(Morrison, 1876)",Noctuidae,euxoa-lucida|euxoa-altens|euxoa-quebecensis|euxoa-simulata|euxoa-tocoyae|euxoa-trifasciata|euxoa-vallus|euxoa-macleani|euxoa-excogita|euxoa-setonia|euxoa-scotogrammoides|euxoa-lineifrons,Noctuinae,,Noctuini
1733,Pronoctua,peabodyae,,93-3691,"(Dyar, 1903)",Noctuidae,pronoctua-craboi|pronoctua-pyrophiloides|pronoctua-typica,Noctuinae,,Noctuini
1734,Euxoa,apopsis,,93-3333,"Troubridge & Lafontaine, 2010",Noctuidae,euxoa-macleani,Noctuinae,,Noctuini
1735,Hadena,caelestis,,93-2917,"Troubridge & Crabo, 2002",Noctuidae,hadena-siskiyou|hadena-ectrapela|hada-sutrina,Noctuinae,,Hadenini
1736,Euxoa,cona,,93-3466,"(Strecker, 1898)",Noctuidae,euxoa-mitis|agrotis-orthogonia|euxoa-pallipennis|euxoa-misturata|euxoa-satiens,Noctuinae,,Noctuini
1737,Smerinthus,cerisyi,One-eyed Sphinx Moth,MONA 7822,"Wm. Kirby, 1837",Sphingidae,paonias-excaecatus|smerinthus-jamaicensis|smerinthus-ophthalmica,Smerinthinae,,
1738,Chrysodeixis,chalcites,,93-1171.1,"(Esper, 1789)",Noctuidae,autographa-bimaculata|autographa-metallica,Plusiinae,,Argyrogrammatini
1739,Annaphila,mera,,93-1736,"Harvey, 1875",Noctuidae,annaphila-depicta|annaphila-decia|annaphila-danistica|annaphila-macfarlandi,Amphipyrinae,,Stiriini
1740,Caenurgina,crassiuscula,Clover Looper Moth,93-0923,"(Haworth, 1809)",Erebidae,caenurgina-annexa|caenurgina-erechtea,Erebinae,,Euclidiini
1741,Gynaephora,rossii,,93-0142,"(Curtis, 1835)",Erebidae,polia-richardsoni,Lymantriinae,,Orgyiini
1742,Apamea,siskiyou,,93-2324,"Mikkola & Lafontaine, 2009",Noctuidae,apamea-atriclava|apamea-antennata,Noctuinae,,Apameini
1743,Pachysphinx,modesta,Big Poplar Sphinx Moth,MONA 7828,"(Harris, 1839)",Sphingidae,pachysphinx-occidentalis,Smerinthinae,,
1744,Ponometia,tortricina,,93-1316,"(Zeller, 1872)",Noctuidae,neogrotella-spaldingi|ponometia-nigra|ponometia-fumata,Acontiinae,,Acontiini
1745,Lasionycta,poca,,93-2982,"(Barnes & Benjamin, 1923)",Noctuidae,lasionycta-sasquatch|lasionycta-illima|lasionycta-leucocycla,Noctuinae,,Eriopygini
1746,Abagrotis,forbesi,,93-3682,"(Benjamin, 1921)",Noctuidae,abagrotis-reedi|abagrotis-baueri|abagrotis-orbis,Noctuinae,,Noctuini
1747,Euxoa,macleani,,93-3332,"McDunnough, 1927",Noctuidae,euxoa-vallus|euxoa-apopsis|euxoa-quebecensis|euxoa-comosa,Noctuinae,,Noctuini
1748,Spaelotis,havilae,,93-3557,"(Grote, 1881)",Noctuidae,spaelotis-unicava|spaelotis-bicava|spaelotis-velicava,Noctuinae,,Noctuini
1749,Apamea,antennata,,93-2323,"(Smith, 1891)",Noctuidae,apamea-atriclava|apamea-auranticolor|apamea-lignicolora|apamea-tahoeensis|apamea-siskiyou|apamea-sora,Noctuinae,,Apameini
1750,Hydraecia,medialis,,93-2455,"Smith, 1892",Noctuidae,hydraecia-perobliqua|hydraecia-obliqua,Noctuinae,,Apameini
1751,Orthodes,detracta,Disparaged Arches Moth,93-3146,"(Walker, 1857)",Noctuidae,orthodes-noverca|orthodes-goodelli,Noctuinae,,Eriopygini
1752,Autographa,buraetica,,93-1195,"(Staudinger, 1892)",Noctuidae,autographa-californica|autographa-pseudogamma,Plusiinae,,Plusiini
1753,Protogygia,postera,,93-3294,"Fauske & Lafontaine, 2004",Noctuidae,euxoa-atristrigata|rhizagrotis-cloanthoides|protogygia-lagena,Noctuinae,,Noctuini
1754,Lacanobia,grandis,Grand Arches Moth,93-2882,"(Guenée, 1852)",Noctuidae,lacanobia-subjuncta|trichordestra-tacoma|lacanobia-nevadae|papestra-quadrata,Noctuinae,,Hadenini
1755,Tristyla,alboplagiata,,93-1732,"Smith, 1893",Noctuidae,triocnemis-saporis,Amphipyrinae,,Stiriini
1756,Eurois,astricta,,93-3561,"Morrison, 1874",Noctuidae,eurois-nigra|apamea-amputatrix|polia-rogenhoferi,Noctuinae,,Noctuini
1757,Homoglaea,carbonaria,,93-2526,"(Harvey, 1876)",Noctuidae,homoglaea-dives|homoglaea-californica|homoglaea-hircina,Noctuinae,,Xylenini
1758,Catocala,faustina,,93-0801,"Strecker, 1873",Erebidae,catocala-californica|catocala-irene|catocala-junctura|catocala-hermia|catocala-allusa,Erebinae,,Catocalini
1759,Tarache,toddi,,93-1358,"(Ferris & Lafontaine, 2009)",Noctuidae,tarache-areli|ponometia-sutrix,Acontiinae,,Acontiini
1760,Apantesis,ornata,Ornate Tiger Moth,93-0271,"(Packard, 1864)",Erebidae,apantesis-complicata|apantesis-edwardsii,Arctiinae,,Arctiini
1761,Euclidia,ardita,,93-0930,"Franclemont, 1957",Erebidae,euclidia-cuspidea,Erebinae,,Euclidiini
1762,Schinia,acutilinea,Acute-lined Flower Moth,93-2153,"(Grote, 1878)",Noctuidae,schinia-walsinghami,Heliothinae,,
1763,Cucullia,mcdunnoughi,,93-1532,"(Henne, 1940)",Noctuidae,cucullia-basipuncta|cucullia-eulepis|cucullia-antipoda,Cuculliinae,,
1764,Platypolia,contadina,,93-2697,"(Smith, 1894)",Noctuidae,platypolia-anceps|xylotype-arcadia|platypolia-loda,Noctuinae,,Xylenini
1765,Euxoa,albipennis,,93-3397,"(Grote, 1876)",Noctuidae,euxoa-lillooet|euxoa-rockburnei|euxoa-declarata,Noctuinae,,Noctuini
1766,Caradrina,morpheus,Mottled Rustic Moth,93-2256,"(Hufnagel, 1766)",Noctuidae,xestia-plebeia|protoperigea-anotha,Noctuinae,,Caradrinini
1767,Spilosoma,pteridis,Brown Tiger Moth,93-0314,"Hy. Edwards, 1874",Erebidae,spilosoma-vagans|phragmatobia-fuliginosa,Arctiinae,,Arctiini
1768,Proxenus,mindara,,93-2267,"Barnes & McDunnough, 1913",Noctuidae,proxenus-miranda|proxenus-mendosa|abagrotis-nanalis,Noctuinae,,Caradrinini
1769,Dryotype,opina,,93-2702,"(Grote, 1878)",Noctuidae,oligia-tusa|fishia-illocata,Noctuinae,,Xylenini
1770,Drasteria,stretchii,,93-0911,"(Behr, 1870)",Erebidae,drasteria-perplexa|drasteria-howlandii,Erebinae,,Melipotini
1771,Abagrotis,glenni,,93-3659,"Buckett, 1968",Noctuidae,abagrotis-striata|abagrotis-mirabilis,Noctuinae,,Noctuini
1772,Euxoa,olivalis,,93-3442,"(Grote, 1879)",Noctuidae,euxoa-melura|euxoa-maimes|euxoa-ridingsiana|euxoa-agema|euxoa-oblongistigma,Noctuinae,,Noctuini
1773,Xestia,praevia,Praevia Dart Moth,93-3585,"Lafontaine, 1998",Noctuidae,coenophila-opacifrons,Noctuinae,,Noctuini
1774,Homorthodes,furfurata,Northern Scurfy Quaker Moth,93-3088,"(Grote, 1875)",Noctuidae,protorthodes-rufula,Noctuinae,,Eriopygini
1775,Neogrotella,spaldingi,,93-1718,"(Barnes & McDunnough, 1913)",Noctuidae,ponometia-tortricina,Amphipyrinae,,Stiriini
1776,Cucullia,intermedia,Intermediate Hooded Owlet Moth,93-1514,"Speyer, 1870",Noctuidae,cucullia-strigata|cucullia-florea|dolocucullia-dentilinea,Cuculliinae,,
1777,Catocala,aholibah,Aholibah Underwing Moth,93-0791,"Strecker, 1874",Erebidae,catocala-ilia|catocala-ophelia,Erebinae,,Catocalini
1778,Euxoa,lineifrons,,93-3406,"(Smith, 1890)",Noctuidae,euxoa-pallidimacula|euxoa-annulipes|euxoa-comosa|euxoa-lucida,Noctuinae,,Noctuini
1779,Euxoa,brevipennis,,93-3438,"(Smith, [1888])",Noctuidae,euxoa-olivia,Noctuinae,,Noctuini
1780,Euxoa,aequalis,,93-3464,"(Harvey, 1876)",Noctuidae,euxoa-difformis,Noctuinae,,Noctuini
1781,Abagrotis,turbulenta,,93-3668,"McDunnough, 1927",Noctuidae,abagrotis-placida|abagrotis-scopeops|xestia-cinerascens,Noctuinae,,Noctuini
1782,Pseudohermonassa,flavotincta,Rare Grass Dart Moth,93-3631,"(Smith, 1892)",Noctuidae,parabagrotis-sulinaris,Noctuinae,,Noctuini
1783,Andropolia,aedon,,93-2684,"(Grote, 1880)",Noctuidae,andropolia-contacta,Noctuinae,,Xylenini
1784,Pronoctua,typica,,93-3689,"Smith, 1894",Noctuidae,rhyacia-clemens|pronoctua-peabodyae,Noctuinae,,Noctuini
1785,Heterocampa,lunata,,93-0085,"Hy. Edwards, 1884",Notodontidae,notodonta-torva,Heterocampinae,,
1786,Aseptis,characta,,93-2648,"(Grote, 1880)",Noctuidae,lacinipolia-pensilis|euxoa-plagigera,Noctuinae,,Xylenini
1787,Anhimella,contrahens,,93-3086,"(Walker, 1860)",Noctuidae,anhimella-perbrunnea|homorthodes-discreta|anhimella-pacifica,Noctuinae,,Eriopygini
1788,Autographa,ampla,Large Looper Moth,93-1204,"(Walker, [1858])",Noctuidae,syngrapha-epigaea,Plusiinae,,Plusiini
1789,Lithophane,innominata,Nameless Pinion Moth,93-2534,"(Smith, 1893)",Noctuidae,lithophane-amanda|lithophane-disposita,Noctuinae,,Xylenini
1790,Pseudanarta,crocea,,93-2736,"(H. Edwards, 1875)",Noctuidae,sympistis-mirificalis|pseudanarta-caeca|sympistis-corusca,Noctuinae,,Xylenini
1791,Annaphila,casta,,93-1750,"H. Edwards, 1890",Noctuidae,annaphila-diva,Amphipyrinae,,Stiriini
1792,Pseudohermonassa,tenuicula,Morrison\'s Sooty Dart Moth,93-3630,"(Morrison, 1874)",Noctuidae,chersotis-juncta|eueretagrotis-perattentus|agnorisma-bugrai,Noctuinae,,Noctuini
1793,Protogygia,comstocki,,93-3291,"McDunnough, 1934",Noctuidae,protogygia-lagena|rhizagrotis-cloanthoides|protogygia-enalaga,Noctuinae,,Noctuini
1794,Raphia,frater,Brother Moth,93-1412,"Grote, 1864",Noctuidae,acronicta-funeralis|brachylomia-populi,Raphiinae,,
1795,Resapamea,innota,,93-2365,"(Smith, 1908)",Noctuidae,resapamea-enargia|apamea-niveivenosa|resapamea-passer,Noctuinae,,Apameini
1796,Sympistis,tartarea,,93-1837,"(Troubridge & Crabo, (1999))",Noctuidae,sympistis-iricolor|sympistis-seth,Oncocnemidinae,,
1797,Spilosoma,vestalis,Vestal Tiger Moth,93-0312,"Packard, 1864",Erebidae,spilosoma-virginica,Arctiinae,,Arctiini
1798,Anathix,puta,Puta Sallow Moth,93-2620,"(Grote & Robinson, 1868)",Noctuidae,anathix-aggressa|sunira-verberata|agrochola-purpurea,Noctuinae,,Xylenini
1799,Euxoa,bochus,,93-3307,"(Morrison, 1874)",Noctuidae,anicla-exuberans|hemieuxoa-rudens,Noctuinae,,Noctuini
1800,Xanthia,tatago,Pink-banded Sallow Moth,93-2622,"Lafontaine & Mikkola, 2003",Noctuidae,,Noctuinae,,Xylenini
1802,Hypocoena,rufostrigata,,93-2429,"(Packard, 1867)",Noctuidae,hypocoena-inquinata|photedes-defecta|hypocoena-basistriga,Noctuinae,,Apameini
1803,Pseudeva,purpurigera,Straight-lined Looper Moth,93-1184,"(Walker, 1858)",Noctuidae,pseudeva-palligera,Plusiinae,,Plusiini
1804,Chytolita,morbidalis,Morbid Owlet Moth,93-0502,"(Guenée, 1852)",Erebidae,hypena-atomaria|phalaenostola-metonalis|zanclognatha-jacchusalis,Herminiinae,,
1805,Apamea,lutosa,,93-2348,"(Andrews, 1877)",Noctuidae,anarta-trifolii|apamea-inficita,Noctuinae,,Apameini
1806,Perigonica,pectinata,,93-2754,"(Smith, [1888])",Noctuidae,perigonica-angulata|perigonica-tertia,Noctuinae,,Orthosiini
1807,Heliolonche,pictipennis,,93-2187,"(Grote, 1875)",Noctuidae,heliolonche-modicella,Heliothinae,,
1808,Diarsia,rubifera,Red Dart Moth,93-3534,"(Grote, 1875)",Noctuidae,lycophotia-phyllophora|diarsia-rosaria|diarsia-dislocata,Noctuinae,,Noctuini
1809,Melanchra,assimilis,Black Arches Moth,93-2876.1,"(Morrison, 1874)",Noctuidae,melanchra-pulverulenta|apamea-impulsa|orthodes-obscura,Noctuinae,,Hadenini
1810,Leucania,anteroclara,,93-2941,"Smith, 1902",Noctuidae,acronicta-insularis|leucania-multilinea,Noctuinae,,Leucaniini
1811,Sympistis,ragani,,93-1951,"(Barnes, 1928)",Noctuidae,sympistis-greyi|sympistis-semicollaris,Oncocnemidinae,,
1813,Mesapamea,fractilinea,Broken-lined Brocade Moth,93-2370,"(Grote, 1874)",Noctuidae,oligia-tusa|lateroligia-ophiogramma|xylomoia-indirecta,Noctuinae,,Apameini
1814,Lasionycta,illima,,93-2984,"Crabo & Lafontaine, 2009",Noctuidae,lasionycta-leucocycla|lasionycta-poca|lasionycta-secedens,Noctuinae,,Eriopygini
1815,Notodonta,torva,Northern Finned Prominent Moth,93-0017,"(Hübner, 1803)",Notodontidae,heterocampa-lunata,Notodontinae,,
1816,Zale,rubi,,93-1046,"(H. Edwards, 1881)",Erebidae,zale-lunata|zale-termina,Erebinae,,Omopterini
1817,Cryphia,olivacea,,93-2195,"(Smith, 1891)",Noctuidae,cryphia-cuerva,Bryophilinae,,
1818,Euxoa,catenula,,93-3404,"(Grote, 1879)",Noctuidae,agrotis-vetusta|euxoa-tronellus,Noctuinae,,Noctuini
1819,Zale,lunata,Lunate Zale Moth,93-1023,"(Drury, 1773)",Erebidae,zale-minerea|zale-rubi,Erebinae,,Omopterini
1820,Lacinipolia,comis,,93-3062,"(Grote, 1876)",Noctuidae,lacinipolia-quadrilineata|viridiseptis-marina|lacinipolia-rectilinea|lacinipolia-davena|lacinipolia-olivacea,Noctuinae,,Eriopygini
1821,Autographa,rubidus,,93-1206,"Ottolengui, 1902",Noctuidae,autographa-bimaculata|autographa-sansoni|autographa-flagellum,Plusiinae,,Plusiini
1822,Euxoa,hardwicki,,93-3349,"Lafontaine, 1987",Noctuidae,euxoa-melura,Noctuinae,,Noctuini
1823,Lithophane,jeffreyi,,93-2561,"Troubridge & Lafontaine, 2003",Noctuidae,lithophane-atara|lithophane-ponderosa,Noctuinae,,Xylenini
1824,Anicla,exuberans,,93-3221,"(Smith, 1898)",Noctuidae,richia-parentalis|euxoa-bochus,Noctuinae,,Noctuini
1825,Polia,propodea,,93-2870,"McCabe, 1980",Noctuidae,polia-rogenhoferi|polia-imbrifera|eurois-occulta|andropolia-contacta|lasionycta-taigata,Noctuinae,,Hadenini
1826,Acronicta,quadrata,,93-1441,"Grote, 1874",Noctuidae,acronicta-hasta,Acronictinae,,
1827,Scotogramma,orida,,93-2857,"(Smith, 1903)",Noctuidae,scotogramma-yakima|scotogramma-ptilodonta,Noctuinae,,Hadenini
1828,Protoperigea,umbricata,,93-2252,"Mustelin, 2006",Noctuidae,protoperigea-posticata,Noctuinae,,Caradrinini
1830,Syngrapha,rectangula,Salt-and-Pepper Looper Moth,93-1227,"(W. Kirby, 1837)",Noctuidae,syngrapha-alias,Plusiinae,,Plusiini
1831,Euxoa,campestris,,93-3379,"(Grote, 1875)",Noctuidae,euxoa-rockburnei|euxoa-infracta|euxoa-declarata,Noctuinae,,Noctuini
1832,Sympistis,parvanigra,,93-1808,"(Blackmore, 1923)",Noctuidae,copanarta-sexpunctata|sympistis-tenuifascia|sympistis-aterrima|stylopoda-groteana,Oncocnemidinae,,
1833,Apamea,tahoeensis,,93-2328,"Mikkola & Lafontaine, 2009",Noctuidae,apamea-auranticolor|apamea-antennata,Noctuinae,,Apameini
1834,Xestia,speciosa,,93-3596,"(Hübner, [1813])",Noctuidae,aplectoides-condita|xestia-lupa|anaplectoides-pressus|xestia-mixta|xestia-perquiritata|xestia-homogena,Noctuinae,,Noctuini
1835,Ipimorpha,nanaimo,,93-2677,"Barnes, 1905",Noctuidae,ipimorpha-pleonectusa|ipimorpha-viridipallida|cosmia-calami,Noctuinae,,Xylenini
1836,Actebia,fennica,Finland Dart Moth,93-3229,"(Tauscher, 1806)",Noctuidae,euxoa-ochrogaster|euxoa-perexcellens,Noctuinae,,Noctuini
1837,Hypena,palparia,Mottled Bomolocha Moth,93-0565,"(Walker, 1861)",Erebidae,hypena-abalienalis,Hypeninae,,
1838,Properigea,albimacula,White-spotted Properigea Moth,93-2719,"(Barnes & McDunnough, 1912)",Noctuidae,condica-albolabes,Noctuinae,,Xylenini
1839,Benjaminiola,colorada,,93-2433,"(Smith, 1900)",Noctuidae,leucania-farcta|acronicta-insularis|mythimna-oxygala,Noctuinae,,Apameini
1840,Euxoa,ochrogaster,,93-3424,"(Guenée, 1852)",Noctuidae,euxoa-nostra|actebia-fennica|euxoa-adumbrata|euxoa-perexcellens|euxoa-mimallonis|euxoa-excogita,Noctuinae,,Noctuini
1841,Xylomoia,indirecta,Oblique Brocade Moth,93-2417,"(Grote, 1875)",Noctuidae,apamea-indocilis|photedes-didonea|mesapamea-fractilinea|lateroligia-ophiogramma|xylomoia-chagnoni|mesapamea-secalis,Noctuinae,,Apameini
1842,Protorthodes,rufula,Rufous Quaker Moth,93-3115.3,"(Grote, 1874)",Noctuidae,protorthodes-oviduca|homorthodes-furfurata|protorthodes-curtica,Noctuinae,,Eriopygini
1843,Feltia,nigrita,,93-3489,"(Graeser, 1892)",Noctuidae,xestia-ursae,Noctuinae,,Noctuini
1844,Lasionycta,luteola,,93-2977,"(Smith, 1893)",Noctuidae,lasionycta-uniformis,Noctuinae,,Eriopygini
1845,Phalaenostola,metonalis,Pale Phalaenostola Moth,93-0512,"(Walker, 1859)",Erebidae,rivula-propinqualis|chytolita-morbidalis,Herminiinae,,
1847,Protogygia,arena,,93-3298,"Troubridge & Lafontaine, 2004",Noctuidae,agrotis-longicornis,Noctuinae,,Noctuini
1848,Euxoa,maimes,,93-3484,"(Smith, 1903)",Noctuidae,euxoa-ridingsiana|euxoa-olivalis,Noctuinae,,Noctuini
1849,Apamea,sora,,93-2327,"(Smith, 1903)",Noctuidae,apamea-auranticolor|apamea-antennata,Noctuinae,,Apameini
1850,Brachylomia,thula,,93-2662,"(Strecker, 1898)",Noctuidae,brachylomia-sierra|parastichtis-suspecta|brachylomia-algens,Noctuinae,,Xylenini
1851,Euxoa,pluralis,,93-3372,"(Grote, 1878)",Noctuidae,condica-discistriga|euxoa-nostra,Noctuinae,,Noctuini
1852,Eublemma,minima,Everlasting Bud Moth,93-0693,"(Guenée, 1852)",Erebidae,nola-cilicoides,Boletobiinae,,Eublemmini
1853,Syngrapha,microgamma,,93-1230,"(Hübner, 1823)",Noctuidae,syngrapha-alticola,Plusiinae,,Plusiini
1854,Idia,concisa,,93-0472,"Undescribed, see Lafontaine & Schmidt 2010",Erebidae,idia-americalis|idia-aemula,Herminiinae,1,
1855,Oligia,divesta,,93-2386,"(Grote, 1874)",Noctuidae,fishia-connecta|oligia-tusa|hyppa-contrasta,Noctuinae,,Apameini
1856,Apamea,lignicolora,Wood-colored Apamea Moth,93-2319,"(Guenée, 1852)",Noctuidae,apamea-antennata|apamea-cuculliformis,Noctuinae,,Apameini
1857,Lacanobia,subjuncta,Speckled Cutworm Moth,93-2881,"(Grote & Robinson, 1868)",Noctuidae,apamea-longula|orthosia-segregata|lacanobia-atlantica|lacanobia-grandis|apamea-burgessi|apamea-unita,Noctuinae,,Hadenini
1858,Caradrina,meralis,Rare Sand Quaker Moth,93-2257,"(Morrison, 1875)",Noctuidae,caradrina-atrostriga|caradrina-montana,Noctuinae,,Caradrinini
1859,Drasteria,scrupulosa,,93-0894,"Hy. Edwards, 1878",Erebidae,bulia-deducta|drasteria-inepta,Erebinae,,Melipotini
1860,Mycterophora,monticola,,93-0675,"Hulst, 1896",Erebidae,mycterophora-rubricans|mycterophora-longipalpata,Boletobiinae,,Boletobiini
1861,Lasionycta,haida,,93-2976,"Crabo & Lafontaine, 2009",Noctuidae,lasionycta-mutilata,Noctuinae,,Eriopygini
1862,Feralia,jocosa,Joker Moth,93-1561,"(Guenée, 1852)",Noctuidae,feralia-deceptiva|feralia-comstocki,Amphipyrinae,,Psaphidini
1863,Orthosia,mys,,93-2766,"(Dyar, 1903)",Noctuidae,mesogona-rubra,Noctuinae,,Orthosiini
1864,Xestia,infimatis,,93-3581,"(Grote, 1880)",Noctuidae,xestia-verniloides|xestia-finatimis,Noctuinae,,Noctuini
1865,Trichocerapoda,oblita,,93-3083,"(Grote, 1877)",Noctuidae,trichocerapoda-strigata,Noctuinae,,Eriopygini
1866,Leucania,commoides,,93-2947,"Guenée, 1852",Noctuidae,leucania-multilinea|leucania-dia,Noctuinae,,Leucaniini
1867,Euxoa,citricolor,,93-3445,"(Grote, 1880)",Noctuidae,euxoa-tronellus,Noctuinae,,Noctuini
1868,Idia,occidentalis,,93-0483,"(Smith, 1884)",Erebidae,idia-immaculalis|idia-lubricalis|metalectra-bigallis,Herminiinae,,
1869,Lithophane,dilatocula,,93-2546,"(Smith, 1900)",Noctuidae,lithophane-pexata,Noctuinae,,Xylenini
1870,Anarta,decepta,,93-2845,"(Grote, 1883)",Noctuidae,tridepia-nova|anarta-trifolii|scotogramma-submarina,Noctuinae,,Hadenini
1872,Eurois,occulta,Great Brocade Moth,93-3560,"(Linnaeus, 1758)",Noctuidae,polia-propodea,Noctuinae,,Noctuini
1873,Schinia,rivulosa,Ragweed Flower Moth,93-2091,"(Guenée, 1852)",Noctuidae,schinia-arcigera,Heliothinae,,
1874,Cucullia,dorsalis,,93-1518,"Smith, 1892",Noctuidae,cucullia-speyeri,Cuculliinae,,
1875,Cycnia,oregonensis,Oregon Cycnia Moth,93-0405,"(Stretch, 1873)",Erebidae,cycnia-tenera,Arctiinae,,Arctiini
1876,Neoligia,invenusta,,93-2399,"Troubridge & Lafontaine, 2002",Noctuidae,neoligia-subjuncta|neoligia-tonsa,Noctuinae,,Apameini
1877,Anarta,fulgora,,93-2828,"(Barnes & McDunnough, 1918)",Noctuidae,scotogramma-fervida|scotogramma-ptilodonta,Noctuinae,,Hadenini
1878,Lacanobia,nevadae,Nevada Arches Moth,93-2878,"(Grote, 1876)",Noctuidae,lacanobia-grandis|lacanobia-atlantica,Noctuinae,,Hadenini
1879,Leucania,dia,,93-2949,"(Grote, 1879)",Noctuidae,leucania-insueta|leucania-commoides|photedes-defecta,Noctuinae,,Leucaniini
1880,Lacanobia,atlantica,Atlantic Arches Moth,93-2879,"(Grote, 1874)",Noctuidae,lacanobia-subjuncta|lacanobia-nevadae,Noctuinae,,Hadenini
1881,Acronicta,fragilis,Fragile Dagger Moth,93-1458,"(Guenée, 1852)",Noctuidae,xestia-mixta|xestia-lupa,Acronictinae,,
1882,Ponometia,nigra,,93-1328,"(Mustelin, 2006)",Noctuidae,ponometia-tortricina|axenus-arvalis|ponometia-fumata,Acontiinae,,Acontiini
1883,Hypocoena,inquinata,,93-2426,"(Guenée, 1852)",Noctuidae,hypocoena-basistriga|photedes-defecta|hypocoena-rufostrigata|mythimna-oxygala|xylomoia-chagnoni,Noctuinae,,Apameini
1884,Tarache,arida,,93-1360,"(Smith, 1900)",Noctuidae,ponometia-binocula,Acontiinae,,Acontiini
1885,Lacinipolia,rectilinea,,93-3063,"(Smith, [1888])",Noctuidae,lacinipolia-longiclava|lacinipolia-comis|lacinipolia-olivacea|viridiseptis-marina,Noctuinae,,Eriopygini
1886,Papestra,biren,,93-2893,"(Goeze, 1781)",Noctuidae,papestra-cristifera|melanchra-adjuncta,Noctuinae,,Hadenini
1887,Amphipoea,lunata,,93-2452,"(Smith, 1891)",Noctuidae,lacinipolia-stricta,Noctuinae,,Apameini
1888,Anarta,fusculenta,,93-2839,"(Smith, 1891)",Noctuidae,euxoa-edictalis|apamea-cinefacta|anarta-crotchii,Noctuinae,,Hadenini
1889,Abagrotis,petalama,,93-3674,"Lafontaine, 1998",Noctuidae,abagrotis-variata,Noctuinae,,Noctuini
1890,Noctua,comes,Lesser Yellow Underwing Moth,93-3552,"Hübner, [1813]",Noctuidae,noctua-pronuba|cryptocala-acadiensis,Noctuinae,,Noctuini
1891,Euxoa,melura,,93-3460,"McDunnough, 1932",Noctuidae,euxoa-olivalis|euxoa-hardwicki|euxoa-furtivus,Noctuinae,,Noctuini
1892,Afotella,cylindrica,,93-2821,"(Grote, 1880)",Noctuidae,escaria-homogena|escaria-clauda|hadenella-pergentilis,Noctuinae,,Hadenini
1893,Euxoa,lillooet,,93-3430,"McDunnough, 1927",Noctuidae,euxoa-albipennis|euxoa-rockburnei,Noctuinae,,Noctuini
1894,Euxoa,bifasciata,,93-3355,"(Smith, [1888])",Noctuidae,euxoa-permixta|euxoa-faulkneri|euxoa-infausta,Noctuinae,,Noctuini
1895,Parabagrotis,cupidissima,,93-3645,"(Grote, 1875)",Noctuidae,abagrotis-baueri|parabagrotis-formalis,Noctuinae,,Noctuini
1896,Abagrotis,placida,,93-3672,"(Grote, 1876)",Noctuidae,abagrotis-reedi|abagrotis-dodi|abagrotis-dickeli|abagrotis-turbulenta|abagrotis-hermina,Noctuinae,,Noctuini
1897,Chersotis,juncta,,93-3550,"(Grote, 1878)",Noctuidae,pseudohermonassa-tenuicula,Noctuinae,,Noctuini
1898,Polia,nimbosa,Stormy Arches Moth,93-2867,"(Guenée, 1852)",Noctuidae,polia-piniae|polia-imbrifera,Noctuinae,,Hadenini
1899,Neoligia,lillooet,,93-2403,"Troubridge & Lafontaine, 2002",Noctuidae,neoligia-tonsa|neoligia-lancea|neoligia-albirena,Noctuinae,,Apameini
1900,Coenophila,opacifrons,Blueberry Dart Moth,93-3624,"(Grote, 1878)",Noctuidae,xestia-praevia|setagrotis-pallidicollis|xestia-normanianus,Noctuinae,,Noctuini
1901,Anarta,oregonica,,93-2831,"(Grote, 1881)",Noctuidae,anarta-columbica|anarta-inconcinna|sympistis-acheron|anarta-alta|sympistis-glennyi,Noctuinae,,Hadenini
1902,Scotogramma,stretchii,,93-2850,"H. Edwards, 1887",Noctuidae,scotogramma-fervida|anarta-columbica,Noctuinae,,Hadenini
1903,Euxoa,satis,,93-3413,"(Harvey, 1876)",Noctuidae,euxoa-tessellata|euxoa-adumbrata|euxoa-infausta|euxoa-occidentalis|euxoa-cryptica,Noctuinae,,Noctuini
1904,Sympistis,sobek,,93-1889,"Troubridge, 2008",Noctuidae,sympistis-hathor|sympistis-cherti,Oncocnemidinae,,
1905,Apantesis,eureka,,93-0275,"Ferguson & Schmidt, 2007",Erebidae,apantesis-nevadensis,Arctiinae,,Arctiini
1906,Autographa,mappa,Wavy Chestnut Y Moth,93-1194,"(Grote & Robinson, 1868)",Noctuidae,,Plusiinae,,Plusiini
1907,Euxoa,satiens,,93-3421,"(Smith, 1890)",Noctuidae,euxoa-cana|euxoa-misturata|euxoa-cona|euxoa-pallipennis|euxoa-atomaris,Noctuinae,,Noctuini
1908,Heliothis,ononis,Flax Bollworm Moth,93-2049,"(Fabricius, 1787)",Noctuidae,heliothis-oregonica,Heliothinae,,
1909,Clostera,strigosa,Striped Chocolate-tip Moth,93-0006,"(Grote, 1882)",Notodontidae,clostera-multnoma|clostera-apicalis,Pygaerinae,,
1910,Feralia,deceptiva,Deceptive Sallow Moth,93-1562,"McDunnough, 1920",Noctuidae,feralia-jocosa|feralia-comstocki,Amphipyrinae,,Psaphidini
1911,Tetanolita,palligera,,93-0516,"(Smith, 1884)",Erebidae,bleptina-caradrinalis|hypena-atomaria|spargaloma-sexpunctata,Herminiinae,,
1912,Chelis,beanii,,93-0235,"(Neumoegen, 1891)",Erebidae,phragmatobia-assimilans,Arctiinae,,Arctiini
1913,Lasionycta,brunnea,,93-3000,"Crabo & Lafontaine, 2009",Noctuidae,lasionycta-uniformis|lasionycta-promulsa,Noctuinae,,Eriopygini
1914,Tesagrotis,corrodera,,93-3638,"(Smith, 1907)",Noctuidae,tesagrotis-piscipellis|tesagrotis-atrifrons,Noctuinae,,Noctuini
1915,Paonias,myops,Small-eyed Sphinx Moth,MONA 7825,"(J.E. Smith, 1797)",Sphingidae,paonias-excaecatus,Smerinthinae,,
1916,Mniotype,pallescens,,93-2704,"McDunnough, 1946",Noctuidae,platypolia-loda|mniotype-ducta,Noctuinae,,Xylenini
1917,Paonias,excaecatus,Blind-eyed Sphinx Moth,MONA 7824,"(J.E. Smith, 1797)",Sphingidae,paonias-myops|smerinthus-cerisyi,Smerinthinae,,
1918,Bulia,deducta,,93-0885,"(Morrison, 1875)",Erebidae,drasteria-scrupulosa|drasteria-sabulosa,Erebinae,,Melipotini
1919,Euxoa,altens,,93-3337,"McDunnough, 1946",Noctuidae,euxoa-comosa|euxoa-extranea|euxoa-scotogrammoides|euxoa-terrenus,Noctuinae,,Noctuini
1920,Diarsia,dislocata,,93-3532,"(Smith, 1904)",Noctuidae,lycophotia-phyllophora|diarsia-rubifera|parastichtis-suspecta,Noctuinae,,Noctuini
1921,Acronicta,strigulata,,93-1447,"Smith, 1897",Noctuidae,acronicta-hasta,Acronictinae,,
1922,Acronicta,insita,Large Gray Dagger Moth,93-1423,"(Walker, 1856)",Noctuidae,acronicta-impleta|polia-piniae|polia-discalis|acronicta-americana,Acronictinae,,
1923,Pronoctua,pyrophiloides,,93-3690,"(Harvey, 1876)",Noctuidae,pronoctua-peabodyae,Noctuinae,,Noctuini
1924,Schinia,intermontana,,93-2106,"Hardwick, 1958",Noctuidae,schinia-honesta|schinia-perminuta,Heliothinae,,
1925,Leucania,multilinea,Many-lined Wainscot Moth,93-2945,"Walker, 1856",Noctuidae,leucania-oregona|leucania-anteroclara|leucania-commoides,Noctuinae,,Leucaniini
1926,Hadenella,pergentilis,,93-2822,"Grote, 1883",Noctuidae,escaria-clauda|afotella-cylindrica|escaria-homogena,Noctuinae,,Hadenini
1927,Hyphantria,cunea,Fall Webworm Moth,93-0319,"(Drury, 1773)",Erebidae,spilosoma-virginica|leucoma-salicis|spilosoma-congrua,Arctiinae,,Arctiini
1928,Rhyacia,clemens,,93-3549,"(Smith, 1890)",Noctuidae,pronoctua-typica|actebia-balanitis,Noctuinae,,Noctuini
1929,Lacinipolia,davena,,93-3061,"(Smith, 1901)",Noctuidae,lacinipolia-comis|lacinipolia-bucketti|lacinipolia-olivacea,Noctuinae,,Eriopygini
1930,Oligia,obtusa,,93-2385,"(Smith, 1902)",Noctuidae,orthodes-noverca,Noctuinae,,Apameini
1931,Hydraecia,perobliqua,,93-2459,"Hampson, 1910",Noctuidae,hydraecia-medialis,Noctuinae,,Apameini
1933,Dasychira,vagans,Variable Tussock Moth,93-0146,"(Barnes & McDunnough, 1913)",Erebidae,dasychira-grisefacta,Lymantriinae,,Orgyiini
1934,Acontia,coquillettii,,93-1378,"Smith, 1900",Noctuidae,ponometia-binocula|acontia-cretata,Acontiinae,,Acontiini
1935,Arctia,parthenos,St. Lawrence Tiger Moth,93-0288,"(Harris, 1850)",Erebidae,arctia-virginalis,Arctiinae,,Arctiini
1936,Hemeroplanis,historialis,,93-0705,"(Grote, 1882)",Erebidae,bleptina-caradrinalis,Boletobiinae,,Phytometrini
1937,Spilosoma,virginica,Virginian Tiger Moth,93-0316,"(Fabricius, 1798)",Erebidae,hypercompe-permaculata|spilosoma-congrua|estigmene-acrea|hyphantria-cunea|leucoma-salicis|spilosoma-vestalis,Arctiinae,,Arctiini
1938,Admetovis,oxymorus,,93-2924.50,"Grote, 1873",Noctuidae,admetovis-similaris|admetovis-icarus,Noctuinae,,Hadenini
1939,Admetovis,similaris,,93-2924.52,"Barnes, 1904",Noctuidae,admetovis-oxymorus|admetovis-icarus,Noctuinae,,Hadenini
1940,Trichordestra,dodii,,93-2887,"(Smith, 1904)",Noctuidae,trichordestra-liquida,Noctuinae,,Hadenini
1941,Furcula,furcula,,93-0029.2,"(Clerck, 1759)",Notodontidae,furcula-scolopendrina|furcula-modesta,Notodontinae,,
1942,Syngrapha,ignea,,93-1223,"(Grote, 1863)",Noctuidae,syngrapha-alticola,Plusiinae,,Plusiini
1943,Catocala,hermia,,93-0802,"Strecker, 1874",Erebidae,catocala-faustina|catocala-meskei,Erebinae,,Catocalini
1944,Euxoa,subandera,,93-3402,"Lafontaine, 1987",Noctuidae,euxoa-hollemani|euxoa-atristrigata,Noctuinae,,Noctuini
1945,Abagrotis,reedi,,93-3664,"Buckett, 1969",Noctuidae,abagrotis-forbesi|abagrotis-placida,Noctuinae,,Noctuini
1946,Sympistis,lacticollis,,93-1914,"(Smith, 1908)",Noctuidae,catabena-lineolata|sympistis-astrigata,Oncocnemidinae,,
1947,Abagrotis,cupida,,93-3685,"(Grote, 1865)",Noctuidae,abagrotis-dickeli|abagrotis-baueri,Noctuinae,,Noctuini
1948,Pronoctua,craboi,,93-3692,"Lafontaine, 1998",Noctuidae,pronoctua-peabodyae,Noctuinae,,Noctuini
1949,Egira,vanduzeei,,93-2790,"(Barnes & Benjamin, 1926)",Noctuidae,egira-crucialis,Noctuinae,,Orthosiini
1950,Anarta,columbica,,93-2833,"(McDunnough, 1930)",Noctuidae,anarta-inconcinna|anarta-alta|anarta-oregonica|anarta-hamata|scotogramma-stretchii,Noctuinae,,Hadenini
1951,Drasteria,howlandii,,93-0913,"(Grote, 1865)",Erebidae,drasteria-hastingsii|drasteria-stretchii,Erebinae,,Melipotini
1952,Agrotis,vancouverensis,,93-3517,"Grote, 1873",Noctuidae,cerastis-salicarum|agrotis-obliqua|agrotis-gravis|agrotis-antica|hemieuxoa-rudens,Noctuinae,,Noctuini
1953,Mesogona,rubra,,93-2611,"Hammond & Crabo, [1998]",Noctuidae,orthosia-mys|mesogona-subcuprea|mesogona-olivata,Noctuinae,,Xylenini
1954,Euxoa,wilsoni,,93-3486,"(Grote, 1873)",Noctuidae,euxoa-perexcellens,Noctuinae,,Noctuini
1955,Xestia,lupa,,93-3619,"Lafontaine & Mikkola, 1998",Noctuidae,xestia-speciosa|acronicta-fragilis|xestia-perquiritata,Noctuinae,,Noctuini
1956,Spaelotis,velicava,,93-3558,"Lafontaine, 1998",Noctuidae,spaelotis-unicava|spaelotis-havilae|spaelotis-bicava,Noctuinae,,Noctuini
1957,Syngrapha,alias,,93-1225,"(Ottolengui, 1902)",Noctuidae,syngrapha-abstrusa|syngrapha-rectangula|syngrapha-interrogationis|syngrapha-octoscripta,Plusiinae,,Plusiini
1958,Euxoa,pallidimacula,,93-3376,"Lafontaine, 1987",Noctuidae,euxoa-setonia|euxoa-lineifrons|euxoa-annulipes,Noctuinae,,Noctuini
1959,Mythimna,yuconensis,,93-2934,"(Hampson, 1911)",Noctuidae,mythimna-oxygala,Noctuinae,,Leucaniini
1960,Schinia,honesta,,93-2102,"(Grote, 1881)",Noctuidae,schinia-persimilis|schinia-villosa|schinia-intermontana,Heliothinae,,
1961,Clostera,multnoma,,93-0008,"(Hy. Edwards, 1885)",Notodontidae,clostera-paraphora|clostera-strigosa|clostera-apicalis|clostera-brucei,Pygaerinae,,
1962,Euxoa,ridingsiana,,93-3485,"(Grote, 1875)",Noctuidae,euxoa-maimes|euxoa-flavicollis|euxoa-manitobana|euxoa-perolivalis|euxoa-olivalis,Noctuinae,,Noctuini
1963,Papaipema,insulidens,Ragwort Stem Borer Moth,93-2480,"(Bird, 1902)",Noctuidae,papaipema-sauzalitae|papaipema-limata|hydroeciodes-serrata|papaipema-harrisii,Noctuinae,,Apameini
1964,Euxoa,pallipennis,,93-3393,"(Smith, [1888])",Noctuidae,euxoa-satiens|euxoa-misturata|euxoa-cona,Noctuinae,,Noctuini
1965,Orthodes,obscura,,93-3142,"(Smith, [1888])",Noctuidae,hillia-maida|melanchra-pulverulenta|melanchra-assimilis|rhabdorthodes-pattersoni,Noctuinae,,Eriopygini
1966,Euxoa,laetificans,,93-3454,"(Smith, 1894)",Noctuidae,euxoa-olivia|euxoa-quadridentata,Noctuinae,,Noctuini
1967,Annaphila,danistica,,93-1734,"Grote, 1873",Noctuidae,annaphila-mera|annaphila-arvalis,Amphipyrinae,,Stiriini
1968,Apantesis,obliterata,,93-0239,"(Stretch, 1885)",Erebidae,apantesis-virguncula|apantesis-margo|apantesis-blakei,Arctiinae,,Arctiini
1969,Acronicta,hasta,Speared Dagger Moth,93-1445,"Guenée, 1852",Noctuidae,acronicta-quadrata|acronicta-strigulata,Acronictinae,,
1970,Trichordestra,lilacina,Aster Cutworm Moth,93-2889,"(Harvey, 1874)",Noctuidae,trichordestra-liquida|apamea-alia,Noctuinae,,Hadenini
1971,Andropolia,contacta,Canadian Giant Moth,93-2681,"(Walker, 1856)",Noctuidae,andropolia-aedon|polia-propodea,Noctuinae,,Xylenini
1972,Lasionycta,mutilata,,93-2975,"(Smith, 1898)",Noctuidae,hada-sutrina|lasionycta-haida|lasionycta-taigata,Noctuinae,,Eriopygini
1973,Leucoma,salicis,Satin Moth,93-0170,"(Linnaeus, 1758)",Erebidae,hyphantria-cunea|spilosoma-virginica,Lymantriinae,,Leucomini
1974,Apamea,impulsa,,93-2311,"(Guenée, 1852)",Noctuidae,melanchra-assimilis|melanapamea-mixta,Noctuinae,,Apameini
1975,Diarsia,calgary,,93-3531,"(Smith, 1898)",Noctuidae,hillia-iris|diarsia-esurialis,Noctuinae,,Noctuini
1976,Euxoa,extranea,,93-3341,"(Smith, [1888])",Noctuidae,sympistis-glennyi|euxoa-altens|euxoa-simulata,Noctuinae,,Noctuini
1977,Cucullia,similaris,,93-1506,"Smith, 1892",Noctuidae,cucullia-florea|cucullia-postera|cucullia-montanae,Cuculliinae,,
1978,Hypercompe,permaculata,Many-spotted Tiger Moth,93-0321,"(Packard, 1872)",Erebidae,spilosoma-virginica|estigmene-acrea,Arctiinae,,Arctiini
1979,Leucania,oregona,Oregon Wainscot Moth,93-2953.1,"Smith, 1902",Noctuidae,leucania-multilinea|leucania-farcta,Noctuinae,,Leucaniini
1980,Polia,richardsoni,,93-2871,"(Curtis, 1834)",Noctuidae,gynaephora-rossii,Noctuinae,,Hadenini
1981,Schinia,perminuta,Western Small Flower Moth,93-2101,"(H. Edwards, 1881)",Noctuidae,schinia-intermontana|microhelia-angelica,Heliothinae,,
1982,Euxoa,terrenus,,93-3365,"(Smith, 1900)",Noctuidae,euxoa-scotogrammoides|euxoa-messoria|euxoa-septentrionalis|euxoa-altens|euxoa-simulata|orthodes-noverca,Noctuinae,,Noctuini
1983,Sympistis,aterrima,,93-1805,"(Grote, 1879)",Noctuidae,sympistis-parvanigra|copanarta-sexpunctata|stylopoda-groteana,Oncocnemidinae,,
1984,Orthosia,pulchella,,93-2763,"(Harvey, 1876)",Noctuidae,sideridis-maryx|orthosia-transparens,Noctuinae,,Orthosiini
1985,Sympistis,dunbari,,93-1926,"(Harvey, 1876)",Noctuidae,sympistis-definita|sympistis-meadiana|litholomia-napaea,Oncocnemidinae,,
1986,Drasteria,nubicola,,93-0907,"(Behr, 1870)",Erebidae,drasteria-hudsonica,Erebinae,,Melipotini
1987,Apamea,atriclava,,93-2320,"(Barnes & McDunnough, 1913)",Noctuidae,apamea-antennata|apamea-siskiyou,Noctuinae,,Apameini
1988,Feltia,mollis,,93-3488,"(Walker, [1857])",Noctuidae,,Noctuinae,,Noctuini
1989,Ceranemota,fasciata,,MONA 6243,(Barnes & McDunnough),Drepanidae,ceranemota-tearlei,Thyatirinae,,
1990,Hemaris,thysbe,Hummingbird Clearwing Moth,MONA 7853,"(Fabricius, 1775)",Sphingidae,hemaris-thetis,Macroglossinae,,
1991,Hypena,humuli,Hop Vine Moth,93-0584,"Harris, 1841",Erebidae,hypena-modestoides|hypena-californica|hypena-decorata,Hypeninae,,
1992,Peridroma,saucia,Variegated Cutworm Moth,93-3211,"(Hübner, [1808])",Noctuidae,agrotis-ipsilon,Noctuinae,,Noctuini
1993,Sympistis,fifia,,93-1822,"(Dyar, 1904)",Noctuidae,sympistis-dinalda,Oncocnemidinae,,
1994,Apamea,zeta,,93-2351,"(Treitschke, 1825)",Noctuidae,polia-rogenhoferi,Noctuinae,,Apameini
1995,Sideridis,fuscolutea,,93-2902,"(Smith, 1892)",Noctuidae,anarta-mutata,Noctuinae,,Hadenini
1996,Hypoprepia,inculta,,93-0207,"Hy. Edwards, 1882",Erebidae,proxenus-miranda,Arctiinae,,Lithosiini
1998,Lithophane,boogeri,,93-2568,"Troubridge, 2006",Noctuidae,lithophane-fagina|lithophane-contenta|lithophane-itata,Noctuinae,,Xylenini
1999,Acronicta,oblinita,Smeared Dagger Moth,93-1485,"(J.E. Smith, 1797)",Noctuidae,acronicta-lanceolaria,Acronictinae,,
2000,Pseudanarta,flava,,93-2737,"(Grote, 1874)",Noctuidae,pseudanarta-singula|sympistis-mirificalis|pseudanarta-caeca,Noctuinae,,Xylenini
2001,Phragmatobia,assimilans,Large Ruby Tiger Moth,93-0334,"Walker, 1855",Erebidae,chelis-beanii|phragmatobia-fuliginosa,Arctiinae,,Arctiini
2002,Syngrapha,borea,,93-1220,"(Aurivillius, 1890)",Noctuidae,syngrapha-diasema|syngrapha-orophila,Plusiinae,,Plusiini
2003,Nedra,stewarti,,93-2284,(Grote. 1875),Noctuidae,nedra-hoeffleri,Noctuinae,,Actinotiini
2004,Lasionycta,gelida,,93-3002,"Crabo & Lafontaine, 2009",Noctuidae,lasionycta-caesia,Noctuinae,,Eriopygini
2005,Xestia,homogena,,93-3608,"(McDunnough, 1921)",Noctuidae,xestia-speciosa|anaplectoides-pressus|aplectoides-condita|xestia-fabulosa,Noctuinae,,Noctuini
2006,Orthosia,hibisci,Speckled Green Fruitworm Moth,93-2778,"(Guenée, 1852)",Noctuidae,orthosia-revicta|orthosia-pacifica,Noctuinae,,Orthosiini
2007,Abagrotis,dickeli,,93-3671,"Lafontaine, 1998",Noctuidae,abagrotis-cupida|abagrotis-placida,Noctuinae,,Noctuini
2008,Hyles,euphorbiae,Leafy Spurge Hawk Moth,MONA 7892,"(Linnaeus, 1758)",Sphingidae,hyles-gallii,Macroglossinae,,
2009,Catocala,ilia,Ilia Underwing Moth,93-0792,"(Cramer, [1775])",Erebidae,catocala-aholibah,Erebinae,,Catocalini
2010,Feltia,subgothica,Subgothic Dart Moth,93-3501,"(Haworth, 1809)",Noctuidae,striacosta-albicosta|feltia-herilis|feltia-jaculifera,Noctuinae,,Noctuini
2011,Apantesis,speciosa,,93-0248,"(Möschler, 1864)",Erebidae,apantesis-quenseli|apantesis-virguncula,Arctiinae,,Arctiini
2012,Acronicta,perdita,,93-1482,"Grote, 1874",Noctuidae,acronicta-impressa,Acronictinae,,
2013,Eupsilia,tristigmata,Three-Spotted Sallow Moth,93-2590,"(Grote, 1877)",Noctuidae,,Noctuinae,,Xylenini
2014,Tolype,distincta,,MONA 7677,"French, 1890",Lasiocampidae,tolype-laricis,Macromphaliinae,,
2015,Syngrapha,octoscripta,Dusky Silver Y Moth,93-1212,"(Grote, 1874)",Noctuidae,syngrapha-interrogationis|syngrapha-abstrusa|syngrapha-alias|syngrapha-angulidens,Plusiinae,,Plusiini
2016,Hadena,siskiyou,,93-2924,"Troubridge & Crabo, 2002",Noctuidae,hadena-caelestis,Noctuinae,,Hadenini
2017,Phyllodesma,americana,Lappet Moth,MONA 7687,"(Harris, 1841)",Lasiocampidae,phyllodesma-coturnix,Lasiocampinae,,
2018,Brachylomia,sierra,,93-2663,"Troubridge & Lafontaine, 2007",Noctuidae,brachylomia-obscurifascia|brachylomia-thula|brachylomia-discolor,Noctuinae,,Xylenini
2019,Euxoa,faulkneri,,93-3414,"Mustelin, 2000",Noctuidae,euxoa-bifasciata|euxoa-infausta,Noctuinae,,Noctuini
2020,Euxoa,auxiliaris,Army Cutworm Moth,93-3309,"(Grote, 1873)",Noctuidae,euxoa-simona|euxoa-olivia,Noctuinae,,Noctuini
2021,Ponometia,elegantula,Arizona Bird-dropping Moth,93-1334,"(Harvey, 1876)",Noctuidae,ponometia-binocula|ponometia-candefacta,Acontiinae,,Acontiini
2022,Fishia,discors,,93-2691,"(Grote, 1881)",Noctuidae,fishia-connecta|apamea-burgessi,Noctuinae,,Xylenini
2023,Hyalophora,euryalus,Ceanothus Silkmoth,MONA 7770,"(Boisduval, 1855)",Saturniidae,hyalophora-gloveri,Saturniinae,,
2024,Hyles,gallii,Gallium Sphinx Moth,MONA 7893,"(Rottemburg, 1775)",Sphingidae,hyles-lineata|hyles-euphorbiae,Macroglossinae,,
2025,Agrotis,venerabilis,Venerable Dart Moth,93-3516,"Walker, [1857]",Noctuidae,euxoa-atristrigata,Noctuinae,,Noctuini
2026,Plusia,putnami,Putnam\'s Looper Moth,93-1236,"Grote, 1873",Noctuidae,plusia-nichollae|autographa-metallica,Plusiinae,,Plusiini
2027,Feralia,februalis,,93-1565,"Grote, 1874",Noctuidae,feralia-comstocki,Amphipyrinae,,Psaphidini
2028,Apamea,amputatrix,Yellow-headed Cutworm Moth,93-2333,"(Fitch, 1857)",Noctuidae,eurois-astricta|apamea-albina,Noctuinae,,Apameini
2029,Euxoa,permixta,,93-3374,"McDunnough, 1940",Noctuidae,euxoa-bifasciata|euxoa-infausta,Noctuinae,,Noctuini
2030,Ceranemota,tearlei,,MONA 6246,"(Hy. Edwards, 1886)",Drepanidae,ceranemota-improvisa|ceranemota-fasciata,Thyatirinae,,
2032,Euxoa,perpolita,Polished Dart Moth,93-3481,"(Morrison, 1876)",Noctuidae,euxoa-punctigera|euxoa-excogita,Noctuinae,,Noctuini
2033,Euxoa,latro,,93-3450,"(Barnes & Benjamin, 1927)",Noctuidae,euxoa-taura|euxoa-moerens,Noctuinae,,Noctuini
2034,Protorthodes,oviduca,Ruddy Quaker Moth,93-3113,"(Guenée, 1852)",Noctuidae,protorthodes-rufula,Noctuinae,,Eriopygini
2035,Trichordestra,tacoma,,93-2885,"(Strecker, 1900)",Noctuidae,trichordestra-liquida|lacanobia-grandis,Noctuinae,,Hadenini
2036,Euxoa,vallus,,93-3331,"(Smith, 1900)",Noctuidae,euxoa-macleani|euxoa-quebecensis|euxoa-comosa,Noctuinae,,Noctuini
2037,Euxoa,recula,,93-3463,"(Harvey, 1876)",Noctuidae,euxoa-cicatricosa,Noctuinae,,Noctuini
2038,Spilosoma,congrua,Agreeable Tiger Moth,93-0309,"Walker, 1855",Erebidae,spilosoma-virginica|hyphantria-cunea,Arctiinae,,Arctiini
2039,Schizura,concinna,Red-humped Caterpillar Moth,93-0103,"(J.E. Smith, 1797)",Notodontidae,oligocentria-semirufescens,Heterocampinae,,
2041,Anarta,crotchii,,93-2838,"(Grote, 1880)",Noctuidae,apamea-cinefacta|anarta-fusculenta,Noctuinae,,Hadenini
2042,Sympistis,acheron,,93-1871,"Troubridge, 2008",Noctuidae,sympistis-glennyi|anarta-oregonica,Oncocnemidinae,,
2043,Abagrotis,nefascia,,93-3663,"(Smith, 1908)",Noctuidae,abagrotis-variata,Noctuinae,,Noctuini
2044,Tolype,laricis,Larch Tolype Moth,MONA 7673,"(Fitch, 1856)",Lasiocampidae,tolype-distincta,Macromphaliinae,,
2045,Euxoa,difformis,,93-3448,"(Smith, 1900)",Noctuidae,euxoa-intrita|euxoa-aequalis|protorthodes-curtica|agrotis-orthogonia|euxoa-mitis|euxoa-moerens,Noctuinae,,Noctuini
2046,Schinia,florida,Primrose Moth,93-2082,"(Guenée, 1852)",Noctuidae,schinia-lynda,Heliothinae,,
2047,Cycnia,tenera,Delicate Cycnia Moth,93-0404,"Hübner, 1818",Erebidae,cycnia-oregonensis,Arctiinae,,Arctiini
2048,Catabena,lineolata,Fine-lined Sallow Moth,93-1765,"Walker, 1865",Noctuidae,sympistis-major|sympistis-orbicularis|sympistis-lacticollis,Oncocnemidinae,,
2049,Sympistis,satanella,,93-1803,"(Troubridge & Crabo, (1999))",Noctuidae,sympistis-parvacana|sympistis-apep,Oncocnemidinae,,
2050,Sympistis,simplex,,93-1832,"(Smith, 1888)",Noctuidae,sympistis-sesmu|sympistis-seth|sympistis-incubus,Oncocnemidinae,,
2051,Rhizagrotis,stylata,,93-2689,"(Smith, 1893)",Noctuidae,andropolia-diversilineata,Noctuinae,,Xylenini
2052,Lasionycta,silacea,,93-3008,"Crabo & Lafontaine, 2009",Noctuidae,lasionycta-promulsa,Noctuinae,,Eriopygini
2053,Amphipoea,keiferi,,93-2451,"(Benjamin, 1935)",Noctuidae,nephelodes-demaculata,Noctuinae,,Apameini
2054,Euxoa,simona,,93-3349,"McDunnough, 1932",Noctuidae,euxoa-auxiliaris|euxoa-septentrionalis|euxoa-pleuritica,Noctuinae,,Noctuini
2055,Euxoa,annulipes,,93-3361,"(Smith, 1890)",Noctuidae,euxoa-setonia|euxoa-lineifrons|euxoa-lucida|euxoa-emma|euxoa-pallidimacula,Noctuinae,,Noctuini
2056,Polia,rogenhoferi,,93-2869,"(Möschler, 1870)",Noctuidae,polia-imbrifera|eurois-astricta|polia-propodea|apamea-zeta,Noctuinae,,Hadenini
2057,Lithophane,ponderosa,,93-2560,"Troubridge & Lafontaine, 2003",Noctuidae,lithophane-thaxteri|lithophane-atara|lithophane-jeffreyi,Noctuinae,,Xylenini
2058,Melanapamea,mixta,,93-2362,"(Grote, 1881)",Noctuidae,aseptis-fanatica|apamea-impulsa|melanchra-pulverulenta|apamea-plutonia,Noctuinae,,Apameini
2059,Alypia,ridingsii,Ridings\' Forester Moth,93-1982,"Grote, 1865",Noctuidae,androloma-maccullochii,Agaristinae,,
2060,Chelis,sordida,,93-0233,"(McDunnough, 1921)",Erebidae,apantesis-quenseli|apantesis-elongata,Arctiinae,,Arctiini
2061,Lacinipolia,olivacea,Olive Arches Moth,93-3053,"(Morrison, 1874)",Noctuidae,lacinipolia-rectilinea|lacinipolia-davena|lacinipolia-comis|lacinipolia-bucketti,Noctuinae,,Eriopygini
2062,Papaipema,limata,,93-2495,"Bird, 1908",Noctuidae,papaipema-harrisii|papaipema-insulidens|hydroeciodes-serrata,Noctuinae,,Apameini
2063,Copablepharon,atrinotum,,93-3288,"Crabo & Lafontaine, 2004",Noctuidae,copablepharon-absidum,Noctuinae,,Noctuini
2064,Orthosia,pacifica,,93-2777,"(Harvey, 1874)",Noctuidae,orthosia-behrensiana|cissusa-indiscreta|orthosia-hibisci,Noctuinae,,Orthosiini
2065,Triocnemis,saporis,,93-1609,"Grote, 1881",Noctuidae,tristyla-alboplagiata,Amphipyrinae,,Psaphidini
2066,Sympistis,definita,,93-1927,"(Barnes & McDunnough, 1912)",Noctuidae,sympistis-meadiana|sympistis-dunbari,Oncocnemidinae,,
2067,Abagrotis,trigona,,93-3653,"(Smith, 1893)",Noctuidae,abagrotis-baueri|homorthodes-communis,Noctuinae,,Noctuini
2068,Protogygia,enalaga,,93-3292,"McDunnough, 1932",Noctuidae,protogygia-comstocki|protogygia-lagena,Noctuinae,,Noctuini
2069,Lithophane,disposita,Dashed Gray Pinion Moth,93-2537,"Morrison, 1874",Noctuidae,lithophane-innominata,Noctuinae,,Xylenini
2070,Euxoa,pleuritica,Fawn Brown Dart Moth,93-3346,"(Grote, 1876)",Noctuidae,euxoa-aberrans|euxoa-simona|euxoa-tessellata,Noctuinae,,Noctuini
2071,Lasionycta,lagganata,,93-2996,"(Barnes & Benjamin, 1924)",Noctuidae,lasionycta-carolynae|lasionycta-quadrilunata,Noctuinae,,Eriopygini
2072,Oligia,rampartensis,,93-2381,"Barnes & Benjamin, 1923",Noctuidae,oligia-violacea,Noctuinae,,Apameini
2073,Abagrotis,mirabilis,,93-3657,"(Grote, 1879)",Noctuidae,abagrotis-glenni|abagrotis-striata|abagrotis-rubricundis,Noctuinae,,Noctuini
2074,Euxoa,divergens,Divergent Dart Moth,93-3320,"(Walker, [1857])",Noctuidae,euxoa-rufula|euxoa-lewisi|euxoa-cryptica,Noctuinae,,Noctuini
2075,Sympistis,dentata,Toothed Apharetra Moth,93-1911,"(Grote, 1875)",Noctuidae,sympistis-anweileri,Oncocnemidinae,,
2076,Parabagrotis,sulinaris,,93-3647,"Lafontaine, 1998",Noctuidae,parabagrotis-formalis|pseudohermonassa-flavotincta,Noctuinae,,Noctuini
2077,Papaipema,sauzalitae,Figwort Stem Borer Moth,93-2485,"(Grote, 1875)",Noctuidae,papaipema-insulidens,Noctuinae,,Apameini
2078,Stretchia,muricina,,93-2758,"(Grote, 1876)",Noctuidae,stretchia-plusiaeformis|stretchia-prima,Noctuinae,,Orthosiini
2079,Euxoa,intrita,,93-3360,"(Morrison, 1874)",Noctuidae,euxoa-rufula|euxoa-difformis,Noctuinae,,Noctuini
2080,Ufeus,hulstii,,93-2711,"Smith, 1908",Noctuidae,ufeus-satyricus,Noctuinae,,Xylenini
2081,Prognorisma,substrigata,,93-3625,"(Smith, 1895)",Noctuidae,feltia-jaculifera,Noctuinae,,Noctuini
2082,Catocala,briseis,Briseis Underwing Moth,93-0804,"Edwards, 1864",Erebidae,catocala-californica|catocala-allusa|catocala-grotiana|catocala-semirelicta,Erebinae,,Catocalini
2083,Lacinipolia,meditata,Thinker Moth,93-3016,"(Grote, 1873)",Noctuidae,protorthodes-curtica,Noctuinae,,Eriopygini
2084,Acronicta,insularis,Marsh Dagger,93-1493,"(Herrich-Schäffer, 1868)",Noctuidae,benjaminiola-colorada|leucania-anteroclara,Acronictinae,,
2085,Cucullia,speyeri,Speyer\'s Hooded Owlet Moth,93-1516,"Lintner, 1874",Noctuidae,cucullia-dorsalis,Cuculliinae,,
2087,Anarta,mutata,Mutant Moth,93-2827,"(Dod, 1913)",Noctuidae,anarta-trifolii|trudestra-hadeniformis|sideridis-fuscolutea|tridepia-nova,Noctuinae,,Hadenini
2088,Xestia,finatimis,,93-3582,"Lafontaine, 1998",Noctuidae,xestia-verniloides|xestia-infimatis|xestia-vernilis,Noctuinae,,Noctuini
3319,Clostera,paraphora,,93-0007,"(Dyar, 1921)",Notodontidae,clostera-multnoma|clostera-apicalis,Pygaerinae,,
2090,Ponometia,sutrix,,93-1339,"(Grote, 1880)",Noctuidae,tarache-toddi,Acontiinae,,Acontiini
2091,Nadata,oregonensis,,93-0047,"Butler, 1881",Notodontidae,datana-californica|nadata-gibbosa,Phalerinae,,
2092,Apantesis,elongata,,93-0266,"(Stretch, 1885)",Erebidae,apantesis-williamsii|chelis-sordida|apantesis-margo,Arctiinae,,Arctiini
2093,Feralia,comstocki,Comstock\'s Sallow Moth,93-1564,"Grote, 1874",Noctuidae,feralia-deceptiva|feralia-jocosa|feralia-februalis,Amphipyrinae,,Psaphidini
2094,Euxoa,intermontana,,93-3314,"Lafontaine, 1975",Noctuidae,euxoa-biformata|euxoa-mimallonis|euxoa-ustulata,Noctuinae,,Noctuini
2095,Euxoa,brunneigera,,93-3415,"(Grote, 1876)",Noctuidae,euxoa-excogita|euxoa-infausta,Noctuinae,,Noctuini
2096,Lacinipolia,pensilis,,93-3042,"(Grote, 1874)",Noctuidae,lacinipolia-longiclava|lacinipolia-anguina|lacinipolia-lustralis|trichocerapoda-strigata|aseptis-characta,Noctuinae,,Eriopygini
2097,Euxoa,adumbrata,Sordid Dart Moth,93-3308,"(Eversmann, 1842)",Noctuidae,euxoa-tessellata|euxoa-satis|euxoa-ochrogaster,Noctuinae,,Noctuini
2098,Hemileuca,eglanterina,Elegant Sheepmoth,MONA 7744,"(Boisduval, 1852)",Saturniidae,hemileuca-nuttalli,Hemileucinae,,
2099,Pseudorthodes,puerilis,,93-3133,"(Grote, 1874)",Noctuidae,pseudorthodes-irrorata,Noctuinae,,Eriopygini
2100,Apamea,longula,,93-2341,"(Grote, 1879)",Noctuidae,apamea-devastator|lacanobia-subjuncta|apamea-burgessi|mniotype-ducta,Noctuinae,,Apameini
2101,Apantesis,williamsii,Williams\' Tiger Moth,93-0264,"(Dodge, 1871)",Erebidae,apantesis-blakei|apantesis-elongata|apantesis-margo,Arctiinae,,Arctiini
2102,Pseudanarta,caeca,,93-2735,"Dod, 1913",Noctuidae,pseudanarta-crocea|pseudanarta-flava,Noctuinae,,Xylenini
2103,Condica,albolabes,,93-1994,"(Grote, 1880)",Noctuidae,properigea-albimacula|aseptis-ethnica|aseptis-fumosa,Condicinae,,Condicini
2104,Lacinipolia,longiclava,,93-3021,"(Smith, 1891)",Noctuidae,lacinipolia-pensilis|lacinipolia-rectilinea,Noctuinae,,Eriopygini
2105,Euxoa,tocoyae,,93-3370,"(Smith, 1900)",Noctuidae,euxoa-nostra|euxoa-scotogrammoides|euxoa-comosa,Noctuinae,,Noctuini
2106,Sympistis,greyi,,93-1950,"(Troubridge & Crabo, (1999))",Noctuidae,sympistis-ragani|sympistis-pallidior|sympistis-figurata|sympistis-semicollaris,Oncocnemidinae,,
2107,Egira,simplex,,93-2789,"(Walker, 1865)",Noctuidae,egira-crucialis,Noctuinae,,Orthosiini
2108,Schinia,tertia,,93-2158,"(Grote, 1874)",Noctuidae,schinia-albafascia|tarache-areli,Heliothinae,,
2109,Diarsia,rosaria,,93-3535,"(Grote, 1878)",Noctuidae,lycophotia-phyllophora|abagrotis-apposita|xestia-xanthographa|diarsia-rubifera,Noctuinae,,Noctuini
2110,Capsula,oblonga,Oblong Sedge Borer Moth,93-2438,"(Grote, 1882)",Noctuidae,capsula-subflava,Noctuinae,,
2111,Euxoa,flavicollis,,93-3483,"(Smith, [1888])",Noctuidae,euxoa-ridingsiana|euxoa-perolivalis,Noctuinae,,Noctuini
2112,Tesagrotis,atrifrons,,93-3636,"(Grote, 1873)",Noctuidae,tesagrotis-corrodera|tesagrotis-amia|tesagrotis-piscipellis,Noctuinae,,Noctuini
2113,Xestia,mixta,,93-3597,"(Walker, 1856)",Noctuidae,acronicta-fragilis|xestia-speciosa|xestia-perquiritata,Noctuinae,,Noctuini
2114,Idia,immaculalis,,93-0486,"(Hulst, 1886)",Erebidae,idia-occidentalis,Herminiinae,,
2115,Sympistis,poliochroa,,93-1853,"(Hampson, 1906)",Noctuidae,sympistis-major|sympistis-chandleri,Oncocnemidinae,,
2116,Catocala,junctura,Joined Underwing Moth,93-0809,"Walker, [1858]",Erebidae,catocala-californica|catocala-faustina|catocala-meskei,Erebinae,,Catocalini
2117,Gnophaela,latipennis,Wild Forget-me-not Moth,93-0353,"(Boisduval, 1852)",Erebidae,gnophaela-vermiculata,Arctiinae,,Arctiini
2118,Drepana,arcuata,Arched Hooktip Moth,MONA 6251,Walker,Drepanidae,drepana-bilineata,Drepaninae,,
2119,Coranarta,macrostigma,,93-2864,"(Lafontaine & Mikkola, 1987)",Noctuidae,coranarta-luteola,Noctuinae,,Hadenini
2120,Microhelia,angelica,,93-2035,"(Smith, 1900)",Noctuidae,heliothodes-diminutivus|schinia-perminuta,Heliothinae,,
2121,Agrotis,longicornis,,93-3511,"Lafontaine & Troubridge, 2004",Noctuidae,protogygia-arena|agrotis-daedalus,Noctuinae,,Noctuini
2122,Drasteria,hastingsii,,93-0889,"(Hy. Edwards, 1878)",Erebidae,drasteria-howlandii|drasteria-mirifica|drasteria-divergens,Erebinae,,Melipotini
2123,Apamea,unita,,93-2312,"(Smith, 1904)",Noctuidae,apamea-occidens|lacanobia-subjuncta|apamea-spaldingi,Noctuinae,,Apameini
2124,Agrotis,orthogonia,,93-3512,"Morrison, 1876",Noctuidae,euxoa-cona|euxoa-difformis,Noctuinae,,Noctuini
2125,Sympistis,semicollaris,,93-1952,"(Smith, 1909)",Noctuidae,sympistis-ragani|sympistis-figurata|sympistis-pallidior|sympistis-greyi|sympistis-astrigata,Oncocnemidinae,,
2126,Catocala,irene,,93-0799,"Behr, 1870",Erebidae,catocala-faustina,Erebinae,,Catocalini
2127,Sunira,bicolorago,Bicolored Sallow Moth,93-2616,"(Guenée, 1852)",Noctuidae,sunira-verberata|sunira-decipiens,Noctuinae,,Xylenini
2128,Syngrapha,interrogationis,,93-1216,"(Linnaeus, 1758)",Noctuidae,syngrapha-celsa|syngrapha-alias|syngrapha-angulidens|syngrapha-octoscripta|syngrapha-surena,Plusiinae,,Plusiini
2129,Sympistis,anweileri,,93-1912,"Troubridge & Lafontaine, 2008",Noctuidae,sympistis-dentata|sympistis-californiae,Oncocnemidinae,,
2130,Notodonta,manitou,,93-0015.1," Neumögen & Dyar, 1893",Notodontidae,notodonta-pacifica,Notodontinae,,
2131,Euxoa,messoria,Reaper Dart Moth,93-3319,"(Harris, 1841)",Noctuidae,euxoa-terrenus|euxoa-olivia|euxoa-septentrionalis,Noctuinae,,Noctuini
2132,Homorthodes,discreta,,93-3092,"(Barnes & McDunnough, 1916)",Noctuidae,homorthodes-carneola|protoperigea-anotha|anhimella-contrahens,Noctuinae,,Eriopygini
2133,Catocala,unijuga,Once-married Underwing Moth,93-0797,"Walker, 1858",Erebidae,catocala-semirelicta,Erebinae,,Catocalini
2134,Anarta,nigrolunata,,93-2823,"Packard, 1867",Noctuidae,sympistis-heliophila|sympistis-zetterstedtii,Noctuinae,,Hadenini
2136,Schinia,argentifascia,,93-2163,"Barnes & McDunnough, 1912",Noctuidae,schinia-walsinghami,Heliothinae,,
2137,Bleptina,caradrinalis,Bent-winged Owlet Moth,93-0520,"Guenée, 1854",Erebidae,hemeroplanis-historialis|tetanolita-palligera|phalaenostola-hanhami,Herminiinae,,
2138,Papestra,brenda,,93-2895,"(Barnes & McDunnough, 1916)",Noctuidae,eurois-nigra|papestra-cristifera|papestra-invalida|spiramater-lutra,Noctuinae,,Hadenini
2139,Apantesis,virgo,Virgin Tiger Moth,93-0244,"(Linnaeus, 1758)",Erebidae,apantesis-doris|apantesis-parthenice,Arctiinae,,Arctiini
2141,Euclidia,cuspidea,Toothed Somberwing Moth,93-0929,Hübner,Erebidae,euclidia-ardita,Erebinae,,Euclidiini
2142,Xestia,perquiritata,,93-3606,"(Morrison, 1874)",Noctuidae,xestia-mixta|xestia-speciosa|xestia-lupa|cosmia-elisae,Noctuinae,,Noctuini
2143,Neoligia,subjuncta,,93-2392,"(Smith, 1898)",Noctuidae,neoligia-invenusta,Noctuinae,,Apameini
2144,Acronicta,lanceolaria,,93-1488,"(Grote, 1875)",Noctuidae,acronicta-cyanescens|acronicta-oblinita,Acronictinae,,
2145,Lithophane,pertorrida,,93-2579,"(McDunnough, 1942)",Noctuidae,lithophane-georgii|lithophane-baileyi,Noctuinae,,Xylenini
2146,Polia,discalis,,93-2865,"(Grote, 1877)",Noctuidae,acronicta-insita|polia-piniae,Noctuinae,,Hadenini
2147,Platypolia,anceps,,93-2696,"(Stephens, 1850)",Noctuidae,xylotype-arcadia|platypolia-contadina,Noctuinae,,Xylenini
2148,Mniotype,ducta,,93-2705,"(Grote, 1878)",Noctuidae,mniotype-tenera|mniotype-pallescens|apamea-longula,Noctuinae,,Xylenini
2149,Estigmene,acrea,Salt Marsh Moth,93-0317,"(Drury, 1773)",Erebidae,hypercompe-permaculata|spilosoma-virginica,Arctiinae,,Arctiini
2150,Cucullia,omissa,Omitted Hooded Owlet Moth,93-1507,"Dod, 1916",Noctuidae,cucullia-postera,Cuculliinae,,
2151,Polia,imbrifera,Cloudy Arches Moth,93-2868,"(Guenée, 1852)",Noctuidae,polia-nimbosa|polia-propodea|apamea-devastator|polia-rogenhoferi,Noctuinae,,Hadenini
2152,Cissusa,indiscreta,Indiscrete Cissusa Moth,93-0866,"(Hy. Edwards, 1886)",Erebidae,orthosia-behrensiana|orthosia-pacifica,Erebinae,,Melipotini
2153,Cucullia,montanae,Mountain Hooded Owlet Moth,93-1505,"Grote, 1882",Noctuidae,cucullia-similaris,Cuculliinae,,
2154,Stretchia,plusiaeformis,,93-2756,"H. Edwards, 1874",Noctuidae,stretchia-muricina|stretchia-prima|stretchia-pictipennis,Noctuinae,,Orthosiini
2155,Ceranemota,improvisa,,MONA 6242,(Hy. Edwards),Drepanidae,ceranemota-tearlei|ceranemota-crumbi,Thyatirinae,,
2156,Lateroligia,ophiogramma,Double Lobed Moth,93-2363,"(Esper, 1793)",Noctuidae,xylomoia-indirecta|mesapamea-fractilinea,Noctuinae,,Apameini
2157,Nadata,gibbosa,White-dotted Prominent Moth,93-0046,"(J.E. Smith, 1797)",Notodontidae,nadata-oregonensis|datana-californica,Phalerinae,,
2158,Notodonta,pacifica,,93-0016,"Behr, 1892",Notodontidae,notodonta-manitou,Notodontinae,,
2159,Xylena,curvimacula,Dot-and-Dash Swordgrass Moth,93-2520,"(Morrison, 1874)",Noctuidae,xylena-nupera|xylena-cineritia,Noctuinae,,Xylenini
2161,Euxoa,furtivus,,93-3436,"(Smith, 1890)",Noctuidae,euxoa-idahoensis|euxoa-melura,Noctuinae,,Noctuini
2162,Euxoa,misturata,,93-3468,"(Smith, 1890)",Noctuidae,euxoa-mitis|euxoa-tronellus|euxoa-satiens|euxoa-pallipennis|euxoa-cona|euxoa-atomaris,Noctuinae,,Noctuini
2163,Copablepharon,absidum,,93-3286,"(Harvey, 1875)",Noctuidae,copablepharon-grandis|copablepharon-atrinotum,Noctuinae,,Noctuini
2164,Metalectra,bigallis,,93-0681,"(J.B. Smith, 1908)",Erebidae,idia-lubricalis|idia-occidentalis,Boletobiinae,,Boletobiini
2165,Acronicta,vulpina,Miller Dagger Moth,93-1427,"(Grote, 1883)",Noctuidae,acronicta-innotata|acronicta-lepusculina,Acronictinae,,
2166,Sphinx,sequoiae,Sequoia Sphinx Moth,MONA 7814,"Boisduval, 1868",Sphingidae,sphinx-dollii,Sphinginae,,
2167,Catocala,semirelicta,Semirelict Underwing Moth,93-0806,"Grote, 1874",Erebidae,catocala-briseis|catocala-californica|catocala-unijuga,Erebinae,,Catocalini
2168,Xylotype,arcadia,Acadian Sallow Moth,93-2701,"Barnes & Benjamin, 1922",Noctuidae,platypolia-anceps|platypolia-contadina|sutyna-privata,Noctuinae,,Xylenini
2169,Schizura,unicornis,Unicorn Caterpillar Moth,93-0100,"(J.E. Smith, 1797)",Notodontidae,schizura-conspecta,Heterocampinae,,
2170,Apamea,cuculliformis,,93-2313,"(Grote, 1875)",Noctuidae,alastria-chico|apamea-lignicolora,Noctuinae,,Apameini
2171,Cryphia,cuerva,Cryphia Moth,93-2200,"(Barnes, 1907)",Noctuidae,cryphia-olivacea,Bryophilinae,,
2172,Schinia,sexplagiata,,93-2090,"Smith, 1891",Noctuidae,schinia-biundulata,Heliothinae,,
2173,Euxoa,dodi,,93-3452,"McDunnough, 1923",Noctuidae,euxoa-infracta|euxoa-moerens|euxoa-simulata|euxoa-declarata,Noctuinae,,Noctuini
2174,Apamea,centralis,,93-2330,"(Smith, 1891)",Noctuidae,apamea-commoda,Noctuinae,,Apameini
2175,Lasionycta,leucocycla,,93-2978,"(Staudinger, 1857)",Noctuidae,lasionycta-impingens|lasionycta-illima|lasionycta-poca|lasionycta-secedens,Noctuinae,,Eriopygini
2176,Apamea,alia,,93-2307,"(Guenée, 1852)",Noctuidae,apamea-acera|trichordestra-lilacina,Noctuinae,,Apameini
2177,Autographa,metallica,,93-1203,"(Grote, 1875)",Noctuidae,chrysodeixis-chalcites|plusia-nichollae|plusia-putnami|autographa-bimaculata,Plusiinae,,Plusiini
2178,Fishia,yosemitae,Dark Grey Fishia,93-2693,"(Grote, 1873)",Noctuidae,andropolia-diversilineata|sutyna-privata|fishia-nigrescens,Noctuinae,,Xylenini
2179,Nephelodes,demaculata,,93-2811,"Barnes & McDunnough, 1918",Noctuidae,apamea-niveivenosa|amphipoea-keiferi|nephelodes-minians,Noctuinae,,Tholerini
2180,Abagrotis,orbis,,93-3676,"(Grote, 1876)",Noctuidae,abagrotis-baueri|abagrotis-forbesi,Noctuinae,,Noctuini
2181,Euxoa,septentrionalis,,93-3317,"(Walker, 1865)",Noctuidae,euxoa-simona|euxoa-terrenus|euxoa-messoria,Noctuinae,,Noctuini
2182,Euxoa,nostra,,93-3425,"(Smith, 1890)",Noctuidae,euxoa-ochrogaster|euxoa-tocoyae|euxoa-pluralis|euxoa-ustulata,Noctuinae,,Noctuini
2183,Hyppa,brunneicrista,,93-2667,"Smith, 1902",Noctuidae,hyppa-indistincta|hyppa-contrasta,Noctuinae,,Xylenini
2184,Schinia,vacciniae,,93-2100,"(H. Edwards, 1875)",Noctuidae,schinia-villosa,Heliothinae,,
2185,Pyrrhia,cilisca,Bordered Sallow Moth,93-2040,"(Guenée, 1852)",Noctuidae,pyrrhia-exprimens|helicoverpa-zea,Heliothinae,,
2186,Lasionycta,uniformis,,93-2999,"(Smith, 1893)",Noctuidae,lasionycta-caesia|lasionycta-brunnea|lasionycta-luteola,Noctuinae,,Eriopygini
2187,Sideridis,maryx,Maroonwing Moth,93-2908,"(Guenée, 1852)",Noctuidae,orthosia-pulchella|orthosia-transparens|melanchra-picta,Noctuinae,,Hadenini
2188,Lasionycta,perplexella,,93-2989,"Crabo & Lafontaine, 2009",Noctuidae,lasionycta-subfuscula|lasionycta-perplexa|lasionycta-sasquatch,Noctuinae,,Eriopygini
2189,Euxoa,declarata,Clear Dart Moth,93-3378,"(Walker, 1865)",Noctuidae,euxoa-dodi|euxoa-rockburnei|euxoa-campestris|euxoa-albipennis,Noctuinae,,Noctuini
2190,Ipimorpha,pleonectusa,Even-lined Sallow Moth,93-2679,"Grote, 1873",Noctuidae,ipimorpha-nanaimo|ipimorpha-viridipallida,Noctuinae,,Xylenini
2191,Cosmia,calami,American Dun-bar Moth,93-2672,"(Harvey, 1876)",Noctuidae,ipimorpha-nanaimo,Noctuinae,,Xylenini
2192,Hypena,californica,,93-0585,"Behr, 1870",Erebidae,hypena-decorata|hypena-modestoides|hypena-humuli,Hypeninae,,
2193,Apamea,albina,,93-2335,"(Grote, 1874)",Noctuidae,apamea-amputatrix,Noctuinae,,Apameini
2194,Parastichtis,suspecta,,93-2625,"(Hübner, [1817])",Noctuidae,hillia-iris|brachylomia-thula|diarsia-dislocata,Noctuinae,,Xylenini
2195,Mycterophora,rubricans,,93-0678,"Barnes & McDunnough, 1918",Erebidae,mycterophora-longipalpata|mycterophora-monticola,Boletobiinae,,Boletobiini
2196,Brachylomia,populi,,93-2653,"Strecker,  1898",Noctuidae,raphia-frater|brachylomia-elda,Noctuinae,,Xylenini
2197,Schinia,mortua,,93-2126,"(Grote, 1865)",Noctuidae,schinia-jaguarina|schinia-arcigera,Heliothinae,,
2198,Orgyia,antiqua,Rusty Tussock Moth,93-0160,"(Linnaeus, 1758)",Erebidae,orgyia-pseudotsugata,Lymantriinae,,Orgyiini
2199,Hadena,ectrapela,,93-2919,"(Smith, 1898)",Noctuidae,hadena-caelestis|hada-sutrina|hadena-capsularis,Noctuinae,,Hadenini
2201,Sympistis,zetterstedtii,,93-1931,"(Aurivillius, 1890)",Noctuidae,sympistis-heliophila|xestia-bryanti|anarta-nigrolunata,Oncocnemidinae,,
2202,Homoglaea,hircina,Goat Sallow Moth,93-2527,"Morrison, 1876",Noctuidae,homoglaea-californica|homoglaea-carbonaria,Noctuinae,,Xylenini
2203,Catocala,californica,,93-0803,"(Edwards, 1864)",Erebidae,catocala-briseis|catocala-faustina|catocala-junctura|catocala-semirelicta|catocala-allusa,Erebinae,,Catocalini
2204,Anaplectoides,pressus,Dappled Dart Moth,93-3565,"(Grote, 1874)",Noctuidae,xestia-speciosa|aplectoides-condita|xestia-homogena,Noctuinae,,Noctuini
2205,Eosphoropteryx,thyatyroides,Pink-patched Looper Moth,93-1187,"(Guenée, 1852)",Noctuidae,euthyatira-pudens,Plusiinae,,Plusiini
2206,Euxoa,rockburnei,,93-3380,"Hardwick, 1973",Noctuidae,euxoa-albipennis|euxoa-campestris|euxoa-lillooet|euxoa-declarata,Noctuinae,,Noctuini
2207,Eurois,nigra,,93-3562,"(Smith, 1892)",Noctuidae,eurois-astricta|papestra-invalida|papestra-brenda,Noctuinae,,Noctuini
2208,Hemileuca,juno,Juno Buck Moth,MONA 7735,"Packard, 1872",Saturniidae,,Hemileucinae,,
2209,Panthea,gigantea,,93-1395,"(French, 1890)",Noctuidae,panthea-virginarius,Pantheinae,,
2210,Euxoa,atristrigata,,93-3470,"(Smith, 1890)",Noctuidae,protogygia-postera|euxoa-nevada|euxoa-subandera|agrotis-venerabilis,Noctuinae,,Noctuini
2211,Hyalophora,gloveri,Glover\'s Silkmoth,MONA 7769,"(Strecker, 1872)",Saturniidae,hyalophora-euryalus,Saturniinae,,
2212,Ponometia,binocula,Prairie Bird-dropping Moth,93-1313,"(Grote, 1875)",Noctuidae,ponometia-candefacta|tarache-arida|acontia-coquillettii|ponometia-elegantula|acontia-cretata,Acontiinae,,Acontiini
2213,Syngrapha,orophila,,93-1221,"Hampson, 1908",Noctuidae,syngrapha-diasema|syngrapha-borea,Plusiinae,,Plusiini
2214,Euxoa,moerens,,93-3449,"(Grote, 1883)",Noctuidae,euxoa-dodi|euxoa-latro|euxoa-difformis|euxoa-mitis,Noctuinae,,Noctuini
2215,Zanclognatha,jacchusalis,,93-0500,"(Walker, 1857)",Erebidae,phalaenostola-hanhami|chytolita-morbidalis,Herminiinae,,
2216,Euxoa,castanea,,93-3433,"Lafontaine, 1981",Noctuidae,euxoa-idahoensis|euxoa-costata,Noctuinae,,Noctuini
2217,Schizura,conspecta,,93-0100.1,"(Edwards, 1874)",Notodontidae,schizura-unicornis,Heterocampinae,,
2218,Apamea,cogitata,Thoughtful Apamea Moth,93-2345,"(Smith, 1891)",Noctuidae,euxoa-excogita|apamea-scoparia|helotropha-reniformis|mesapamea-secalis,Noctuinae,,Apameini
2219,Drasteria,adumbrata,Shadowy Arches Moth,93-0910,"(Behr, 1870)",Erebidae,drasteria-hudsonica|drasteria-petricola|drasteria-divergens,Erebinae,,Melipotini
2220,Manduca,quinquemaculata,Five-spotted Hawk Moth,MONA 7776,"(Haworth, 1803)",Sphingidae,manduca-sexta,Sphinginae,,
2221,Eremobina,unicincta,,93-2373,"(Smith, 1902)",Noctuidae,eremobina-claudens,Noctuinae,,Apameini
2222,Orgyia,pseudotsugata,Douglas Fir Tussock Moth,93-0164,"(McDunnough, 1921)",Erebidae,orgyia-antiqua|orgyia-cana|orgyia-vetusta,Lymantriinae,,Orgyiini
2223,Idia,suffusalis,,93-0473,"(Smith, 1899)",Erebidae,idia-americalis|idia-aemula,Herminiinae,,
2224,Tesagrotis,piscipellis,,93-3637,"(Grote, 1878)",Noctuidae,tesagrotis-corrodera|tesagrotis-amia|tesagrotis-atrifrons,Noctuinae,,Noctuini
2225,Arctia,caja,Great Tiger Moth,93-0290,"(Linnaeus, 1758)",Erebidae,arctia-opulenta,Arctiinae,,Arctiini
2835,Idia,nr americalis,,,,Erebidae,,Herminiinae,,
2227,Annaphila,diva,,93-1754,"Grote, 1873",Noctuidae,annaphila-casta,Amphipyrinae,,Stiriini
2228,Abagrotis,erratica,,93-3650,"(Smith, 1890)",Noctuidae,mesogona-olivata|xestia-cinerascens,Noctuinae,,Noctuini
2229,Fishia,illocata,Wandering Brocade Moth,93-2695,"(Walker, 1857)",Noctuidae,dryotype-opina,Noctuinae,,Xylenini
2230,Syngrapha,angulidens,,93-1228,"(Smith, 1891)",Noctuidae,syngrapha-abstrusa|syngrapha-celsa|syngrapha-interrogationis|syngrapha-octoscripta,Plusiinae,,Plusiini
2231,Mythimna,oxygala,Lesser Wainscot Moth,93-2933,"(Grote, 1881)",Noctuidae,hypocoena-inquinata|neleucania-praegracilis|benjaminiola-colorada|leucania-farcta|mythimna-yuconensis|photedes-defecta,Noctuinae,,Leucaniini
2232,Euxoa,cinereopallidus,,93-3472,"(Smith, 1903)",Noctuidae,euxoa-cicatricosa|euxoa-dargo|sympistis-sesmu|epidemas-cinerea,Noctuinae,,Noctuini
2233,Lophocampa,maculata,Spotted Tussock Moth,93-0373,"Harris, 1841",Erebidae,lophocampa-argentata,Arctiinae,,Arctiini
2234,Panthea,acronyctoides,Black Zigzag Moth,93-1398,"(Walker, 1861)",Noctuidae,panthea-virginarius,Pantheinae,,
2236,Trichordestra,liquida,,93-2890,"(Grote, 1881)",Noctuidae,trichordestra-tacoma|trichordestra-lilacina|trichordestra-dodii,Noctuinae,,Hadenini
2237,Eueretagrotis,perattentus,Two-spot Dart Moth,93-3569,"(Grote, 1876)",Noctuidae,agnorisma-bugrai|pseudohermonassa-tenuicula,Noctuinae,,Noctuini
2238,Tesagrotis,amia,,93-3639,"(Dyar, 1903)",Noctuidae,tesagrotis-piscipellis|tesagrotis-atrifrons|sympistis-astrigata,Noctuinae,,Noctuini
2239,Heliocheilus,paradoxus,Paradoxical Grass Moth,93-2058,"Grote, 1865",Noctuidae,helicoverpa-zea,Heliothinae,,
2240,Oligia,violacea,,93-2380,"(Grote, 1881)",Noctuidae,oligia-rampartensis,Noctuinae,,Apameini
2241,Plusia,nichollae,,93-1237,"(Hampson, 1913)",Noctuidae,plusia-putnami|autographa-metallica,Plusiinae,,Plusiini
2242,Amphipyra,glabella,Smooth Amphipyra Moth,93-1546,"(Morrison, 1874)",Noctuidae,amphipyra-brunneoatra,Amphipyrinae,,Amphipyrini
2243,Scotogramma,submarina,,93-2847,"(Grote, 1883)",Noctuidae,anarta-decepta,Noctuinae,,Hadenini
2244,Helicoverpa,zea,Corn Earworm Moth,93-2045,"(Boddie, 1850)",Noctuidae,pyrrhia-cilisca|heliocheilus-paradoxus|heliothis-phloxiphaga,Heliothinae,,
2245,Autographa,bimaculata,Two-spotted Looper Moth,93-1200,"(Stephens, 1830)",Noctuidae,chrysodeixis-chalcites|autographa-metallica|autographa-rubidus,Plusiinae,,Plusiini
2246,Euxoa,setonia,,93-3375,"McDunnough, 1927",Noctuidae,euxoa-comosa|euxoa-annulipes|euxoa-pallidimacula,Noctuinae,,Noctuini
2247,Drepana,bilineata,Two-Lined Hooktip Moth,MONA 6252,"(Packard, 1864)",Drepanidae,drepana-arcuata,Drepaninae,,
2248,Euxoa,olivia,,93-3318,"(Morrison, 1876)",Noctuidae,euxoa-laetificans|euxoa-brevipennis|euxoa-messoria|euxoa-cana|euxoa-auxiliaris,Noctuinae,,Noctuini
2249,Spaelotis,unicava,,93-3556,"Lafontaine, 1998",Noctuidae,spaelotis-havilae|spaelotis-bicava|spaelotis-velicava,Noctuinae,,Noctuini
2250,Apamea,auranticolor,,93-2326,"(Grote, 1873)",Noctuidae,apamea-tahoeensis|apamea-antennata|apamea-sora,Noctuinae,,Apameini
2251,Sympistis,extremis,,93-1920,"(Smith, 1890)",Noctuidae,sympistis-sokar,Oncocnemidinae,,
2252,Acronicta,mansueta,Gentle Dagger,93-1434.2,"(Smith, 1897)",Noctuidae,acronicta-funeralis,Acronictinae,,
2253,Anarta,trifolii,Nutmeg Moth,93-2826,"(Hufnagel, 1766)",Noctuidae,anarta-mutata|tridepia-nova|anarta-decepta|anarta-hamata|apamea-lutosa,Noctuinae,,Hadenini
2254,Caradrina,montana,Civil Rustic Moth,93-2260,"(Bremer, 1861)",Noctuidae,caradrina-atrostriga|caradrina-meralis,Noctuinae,,Caradrinini
2255,Protorthodes,curtica,,93-3103,"(Smith, 1890)",Noctuidae,euxoa-difformis|lacinipolia-meditata|protorthodes-incincta|protorthodes-rufula|protorthodes-eureka|selicanis-cinereola,Noctuinae,,Eriopygini
2256,Enargia,fausta,,93-2676,"Schmidt, 2010",Noctuidae,enargia-infumata|enargia-decolor,Noctuinae,,Xylenini
2257,Furcula,cinereoides,,93-0025.1,"(Dyar, 1890)",Notodontidae,furcula-scolopendrina,Notodontinae,,
2258,Amphipoea,pacifica,,93-2448,"(Smith, 1899)",Noctuidae,amphipoea-americana,Noctuinae,,Apameini
2259,Euxoa,mimallonis,Sordid Dart Moth,93-3315,"(Grote, 1873)",Noctuidae,euxoa-intermontana|euxoa-biformata|euxoa-basalis|euxoa-ochrogaster,Noctuinae,,Noctuini
2260,Apamea,indocilis,Ignorant Apamea Moth,93-2310,"(Walker, 1856)",Noctuidae,apamea-unanimis|apamea-plutonia|apamea-devastator|mniotype-tenera|xylomoia-indirecta,Noctuinae,,Apameini
2261,Abagrotis,apposita,,93-3654,"(Grote, 1878)",Noctuidae,diarsia-rosaria,Noctuinae,,Noctuini
2262,Euxoa,basalis,,93-3431,"(Grote, 1879)",Noctuidae,euxoa-mimallonis,Noctuinae,,Noctuini
2263,Euxoa,occidentalis,,93-3410,"Lafontaine & Byers, 1982",Noctuidae,euxoa-satis|euxoa-tessellata,Noctuinae,,Noctuini
2264,Sympistis,badistriga,Brown-lined Sallow Moth,93-1821,"(Grote, 1872)",Noctuidae,sympistis-dinalda,Oncocnemidinae,,
2265,Pseudanarta,singula,,93-2738,"(Grote, 1880)",Noctuidae,pseudanarta-flava|sympistis-mirificalis,Noctuinae,,Xylenini
2266,Phragmatobia,fuliginosa,Ruby Tiger Moth,93-0332,"(Linnaeus, 1758)",Erebidae,spilosoma-pteridis|phragmatobia-assimilans,Arctiinae,,Arctiini
2267,Dargida,diffusa,Wheat Head Armyworm Moth,93-2928,"(Walker, 1856)",Noctuidae,,Noctuinae,,Hadenini
2268,Viridiseptis,marina,,93-2749.1,"(Grote, 1874)",Noctuidae,lacinipolia-rectilinea|pseudobryomima-muscosa|lacinipolia-comis,Noctuinae,,Xylenini
2269,Rhizagrotis,modesta,,93-2688,"(Barnes & McDunnough, 1911)",Noctuidae,condica-discistriga,Noctuinae,,Xylenini
2270,Drasteria,hudsonica,Northern Arches Moth,93-0906,"(Grote & Robinson, 1865)",Erebidae,drasteria-nubicola|drasteria-petricola|drasteria-adumbrata,Erebinae,,Melipotini
2271,Mniotype,tenera,,93-2706,"(Smith, 1900)",Noctuidae,papestra-quadrata|mniotype-ducta|apamea-indocilis|mamestra-curialis,Noctuinae,,Xylenini
2272,Euros,osticollis,,93-2405,"Troubridge, 2006",Noctuidae,euros-cervina,Noctuinae,,Apameini
2273,Hyppa,contrasta,,93-2665,"McDunnough, 1946",Noctuidae,hyppa-indistincta|hyppa-brunneicrista|oligia-divesta,Noctuinae,,Xylenini
2274,Hemileuca,hera,Hera Buckmoth,MONA 7741,"(Harris, 1841)",Saturniidae,hemileuca-nuttalli,Hemileucinae,,
2275,Lacinipolia,lustralis,,93-3017,"(Grote, 1875)",Noctuidae,lacinipolia-pensilis|lacinipolia-anguina,Noctuinae,,Eriopygini
2276,Graphiphora,augur,Double Dart Moth,93-3563,"(Fabricius, 1775)",Noctuidae,amphipyra-tragopoginis|spaelotis-clandestina|xestia-atrata|resapamea-passer,Noctuinae,,Noctuini
2277,Copablepharon,columbia,,93-3274,"Crabo & Lafontaine, 2004",Noctuidae,copablepharon-mutans,Noctuinae,,Noctuini
2278,Autographa,pasiphaeia,,93-1205,"(Grote, 1873)",Noctuidae,anagrapha-falcifera,Plusiinae,,Plusiini
2279,Proxenus,mendosa,,93-2268,"MuDunnough, 1927",Noctuidae,proxenus-miranda|proxenus-mindara,Noctuinae,,Caradrinini
2280,Cosmia,praeacuta,,93-2670,"(Smith, 1894)",Noctuidae,cosmia-elisae,Noctuinae,,Xylenini
2281,Sympistis,meadiana,,93-1924,"(Morrison, 1875)",Noctuidae,sympistis-orbicularis|sympistis-definita|sympistis-dunbari,Oncocnemidinae,,
2282,Apamea,sordens,Bordered Apamea Moth,93-2314,"(Hufnagel, 1766)",Noctuidae,apamea-digitula,Noctuinae,,Apameini
2283,Xestia,cinerascens,,93-3576,"(Smith, 1891)",Noctuidae,abagrotis-turbulenta|abagrotis-hermina|abagrotis-erratica,Noctuinae,,Noctuini
2284,Cucullia,florea,Gray-hooded Owlet Moth,93-1508,"Guenée, 1852",Noctuidae,dolocucullia-dentilinea|cucullia-intermedia|cucullia-postera|cucullia-similaris,Cuculliinae,,
2285,Ctenucha,rubroscapus,Red-shouldered Ctenucha Moth,93-0437,"(Ménétriés, 1857)",Erebidae,ctenucha-virginica|cisseps-fulvicollis,Arctiinae,,Arctiini
2286,Mesogona,subcuprea,,93-2612,"Crabo & Hammond, [1998]",Noctuidae,mesogona-rubra|mesogona-olivata,Noctuinae,,Xylenini
2287,Apantesis,margo,,93-0251,"Schmidt, 2009",Erebidae,apantesis-obliterata|apantesis-elongata|apantesis-williamsii|apantesis-yukona,Arctiinae,,Arctiini
2288,Euxoa,costata,,93-3432,"(Grote, 1876)",Noctuidae,euxoa-castanea|euxoa-idahoensis,Noctuinae,,Noctuini
2289,Sympistis,tenuifascia,,93-1807,"(Smith, 1888)",Noctuidae,sympistis-parvanigra|sympistis-apep,Oncocnemidinae,,
2290,Drasteria,pallescens,,93-0900,"(Behr, 1870)",Erebidae,melipotis-jucunda,Erebinae,,Melipotini
2291,Lasionycta,caesia,,93-3001,"Crabo & Lafontaine, 2009",Noctuidae,lasionycta-uniformis|lasionycta-gelida,Noctuinae,,Eriopygini
2292,Lasionycta,macleani,,93-3006,"(McDunnough, 1927)",Noctuidae,lasionycta-promulsa|lasionycta-pulverea,Noctuinae,,Eriopygini
2293,Sphinx,dollii,Doll\'s Sphinx Moth,MONA 7813,"Neumoegen, 1881",Sphingidae,sphinx-sequoiae,Sphinginae,,
2294,Panthea,virginarius,,93-1399,"(Grote, 1880)",Noctuidae,panthea-acronyctoides|panthea-gigantea,Pantheinae,,
2296,Apamea,plutonia,Dusky Apamea Moth,93-2304,"(Grote, 1883)",Noctuidae,apamea-commoda|apamea-indocilis|melanapamea-mixta,Noctuinae,,Apameini
2297,Xestia,atrata,,93-3600,"(Morrison, 1874)",Noctuidae,graphiphora-augur|xestia-ursae,Noctuinae,,Noctuini
2298,Xestia,okakensis,,93-3604,"(Packard, 1867)",Noctuidae,xestia-tecta,Noctuinae,,Noctuini
2299,Anarta,hamata,,93-2830,"(McDunnough, 1930)",Noctuidae,anarta-trifolii|anarta-columbica,Noctuinae,,Hadenini
2300,Fishia,connecta,,93-2692,"(Smith, 1894)",Noctuidae,apamea-burgessi|fishia-discors|oligia-divesta|fishia-nigrescens,Noctuinae,,Xylenini
2301,Egira,cognata,,93-2792,"(Smith, 1894)",Noctuidae,egira-februalis,Noctuinae,,Orthosiini
2302,Nedra,hoeffleri,,93-2286,"Clarke, 1940",Noctuidae,nedra-stewarti,Noctuinae,,Actinotiini
2303,Protorthodes,incincta,Banded Quaker Moth,93-3105,"(Morrison, 1874)",Noctuidae,protorthodes-curtica,Noctuinae,,Eriopygini
2304,Apantesis,blakei,,93-0269,"(Grote, 1864)",Erebidae,apantesis-williamsii|apantesis-nevadensis|apantesis-obliterata,Arctiinae,,Arctiini
2305,Coranarta,luteola,,93-2863,"(Grote & Robinson, 1865)",Noctuidae,coranarta-macrostigma,Noctuinae,,Hadenini
2306,Meganola,minuscula,Confused Meganola Moth,93-1121,"(Zeller, 1872)",Nolidae,nola-minna|clemensia-umbrata,Nolinae,,
2307,Lithophane,baileyi,Bailey\'s Pinion Moth,93-2549,"Grote, 1877",Noctuidae,lithophane-pexata|lithophane-pertorrida,Noctuinae,,Xylenini
2308,Cucullia,strigata,Streaked Hooded Owlet Moth,93-1536,"(Smith, 1892)",Noctuidae,cucullia-serraticornis|cucullia-intermedia,Cuculliinae,,
2309,Agnorisma,bugrai,Collared Dart Moth,93-3627,"(Koçak, 1983)",Noctuidae,eueretagrotis-perattentus|pseudohermonassa-tenuicula,Noctuinae,,Noctuini
2310,Sympistis,youngi,,93-1898,"(McDunnough, 1922)",Noctuidae,sympistis-sokar,Oncocnemidinae,,
2311,Gluphisia,septentrionis,Common Gluphisia Moth,93-0019,"Walker, 1855",Notodontidae,gluphisia-avimacula|gluphisia-severa,Notodontinae,,
2312,Platypolia,loda,,93-2698,"(Strecker, 1898)",Noctuidae,papestra-invalida|platypolia-contadina|mniotype-pallescens|fishia-nigrescens,Noctuinae,,Xylenini
2313,Egira,februalis,Mottled Oak Woodling Moth,93-2793,"(Barnes & McDunnough, 1918)",Noctuidae,egira-cognata,Noctuinae,,Orthosiini
2314,Sympistis,mirificalis,,93-1861,"(Grote, 1879)",Noctuidae,pseudanarta-singula|pseudanarta-crocea|pseudanarta-flava,Oncocnemidinae,,
2315,Nola,cilicoides,Blurry-patched Nola Moth,93-1130,"(Grote, 1873)",Nolidae,eublemma-minima,Nolinae,,
2316,Pleromelloida,conserta,,93-1777,"(Grote, 1881)",Noctuidae,pleromelloida-bonuscula,Oncocnemidinae,,
2317,Xestia,verniloides,,93-3580,"Lafontaine, 1998",Noctuidae,xestia-finatimis|xestia-infimatis,Noctuinae,,Noctuini
2318,Drasteria,divergens,,93-0902,"(Behr, 1870)",Erebidae,drasteria-parallela|drasteria-adumbrata|drasteria-hastingsii,Erebinae,,Melipotini
2319,Lithophane,thaxteri,Thaxter\'s Pinion Moth,93-2547,"Grote, 1874",Noctuidae,lithophane-ponderosa|lithophane-atara,Noctuinae,,Xylenini
2320,Enargia,decolor,Pale Enargia Moth,93-2674,"(Walker, 1858)",Noctuidae,enargia-infumata|enargia-fausta,Noctuinae,,Xylenini
2321,Neoligia,lancea,,93-2402,"Troubridge & Lafontaine, 2002",Noctuidae,neoligia-albirena|neoligia-lillooet|neoligia-tonsa,Noctuinae,,Apameini
2322,Homorthodes,fractura,,93-3091,"(Smith, 1906)",Noctuidae,homorthodes-communis,Noctuinae,,Eriopygini
2323,Xestia,plebeia,,93-3577,"(Smith, 1898)",Noctuidae,caradrina-morpheus,Noctuinae,,Noctuini
2324,Leucania,insueta,,93-2948,"Guenée, 1852",Noctuidae,leucania-dia,Noctuinae,,Leucaniini
2325,Sympistis,wilsoni,,93-1928,"Barnes & Benjamin, 1924",Noctuidae,sympistis-lapponica,Oncocnemidinae,,
2327,Homoglaea,californica,,93-2526,"(Smith, 1891)",Noctuidae,homoglaea-hircina|homoglaea-carbonaria,Noctuinae,,Xylenini
2328,Aseptis,ethnica,,93-2630,"(Smith, 1899)",Noctuidae,condica-albolabes|amphipyra-tragopoginis|aseptis-fumosa|aseptis-fanatica,Noctuinae,,Xylenini
2329,Euxoa,emma,,93-3362,"L.G. Crabo & A. Crabo, 2007",Noctuidae,euxoa-annulipes,Noctuinae,,Noctuini
2330,Helotropha,reniformis,Reniform Celaena Moth,93-2443,"(Grote, 1874)",Noctuidae,aseptis-binotata|apamea-cogitata,Noctuinae,,Apameini
2331,Egira,crucialis,Crucialis Woodling Moth,93-2791,"(Harvey, 1875)",Noctuidae,egira-simplex|egira-vanduzeei,Noctuinae,,Orthosiini
2332,Perigonica,angulata,,93-2753,"Smith, 1890",Noctuidae,orthosia-behrensiana|perigonica-tertia|perigonica-pectinata,Noctuinae,,Orthosiini
2333,Abagrotis,rubricundis,,93-3658,"Buckett, 1968",Noctuidae,abagrotis-mirabilis,Noctuinae,,Noctuini
2334,Ascalapha,odorata,Black Witch Moth,93-0759,"(Linnaeus, 1758)",Erebidae,,Erebinae,,Thermesiini
2335,Sideridis,rosea,Rosewing Moth,93-2906,"(Harvey, 1874)",Noctuidae,,Noctuinae,,Hadenini
2336,Leptarctia,californiae,,93-0336,"(Walker, 1855)",Erebidae,,Arctiinae,,Arctiini
2337,Pseudothyatira,cymatophoroides,Tufted Thyatirid Moth,MONA 6237,Guenée,Drepanidae,,Thyatirinae,,
2338,Spodoptera,praefica,Western Yellowstriped Armyworm Moth,93-2217,"(Grote, 1875)",Noctuidae,,Noctuinae,,Prodeniini
2339,Polychrysia,esmeralda,,93-1182,"(Oberthür, 1880)",Noctuidae,,Plusiinae,,Plusiini
2340,Ectypia,clio,Clio Tiger Moth,93-0422,"(Packard, 1864)",Erebidae,,Arctiinae,,Arctiini
2341,Schinia,cumatilis,,93-2177,"(Grote, 1865)",Noctuidae,,Heliothinae,,
2342,Proserpinus,clarkiae,Clark\'s Day Sphinx Moth,MONA 7876,"(Boisduval, 1852)",Sphingidae,,Macroglossinae,,
2344,Mamestra,configurata,,93-2898,"Walker, 1856",Noctuidae,melanchra-adjuncta,Noctuinae,,Hadenini
2345,Setagrotis,pallidicollis,,93-3633,"(Grote, 1880)",Noctuidae,setagrotis-vocalis|protolampra-rufipectus|coenophila-opacifrons,Noctuinae,,Noctuini
2346,Spodoptera,exigua,Beet Armyworm Moth,93-2215,"(Hübner, [1808])",Noctuidae,,Noctuinae,,Prodeniini
2347,Euxoa,westermanni,,93-3323,"(Staudinger, 1857)",Noctuidae,,Noctuinae,,Noctuini
2348,Euplexia,benesimilis,American Angle Shades Moth,93-2290,"McDunnough, 1922",Noctuidae,,Noctuinae,,Phlogophorini
2350,Orthosia,ferrigera,,93-2767,"(Smith, 1894)",Noctuidae,,Noctuinae,,Orthosiini
2351,Behrensia,conchiformis,,93-1775,"Grote, 1875",Noctuidae,,Oncocnemidinae,,
2352,Egira,dolosa,,93-2795,"(Grote, 1880)",Noctuidae,,Noctuinae,,Orthosiini
2353,Mniotype,sp,,,,Noctuidae,,Noctuinae,,Xylenini
2354,Sympistis,albifasciata,,93-1799,"(Hampson, 1906)",Noctuidae,,Oncocnemidinae,,
2355,Andropolia,theodori,,93-2685,"(Grote, 1878)",Noctuidae,andropolia-diversilineata,Noctuinae,,Xylenini
2356,Euxoa,henrietta,,93-3398,"(Smith, 1900)",Noctuidae,,Noctuinae,,Noctuini
2357,Abagrotis,brunneipennis,,93-3683,"(Grote, 1875)",Noctuidae,,Noctuinae,,Noctuini
2358,Anaplectoides,prasina,Green Arches Moth,93-3564,"([Denis & Schiffermüller], 1775)",Noctuidae,,Noctuinae,,Noctuini
2359,Abagrotis,pulchrata,,93-3662,"(Blackmore, 1925)",Noctuidae,,Noctuinae,,Noctuini
2360,Euxoa,bicollaris,,93-3417,"(Grote, 1878)",Noctuidae,,Noctuinae,,Noctuini
2361,Dargida,procinctus,Olive Green Cutworm Moth,93-2925,"(Grote, 1873)",Noctuidae,,Noctuinae,,Hadenini
2362,Xestia,fabulosa,,93-3607,"(Ferguson, 1965)",Noctuidae,xestia-homogena,Noctuinae,,Noctuini
2363,Anarta,edwardsii,Edwards\' Beach Moth,93-2842,"(Smith, [1888])",Noctuidae,,Noctuinae,,Hadenini
2364,Hadena,variolata,,93-2910,"(Smith, [1888])",Noctuidae,,Noctuinae,,Hadenini
2365,Euproserpinus,wiesti,,MONA 7882,"Sperry, 1939",Sphingidae,,Macroglossinae,,
2367,Plagiomimicus,dimidiata,,93-1648,"Grote, 1877",Noctuidae,,Amphipyrinae,,Stiriini
2368,Sympistis,viriditincta,,93-1810,"(Smith, 1894)",Noctuidae,,Oncocnemidinae,,
2369,Zotheca,tranquilla,Elder Moth,93-2673,"Grote, 1874",Noctuidae,plagiomimicus-spumosum|chloridea-virescens,Noctuinae,,Xylenini
2370,Euxoa,tristicula,,93-3342,"(Morrison, 1876)",Noctuidae,euxoa-silens,Noctuinae,,Noctuini
2371,Arachnis,citra,,93-0329,"Neumoegen & Dyar, 1893",Erebidae,,Arctiinae,,Arctiini
2372,Sideridis,uscripta,,93-2904,"(Smith, 1891)",Noctuidae,,Noctuinae,,Hadenini
2373,Egira,variabilis,,93-2787,"(Smith, 1891)",Noctuidae,,Noctuinae,,Orthosiini
2374,Xestia,maculata,,93-3595,"(Smith, 1893)",Noctuidae,,Noctuinae,,Noctuini
2375,Condica,mersa,,93-1993,"(Morrison, 1875)",Noctuidae,,Condicinae,,Condicini
2376,Acopa,perpallida,,93-1627,"Grote, 1878",Noctuidae,,Amphipyrinae,,Psaphidini
2377,Hypena,bijugalis,Dimorphic Bomolocha Moth,93-0564,"(Walker, 1859)",Erebidae,,Hypeninae,,
2378,Diachrysia,aereoides,Dark-spotted Looper Moth,93-1178,"(Grote, 1864)",Noctuidae,,Plusiinae,,Plusiini
2379,Clostera,albosigma,Sigmoid Prominent Moth,93-0003,"Fitch, 1856",Notodontidae,,Pygaerinae,,
2380,Euxoa,silens,Silent Dart Moth,93-3382,"(Grote, 1875)",Noctuidae,euxoa-xasta|euxoa-absona|euxoa-tristicula,Noctuinae,,Noctuini
2381,Homorthodes,hanhami,,93-3096,"(Barnes & McDunnough, 1911)",Noctuidae,,Noctuinae,,Eriopygini
2382,Acronicta,marmorata,Marble Dagger Moth,93-1473,"Smith, 1897",Noctuidae,,Acronictinae,,
2383,Adelphagrotis,stellaris,,93-3640,"(Grote, 1880)",Noctuidae,,Noctuinae,,Noctuini
2384,Phobolosia,anfracta,,93-0654,"(H. Edwards, 1881)",Erebidae,,Scolecocampinae,,
2385,Mythimna,unipuncta,Armyworm Moth,93-2935,"(Haworth, 1809)",Noctuidae,,Noctuinae,,Leucaniini
2386,Agrius,cingulata,Pink-spotted Hawk Moth,MONA 7771,"(Fabricius, 1775)",Sphingidae,,Sphinginae,,
2387,Melanchra,picta,Zebra Caterpillar Moth,93-2875,"(Harris, 1841)",Noctuidae,sideridis-maryx,Noctuinae,,Hadenini
2388,Xylena,brucei,,93-2523,"(Smith, 1892)",Noctuidae,,Noctuinae,,Xylenini
2389,Sphinx,drupiferarum,Wild Cherry Sphinx Moth,MONA 7812,"J.E. Smith, 1797",Sphingidae,,Sphinginae,,
2390,Caradrina,camina,,93-2258,"(Smith, 1894)",Noctuidae,caradrina-atrostriga,Noctuinae,,Caradrinini
2391,Plusia,venusta,White-streaked Looper Moth,93-1235,"Walker, 1865",Noctuidae,,Plusiinae,,Plusiini
2392,Drasteria,edwardsii,,93-0899,"(Behr, 1870)",Erebidae,,Erebinae,,Melipotini
2393,Egira,hiemalis,,93-2788,"(Grote, 1874)",Noctuidae,,Noctuinae,,Orthosiini
2394,Euxoa,choris,,93-3427,"(Harvey, 1876)",Noctuidae,,Noctuinae,,Noctuini
2395,Lacinipolia,lorea,Bridled Arches Moth,93-3052,"(Guenée, 1852)",Noctuidae,amphipoea-americana,Noctuinae,,Eriopygini
2396,Virbia,ferruginosa,Rusty Holomelina Moth,93-0298,"(Walker, 1854)",Erebidae,,Arctiinae,,Arctiini
2397,Euxoa,atomaris,,93-3345,"(Smith, 1890)",Noctuidae,euxoa-punctigera|euxoa-misturata|euxoa-satiens,Noctuinae,,Noctuini
2398,Catocala,neogama,Bride Underwing Moth,93-0790,"(J.E. Smith, 1797)",Erebidae,catocala-piatrix,Erebinae,,Catocalini
2399,Abagrotis,vittifrons,,93-3655,"(Grote, 1864)",Noctuidae,,Noctuinae,,Noctuini
2400,Euxoa,munis,,93-3467,"(Grote, 1879)",Noctuidae,,Noctuinae,,Noctuini
2401,Lygephila,victoria,,93-0753,"(Grote, 1874)",Erebidae,,Toxocampinae,,
2402,Tyria,jacobaeae,Cinnabar Moth,93-0347,"(Linnaeus, 1758)",Erebidae,,Arctiinae,,Arctiini
2404,Scoliopteryx,libatrix,Herald Moth,93-0601,"(Linnaeus, 1758)",Erebidae,,Scoliopteryginae,,Scoliopterygini
2406,Hillia,maida,,93-2623,"(Dyar, 1904)",Noctuidae,orthodes-obscura|aseptis-fanatica,Noctuinae,,Xylenini
2407,Euxoa,aurulenta,,93-3330,"(Smith, [1888])",Noctuidae,,Noctuinae,,Noctuini
2408,Apamea,contradicta,Northern Banded Quaker Moth,93-2354,"(Smith, 1895)",Noctuidae,,Noctuinae,,Apameini
2409,Orthosia,praeses,,93-2765,"(Grote, 1879)",Noctuidae,,Noctuinae,,Orthosiini
2410,Euchalcia,albavitta,,93-1180,"(Ottolengui, 1902)",Noctuidae,,Plusiinae,,Plusiini
2411,Abagrotis,discoidalis,,93-3667,"(Grote, 1876)",Noctuidae,,Noctuinae,,Noctuini
2412,Chytonix,palliatricula,Cloaked Marvel Moth,93-2249.5,"(Guenée, 1852)",Noctuidae,,Noctuinae,,Elaphriini
2413,Chloridea,virescens,Tobacco Budworm Moth,93-2054,"(Fabricius, 1777)",Noctuidae,zotheca-tranquilla,Heliothinae,,
2414,Euxoa,obeliscoides,Obelisk Dart Moth,93-3428,"(Guenée, 1852)",Noctuidae,,Noctuinae,,Noctuini
2415,Protoperigea,anotha,,93-2250,"(Dyar, 1904)",Noctuidae,homorthodes-discreta|caradrina-morpheus,Noctuinae,,Caradrinini
2416,Copablepharon,viridisparsa,,93-3289,"Dod, 1916",Noctuidae,,Noctuinae,,Noctuini
2417,Egira,curialis,,93-2794,"(Grote, 1873)",Noctuidae,,Noctuinae,,Orthosiini
2418,Autographa,flagellum,,93-1208,"(Walker, [1858])",Noctuidae,autographa-rubidus,Plusiinae,,Plusiini
2419,Zosteropoda,hirtipes,V-lined Quaker Moth,93-3163,"Grote, 1874",Noctuidae,,Noctuinae,,Eriopygini
2420,Acerra,normalis,,93-2755,"Grote, 1874",Noctuidae,,Noctuinae,,Orthosiini
2421,Leucania,sp,,,,Noctuidae,,Noctuinae,,Leucaniini
2422,Alypia,langtoni,Langton\'s Forester Moth,93-1981,"Couper, 1865",Noctuidae,,Agaristinae,,
2423,Aseptis,species,,,,Noctuidae,,Noctuinae,,Xylenini
2424,Schinia,edwardsii,,93-2121,"(Smith, 1906)",Noctuidae,schinia-aurantiaca,Heliothinae,,
2425,Catocala,relicta,White Underwing Moth,93-0795,"Walker, [1858]",Erebidae,,Erebinae,,Catocalini
2426,Sympistis,fortis,,93-1904,"(Grote, 1880)",Noctuidae,,Oncocnemidinae,,
2427,Catocala,amatrix,Sweetheart Underwing Moth,93-0815,"(Hübner, [1813])",Erebidae,,Erebinae,,Catocalini
2428,Zale,duplicata,Pine False Looper Moth,93-1038,"(Bethune, 1865)",Erebidae,,Erebinae,,Omopterini
2429,Calophasia,lunula,Toadflax Brocade Moth,93-1771,"(Hufnagel, 1766)",Noctuidae,,Oncocnemidinae,,
2430,Sphinx,poecila,Northern Apple Sphinx Moth,MONA 7810.1,"Stephens, 1828",Sphingidae,,Sphinginae,,
2431,Oreta,rosea,Rose Hooktip Moth,MONA 6255,"(Walker, 1855)",Drepanidae,,Drepaninae,,
2432,Schinia,meadi,Mead\'s Flower Moth,93-2078,"(Grote, 1873)",Noctuidae,,Heliothinae,,
2433,Darapsa,choerilus,Azalea Sphinx Moth,MONA 7886,"(Cramer, [1780])",Sphingidae,,Macroglossinae,,
2434,Hillia,iris,Iris Rover Moth,93-2624,"(Zetterstedt, 1839)",Noctuidae,diarsia-calgary|parastichtis-suspecta,Noctuinae,,Xylenini
2435,Apamea,maxima,,93-2336,"(Dyar, 1904)",Noctuidae,,Noctuinae,,Apameini
2436,Phlogophora,periculosa,Brown Angle Shades Moth,93-2292,"Guenée, 1852",Noctuidae,,Noctuinae,,Phlogophorini
2437,Cucullia,luna,,93-1533,"Morrison, 1875",Noctuidae,,Cuculliinae,,
2438,Euxoa,nomas,,93-3476,"(Erschov, 1874)",Noctuidae,,Noctuinae,,Noctuini
2439,Adelphagrotis,indeterminata,,93-3641,"(Walker, 1865)",Noctuidae,,Noctuinae,,Noctuini
2440,Photedes,didonea,,93-2423,"(Smith, 1894)",Noctuidae,xylomoia-indirecta|xylomoia-chagnoni,Noctuinae,,Apameini
2441,Schinia,suetus,,93-2075,"(Grote, 1873)",Noctuidae,,Heliothinae,,
2442,Xestia,imperita,,93-3598,"(Hübner, [1831])",Noctuidae,,Noctuinae,,Noctuini
2443,Deilephila,elpenor,Elephant Hawk Moth,MONA 7894.1,"(Linnaeus, 1758)",Sphingidae,,Macroglossinae,,
2444,Amphipyra,pyramidoides,Copper Underwing Moth,93-1544,"Guenée, 1852",Noctuidae,,Amphipyrinae,,Amphipyrini
2445,Sympistis,occata,Harrow Moth,93-1801,"(Grote, 1875)",Noctuidae,,Oncocnemidinae,,
2446,Pheosia,californica,,,,Notodontidae,,Notodontinae,1,
2447,Sympistis,corusca,,93-1795,"(Smith, 1899)",Noctuidae,pseudanarta-crocea,Oncocnemidinae,,
2448,Sympistis,stabilis,,93-1817,"(Smith, 1895)",Noctuidae,,Oncocnemidinae,,
2449,Platypolia,mactata,Adorable Brocade Moth,93-2699,"(Guenée, 1852)",Noctuidae,,Noctuinae,,Xylenini
2450,Proserpinus,flavofasciata,Yellow-banded Day Sphinx Moth,MONA 7877,"(Walker, 1856)",Sphingidae,,Macroglossinae,,
2451,Protodeltote,albidula,Pale Glyph Moth,93-1291,"(Guenée, 1852)",Noctuidae,,Eustrotiinae,,
2452,Eucoptocnemis,canescens,,93-3262,"Lafontaine, 2004",Noctuidae,tricholita-chipeta,Noctuinae,,Noctuini
2453,Ulolonche,dilecta,,93-3123,"(H. Edwards, 1885)",Noctuidae,,Noctuinae,,Eriopygini
2454,Egira,rubrica,,93-2796,"(Harvey, 1878)",Noctuidae,,Noctuinae,,Orthosiini
2455,Megalographa,biloba,Bilobed Looper Moth,93-1209,"(Stephens, 1830)",Noctuidae,,Plusiinae,,Plusiini
2456,Apamea,vultuosa,Airy Apamea Moth,93-2303,(Grote. 1875),Noctuidae,,Noctuinae,,Apameini
2457,Trichoplusia,ni,Cabbage Looper Moth,93-1168,"(Hübner, [1803])",Noctuidae,,Plusiinae,,Argyrogrammatini
2458,Schizura,ipomaeae,Morning-glory Prominent Moth,93-0098,"Doubleday, 1841",Notodontidae,,Heterocampinae,,
2459,Acronicta,cyanescens,,93-1426,"Hampson, 1909",Noctuidae,acronicta-lanceolaria,Acronictinae,,
2460,Sympistis,saundersiana,Saunders\' Sallow Moth,93-1800,"(Grote, 1876)",Noctuidae,,Oncocnemidinae,,
2461,Agrochola,pulchella,,93-2614,"(Smith, 1900)",Noctuidae,,Noctuinae,,Xylenini
2462,Hadena,capsularis,Capsule Moth,93-2911,"(Guenée, 1852)",Noctuidae,hadena-ectrapela,Noctuinae,,Hadenini
2463,Phryganidia,californica,California Oak Moth,93-0138,"Packard, 1864",Notodontidae,,Dioptinae,,
2464,Fishia,sp,,,,Noctuidae,,Noctuinae,,Xylenini
2465,Heliothis,proruptus,,93-2051,"Grote, 1875",Noctuidae,,Heliothinae,,
2466,Pseudocopivaleria,sonoma,,93-1555,"(McDunnough, 1941)",Noctuidae,,Amphipyrinae,,Psaphidini
2467,Abagrotis,nanalis,,93-3666,"(Grote, 1881)",Noctuidae,proxenus-mindara,Noctuinae,,Noctuini
2468,Sympistis,shirleyae,,93-1939,"Troubridge, 2008",Noctuidae,sympistis-californiae,Oncocnemidinae,,
2469,Euchalcia,borealis,,93-1181,"Lafontaine & Poole, 1991",Noctuidae,,Plusiinae,,Plusiini
2470,Cisthene,barnesii,,93-0191,"(Dyar, 1904)",Erebidae,,Arctiinae,,Lithosiini
2472,Xestia,lyngei,,93-3615,"(Rebel, 1923)",Noctuidae,,Noctuinae,,Noctuini
2473,Annaphila,arvalis,,93-1738,"H. Edwards, 1875",Noctuidae,annaphila-danistica,Amphipyrinae,,Stiriini
2474,Eucirroedia,pampina,Scalloped Sallow Moth,93-2609,"(Guenée, 1852)",Noctuidae,,Noctuinae,,Xylenini
2475,Pseudohemihyalea,edwardsii,Edwards\' Glassy-wing Moth,93-0381,"(Packard, 1864)",Erebidae,,Arctiinae,,Arctiini
2476,Bellura,obliqua,Cattail Borer Moth,93-2517,"(Walker, 1865)",Noctuidae,,Noctuinae,,Arzamini
2477,Galgula,partita,Wedgling Moth,93-2249,"Guenée, 1852",Noctuidae,,Noctuinae,,Elaphriini
2478,Autographa,corusca,Caramel Looper,93-1201,"(Strecker, 1885)",Noctuidae,,Plusiinae,,Plusiini
2479,Hecatera,dysodea,Small Ranunculus Moth,93-2909,"([Denis & Schiffermüller], 1775)",Noctuidae,pseudobryomima-muscosa|lacinipolia-strigicollis,Noctuinae,,Hadenini
2481,Catocala,ophelia,,93-0840,"H. Edwards, 1881",Erebidae,catocala-verrilliana|catocala-aholibah,Erebinae,,Catocalini
2482,Schinia,gaurae,Clouded Crimson Moth,93-2083,"(J.E. Smith, 1797)",Noctuidae,,Heliothinae,,
2483,Saturnia,mendocino,,MONA 7751,"(Behrens, 1876)",Saturniidae,,Saturniinae,,
2484,Elaphria,alapallida,Pale-winged Midget Moth,93-2234,"Pogue & Sullivan, 2003",Noctuidae,,Noctuinae,,Elaphriini
2485,Eudryas,brevipennis,,93-1965,"Stretch, 1872",Noctuidae,,Agaristinae,,
2486,Tholera,americana,,93-2809,"(Smith, 1894)",Noctuidae,,Noctuinae,,Tholerini
2487,Setagrotis,radiola,,93-3635,"(Hampson, 1903)",Noctuidae,,Noctuinae,,Noctuini
2488,Datana,californica,,93-0033.1,"Dyar, 1890",Notodontidae,nadata-gibbosa|nadata-oregonensis,Phalerinae,,
2489,Panthea,furcilla,Eastern Panthea Moth,93-1396,"(Packard, 1864)",Noctuidae,,Pantheinae,,
2490,Lymantria,dispar,Gypsy Moth,93-0141,"(Linnaeus, 1758)",Erebidae,,Lymantriinae,,Lymantriini
2491,Xestia,bryanti,,93-3614,"(Benjamin, 1933)",Noctuidae,sympistis-zetterstedtii|sympistis-heliophila,Noctuinae,,Noctuini
2492,Xestia,mustelina,,93-3578,"(Smith, 1900)",Noctuidae,,Noctuinae,,Noctuini
2493,Lacinipolia,patalis,,93-3077,"(Grote, 1873)",Noctuidae,,Noctuinae,,Eriopygini
2494,Copablepharon,fuscum,Sand-verbena Moth,93-3287,"Troubridge & Crabo, 1996",Noctuidae,,Noctuinae,,Noctuini
2495,Euxoa,medialis,Median-banded Dart Moth,93-3354,"(Smith, [1888])",Noctuidae,,Noctuinae,,Noctuini
2497,Pyrrharctia,isabella,Isabella Tiger Moth,93-0335,"(J.E. Smith, 1797)",Erebidae,,Arctiinae,,Arctiini
2498,Ponometia,semiflava,Half-yellow Moth,93-1308,"(Guenée, 1852)",Noctuidae,,Acontiinae,,Acontiini
2499,Coloradia,pandora,Pandora Pinemoth,MONA 7724,"Blake, 1863",Saturniidae,coloradia-doris,Hemileucinae,,
2500,Heliothis,belladonna,,93-2052,"(H. Edwards, 1881)",Noctuidae,,Heliothinae,,
2501,Sympistis,chalybdis,,93-1908,"(Troubridge & Crabo, (1999))",Noctuidae,sympistis-funebris,Oncocnemidinae,,
2502,Deltote,bellicula,Bog Lithacodia Moth,93-1289,"(Hübner, 1818)",Noctuidae,,Eustrotiinae,,
2503,Euthyatira,semicircularis,,MONA 6241,(Grote),Drepanidae,,Thyatirinae,,
2504,Eumorpha,achemon,Achemon Sphinx Moth,MONA 7861,"(Drury, 1773)",Sphingidae,,Macroglossinae,,
2505,Sympistis,perscripta,Scribbled Sallow Moth,93-1797,"(Guenée, 1852)",Noctuidae,,Oncocnemidinae,,
2506,Stiria,rugifrons,Yellow Sunflower Moth,93-1668,"Grote, 1874",Noctuidae,,Amphipyrinae,,Stiriini
2508,Anicla,tepperi,,93-3223,"(Smith, [1888])",Noctuidae,,Noctuinae,,Noctuini
2509,Lacinipolia,renigera,Bristly Cutworm Moth,93-3044,"(Stephens, 1829)",Noctuidae,,Noctuinae,,Eriopygini
2510,Arctia,plantaginis,Wood Tiger Moth,93-0283,"(Linnaeus, 1758)",Erebidae,,Arctiinae,,Arctiini
2511,Habrosyne,scripta,Lettered Habrosyne,MONA 6235,(Gosse),Drepanidae,,Thyatirinae,,
2512,Apamea,inordinata,,93-2316,"(Morrison, 1875)",Noctuidae,,Noctuinae,,Apameini
2513,Pheosidea,elegans,Elegant Prominent Moth,93-0013,"(Strecker, 1885)",Notodontidae,,Notodontinae,,
2514,Syngrapha,parilis,,93-1233,"(Hübner, [1809])",Noctuidae,,Plusiinae,,Plusiini
2515,Dodia,albertae,,93-0337,"Dyar, 1901",Erebidae,dodia-tarandus,Arctiinae,,Arctiini
2516,Xestia,intermedia,,93-3609,"(Kononenko, 1981)",Noctuidae,protolampra-rufipectus,Noctuinae,,Noctuini
2517,Erinnyis,ello,Ello Sphinx Moth,MONA 7834,"(Linnaeus, 1758)",Sphingidae,,Macroglossinae,,
2518,Catocala,ultronia,Ultronia Underwing Moth,93-0841,"(Hübner, 1823)",Erebidae,,Erebinae,,Catocalini
2519,Lithophane,gausapata,,93-2564,"Grote, 1883",Noctuidae,,Noctuinae,,Xylenini
2520,Hypoprepia,miniata,Scarlet-winged Lichen Moth,93-0204,"(Wm. Kirby, 1837)",Erebidae,,Arctiinae,,Lithosiini
2521,Marathyssa,inficita,Dark Marathyssa Moth,93-1103,"(Walker, 1865)",Euteliidae,,Euteliinae,,
2522,Xestia,smithii,Smith\'s Dart Moth,93-3572,"(Snellen, 1896)",Noctuidae,xestia-normanianus,Noctuinae,,Noctuini
2523,Protogygia,milleri,,93-3306,"(Grote, 1876)",Noctuidae,,Noctuinae,,Noctuini
2525,Schinia,oleagina,,93-2094,"Morrison, 1875",Noctuidae,,Heliothinae,,
2526,Euproctis,similis,,93-0172,"(Fuessly, 1775)",Erebidae,,Lymantriinae,,Leucomini
2527,Ceranemota,crumbi,,MONA 6244,"Benjamin, 1938",Drepanidae,ceranemota-improvisa,Thyatirinae,,
2528,Sympistis,cibalis,,93-1859,"(Grote, 1880)",Noctuidae,,Oncocnemidinae,,
2529,Egira,perlubens,Brown Woodling Moth,93-2797,"(Grote, 1881)",Noctuidae,,Noctuinae,,Orthosiini
2530,Sympistis,barnesii,,93-1907,"(Smith, 1899)",Noctuidae,,Oncocnemidinae,,
2532,Agrotis,daedalus,,93-3507,"(Smith, 1890)",Noctuidae,agrotis-longicornis,Noctuinae,,Noctuini
2534,Brachylomia,discinigra,,93-2656,"(Walker, 1856)",Noctuidae,,Noctuinae,,Xylenini
2535,Xylena,nupera,American Swordgrass Moth,93-2519,"(Lintner, 1874)",Noctuidae,xylena-curvimacula,Noctuinae,,Xylenini
2536,Schinia,luxa,,93-2066,"(Grote, 1881)",Noctuidae,,Heliothinae,,
2539,Abrostola,urentis,Spectacled Nettle Moth,93-1162,"Guenée, 1852",Noctuidae,,Plusiinae,,Abrostolini
2540,Callizzia,amorata,Gray Scoopwing Moth,MONA 7650,"Packard, 1876",Uraniidae,,Epipleminae,,
2541,Proserpinus,lucidus,Bear Sphinx Moth,MONA 7872,"(Boisduval, 1852)",Sphingidae,,Macroglossinae,,
2542,Sympistis,funebris,,93-1910,"(Hübner, [1809])",Noctuidae,sympistis-chalybdis,Oncocnemidinae,,
2543,Orthosia,arthrolita,,93-2772,"(Harvey, 1875)",Noctuidae,,Noctuinae,,Orthosiini
2544,Crambidia,casta,Pearly-winged Lichen Moth,93-0225,"(Packard, 1869)",Erebidae,crambidia-cephalica,Arctiinae,,Lithosiini
2545,Sympistis,umbrifascia,,93-1802,"(Smith, 1894)",Noctuidae,,Oncocnemidinae,,
2546,Orthosia,terminata,,93-2768,"(Smith, [1888])",Noctuidae,,Noctuinae,,Orthosiini
2547,Lacanobia,radix,Garden Arches Moth,93-2880,"(Walker, [1857])",Noctuidae,,Noctuinae,,Hadenini
2549,Catocala,chelidonia,,93-0825,"Grote, 1881",Erebidae,,Erebinae,,Catocalini
2550,Pleromella,opter,,93-1559,"Dyar, 1921",Noctuidae,pleromelloida-cinerea,Amphipyrinae,,Psaphidini
2551,Nola,minna,Ceanothus Nola Moth,93-1133,"Butler, 1881",Nolidae,meganola-minuscula,Nolinae,,
2552,Euxoa,vetusta,,93-3343,"(Walker, 1865)",Noctuidae,,Noctuinae,,Noctuini
2553,Euxoa,murdocki,,93-3451,"(Smith, 1890)",Noctuidae,,Noctuinae,,Noctuini
2554,Holoarctia,sp,,,,Erebidae,,,,
2555,Plagiomimicus,yakama,,93-1659.1,"Crabo & Wikle, 2018",Noctuidae,,Amphipyrinae,,Stiriini
2556,Bruceia,pulverina,,93-0212,"Neumoegen, 1893",Erebidae,,Arctiinae,,Lithosiini
2557,Alastria,chico,,93-2288,"Lafontaine & Troubridge, 2004",Noctuidae,apamea-cuculliformis,Noctuinae,,Actinotiini
2558,Anarta,farnhami,,93-2837,"(Grote, 1873)",Noctuidae,,Noctuinae,,Hadenini
2559,Antheraea,polyphemus,Polyphemus Moth,MONA 7757,"(Cramer, 1776)",Saturniidae,,Saturniinae,,
2560,Sympistis,punctilinea,,93-1819,"(Hampson, 1906)",Noctuidae,,Oncocnemidinae,,
2561,Lophocampa,roseata,,93-0365,"(Walker, 1866)",Erebidae,,Arctiinae,,Arctiini
2562,Paradiarsia,littoralis,,93-3544,"(Packard, 1867)",Noctuidae,,Noctuinae,,Noctuini
2563,Eilema,bicolor,Bicolored Moth,93-0217,"(Grote, 1864)",Erebidae,,Arctiinae,,
2564,Tyta,luctuosa,,93-1503,"([Denis & Schiffermüller], 1775)",Noctuidae,,Metoponiinae,,
2565,Lasionycta,fergusoni,,93-2974,"Crabo & Lafontaine, 2009",Noctuidae,eremobina-claudens,Noctuinae,,Eriopygini
2566,Anarta,antica,,93-2844,"(Smith, 1891)",Noctuidae,,Noctuinae,,Hadenini
2567,Melipotis,indomita,Indomitable Melipotis Moth,93-0871,"(Walker, [1858])",Erebidae,,Erebinae,,Melipotini
2568,Cucullia,pulla,,93-1538,"(Grote, 1881)",Noctuidae,,Cuculliinae,,
2569,Caenurgina,caerulea,Cerulean Looper Moth,93-0922,"(Grote, 1873)",Erebidae,,Erebinae,,Euclidiini
2570,Litocala,sexsignata,Litocala Moth,93-0868,"(Harvey, 1875)",Erebidae,,Erebinae,,Melipotini
2571,Polia,purpurissata,Purple Arches Moth,93-2872,"(Grote, 1864)",Noctuidae,,Noctuinae,,Hadenini
2572,Properigea,niveirena,,93-2727,"(Harvey, 1876)",Noctuidae,,Noctuinae,,Xylenini
2573,Sympistis,coprocolor,,93-1793,"(Troubridge & Crabo, (1999))",Noctuidae,,Oncocnemidinae,,
2574,Hypena,edictalis,,93-0575,"(Walker, 1859)",Erebidae,,Hypeninae,,
2575,Drasteria,ochracea,,93-0898,"(Behr, 1870)",Erebidae,,Erebinae,,Melipotini
2576,Sympistis,chionanti,Fringe-Tree Sallow Moth,93-1906,"(J.E. Smith, 1797)",Noctuidae,,Oncocnemidinae,,
2577,Dichagyris,grotei,,93-3231,"(Franclemont & Todd, 1983)",Noctuidae,,Noctuinae,,Noctuini
2578,Polychrysia,morigera,,93-1183,"(H. Edwards, 1886)",Noctuidae,,Plusiinae,,Plusiini
2579,Pleromelloida,cinerea,Ashy Pleromelloida Moth,93-1780,"(Smith, 1904)",Noctuidae,pleromella-opter,Oncocnemidinae,,
2581,Ochropleura,implecta,Flame-shouldered Dart Moth,93-3529,"Lafontaine, 1998",Noctuidae,,Noctuinae,,Noctuini
2582,Schinia,unimacula,Rabbitbush Flower Moth,93-2168,"Smith, 1891",Noctuidae,,Heliothinae,,
2583,Escaria,clauda,,93-2815,"Grote, 1883",Noctuidae,escaria-homogena|hadenella-pergentilis|afotella-cylindrica,Noctuinae,,Hadenini
2584,Xestia,oblata,Rosy Dart Moth,93-3575,"(Morrison, 1875)",Noctuidae,,Noctuinae,,Noctuini
2585,Palthis,angulalis,Dark-spotted Palthis Moth,93-0551,"(Hübner, 1796)",Erebidae,,Herminiinae,,
2763,Phalaenostola,hanhami,Hanham\'s Owlet Moth,93-0515,"(Smith, 1899)",Erebidae,zanclognatha-jacchusalis|bleptina-caradrinalis,Herminiinae,,
2764,Ponometia,fumata,,93-1327,"(Smith, 1905)",Noctuidae,ponometia-tortricina|ponometia-nigra,Acontiinae,,Acontiini
2765,Annaphila,lithosina,,93-1748,"H. Edwards, 1875",Noctuidae,annaphila-miona,Amphipyrinae,,Stiriini
2631,Xylophanes,nr libya,,,,Sphingidae,,,,
2636,Drasteria,sp,,,,Erebidae,,Erebinae,,Melipotini
2772,Euxoa,cryptica,,93-3339,"Hardwick, 1968",Noctuidae,euxoa-divergens|euxoa-tessellata|euxoa-satis,Noctuinae,,Noctuini
2662,Hemileuca,nuteglan,,,,Saturniidae,,Hemileucinae,,
2666,Crambidia,cephalica,Yellow-headed Lichen Moth,93-0227,"(Grote & Robinson, 1870)",Erebidae,crambidia-casta,Arctiinae,,Lithosiini
2675,Catocala,verrilliana,,93-0838,"Grote, 1875",Erebidae,catocala-ophelia,Erebinae,,Catocalini
2690,Escaria,homogena,,93-2816,"McDunnough, 1922",Noctuidae,hadenella-pergentilis|afotella-cylindrica|escaria-clauda,Noctuinae,,Hadenini
2695,Lacinipolia,stenotis,,93-3030,"(Hampson, 1905)",Noctuidae,,Noctuinae,,Eriopygini
2698,Lycomorpha,grotei,,93-0197,"(Packard, 1864)",Erebidae,,Arctiinae,,Lithosiini
2708,Axenus,arvalis,,93-1733,"Grote, 1873",Noctuidae,ponometia-nigra,Amphipyrinae,,Stiriini
2709,Scotogramma,fervida,,93-2848,"Barnes & McDunnough, 1912",Noctuidae,anarta-fulgora|scotogramma-stretchii,Noctuinae,,Hadenini
2710,Pseudanarta,sp,,,,Noctuidae,,Noctuinae,,Xylenini
2713,Eudeilinia,herminiata,Northern Eudeilinea Moth,MONA 6253,"(Guenée, [1858])",Drepanidae,,Drepaninae,,
2718,Mniotype,aff tenera,,,,Noctuidae,,Noctuinae,,Xylenini
2723,Ulolonche,orbiculata,,93-3125,"(Smith, 1891)",Noctuidae,,Noctuinae,,Eriopygini
2732,Scotogramma,ptilodonta,,93-2853,"(Grote, 1883)",Noctuidae,scotogramma-orida|scotogramma-yakima|anarta-fulgora,Noctuinae,,Hadenini
2733,Trudestra,hadeniformis,,93-2846,"(Smith, 1894)",Noctuidae,anarta-mutata,Noctuinae,,Hadenini
2734,Anarta,inconcinna,,93-2832,(Smith [1888]),Noctuidae,anarta-oregonica|anarta-alta|anarta-columbica,Noctuinae,,Hadenini
2744,Xestia,normanianus,Norman\'s Dart Moth,93-3573,"(Grote, 1874)",Noctuidae,coenophila-opacifrons|xestia-smithii,Noctuinae,,Noctuini
2749,Lacinipolia,aff pensilis,,,,Noctuidae,,Noctuinae,,Eriopygini
2751,Acontia,cretata,Chalky Bird-dropping Moth,93-1375,"(Grote & Robinson, 1870)",Noctuidae,acontia-coquillettii|ponometia-binocula,Acontiinae,,Acontiini
2752,Heliothis,borealis,,93-2053,"(Hampson, 1903)",Noctuidae,,Heliothinae,,
2753,Hemaris,diffinis,Snowberry Clearwing Moth,MONA 7855,"(Boisduval, 1836)",Sphingidae,hemaris-thetis,Macroglossinae,,
2754,Hydroeciodes,serrata,,93-3207,"(Grote, 1880)",Noctuidae,papaipema-insulidens|papaipema-limata,Noctuinae,,Eriopygini
2755,Neleucania,praegracilis,,93-3169,"(Grote, 1877)",Noctuidae,mythimna-oxygala,Noctuinae,,Eriopygini
2756,Photedes,inops,,93-2419,"(Grote, 1881)",Noctuidae,,Noctuinae,,Apameini
2757,Setagrotis,vocalis,,93-3634,"(Grote, 1879)",Noctuidae,setagrotis-pallidicollis,Noctuinae,,Noctuini
2759,Tricholita,chipeta,,93-3199,"Barnes, 1904",Noctuidae,eucoptocnemis-canescens,Noctuinae,,Eriopygini
2771,Aseptis,sp No 1,,93-2635.1,,Noctuidae,,Noctuinae,,Xylenini
2766,Schinia,aurantiaca,,93-2072,"(H. Edwards, 1881)",Noctuidae,schinia-edwardsii,Heliothinae,,
2767,Apamea,unanimis,Small Clouded Brindle Moth,93-2308,"(Hübner, [1813])",Noctuidae,apamea-indocilis|mesapamea-secalis,Noctuinae,,Apameini
2768,Lacinipolia,bucketti,,93-3054,"Selman & Leuschner, 2001",Noctuidae,lacinipolia-quadrilineata|lacinipolia-davena|lacinipolia-olivacea,Noctuinae,,Eriopygini
2769,Enargia,infumata,Smoked Sallow Moth,93-2675,"(Grote, 1874)",Noctuidae,enargia-decolor|enargia-fausta,Noctuinae,,Xylenini
2770,Sympistis,sokar,,93-1917,"Troubridge, 2008",Noctuidae,sympistis-youngi|sympistis-extremis,Oncocnemidinae,,
2774,Fishia,nigrescens,,93-2693.1,"Hammond & Crabo, 2013",Noctuidae,platypolia-loda|fishia-yosemitae|fishia-connecta,Noctuinae,,Xylenini
2776,Smerinthus,ophthalmica,,MONA 7822.1,"Boisduval, 1855",Sphingidae,smerinthus-cerisyi|smerinthus-jamaicensis,Smerinthinae,,
2777,Protoperigea,calientensis,,93-2255,"Mustelin, 2006",Noctuidae,protoperigea-posticata,Noctuinae,,Caradrinini
2780,Euxoa,absona,,93-3368,"Lafontaine, 1987",Noctuidae,euxoa-xasta|euxoa-silens|euxoa-idahoensis,Noctuinae,,Noctuini
2781,Orgyia,vetusta,Western Tussock Moth,93-0161,"Boisduval, 1852",Erebidae,orgyia-cana|orgyia-pseudotsugata,Lymantriinae,,Orgyiini
2813,Euxoa,xasta,,93-3403,"Barnes & McDunnough, 1910",Noctuidae,euxoa-silens|euxoa-absona,Noctuinae,,Noctuini
2791,Heliolonche,n sp,,,,Noctuidae,,Heliothinae,,
2792,Resapamea,n sp nr innota,,,,Noctuidae,,Noctuinae,,Apameini
2793,Amphipoea,n sp,,,,Noctuidae,,Noctuinae,,Apameini
2797,Aseptis,sp No 3,,,,Noctuidae,,Noctuinae,,Xylenini
2799,Enargia,n sp,,,,Noctuidae,,Noctuinae,,Xylenini
2804,Euxoa,scandens,,,,Noctuidae,,Noctuinae,,Noctuini
2805,Sphinx,luscitiosa,Clemens\' Sphinx Moth,MONA 7811,"Clemens, 1859",Sphingidae,,Sphinginae,,
2807,Euxoa,lucida,,93-3408,"Barnes & McDunnough, 1912",Noctuidae,euxoa-lineifrons|euxoa-comosa|euxoa-annulipes,Noctuinae,,Noctuini
2808,Schinia,illustra,,93-2164,"Smith, 1906",Noctuidae,,Heliothinae,,
2809,Caradrina,atrostriga,,93-2263,"(Barnes & McDunnough, 1912)",Noctuidae,caradrina-montana|caradrina-meralis|caradrina-camina,Noctuinae,,Caradrinini
2810,Stylopoda,groteana,,93-1784,"(Dyar, 1903)",Noctuidae,sympistis-aterrima|sympistis-parvanigra,Oncocnemidinae,,
2811,Abagrotis,striata,,93-3661,"Buckett, 1968",Noctuidae,abagrotis-glenni|abagrotis-mirabilis,Noctuinae,,Noctuini
2850,Euxoa,aurantiaca,,,,Noctuidae,,Noctuinae,,Noctuini
2837,Epidemas,cinerea,,93-2650,"Smith, 1894",Noctuidae,euxoa-cinereopallidus|euxoa-dargo|epidemas-obscurus,Noctuinae,,Xylenini
2838,Syngrapha,surena,Surena Looper,93-1218,"(Grote, 1882)",Noctuidae,syngrapha-epigaea|syngrapha-celsa|syngrapha-interrogationis,Plusiinae,,Plusiini
2844,Xylomoia,chagnoni,,93-2416,"Barnes & McDunnough, 1917",Noctuidae,photedes-didonea|xylomoia-indirecta|hypocoena-inquinata,Noctuinae,,Apameini
2845,Papaipema,harrisii,Heracleum Stem Borer Moth,93-2483,"(Grote, 1881)",Noctuidae,papaipema-limata|papaipema-insulidens,Noctuinae,,Apameini
2846,Sympistis,chandleri,,93-1857,"(Grote, 1873)",Noctuidae,sympistis-utahensis|sympistis-poliochroa|sympistis-major,Oncocnemidinae,,
2847,Protorthodes,eureka,,93-3104,"(Barnes & Benjamin, 1927)",Noctuidae,protorthodes-curtica,Noctuinae,,Eriopygini
2849,Resapamea,diluvius,,93-2368.1,"Crabo, 2013",Noctuidae,resapamea-passer,Noctuinae,,Apameini
2893,Hydriomena,perfracta,,MONA 7229,"Swett, 1910",Geometridae,,Larentiinae,,
2952,Hydriomena,furcata,,7257,"(Thunberg, 1784) ",Geometridae,,Larentiinae,,
2962,Perizoma,costiguttata,,MONA 7325,"(Hulst, 1896) ",Geometridae,,Larentiinae,,
2971,Stamnodes,topazata,,MONA 7349,"(Strecker, 1899)",Geometridae,,Larentiinae,,
2980,Antepirrhoe,semiatrata,,MONA 7210,"(Hulst, 1881) ",Geometridae,,Larentiinae,,
2985,Eulithis,destinata,,MONA 7204,"(Möschler, 1860)",Geometridae,,Larentiinae,,
2987,Eulithis,xylina,,MONA 7207,"(Hulst, 1896) ",Geometridae,,Larentiinae,,
2988,Ecliptopera,silaceata,,MONA 7213,"([Denis & Schiffermüller], 1775)",Geometridae,,Larentiinae,,
2989,Dysstroma,citrata,,MONA 7182,"(Linnaeus, 1761)",Geometridae,,Larentiinae,,
2990,Dysstroma,sobria,,MONA 7184,"Swett, 1917",Geometridae,,Larentiinae,,
2992,Dysstroma,truncata,,MONA 7187,"(Hufnagel, 1767)",Geometridae,,Larentiinae,,
3002,Ceratodalia,gueneata,,MONA 7221,"Packard, 1876",Geometridae,,Larentiinae,,
3009,Epirrita,pulchraria,,MONA 7435,"(Taylor, 1907)",Geometridae,,Larentiinae,,
3016,Venusia,pearsalli,,MONA 7429,"(Dyar, 1906) ",Geometridae,,Larentiinae,,
3017,Trichodezia,albovittata,,MONA 7430,"(Guenée, [1858])",Geometridae,,Larentiinae,,
3019,Rheumaptera,hastata,,MONA 7293,"(Linnaeus, 1758)",Geometridae,,Larentiinae,,
3021,Hydria,undulata,,MONA 7291,"(Linnaeus, 1758)",Geometridae,,Larentiinae,,
3022,Triphosa,haesitata,,MONA 7285,"(Guenée, 1858)",Geometridae,,Larentiinae,,
3305,Annaphila,miona,,93-1749,"Smith, 1908",Noctuidae,annaphila-lithosina,Amphipyrinae,,Stiriini
3095,Hemithea,aestivaria,,MONA 7083,"(Hübner, 1799)",Geometridae,,Geometrinae,,
3097,Archiearis,infans,,MONA 6256,"(Möschler, 1862)",Geometridae,,Archiearinae,,
3098,Leucobrephos,brephoides,,MONA 6257,"(Walker, 1857)",Geometridae,,Archiearinae,,
3099,Alsophila,pometaria,,MONA 6258,"(Harris, 1841)",Geometridae,,Ennominae,,
3100,Nematocampa,resistaria,,MONA 7010,"(Herrich-Schäffer, [1855])",Geometridae,,Ennominae,,
3102,Protitame,virginalis,,MONA 6270,"(Hulst, 1900) ",Geometridae,,Ennominae,,
3103,Protitame,subalbaria,,MONA 6266,"(Packard, 1873) ",Geometridae,,Ennominae,,
3104,Eumacaria,madopata,,MONA 6272,"(Guenée, [1858])",Geometridae,,Ennominae,,
3106,Speranza,brunneata,,MONA 6286,"(Thunberg, 1784) ",Geometridae,,Ennominae,,
3107,Speranza,amboflava,,MONA 6284,"(Ferguson, 1953)",Geometridae,,Ennominae,,
3109,Speranza,boreata,,MONA 6287.1,"(Ferguson, 2008)",Geometridae,,Ennominae,,
3111,Speranza,exauspicata,,MONA 6292,"Walker, 1861",Geometridae,,Ennominae,,
3113,Speranza,bitactata,,MONA 6304,"(Walker, 1862) ",Geometridae,,Ennominae,,
3114,Speranza,decorata,,MONA 6306,"(Hulst, 1896) ",Geometridae,,Ennominae,,
3115,Speranza,colata,,MONA 6308,"(Grote, 1881)",Geometridae,,Ennominae,,
3116,Speranza,occiduaria,,MONA 6279,"(Packard, 1874)",Geometridae,,Ennominae,,
3117,Speranza,andersoni,,MONA 6280,"(Swett, 1916) ",Geometridae,,Ennominae,,
3118,Speranza,helena,,MONA 6277,"(Cassino, 1928)",Geometridae,,Ennominae,,
3120,Speranza,simplex,,MONA 6281,"(Dyar, 1907)",Geometridae,,Ennominae,,
3121,Speranza,lorquinaria,,MONA 6324,"(Guenée, [1858])",Geometridae,,Ennominae,,
3122,Speranza,loricaria,,MONA 6290,"(Eversmann, 1837)",Geometridae,,Ennominae,,
3123,Speranza,plumosata,,MONA 6296,"(Barnes & McDunnough, 1917)",Geometridae,,Ennominae,,
3124,Speranza,quadrilinearia,,MONA 6288,"(Packard, 1873) ",Geometridae,,Ennominae,,
3125,Speranza,guenearia,,MONA 6301,"(Packard, 1876)",Geometridae,,Ennominae,,
3126,Epelis,truncataria,,MONA 6321,"(Walker, 1862) ",Geometridae,,Ennominae,,
3128,Macaria,notata,,MONA 6330,"(Linnaeus, 1758 )",Geometridae,,Ennominae,,
3131,Macaria,adonis,,MONA 6338," Barnes & McDunnough, 1918",Geometridae,,Ennominae,,
3140,Digrammia,delectata,,MONA 6374,"(Hulst, 1887) ",Geometridae,,Ennominae,,
3142,Digrammia,denticulata,,MONA 6373,"(Grote, 1883)",Geometridae,,Ennominae,,
3143,Digrammia,nubiculata,,MONA 6371,"(Packard, 1876)",Geometridae,,Ennominae,,
3163,Hesperumia,sulphuraria,,MONA 6431,"Packard, 1873",Geometridae,,Ennominae,,
3166,Neoalcis,californiaria,,MONA 6435,"(Packard, 1871) ",Geometridae,,Ennominae,,
3186,Anavitrinella,pampinaria,,MONA 6590,"(Guenée, [1858])",Geometridae,,Ennominae,,
3190,Protoboarmia,porcelaria,,MONA 6598,"(Guenée, [1858])",Geometridae,,Ennominae,,
3194,Biston,betularia,,MONA 6640,"(Linnaeus, 1758 )",Geometridae,,Ennominae,,
3213,Drepanulatrix,unicalcararia,,MONA 6682,"(Guenée, [1858])",Geometridae,,Ennominae,,
3216,Drepanulatrix,quadraria,,MONA 6685,"(Grote, 1882)",Geometridae,,Ennominae,,
3218,Drepanulatrix,foeminaria,,MONA 6686,"(Guenée, [1858])",Geometridae,,Ennominae,,
3219,Drepanulatrix,carnearia,,MONA 6688,"(Hulst, 1888)",Geometridae,,Ennominae,,
3221,Drepanulatrix,secundaria,,MONA 6690,"Barnes & McDunnough, 1916",Geometridae,,Ennominae,,
3229,Euchlaena,johnsonaria,,MONA 6729,"(Fitch, 1869)",Geometridae,,Ennominae,,
3230,Euchlaena,madusaria,,MONA 6731,"(Walker, 1860)",Geometridae,,Ennominae,,
3232,Euchlaena,tigrinaria,,MONA 6737,"(Guenée, 1858)",Geometridae,,Ennominae,,
3238,Pero,mizon,,MONA 6757,"(Rindge, 1955)",Geometridae,,Ennominae,,
3242,Phaeoura,mexicanaria,,MONA 6766,"(Grote, 1883)",Geometridae,,Ennominae,,
3244,Gabriola,dyari,,MONA 6781,"Taylor, 1904",Geometridae,,Ennominae,,
3246,Campaea,perlata,,MONA 6796,"(Guenée, 1858)",Geometridae,,Ennominae,,
3248,Ennomos,alniaria,,MONA 6797.1,"(Linnaeus, 1758 )",Geometridae,,Ennominae,,
3250,Enypia,packardata,,7007,"Taylor, 1906",Geometridae,,Ennominae,,
3253,Enypia,venata,,7005,"(Grote, 1883)",Geometridae,,Ennominae,,
3260,Tetracis,pallidata,,6960.1,"Ferris, 2009",Geometridae,,Ennominae,,
3262,Tetracis,formosa,,6958,"(Hulst, 1896) ",Geometridae,,Ennominae,,
3263,Tetracis,cervinaria,,6956,"(Packard, 1871) ",Geometridae,,Ennominae,,
3264,Tetracis,pallulata,,6955,"(Hulst, 1887) ",Geometridae,,Ennominae,,
3265,Tetracis,jubararia,,6954,"(Hulst, 1886)",Geometridae,,Ennominae,,
3269,Somatolophia,ectrapelaria,,6945,"(Grossbeck, 1908)",Geometridae,,Ennominae,,
3271,Plataea,n sp,,6926.1,"Shepard, 201X",Geometridae,,Ennominae,,
3272,Plataea,trilinearia,,6926,"(Packard, 1873) ",Geometridae,,Ennominae,,
3273,Plataea,diva,,6925,"Hulst, 1896",Geometridae,,Ennominae,,
3274,Sicya,morsicaria,,6915,"(Hulst, 1886)",Geometridae,,Ennominae,,
3275,Sicya,macularia,,6912,"(Harris, 1850)",Geometridae,,Ennominae,,
3278,Nepytia,umbrosaria,,6899,"(Packard, 1873) ",Geometridae,,Ennominae,,
3283,Caripeta,angustiorata,,6867,"Walker, 1863",Geometridae,,Ennominae,,
3284,Caripeta,aequaliaria,,6865,"Grote, 1883",Geometridae,,Ennominae,,
3296,Metanema,inatomaria,,6819,"Guenée, 1858",Geometridae,,Ennominae,,
3303,Hypenodes,fractilinea,Broken-line Hypenodes Moth,93-0662,"(Smith, 1908)",Erebidae,hypenodes-sombrus,Hypenodinae,,
3304,Hypenodes,sombrus,,93-0662,"(Smith, 1908)",Erebidae,hypenodes-fractilinea,Hypenodinae,,
3342,Arctia,brachyptera,,93-0292,"Troubridge & Lafontaine, 2000",Erebidae,,Arctiinae,,Arctiini
3310,Caripeta,divisata,,,,Geometridae,,Ennominae,,
3311,Catocala,piatrix,Penitent Underwing Moth,93-0762,"Grote, 1864",Erebidae,catocala-neogama,Erebinae,,Catocalini
3312,Tarache,acerba,,93-1368,"(H. Edwards, 1881)",Noctuidae,,Acontiinae,,Acontiini
3313,Lasionycta,staudingeri,,93-2693.1,"(Aurivillius, 1891)",Noctuidae,,Noctuinae,,Eriopygini
3314,Lacinipolia,acutipennis,,93-3042.1,"(Grote, 1880)",Noctuidae,,Noctuinae,,Eriopygini
3315,Lacinipolia,dimocki,,93-3042.3,"Schmidt, 2015",Noctuidae,,Noctuinae,,Eriopygini
3316,Hemieuxoa,rudens,,93-3227,"(Harvey, 1875)",Noctuidae,agrotis-vancouverensis|euxoa-bochus,Noctuinae,,Noctuini
3317,Apantesis,yukona,Yukon Tiger Moth,93-0259,"Schmidt, 2009",Erebidae,apantesis-nevadensis|apantesis-margo,Arctiinae,,Arctiini
3320,Mamestra,curialis,,93-2899,"(Smith, 1888)",Noctuidae,spiramater-lutra|mniotype-tenera,Noctuinae,,Hadenini
3318,Copanarta,sexpunctata,,93-1782,"Barnes & McDunnough, 1916",Noctuidae,sympistis-parvanigra|sympistis-aterrima,Oncocnemidinae,,
3321,Dodia,tarandus,Woodland Tiger Moth,93-0338,"Macaulay & Schmidt, 2009",Erebidae,dodia-albertae,Arctiinae,,Arctiini
3331,Meganola,fuscula,,93-1125,"(Grote, 1881)",Nolidae,,Nolinae,,
3323,Phalaenophana,pyramusalis,Dark-banded Owlet Moth,93-0487,"(Walker, 1859)",Erebidae,,Herminiinae,,
3324,Annaphila,divinula,,93-1747,"Grote, 1878",Noctuidae,,Amphipyrinae,,Stiriini
3325,Amphipoea,interoceanica,Strawberry Cutworm Moth,93-2446,"(Smith, 1899)",Noctuidae,,Noctuinae,,Apameini
3326,Lasionycta,frigida,,93-2985,"Crabo & Lafontaine, 2009",Noctuidae,,Noctuinae,,Eriopygini
3327,Euxoa,pestula,,93-3347,"Smith, 1904",Noctuidae,,Noctuinae,,Noctuini
3328,Arctia,alpina,Arctic Tiger Moth,93-0284,"(Quensel, 1802)",Erebidae,,Arctiinae,,Arctiini
3329,Mesapamea,secalis,Common Rustic Moth,93-2371.1,"(Linnaeus, 1758)",Noctuidae,oligia-tusa|apamea-cogitata|apamea-unanimis|xylomoia-indirecta,Noctuinae,,Apameini
3330,Protolampra,brunneicollis,Brown-collared Dart Moth,93-3649,"(Grote, 1865)",Noctuidae,,Noctuinae,,Noctuini
3332,Dolocucullia,poolei,,93-1540.1,"Crabo & Hammond, 2018",Noctuidae,dolocucullia-dentilinea,Cuculliinae,,
3333,Admetovis,icarus,,93-2924.51,"Crabo & Schmidt, 2018",Noctuidae,admetovis-similaris|admetovis-oxymorus,Noctuinae,,Hadenini
3334,Rhabdorthodes,pattersoni,,93-3115.7,"Crabo, 2018",Noctuidae,orthodes-goodelli|orthodes-obscura|orthodes-noverca,Noctuinae,,Eriopygini
3335,Chrysodeixis,includens,Soybean Looper,93-1170,"(Walker, [1858])",Noctuidae,,Plusiinae,,Argyrogrammatini
3336,Coloradia,doris,Doris' Pinemoth,MONA 7725,"Barnes, 1900",Saturniidae,coloradia-pandora,Hemileucinae,,
3339,Sympistis,astrigata,,93-1922,"(Barnes & McDunnough, 1912)",Noctuidae,sympistis-lacticollis|sympistis-pallidior|sympistis-semicollaris|sympistis-major|tesagrotis-amia,Oncocnemidinae,,
3340,Selicanis,cinereola,Selicanis Moth,93-2512,"Smith, 1900",Noctuidae,protorthodes-curtica|lacinipolia-stricta|plagiomimicus-spumosum,Noctuinae,,Apameini
3341,Lacinipolia,sareta,,93-3042.2,"(Smith, 1906)",Noctuidae,,Noctuinae,,Eriopygini
3343,Scotogramma,harnardi,,93-2851,"Barnes & Benjamin, 1924",Noctuidae,,Noctuinae,,Hadenini
3344,Ulolonche,disticha,,93-3124,"(Morrison, 1875)",Noctuidae,,Noctuinae,,Eriopygini
3346,Euxoa,pimensis,,93-3383,"Barnes & McDunnough, 1910",Noctuidae,,Noctuinae,,Noctuini
2880,Anticlea,vasiliata,,MONA 7329,"Guenée, 1858",Geometridae,,Larentiinae,,
2883,Mesoleuca,gratulata,,MONA 7308,"(Walker, 1862) ",Geometridae,,Larentiinae,,
2889,Spargania,luctuata,,MONA 7313,"([Denis & Schiffermüller], 1775)",Geometridae,,Larentiinae,,
2895,Hydriomena,edenata,,MONA 7232,"Swett, 1909",Geometridae,,Larentiinae,,
2903,Cladara,limitaria,,MONA 7637,"(Walker, 1860)",Geometridae,,Larentiinae,,
2909,Lobophora,nivigerata,,MONA 7640,"Walker, 1862",Geometridae,,Larentiinae,,
2941,Eupithecia,ravocostaliata,,MONA 7605,"Packard, 1876",Geometridae,,Larentiinae,,
2949,Hydriomena,crokeri,,MONA 7247,"Swett, 1910",Geometridae,,Larentiinae,,
2961,Perizoma,curvilinea,,MONA 7324,"(Hulst, 1896) ",Geometridae,,Larentiinae,,
2965,Stamnoctenis,pearsalli,,MONA 7357,"(Swett, 1914)",Geometridae,,Larentiinae,,
2997,Dysstroma,brunneata,,MONA 7194,"(Packard, 1867)",Geometridae,,Larentiinae,,
3062,Idaea,dimidiata,,MONA 7126,"(Hufnagel, 1767)",Geometridae,,Sterrhinae,,
3085,Nemoria,darwiniata,,MONA 7035,"(Dyar, 1904 )",Geometridae,,Geometrinae,,
3191,Melanolophia,imitata,,MONA 6618,"(Walker, 1860)",Geometridae,,Ennominae,,
3201,Phigalia,plumogeraria,,MONA 6661,"(Hulst, 1888)",Geometridae,,Ennominae,,
3239,Pero,behrensaria,,MONA 6760,"(Packard, 1871) ",Geometridae,,Ennominae,,
3277,Nepytia,phantasmaria,,6907,"(Strecker, 1899)",Geometridae,,Ennominae,,
3289,Plagodis,phlogosaria,,6842,"(Guenée, 1858)",Geometridae,,Ennominae,,
3348,Notodonta,ochreata,,93-0015.2,"(Barnes & McDunnough, 1912)",Notodontidae,notodonta-pacifica,Notodontinae,,
3349,Lycomorpha,pholus,Black-and-yellow Lichen Moth,93-0201,"(Drury, 1773)",Erebidae,,Arctiinae,,Lithosiini
3350,Papaipema,unimoda,Meadow Rue Borer,93-2465,"(Smith, 1894)",Noctuidae,papaipema-insulidens|papaipema-limata,Noctuinae,,Apameini
3351,Arctia,lapponica,,93-0285,"(Thunberg, 1791)",Erebidae,,Arctiinae,,Arctiini
3352,Agrochola,lota,Red-line Quaker,93-2615,"(Clerck, 1759)",Noctuidae,orthosia-revicta,Noctuinae,,Xylenini
3356,Apantesis,carlotta,Carlotta\'s Tiger Moth,93-0281,"Ferguson, 1985",Erebidae,,Arctiinae,,Arctiini
3361,Sideridis,artesta,,93-2905,"(Smith, 1903)",Noctuidae,,Noctuinae,,Hadenini
3362,Hadena,circumvadis,,93-2916,"(Smith, 1902)",Noctuidae,,Noctuinae,,Hadenini
3364,Lacinipolia,naevia,,93-3029,"(Smith, 1898)",Noctuidae,,Noctuinae,,Eriopygini
3365,Leucania,phragmitidicola,,93-2943,"Guenée, 1852",Noctuidae,,Noctuinae,,Leucaniini
3366,Anarta,obesula,,93-2836,"(Smith, 1904)",Noctuidae,,Noctuinae,,Hadenini
3368,Pseudeustrotia,carneola,Pink-barred Pseudeustrotia,93-2205,"(Guenée, 1852)",Noctuidae,,,,
3369,Macrochilo,bivittata,Two-striped Owlet,93-0506,"(Grote, 1876)",Erebidae,,,,
3370,Copablepharon,longipenne,Dusky Dune Moth,93-3268,"Grote, 1882",Noctuidae,,Noctuinae,,Noctuini
2679,Egira,aff curialis,,,,Noctuidae,,Noctuinae,,Orthosiini
2722,Schinia,aff verna,,,,Noctuidae,,Heliothinae,,
2725,Resapamea,aff passer,,,,Noctuidae,,Noctuinae,,Apameini
3129,Macaria,aemulataria,,MONA 6326,,Geometridae,,Ennominae,,
3132,Macaria,sexmaculata,,MONA 6343,,Geometridae,,Ennominae,,
3133,Macaria,submarmorata,,MONA 6349.1,,Geometridae,,Ennominae,,
3134,Macaria,marmorata,,MONA 6349.2,,Geometridae,,Ennominae,,
3135,Macaria,signaria,,MONA 6344,,Geometridae,,Ennominae,,
3136,Macaria,unipunctaria,,MONA 6346,,Geometridae,,Ennominae,,
3137,Macaria,oweni,,MONA 6351,,Geometridae,,Ennominae,,
3138,Digrammia,californiaria,,MONA 6380,,Geometridae,,Ennominae,,
3139,Digrammia,sexpunctata,,MONA 6373,,Geometridae,,Ennominae,,
3144,Digrammia,curvata,,MONA 6370,,Geometridae,,Ennominae,,
3148,Digrammia,excurvata,,MONA 6363,,Geometridae,,Ennominae,,
3149,Digrammia,burneyata,,MONA 6376,,Geometridae,,Ennominae,,
3150,Digrammia,modocata,,MONA 6376.1,,Geometridae,,Ennominae,,
3151,Digrammia,muscariata,,MONA 6377,,Geometridae,,Ennominae,,
3152,Digrammia,extenuata,,MONA 6377.1,,Geometridae,,Ennominae,,
3153,Digrammia,rippertaria,,MONA 6394.1,,Geometridae,,Ennominae,,
3154,Digrammia,decorata,,MONA 6389,,Geometridae,,Ennominae,,
3156,Digrammia,subminiata,,MONA 6399,,Geometridae,,Ennominae,,
3157,Digrammia,neptaria,,MONA 6396,,Geometridae,,Ennominae,,
3158,Digrammia,irrorata,,MONA 6395,,Geometridae,,Ennominae,,
3159,Fernaldella,fimetaria,,MONA 6420,,Geometridae,,Ennominae,,
3161,Dasyfidonia,avuncularia,,MONA 6426,,Geometridae,,Ennominae,,
3306,Digrammia,cinereola,,MONA 6363.2,,Geometridae,,Ennominae,,
3307,Digrammia,napensis,,MONA 6366,,Geometridae,,Ennominae,,
3338,Apantesis,bolanderi,,93-0263,,Erebidae,,Arctiinae,,Arctiini
3371,Ianassa,pallida,Pale Prominent Moth,93-0107,"(Strecker, 1899)",Notodontidae,oedemasia-semirufescens,Heterocampinae,,
3372,Coelodasys,unicornis,Unicorn Caterpillar Moth,93-0100,"(J.E. Smith, 1797)",Notodontidae,coelodasys-conspecta,Heterocampinae,,
3373,Coelodasys,conspecta,,93-0100.1,"(Edwards, 1874)",Notodontidae,coelodasys-unicornis,Heterocampinae,,
3374,Oedemasia,semirufescens,Red-washed Prominent Moth,93-0105,"(Walker, 1865)",Notodontidae,oedemasia-salicis|ianassa-pallida,Heterocampinae,,
3375,Oedemasia,salicis,Red-humped Caterpillar Moth,93-0103,"(J.E. Smith, 1797)",Notodontidae,oedemasia-semirufescens,Heterocampinae,,
3376,Cecrita,lunata,,93-0085,"Hy. Edwards, 1884",Notodontidae,notodonta-torva,Heterocampinae,,
3377,Calosaturnia,mendocino,,,"(Behrens, 1876)",Saturniidae,,Saturniinae,,
3378,Drasteria,maculosa,,93-0907,"(Behr, 1870)",Erebidae,drasteria-hudsonica,Erebinae,,Melipotini
3379,Manulea,bicolor,Bicolored Moth,93-0217,"(Grote, 1864)",Erebidae,,Arctiinae,,Lithosiini
3380,Autographa,v-alba,White Y Mark Moth,93-1197,"Ottolengui, 1902",Noctuidae,autographa-speciosa,Plusiinae,,Plusiini
3381,Xestia,c-nigrum,Lesser Black-letter Dart Moth,93-3588,"(Linnaeus, 1758)",Noctuidae,,Noctuinae,,Noctuini
3382,Callopistria,floridensis,,93-2190,"(Guenée, 1852)",Noctuidae,,Eriopinae,,
3383,Clostera,brucei,,93-0008,"(Hy. Edwards, 1885)",Notodontidae,clostera-apicalis|clostera-paraphora|clostera-multnoma,Pygaerinae,,
