species_slug,site,url
abagrotis-apposita,bugguide,https://bugguide.net/node/view/143613
abagrotis-apposita,mpg,https://mothphotographersgroup.msstate.edu/species.php?hodges=11037
abagrotis-baueri,mpg,https://mothphotographersgroup.msstate.edu/species.php?hodges=11028
abagrotis-brunneipennis,mpg,https://mothphotographersgroup.msstate.edu/species.php?hodges=11044
abagrotis-cupida,bugguide,https://bugguide.net/node/view/146915
abagrotis-cupida,mpg,https://mothphotographersgroup.msstate.edu/species.php?hodges=11043
abagrotis-dickeli,mpg,https://mothphotographersgroup.msstate.edu/species.php?hodges=11042.1
abagrotis-discoidalis,mpg,https://mothphotographersgroup.msstate.edu/species.php?hodges=11035
abagrotis-dodi,mpg,https://mothphotographersgroup.msstate.edu/species.php?hodges=11042
abagrotis-duanca,mpg,https://mothphotographersgroup.msstate.edu/species.php?hodges=11039
abagrotis-erratica,bugguide,https://bugguide.net/node/view/479311
abagrotis-erratica,mpg,https://mothphotographersgroup.msstate.edu/species.php?hodges=11013
abagrotis-forbesi,mpg,https://mothphotographersgroup.msstate.edu/species.php?hodges=11029.2
abagrotis-glenni,mpg,https://mothphotographersgroup.msstate.edu/species.php?hodges=11022
abagrotis-hermina,mpg,https://mothphotographersgroup.msstate.edu/species.php?hodges=11030.1
abagrotis-mirabilis,bugguide,https://bugguide.net/node/view/596443
abagrotis-mirabilis,mpg,https://mothphotographersgroup.msstate.edu/species.php?hodges=11019
abagrotis-nanalis,bugguide,https://bugguide.net/node/view/572739
abagrotis-nanalis,mpg,https://mothphotographersgroup.msstate.edu/species.php?hodges=11038
abagrotis-nefascia,mpg,https://mothphotographersgroup.msstate.edu/species.php?hodges=11024
abagrotis-orbis,bugguide,https://bugguide.net/node/view/434325
abagrotis-orbis,mpg,https://mothphotographersgroup.msstate.edu/species.php?hodges=11027
abagrotis-petalama,mpg,https://mothphotographersgroup.msstate.edu/species.php?hodges=11025.1
abagrotis-placida,bugguide,https://bugguide.net/node/view/92472
abagrotis-placida,mpg,https://mothphotographersgroup.msstate.edu/species.php?hodges=11041
abagrotis-pulchrata,bugguide,https://bugguide.net/node/view/657042
abagrotis-pulchrata,mpg,https://mothphotographersgroup.msstate.edu/species.php?hodges=11036
abagrotis-reedi,mpg,https://mothphotographersgroup.msstate.edu/species.php?hodges=11040
abagrotis-rubricundis,mpg,https://mothphotographersgroup.msstate.edu/species.php?hodges=11020
abagrotis-scopeops,bugguide,https://bugguide.net/node/view/496341
abagrotis-scopeops,mpg,https://mothphotographersgroup.msstate.edu/species.php?hodges=11033
abagrotis-striata,mpg,https://mothphotographersgroup.msstate.edu/species.php?hodges=11021
abagrotis-trigona,bugguide,https://bugguide.net/node/view/143612
abagrotis-trigona,mpg,https://mothphotographersgroup.msstate.edu/species.php?hodges=11018
abagrotis-turbulenta,mpg,https://mothphotographersgroup.msstate.edu/species.php?hodges=11030
abagrotis-variata,bugguide,https://bugguide.net/node/view/136444
abagrotis-variata,mpg,https://mothphotographersgroup.msstate.edu/species.php?hodges=11032
abagrotis-vittifrons,mpg,https://mothphotographersgroup.msstate.edu/species.php?hodges=11016
abrostola-urentis,bugguide,https://bugguide.net/node/view/24501
abrostola-urentis,mpg,https://mothphotographersgroup.msstate.edu/species.php?hodges=8881
acerra-normalis,bugguide,https://bugguide.net/node/view/74517
acerra-normalis,mpg,https://mothphotographersgroup.msstate.edu/species.php?hodges=10470
acontia-coquillettii,bugguide,https://bugguide.net/node/view/204892
acontia-coquillettii,mpg,https://mothphotographersgroup.msstate.edu/species.php?hodges=9163
acontia-cretata,bugguide,https://bugguide.net/node/view/130445
acontia-cretata,mpg,https://mothphotographersgroup.msstate.edu/species.php?hodges=9161
acopa-perpallida,bugguide,https://bugguide.net/node/view/464279
acopa-perpallida,mpg,https://mothphotographersgroup.msstate.edu/species.php?hodges=9826
acronicta-americana,bugguide,https://bugguide.net/node/view/505
acronicta-americana,mpg,https://mothphotographersgroup.msstate.edu/species.php?hodges=9200
acronicta-cyanescens,bugguide,https://bugguide.net/node/view/268167
acronicta-cyanescens,mpg,https://mothphotographersgroup.msstate.edu/species.php?hodges=9205.1
acronicta-fragilis,bugguide,https://bugguide.net/node/view/212064
acronicta-fragilis,mpg,https://mothphotographersgroup.msstate.edu/species.php?hodges=9241
acronicta-funeralis,bugguide,https://bugguide.net/node/view/416
acronicta-funeralis,mpg,https://mothphotographersgroup.msstate.edu/species.php?hodges=9221
acronicta-grisea,mpg,https://mothphotographersgroup.msstate.edu/species.php?hodges=9212
acronicta-hasta,bugguide,https://bugguide.net/node/view/401
acronicta-hasta,mpg,https://mothphotographersgroup.msstate.edu/species.php?hodges=9229
acronicta-impleta,mpg,https://mothphotographersgroup.msstate.edu/species.php?hodges=9257
acronicta-impressa,mpg,https://mothphotographersgroup.msstate.edu/species.php?hodges=9261
acronicta-innotata,mpg,https://mothphotographersgroup.msstate.edu/species.php?hodges=9207
acronicta-insita,bugguide,https://bugguide.net/node/view/28953
acronicta-insita,mpg,https://mothphotographersgroup.msstate.edu/species.php?hodges=9202
acronicta-insularis,bugguide,https://bugguide.net/node/view/16761
acronicta-insularis,mpg,https://mothphotographersgroup.msstate.edu/species.php?hodges=9280
acronicta-lanceolaria,bugguide,https://bugguide.net/node/view/610733
acronicta-lanceolaria,mpg,https://mothphotographersgroup.msstate.edu/species.php?hodges=9274
acronicta-lepusculina,mpg,https://mothphotographersgroup.msstate.edu/species.php?hodges=9205
acronicta-lupini,bugguide,https://bugguide.net/node/view/542026
acronicta-lupini,mpg,https://mothphotographersgroup.msstate.edu/species.php?hodges=9275
acronicta-mansueta,bugguide,https://bugguide.net/node/view/1805986
acronicta-mansueta,mpg,https://mothphotographersgroup.msstate.edu/species.php?hodges=9218
acronicta-marmorata,mpg,https://mothphotographersgroup.msstate.edu/species.php?hodges=9256
acronicta-oblinita,bugguide,https://bugguide.net/node/view/3223
acronicta-oblinita,mpg,https://mothphotographersgroup.msstate.edu/species.php?hodges=9272
acronicta-perdita,mpg,https://mothphotographersgroup.msstate.edu/species.php?hodges=9268
acronicta-quadrata,mpg,https://mothphotographersgroup.msstate.edu/species.php?hodges=9224
acronicta-radcliffei,bugguide,https://bugguide.net/node/view/109369
acronicta-radcliffei,mpg,https://mothphotographersgroup.msstate.edu/species.php?hodges=9209
acronicta-strigulata,mpg,https://mothphotographersgroup.msstate.edu/species.php?hodges=9231
acronicta-vulpina,bugguide,https://bugguide.net/node/view/43204
acronicta-vulpina,mpg,https://mothphotographersgroup.msstate.edu/species.php?hodges=9206
actebia-balanitis,mpg,https://mothphotographersgroup.msstate.edu/species.php?hodges=10923
actebia-fennica,bugguide,https://bugguide.net/node/view/411620
actebia-fennica,mpg,https://mothphotographersgroup.msstate.edu/species.php?hodges=10924
adelphagrotis-carissima,mpg,https://mothphotographersgroup.msstate.edu/species.php?hodges=10991.1
adelphagrotis-indeterminata,bugguide,https://bugguide.net/node/view/89579
adelphagrotis-indeterminata,mpg,https://www.mothphotographersgroup.msstate.edu/species.php?hodges=10991
adelphagrotis-stellaris,bugguide,https://bugguide.net/node/view/143610
adelphagrotis-stellaris,mpg,https://mothphotographersgroup.msstate.edu/species.php?hodges=10989
admetovis-icarus,mpg,https://mothphotographersgroup.msstate.edu/species.php?hodges=10269.1
admetovis-oxymorus,mpg,https://mothphotographersgroup.msstate.edu/species.php?hodges=10269
admetovis-similaris,bugguide,https://bugguide.net/node/view/256066
admetovis-similaris,mpg,https://mothphotographersgroup.msstate.edu/species.php?hodges=10270
afotella-cylindrica,mpg,https://mothphotographersgroup.msstate.edu/species.php?hodges=9841
agnorisma-bugrai,bugguide,https://bugguide.net/node/view/239265
agnorisma-bugrai,mpg,https://mothphotographersgroup.msstate.edu/species.php?hodges=10954
agrius-cingulata,bugguide,https://bugguide.net/node/view/3084
agrius-cingulata,mpg,https://mothphotographersgroup.msstate.edu/species.php?hodges=7771
agrochola-lota,bugguide,https://bugguide.net/node/view/1961556
agrochola-lota,mpg,https://mothphotographersgroup.msstate.edu/species.php?hodges=9956
agrochola-pulchella,bugguide,https://bugguide.net/node/view/83558
agrochola-pulchella,mpg,https://mothphotographersgroup.msstate.edu/species.php?hodges=9955
agrochola-purpurea,bugguide,https://bugguide.net/node/view/83559
agrochola-purpurea,mpg,https://mothphotographersgroup.msstate.edu/species.php?hodges=9954
agrotis-antica,bugguide,https://bugguide.net/node/view/606878
agrotis-antica,mpg,https://mothphotographersgroup.msstate.edu/species.php?hodges=10660.1
agrotis-daedalus,mpg,https://mothphotographersgroup.msstate.edu/species.php?hodges=10642
agrotis-gravis,mpg,https://mothphotographersgroup.msstate.edu/species.php?hodges=10653
agrotis-ipsilon,bugguide,https://bugguide.net/node/view/38914
agrotis-ipsilon,mpg,https://mothphotographersgroup.msstate.edu/species.php?hodges=10663
agrotis-longicornis,mpg,https://mothphotographersgroup.msstate.edu/species.php?hodges=10647.1
agrotis-obliqua,mpg,https://mothphotographersgroup.msstate.edu/species.php?hodges=10660
agrotis-orthogonia,mpg,https://mothphotographersgroup.msstate.edu/species.php?hodges=10645
agrotis-ruta,mpg,https://mothphotographersgroup.msstate.edu/species.php?hodges=10647
agrotis-vancouverensis,mpg,https://mothphotographersgroup.msstate.edu/species.php?hodges=10652
agrotis-venerabilis,mpg,https://mothphotographersgroup.msstate.edu/species.php?hodges=10651
agrotis-vetusta,mpg,https://mothphotographersgroup.msstate.edu/species.php?hodges=10641
alastria-chico,bugguide,https://bugguide.net/node/view/351260
alastria-chico,mpg,https://mothphotographersgroup.msstate.edu/species.php?hodges=9522.1
alsophila-pometaria,bamona,https://www.butterfliesandmoths.org/species/Alsophila-pometaria
alsophila-pometaria,bugguide,https://bugguide.net/node/view/35918
alsophila-pometaria,mpg,https://mothphotographersgroup.msstate.edu/species.php?hodges=6258
alypia-langtoni,bugguide,https://bugguide.net/node/view/17520
alypia-langtoni,mpg,https://mothphotographersgroup.msstate.edu/species.php?hodges=9318
alypia-ridingsii,mpg,https://mothphotographersgroup.msstate.edu/species.php?hodges=9319
amphipoea-americana,bugguide,https://bugguide.net/node/view/10644
amphipoea-americana,mpg,https://mothphotographersgroup.msstate.edu/species.php?hodges=9457
amphipoea-interoceanica,bugguide,https://bugguide.net/node/view/10643
amphipoea-interoceanica,mpg,https://mothphotographersgroup.msstate.edu/species.php?hodges=9456
amphipoea-keiferi,mpg,https://mothphotographersgroup.msstate.edu/species.php?hodges=9460
amphipoea-lunata,bugguide,https://bugguide.net/node/view/606872
amphipoea-lunata,mpg,https://mothphotographersgroup.msstate.edu/species.php?hodges=9455
amphipoea-pacifica,bugguide,https://bugguide.net/node/view/605488
amphipoea-pacifica,mpg,https://mothphotographersgroup.msstate.edu/species.php?hodges=9457.1
amphipyra-brunneoatra,mpg,https://mothphotographersgroup.msstate.edu/species.php?hodges=9641
amphipyra-glabella,bugguide,https://bugguide.net/node/view/45579
amphipyra-glabella,mpg,https://mothphotographersgroup.msstate.edu/species.php?hodges=9640
amphipyra-pyramidoides,bugguide,https://bugguide.net/node/view/13299
amphipyra-pyramidoides,mpg,https://mothphotographersgroup.msstate.edu/species.php?hodges=9638
amphipyra-tragopoginis,bugguide,https://bugguide.net/node/view/13301
amphipyra-tragopoginis,mpg,https://mothphotographersgroup.msstate.edu/species.php?hodges=9639
anagrapha-falcifera,bugguide,https://bugguide.net/node/view/40184
anagrapha-falcifera,mpg,https://mothphotographersgroup.msstate.edu/species.php?hodges=8924
anaplectoides-prasina,bugguide,https://bugguide.net/node/view/25450
anaplectoides-prasina,mpg,https://mothphotographersgroup.msstate.edu/species.php?hodges=11000
anaplectoides-pressus,bugguide,https://bugguide.net/node/view/73554
anaplectoides-pressus,mpg,https://mothphotographersgroup.msstate.edu/species.php?hodges=11001
anarta-alta,bugguide,https://bugguide.net/node/view/657273
anarta-alta,mpg,https://mothphotographersgroup.msstate.edu/species.php?hodges=10229
anarta-antica,mpg,https://mothphotographersgroup.msstate.edu/species.php?hodges=10258
anarta-columbica,mpg,https://mothphotographersgroup.msstate.edu/species.php?hodges=10228.1
anarta-crotchii,bugguide,https://bugguide.net/node/view/630893
anarta-crotchii,mpg,https://mothphotographersgroup.msstate.edu/species.php?hodges=10233
anarta-decepta,bugguide,https://bugguide.net/node/view/620053
anarta-decepta,mpg,https://mothphotographersgroup.msstate.edu/species.php?hodges=10259
anarta-edwardsii,mpg,https://mothphotographersgroup.msstate.edu/species.php?hodges=10255
anarta-farnhami,bugguide,https://bugguide.net/node/view/389851
anarta-farnhami,mpg,https://mothphotographersgroup.msstate.edu/species.php?hodges=10232
anarta-fulgora,mpg,https://mothphotographersgroup.msstate.edu/species.php?hodges=10225
anarta-fusculenta,bugguide,https://bugguide.net/node/view/642236
anarta-fusculenta,mpg,https://mothphotographersgroup.msstate.edu/species.php?hodges=10233.1
anarta-hamata,mpg,https://mothphotographersgroup.msstate.edu/species.php?hodges=10227
anarta-inconcinna,mpg,https://mothphotographersgroup.msstate.edu/species.php?hodges=10226
anarta-mutata,bugguide,https://bugguide.net/node/view/169218
anarta-mutata,mpg,https://mothphotographersgroup.msstate.edu/species.php?hodges=10224
anarta-nigrolunata,bugguide,https://bugguide.net/node/view/388273
anarta-nigrolunata,mpg,https://mothphotographersgroup.msstate.edu/species.php?hodges=10327
anarta-oregonica,mpg,https://mothphotographersgroup.msstate.edu/species.php?hodges=10228
anarta-trifolii,bugguide,https://bugguide.net/node/view/34458
anarta-trifolii,mpg,https://mothphotographersgroup.msstate.edu/species.php?hodges=10223
anathix-aggressa,mpg,https://mothphotographersgroup.msstate.edu/species.php?hodges=9963
anathix-puta,bugguide,https://bugguide.net/node/view/309965
anathix-puta,mpg,https://mothphotographersgroup.msstate.edu/species.php?hodges=9962
androloma-maccullochii,bugguide,https://bugguide.net/node/view/186568
androloma-maccullochii,mpg,https://mothphotographersgroup.msstate.edu/species.php?hodges=9321
andropolia-aedon,bugguide,https://bugguide.net/node/view/86843
andropolia-aedon,mpg,https://mothphotographersgroup.msstate.edu/species.php?hodges=9570
andropolia-contacta,bugguide,https://bugguide.net/node/view/219966
andropolia-contacta,mpg,https://mothphotographersgroup.msstate.edu/species.php?hodges=9564
andropolia-diversilineata,bugguide,https://bugguide.net/node/view/611777
andropolia-diversilineata,mpg,https://mothphotographersgroup.msstate.edu/species.php?hodges=9563
andropolia-theodori,bugguide,https://bugguide.net/node/view/268164
andropolia-theodori,mpg,https://mothphotographersgroup.msstate.edu/species.php?hodges=9571
anhimella-contrahens,bugguide,https://bugguide.net/node/view/143580
anhimella-contrahens,mpg,https://mothphotographersgroup.msstate.edu/species.php?hodges=10530
anhimella-pacifica,mpg,https://mothphotographersgroup.msstate.edu/species.php?hodges=10531
anhimella-perbrunnea,bugguide,https://bugguide.net/node/view/106910
anhimella-perbrunnea,mpg,https://mothphotographersgroup.msstate.edu/species.php?hodges=10529
anicla-exuberans,mpg,https://mothphotographersgroup.msstate.edu/species.php?hodges=10905
anicla-tepperi,bugguide,https://bugguide.net/node/view/395479
anicla-tepperi,mpg,https://mothphotographersgroup.msstate.edu/species.php?hodges=10910
annaphila-danistica,mpg,https://mothphotographersgroup.msstate.edu/species.php?hodges=9850
annaphila-decia,mpg,https://mothphotographersgroup.msstate.edu/species.php?hodges=9868
annaphila-depicta,mpg,https://mothphotographersgroup.msstate.edu/species.php?hodges=9866
annaphila-diva,mpg,https://mothphotographersgroup.msstate.edu/species.php?hodges=9869
annaphila-divinula,bugguide,https://bugguide.net/node/view/535768
annaphila-divinula,mpg,https://mothphotographersgroup.msstate.edu/species.php?hodges=9862
annaphila-lithosina,mpg,https://mothphotographersgroup.msstate.edu/species.php?hodges=9863
annaphila-macfarlandi,mpg,https://mothphotographersgroup.msstate.edu/species.php?hodges=9867
annaphila-mera,mpg,https://mothphotographersgroup.msstate.edu/species.php?hodges=9852
annaphila-miona,mpg,https://mothphotographersgroup.msstate.edu/species.php?hodges=9864
antepirrhoe-semiatrata,bamona,https://www.butterfliesandmoths.org/species/Antepirrhoe-semiatrata
antepirrhoe-semiatrata,bugguide,https://bugguide.net/node/view/42352
antepirrhoe-semiatrata,mpg,https://mothphotographersgroup.msstate.edu/species.php?hodges=7210
antheraea-polyphemus,bamona,https://www.butterfliesandmoths.org/species?l=3290
antheraea-polyphemus,bugguide,https://bugguide.net/node/view/427
antheraea-polyphemus,mpg,https://mothphotographersgroup.msstate.edu/species.php?hodges=7757
anticlea-vasiliata,bamona,https://www.butterfliesandmoths.org/species/Anticlea-vasiliata
anticlea-vasiliata,bugguide,https://bugguide.net/node/view/14992
anticlea-vasiliata,mpg,https://mothphotographersgroup.msstate.edu/species.php?hodges=7329
apamea-acera,bugguide,https://bugguide.net/node/view/625380
apamea-acera,mpg,https://mothphotographersgroup.msstate.edu/species.php?hodges=9347
apamea-albina,bugguide,https://bugguide.net/node/view/625380
apamea-albina,mpg,https://mothphotographersgroup.msstate.edu/species.php?hodges=9347
apamea-alia,bugguide,https://bugguide.net/node/view/117922
apamea-alia,mpg,https://mothphotographersgroup.msstate.edu/species.php?hodges=9351
apamea-amputatrix,bugguide,https://bugguide.net/node/view/10545
apamea-amputatrix,mpg,https://mothphotographersgroup.msstate.edu/species.php?hodges=9348
apamea-antennata,bugguide,https://bugguide.net/node/view/143813
apamea-antennata,mpg,https://mothphotographersgroup.msstate.edu/species.php?hodges=9334
apamea-atriclava,bugguide,https://bugguide.net/node/view/500271
apamea-atriclava,mpg,https://mothphotographersgroup.msstate.edu/species.php?hodges=9333.1
apamea-auranticolor,bugguide,https://bugguide.net/node/view/138312
apamea-auranticolor,mpg,https://mothphotographersgroup.msstate.edu/species.php?hodges=9339
apamea-burgessi,mpg,https://mothphotographersgroup.msstate.edu/species.php?hodges=9378
apamea-centralis,bugguide,https://bugguide.net/node/view/722189
apamea-centralis,mpg,https://mothphotographersgroup.msstate.edu/species.php?hodges=9354
apamea-cinefacta,bugguide,https://bugguide.net/node/view/143815
apamea-cinefacta,mpg,https://mothphotographersgroup.msstate.edu/species.php?hodges=9357
apamea-cogitata,bugguide,https://bugguide.net/node/view/35477
apamea-cogitata,mpg,https://mothphotographersgroup.msstate.edu/species.php?hodges=9367.1
apamea-commoda,bugguide,https://bugguide.net/node/view/392301
apamea-commoda,mpg,https://mothphotographersgroup.msstate.edu/species.php?hodges=9359
apamea-contradicta,bugguide,https://bugguide.net/node/view/514744
apamea-contradicta,mpg,https://mothphotographersgroup.msstate.edu/species.php?hodges=9394
apamea-cuculliformis,bugguide,https://bugguide.net/node/view/143814
apamea-cuculliformis,mpg,https://mothphotographersgroup.msstate.edu/species.php?hodges=9325
apamea-devastator,bugguide,https://bugguide.net/node/view/10537
apamea-devastator,mpg,https://mothphotographersgroup.msstate.edu/species.php?hodges=9382
apamea-digitula,bugguide,https://bugguide.net/node/view/626183
apamea-digitula,mpg,https://mothphotographersgroup.msstate.edu/species.php?hodges=9364.1
apamea-impulsa,bugguide,https://bugguide.net/node/view/40722
apamea-impulsa,mpg,https://mothphotographersgroup.msstate.edu/species.php?hodges=9360
apamea-indocilis,bugguide,https://bugguide.net/node/view/714708
apamea-indocilis,mpg,https://mothphotographersgroup.msstate.edu/species.php?hodges=9362
apamea-inficita,bugguide,https://bugguide.net/node/view/396696
apamea-inficita,mpg,https://mothphotographersgroup.msstate.edu/species.php?hodges=9369
apamea-inordinata,bugguide,https://bugguide.net/node/view/554728
apamea-inordinata,mpg,https://mothphotographersgroup.msstate.edu/species.php?hodges=9353
apamea-lignicolora,bugguide,https://bugguide.net/node/view/43325
apamea-lignicolora,mpg,https://mothphotographersgroup.msstate.edu/species.php?hodges=9333
apamea-longula,bugguide,https://bugguide.net/node/view/720926
apamea-longula,mpg,https://mothphotographersgroup.msstate.edu/species.php?hodges=9383
apamea-lutosa,mpg,https://mothphotographersgroup.msstate.edu/species.php?hodges=9372
apamea-maxima,bugguide,https://bugguide.net/node/view/198843
apamea-maxima,mpg,https://mothphotographersgroup.msstate.edu/species.php?hodges=9337
apamea-niveivenosa,bugguide,https://bugguide.net/node/view/218597
apamea-niveivenosa,mpg,https://mothphotographersgroup.msstate.edu/species.php?hodges=9374
apamea-occidens,bugguide,https://bugguide.net/node/view/140074
apamea-occidens,mpg,https://mothphotographersgroup.msstate.edu/species.php?hodges=9346
apamea-plutonia,bugguide,https://bugguide.net/node/view/143817
apamea-plutonia,mpg,https://mothphotographersgroup.msstate.edu/species.php?hodges=9344
apamea-scoparia,bugguide,https://bugguide.net/node/view/89228
apamea-scoparia,mpg,https://mothphotographersgroup.msstate.edu/species.php?hodges=9365
apamea-siskiyou,bugguide,https://bugguide.net/node/view/697590
apamea-siskiyou,mpg,https://mothphotographersgroup.msstate.edu/species.php?hodges=9334.1
apamea-sora,bugguide,https://bugguide.net/node/view/679132
apamea-sora,mpg,https://mothphotographersgroup.msstate.edu/species.php?hodges=9339.1
apamea-sordens,bugguide,https://bugguide.net/node/view/40714
apamea-sordens,mpg,https://mothphotographersgroup.msstate.edu/species.php?hodges=9364
apamea-spaldingi,bugguide,https://bugguide.net/node/view/523568
apamea-spaldingi,mpg,https://mothphotographersgroup.msstate.edu/species.php?hodges=9356
apamea-tahoeensis,mpg,https://mothphotographersgroup.msstate.edu/species.php?hodges=9339.2
apamea-unanimis,bugguide,https://bugguide.net/node/view/10549
apamea-unanimis,mpg,https://mothphotographersgroup.msstate.edu/species.php?hodges=9362.2
apamea-unita,mpg,https://mothphotographersgroup.msstate.edu/species.php?hodges=9355
apamea-vultuosa,bugguide,https://bugguide.net/node/view/194028
apamea-vultuosa,mpg,https://mothphotographersgroup.msstate.edu/species.php?hodges=9341
apamea-zeta,mpg,https://mothphotographersgroup.msstate.edu/species.php?hodges=9385
apantesis-arizoniensis,mpg,https://mothphotographersgroup.msstate.edu/species.php?hodges=8181.1
apantesis-behrii,bugguide,https://bugguide.net/node/view/616864
apantesis-behrii,mpg,https://mothphotographersgroup.msstate.edu/species.php?hodges=8179.3
apantesis-blakei,mpg,https://mothphotographersgroup.msstate.edu/species.php?hodges=8185
apantesis-bolanderi,mpg,https://mothphotographersgroup.msstate.edu/species.php?hodges=8183
apantesis-carlotta,bugguide,https://bugguide.net/node/view/34313
apantesis-carlotta,mpg,https://mothphotographersgroup.msstate.edu/species.php?hodges=8171.1
apantesis-complicata,mpg,https://mothphotographersgroup.msstate.edu/species.php?hodges=8177.2
apantesis-doris,bugguide,https://bugguide.net/node/view/132867
apantesis-doris,mpg,https://mothphotographersgroup.msstate.edu/species.php?hodges=8198
apantesis-edwardsii,bugguide,https://bugguide.net/node/view/421118
apantesis-edwardsii,mpg,https://mothphotographersgroup.msstate.edu/species.php?hodges=8177.1
apantesis-elongata,bugguide,https://bugguide.net/node/view/642238
apantesis-elongata,mpg,https://mothphotographersgroup.msstate.edu/species.php?hodges=8184
apantesis-eureka,mpg,https://mothphotographersgroup.msstate.edu/species.php?hodges=8179.1
apantesis-margo,mpg,https://mothphotographersgroup.msstate.edu/species.php?hodges=8172.1
apantesis-nevadensis,bugguide,https://bugguide.net/node/view/135391
apantesis-nevadensis,mpg,https://mothphotographersgroup.msstate.edu/species.php?hodges=8179
apantesis-obliterata,mpg,https://mothphotographersgroup.msstate.edu/species.php?hodges=8174
apantesis-ornata,bugguide,https://bugguide.net/node/view/50411
apantesis-ornata,mpg,https://mothphotographersgroup.msstate.edu/species.php?hodges=8177
apantesis-parthenice,bugguide,https://bugguide.net/node/view/5907
apantesis-parthenice,mpg,https://mothphotographersgroup.msstate.edu/species.php?hodges=8196
apantesis-quenseli,bugguide,https://bugguide.net/node/view/515442
apantesis-quenseli,mpg,https://mothphotographersgroup.msstate.edu/species.php?hodges=8172
apantesis-speciosa,mpg,https://mothphotographersgroup.msstate.edu/species.php?hodges=8175.1
apantesis-virgo,bugguide,https://bugguide.net/node/view/3068
apantesis-virgo,mpg,https://mothphotographersgroup.msstate.edu/species.php?hodges=8197
apantesis-virguncula,bugguide,https://bugguide.net/node/view/25113
apantesis-virguncula,mpg,https://mothphotographersgroup.msstate.edu/species.php?hodges=8175
apantesis-williamsii,bugguide,https://bugguide.net/node/view/76152
apantesis-williamsii,mpg,https://mothphotographersgroup.msstate.edu/species.php?hodges=8186
apantesis-yukona,mpg,https://mothphotographersgroup.msstate.edu/species.php?hodges=8179.4
aplectoides-condita,bugguide,https://bugguide.net/node/view/314730
aplectoides-condita,mpg,https://mothphotographersgroup.msstate.edu/species.php?hodges=10999
arachnis-citra,bugguide,https://bugguide.net/node/view/103464
arachnis-citra,mpg,https://mothphotographersgroup.msstate.edu/species.php?hodges=8151.1
archiearis-infans,bamona,https://www.butterfliesandmoths.org/species/Archiearis-infans
archiearis-infans,bugguide,https://bugguide.net/node/view/38897
archiearis-infans,mpg,https://mothphotographersgroup.msstate.edu/species.php?hodges=6256
arctia-alpina,bugguide,https://bugguide.net/node/view/2143547
arctia-alpina,mpg,https://mothphotographersgroup.msstate.edu/species.php?hodges=8164
arctia-caja,bugguide,https://bugguide.net/node/view/26615
arctia-caja,mpg,https://mothphotographersgroup.msstate.edu/species.php?hodges=8166
arctia-lapponica,bugguide,https://bugguide.net/node/view/987133
arctia-lapponica,mpg,https://mothphotographersgroup.msstate.edu/species.php?hodges=8165
arctia-opulenta,bugguide,https://bugguide.net/node/view/397215
arctia-opulenta,mpg,https://mothphotographersgroup.msstate.edu/species.php?hodges=8166.1
arctia-parthenos,bugguide,https://bugguide.net/node/view/29651
arctia-parthenos,mpg,https://mothphotographersgroup.msstate.edu/species.php?hodges=8162
arctia-plantaginis,bugguide,https://bugguide.net/node/view/136494
arctia-plantaginis,mpg,https://mothphotographersgroup.msstate.edu/species.php?hodges=8127
arctia-virginalis,bugguide,https://bugguide.net/node/view/25622
arctia-virginalis,mpg,https://mothphotographersgroup.msstate.edu/species.php?hodges=8163
arctia-yarrowii,bugguide,https://bugguide.net/node/view/467705
arctia-yarrowii,mpg,https://mothphotographersgroup.msstate.edu/species.php?hodges=8165.2
ascalapha-odorata,bugguide,https://bugguide.net/node/view/23779
ascalapha-odorata,mpg,https://mothphotographersgroup.msstate.edu/species.php?hodges=8649
aseptis-binotata,bugguide,https://bugguide.net/node/view/134836
aseptis-binotata,mpg,https://mothphotographersgroup.msstate.edu/species.php?hodges=9532
aseptis-characta,mpg,https://mothphotographersgroup.msstate.edu/species.php?hodges=9543
aseptis-ethnica,bugguide,https://bugguide.net/node/view/143824
aseptis-ethnica,mpg,https://mothphotographersgroup.msstate.edu/species.php?hodges=9531
aseptis-fanatica,mpg,https://mothphotographersgroup.msstate.edu/species.php?hodges=9531.1
aseptis-fumosa,bugguide,https://bugguide.net/node/view/245956
aseptis-fumosa,mpg,https://mothphotographersgroup.msstate.edu/species.php?hodges=9527
autographa-ampla,bugguide,https://bugguide.net/node/view/39667
autographa-ampla,mpg,https://mothphotographersgroup.msstate.edu/species.php?hodges=8923
autographa-bimaculata,bugguide,https://bugguide.net/node/view/42772
autographa-bimaculata,mpg,https://mothphotographersgroup.msstate.edu/species.php?hodges=8911
autographa-buraetica,mpg,https://mothphotographersgroup.msstate.edu/species.php?hodges=8913.1
autographa-californica,bugguide,https://bugguide.net/node/view/40188
autographa-californica,mpg,https://mothphotographersgroup.msstate.edu/species.php?hodges=8914
autographa-corusca,bugguide,https://bugguide.net/node/view/135408
autographa-corusca,mpg,https://mothphotographersgroup.msstate.edu/species.php?hodges=8918
autographa-flagellum,bugguide,https://bugguide.net/node/view/669449
autographa-flagellum,mpg,https://mothphotographersgroup.msstate.edu/species.php?hodges=8916
autographa-mappa,bugguide,https://bugguide.net/node/view/199116
autographa-mappa,mpg,https://mothphotographersgroup.msstate.edu/species.php?hodges=8912
autographa-metallica,bugguide,https://bugguide.net/node/view/160449
autographa-metallica,mpg,https://mothphotographersgroup.msstate.edu/species.php?hodges=8917
autographa-pasiphaeia,bugguide,https://bugguide.net/node/view/718960
autographa-pasiphaeia,mpg,https://mothphotographersgroup.msstate.edu/species.php?hodges=8915
autographa-pseudogamma,bugguide,https://bugguide.net/node/view/668616
autographa-pseudogamma,mpg,https://mothphotographersgroup.msstate.edu/species.php?hodges=8913
autographa-rubidus,mpg,https://mothphotographersgroup.msstate.edu/species.php?hodges=8909
autographa-sansoni,mpg,https://mothphotographersgroup.msstate.edu/species.php?hodges=8910
autographa-speciosa,bugguide,https://bugguide.net/node/view/43244
autographa-speciosa,mpg,https://mothphotographersgroup.msstate.edu/species.php?hodges=8919
autographa-v-alba,bugguide,https://bugguide.net/node/view/598690
autographa-v-alba,mpg,https://mothphotographersgroup.msstate.edu/species.php?hodges=8921
axenus-arvalis,mpg,https://mothphotographersgroup.msstate.edu/species.php?hodges=9849
behrensia-conchiformis,mpg,https://mothphotographersgroup.msstate.edu/species.php?hodges=10178
bellura-obliqua,bugguide,https://bugguide.net/node/view/42462
bellura-obliqua,mpg,https://mothphotographersgroup.msstate.edu/large_map.php?hodges=9525
benjaminiola-colorada,mpg,https://mothphotographersgroup.msstate.edu/species.php?hodges=9445
biston-betularia,bamona,https://www.butterfliesandmoths.org/species/Biston-betularia
biston-betularia,bugguide,https://bugguide.net/node/view/19107
biston-betularia,mpg,https://mothphotographersgroup.msstate.edu/species.php?hodges=6640
bleptina-caradrinalis,bugguide,https://bugguide.net/node/view/15091
bleptina-caradrinalis,mpg,https://mothphotographersgroup.msstate.edu/species.php?hodges=8370
brachylomia-algens,mpg,https://mothphotographersgroup.msstate.edu/species.php?hodges=9998
brachylomia-discinigra,bugguide,https://bugguide.net/node/view/10635
brachylomia-discinigra,mpg,https://mothphotographersgroup.msstate.edu/species.php?hodges=9999
brachylomia-discolor,bugguide,https://bugguide.net/node/view/307927
brachylomia-discolor,mpg,https://mothphotographersgroup.msstate.edu/species.php?hodges=10001
brachylomia-elda,bugguide,https://bugguide.net/node/view/605429
brachylomia-elda,mpg,https://mothphotographersgroup.msstate.edu/species.php?hodges=9994
brachylomia-rectifascia,bugguide,https://bugguide.net/node/view/134592
brachylomia-rectifascia,mpg,https://mothphotographersgroup.msstate.edu/species.php?hodges=9995
brachylomia-thula,bugguide,https://bugguide.net/node/view/245957
brachylomia-thula,mpg,https://mothphotographersgroup.msstate.edu/species.php?hodges=9997
bruceia-pulverina,bugguide,https://bugguide.net/node/view/602405
bruceia-pulverina,mpg,https://mothphotographersgroup.msstate.edu/species.php?hodges=8094
bulia-deducta,bugguide,https://bugguide.net/node/view/73233
bulia-deducta,mpg,https://mothphotographersgroup.msstate.edu/species.php?hodges=8614
caenurgina-annexa,bugguide,https://bugguide.net/node/view/608706
caenurgina-annexa,mpg,https://mothphotographersgroup.msstate.edu/species.php?hodges=8735
caenurgina-caerulea,bugguide,https://bugguide.net/node/view/113963
caenurgina-caerulea,mpg,https://mothphotographersgroup.msstate.edu/species.php?hodges=8736
caenurgina-crassiuscula,bugguide,https://bugguide.net/node/view/9680
caenurgina-crassiuscula,mpg,https://mothphotographersgroup.msstate.edu/species.php?hodges=8738
caenurgina-erechtea,bugguide,https://bugguide.net/node/view/9681
caenurgina-erechtea,mpg,https://mothphotographersgroup.msstate.edu/species.php?hodges=8739
callizzia-amorata,bugguide,https://bugguide.net/node/view/42485
callizzia-amorata,mpg,https://mothphotographersgroup.msstate.edu/species.php?hodges=7650
callopistria-floridensis,bugguide,https://bugguide.net/node/view/3965
callopistria-floridensis,mpg,https://mothphotographersgroup.msstate.edu/species.php?phylo=932190
calophasia-lunula,bugguide,https://bugguide.net/node/view/18048
calophasia-lunula,mpg,https://mothphotographersgroup.msstate.edu/species.php?hodges=10177
calosaturnia-mendocino,bugguide,https://bugguide.net/node/view/375744
calosaturnia-mendocino,mpg,https://mothphotographersgroup.msstate.edu/species.php?hodges=7751
caradrina-atrostriga,mpg,https://mothphotographersgroup.msstate.edu/species.php?hodges=9659
caradrina-camina,mpg,https://mothphotographersgroup.msstate.edu/species.php?hodges=9655
caradrina-meralis,bugguide,https://bugguide.net/node/view/10783
caradrina-meralis,mpg,https://mothphotographersgroup.msstate.edu/species.php?hodges=9654
caradrina-montana,bugguide,https://bugguide.net/node/view/78222
caradrina-montana,mpg,https://mothphotographersgroup.msstate.edu/species.php?hodges=9657
caradrina-morpheus,bugguide,https://bugguide.net/node/view/30821
caradrina-morpheus,mpg,https://mothphotographersgroup.msstate.edu/species.php?hodges=9653
caripeta-aequaliaria,bamona,https://www.butterfliesandmoths.org/species/Caripeta-aequaliaria
caripeta-aequaliaria,bugguide,https://bugguide.net/node/view/43056
caripeta-aequaliaria,mpg,https://mothphotographersgroup.msstate.edu/species.php?hodges=6865
caripeta-angustiorata,bamona,https://www.butterfliesandmoths.org/species/Caripeta-angustiorata
caripeta-angustiorata,bugguide,https://bugguide.net/node/view/39761
caripeta-angustiorata,mpg,https://mothphotographersgroup.msstate.edu/species.php?hodges=6867
catabena-lineolata,bugguide,https://bugguide.net/node/view/169892
catabena-lineolata,mpg,https://mothphotographersgroup.msstate.edu/species.php?hodges=10033
catocala-aholibah,bugguide,https://bugguide.net/node/view/69572
catocala-aholibah,mpg,https://mothphotographersgroup.msstate.edu/species.php?hodges=8800
catocala-amatrix,bugguide,https://bugguide.net/node/view/29697
catocala-amatrix,mpg,https://mothphotographersgroup.msstate.edu/species.php?hodges=8834
catocala-briseis,mpg,https://mothphotographersgroup.msstate.edu/species.php?hodges=8817
catocala-californica,mpg,https://mothphotographersgroup.msstate.edu/species.php?hodges=8814
catocala-chelidonia,bugguide,https://bugguide.net/node/view/534829
catocala-chelidonia,mpg,https://mothphotographersgroup.msstate.edu/species.php?hodges=8838
catocala-faustina,bugguide,https://bugguide.net/node/view/700261
catocala-faustina,mpg,https://mothphotographersgroup.msstate.edu/species.php?hodges=8811
catocala-grotiana,bugguide,https://bugguide.net/node/view/515944
catocala-grotiana,mpg,https://mothphotographersgroup.msstate.edu/species.php?hodges=8818
catocala-hermia,bugguide,https://bugguide.net/node/view/440158
catocala-hermia,mpg,https://mothphotographersgroup.msstate.edu/species.php?hodges=8812
catocala-ilia,bugguide,https://bugguide.net/node/view/24507
catocala-ilia,mpg,https://mothphotographersgroup.msstate.edu/species.php?hodges=8801
catocala-irene,mpg,https://mothphotographersgroup.msstate.edu/species.php?hodges=8807
catocala-junctura,bugguide,https://bugguide.net/node/view/135468
catocala-junctura,mpg,https://mothphotographersgroup.msstate.edu/species.php?hodges=8829
catocala-meskei,bugguide,https://bugguide.net/node/view/31089
catocala-meskei,mpg,https://mothphotographersgroup.msstate.edu/species.php?hodges=8822
catocala-neogama,bugguide,https://bugguide.net/node/view/30844
catocala-neogama,mpg,https://mothphotographersgroup.msstate.edu/species.php?hodges=8798
catocala-ophelia,bugguide,https://bugguide.net/node/view/353613
catocala-ophelia,mpg,https://mothphotographersgroup.msstate.edu/species.php?hodges=8854
catocala-relicta,bugguide,https://bugguide.net/node/view/6150
catocala-relicta,mpg,https://mothphotographersgroup.msstate.edu/species.php?hodges=8803
catocala-semirelicta,bugguide,https://bugguide.net/node/view/42263
catocala-semirelicta,mpg,https://mothphotographersgroup.msstate.edu/species.php?hodges=8821
catocala-ultronia,bugguide,https://bugguide.net/node/view/11871
catocala-ultronia,mpg,https://mothphotographersgroup.msstate.edu/species.php?hodges=8857
catocala-unijuga,bugguide,https://bugguide.net/node/view/31037
catocala-unijuga,mpg,https://mothphotographersgroup.msstate.edu/species.php?hodges=8805
catocala-verrilliana,bugguide,https://bugguide.net/node/view/157856
catocala-verrilliana,mpg,https://mothphotographersgroup.msstate.edu/species.php?hodges=8852
cecrita-lunata,bugguide,https://bugguide.net/node/view/602403
cecrita-lunata,mpg,https://mothphotographersgroup.msstate.edu/species.php?hodges=7993
ceranemota-crumbi,mpg,https://mothphotographersgroup.msstate.edu/species.php?hodges=6244
ceranemota-fasciata,bugguide,https://bugguide.net/node/view/339594
ceranemota-fasciata,mpg,https://mothphotographersgroup.msstate.edu/species.php?hodges=6243
ceranemota-improvisa,bugguide,https://bugguide.net/node/view/166788
ceranemota-improvisa,mpg,https://mothphotographersgroup.msstate.edu/species.php?hodges=6242
ceranemota-tearlei,bugguide,https://bugguide.net/node/view/395094
ceranemota-tearlei,mpg,https://mothphotographersgroup.msstate.edu/species.php?hodges=6246
cerastis-enigmatica,mpg,https://mothphotographersgroup.msstate.edu/species.php?hodges=10995.2
cerastis-gloriosa,mpg,https://mothphotographersgroup.msstate.edu/species.php?hodges=10995.3
cerastis-salicarum,bugguide,https://bugguide.net/node/view/15166
cerastis-salicarum,mpg,https://mothphotographersgroup.msstate.edu/species.php?hodges=10996
ceratodalia-gueneata,bamona,https://www.butterfliesandmoths.org/species/Ceratodalia-gueneata
ceratodalia-gueneata,bugguide,https://bugguide.net/node/view/132541
ceratodalia-gueneata,mpg,https://mothphotographersgroup.msstate.edu/species.php?hodges=7221
ceratomia-amyntor,bugguide,https://bugguide.net/node/view/3741
ceratomia-amyntor,mpg,https://mothphotographersgroup.msstate.edu/species.php?hodges=7786
ceratomia-undulosa,bugguide,https://bugguide.net/node/view/3749
ceratomia-undulosa,mpg,https://mothphotographersgroup.msstate.edu/species.php?hodges=7787
chelis-beanii,mpg,https://mothphotographersgroup.msstate.edu/species.php?hodges=8160
chelis-brucei,mpg,https://mothphotographersgroup.msstate.edu/species.php?hodges=8159
chelis-sordida,mpg,https://mothphotographersgroup.msstate.edu/species.php?hodges=8161
chersotis-juncta,bugguide,https://bugguide.net/node/view/397994
chersotis-juncta,mpg,https://mothphotographersgroup.msstate.edu/species.php?hodges=11003
chloridea-virescens,bugguide,https://bugguide.net/node/view/6318
chloridea-virescens,mpg,https://mothphotographersgroup.msstate.edu/species.php?hodges=11071
chrysodeixis-includens,bugguide,https://bugguide.net/node/view/7595
chrysodeixis-includens,mpg,https://mothphotographersgroup.msstate.edu/species.php?hodges=8890
chytolita-morbidalis,bugguide,https://bugguide.net/node/view/10236
chytolita-morbidalis,mpg,https://mothphotographersgroup.msstate.edu/species.php?hodges=8356
chytonix-palliatricula,bugguide,https://bugguide.net/node/view/3839
chytonix-palliatricula,mpg,https://mothphotographersgroup.msstate.edu/species.php?hodges=9556
cisseps-fulvicollis,bugguide,https://bugguide.net/node/view/447
cisseps-fulvicollis,mpg,https://mothphotographersgroup.msstate.edu/species.php?hodges=8267
cissusa-indiscreta,bugguide,https://bugguide.net/node/view/161940
cissusa-indiscreta,mpg,https://mothphotographersgroup.msstate.edu/species.php?hodges=8594
cisthene-barnesii,mpg,https://mothphotographersgroup.msstate.edu/species.php?hodges=8074
cladara-limitaria,bamona,https://www.butterfliesandmoths.org/species/Cladara-limitaria
cladara-limitaria,bugguide,https://bugguide.net/node/view/13449
cladara-limitaria,mpg,https://mothphotographersgroup.msstate.edu/species.php?hodges=7637
clemensia-umbrata,mpg,https://mothphotographersgroup.msstate.edu/species.php?hodges=8098
clostera-albosigma,bugguide,https://bugguide.net/node/view/25099
clostera-albosigma,mpg,https://mothphotographersgroup.msstate.edu/species.php?hodges=7895
clostera-multnoma,mpg,https://mothphotographersgroup.msstate.edu/species.php?hodges=7900.1
clostera-paraphora,bugguide,https://bugguide.net/node/view/160169/bgimage
clostera-paraphora,mpg,https://mothphotographersgroup.msstate.edu/species.php?hodges=7899
clostera-strigosa,bugguide,https://bugguide.net/node/view/70281
clostera-strigosa,mpg,https://mothphotographersgroup.msstate.edu/species.php?hodges=7898
coelodasys-conspecta,bugguide,https://bugguide.net/node/view/2099695
coelodasys-conspecta,mpg,https://mothphotographersgroup.msstate.edu/species.php?hodges=8007.1
coelodasys-unicornis,bugguide,https://bugguide.net/node/view/28015
coelodasys-unicornis,mpg,https://mothphotographersgroup.msstate.edu/species.php?hodges=8007
coenophila-opacifrons,mpg,https://mothphotographersgroup.msstate.edu/species.php?hodges=10988
colocasia-propinquilinea,bugguide,https://bugguide.net/node/view/88878
colocasia-propinquilinea,mpg,https://mothphotographersgroup.msstate.edu/species.php?hodges=9185
coloradia-doris,bugguide,https://bugguide.net/node/view/422305
coloradia-doris,mpg,https://mothphotographersgroup.msstate.edu/species.php?hodges=7725
coloradia-pandora,bamona,https://www.butterfliesandmoths.org/species/Coloradia-pandora
coloradia-pandora,bugguide,https://bugguide.net/node/view/601339
coloradia-pandora,mpg,https://mothphotographersgroup.msstate.edu/species.php?hodges=7724
condica-albolabes,bugguide,https://bugguide.net/node/view/462710
condica-albolabes,mpg,https://mothphotographersgroup.msstate.edu/species.php?hodges=9695
condica-discistriga,mpg,https://mothphotographersgroup.msstate.edu/species.php?hodges=9692
copablepharon-absidum,mpg,https://mothphotographersgroup.msstate.edu/species.php?hodges=10690
copablepharon-atrinotum,mpg,https://mothphotographersgroup.msstate.edu/species.php?hodges=10690.2
copablepharon-canariana,bugguide,https://bugguide.net/node/view/610796
copablepharon-canariana,mpg,https://mothphotographersgroup.msstate.edu/species.php?hodges=10682
copablepharon-columbia,mpg,https://mothphotographersgroup.msstate.edu/species.php?hodges=10686.4
copablepharon-fuscum,mpg,https://mothphotographersgroup.msstate.edu/species.php?hodges=10690.1
copablepharon-grandis,mpg,https://mothphotographersgroup.msstate.edu/species.php?hodges=10681
copablepharon-mutans,mpg,https://mothphotographersgroup.msstate.edu/species.php?hodges=10686.3
copablepharon-spiritum,mpg,https://mothphotographersgroup.msstate.edu/species.php?hodges=10693.1
copablepharon-viridisparsa,bugguide,https://bugguide.net/node/view/610801
copablepharon-viridisparsa,mpg,https://mothphotographersgroup.msstate.edu/species.php?hodges=10687
copanarta-sexpunctata,bugguide,https://bugguide.net/node/view/119271
copanarta-sexpunctata,mpg,https://mothphotographersgroup.msstate.edu/species.php?hodges=10168
coranarta-luteola,bugguide,https://bugguide.net/node/view/261441
coranarta-luteola,mpg,https://mothphotographersgroup.msstate.edu/species.php?hodges=10332
coranarta-macrostigma,mpg,https://mothphotographersgroup.msstate.edu/species.php?hodges=10332.1
cosmia-calami,bugguide,https://bugguide.net/node/view/36500
cosmia-calami,mpg,https://mothphotographersgroup.msstate.edu/species.php?hodges=9815
cosmia-elisae,bugguide,https://bugguide.net/node/view/89314
cosmia-elisae,mpg,https://mothphotographersgroup.msstate.edu/species.php?hodges=9814.1
cosmia-praeacuta,bugguide,https://bugguide.net/node/view/89360
cosmia-praeacuta,mpg,https://mothphotographersgroup.msstate.edu/species.php?hodges=9814
crambidia-casta,bugguide,https://bugguide.net/node/view/224156
crambidia-casta,mpg,https://mothphotographersgroup.msstate.edu/species.php?hodges=8051
crambidia-cephalica,bugguide,https://bugguide.net/node/view/224441
crambidia-cephalica,mpg,https://mothphotographersgroup.msstate.edu/species.php?hodges=8053
cryphia-cuerva,bugguide,https://bugguide.net/node/view/88858
cryphia-cuerva,mpg,https://mothphotographersgroup.msstate.edu/species.php?hodges=9292
cryphia-olivacea,bugguide,https://bugguide.net/node/view/548991
cryphia-olivacea,mpg,https://mothphotographersgroup.msstate.edu/species.php?hodges=9287
cryptocala-acadiensis,bugguide,https://bugguide.net/node/view/33858
cryptocala-acadiensis,mpg,https://mothphotographersgroup.msstate.edu/species.php?hodges=11012
ctenucha-rubroscapus,bugguide,https://bugguide.net/node/view/670861
ctenucha-rubroscapus,mpg,https://mothphotographersgroup.msstate.edu/species.php?hodges=8264
ctenucha-virginica,bugguide,https://bugguide.net/node/view/7773
ctenucha-virginica,mpg,https://mothphotographersgroup.msstate.edu/species.php?hodges=8262
cucullia-antipoda,bugguide,https://bugguide.net/node/view/135505
cucullia-antipoda,mpg,https://mothphotographersgroup.msstate.edu/species.php?hodges=10206
cucullia-basipuncta,mpg,https://mothphotographersgroup.msstate.edu/species.php?hodges=10207
cucullia-dorsalis,bugguide,https://bugguide.net/node/view/554046
cucullia-dorsalis,mpg,https://mothphotographersgroup.msstate.edu/species.php?hodges=10190.2
cucullia-eulepis,bugguide,https://bugguide.net/node/view/580503
cucullia-eulepis,mpg,https://mothphotographersgroup.msstate.edu/species.php?hodges=10209
cucullia-eurekae,mpg,https://mothphotographersgroup.msstate.edu/species.php?hodges=10206.1
cucullia-florea,mpg,https://mothphotographersgroup.msstate.edu/species.php?hodges=10197
cucullia-intermedia,mpg,https://mothphotographersgroup.msstate.edu/species.php?hodges=10194
cucullia-luna,mpg,https://mothphotographersgroup.msstate.edu/species.php?hodges=10205
cucullia-mcdunnoughi,bugguide,https://bugguide.net/node/view/344130
cucullia-mcdunnoughi,mpg,https://mothphotographersgroup.msstate.edu/species.php?hodges=10208
cucullia-montanae,bugguide,https://bugguide.net/node/view/206301
cucullia-montanae,mpg,https://mothphotographersgroup.msstate.edu/species.php?hodges=10201
cucullia-omissa,bugguide,https://bugguide.net/node/view/602469
cucullia-omissa,mpg,https://mothphotographersgroup.msstate.edu/species.php?hodges=10199
cucullia-postera,bugguide,https://bugguide.net/node/view/496421
cucullia-postera,mpg,https://mothphotographersgroup.msstate.edu/species.php?hodges=10198
cucullia-pulla,mpg,https://mothphotographersgroup.msstate.edu/species.php?hodges=10180
cucullia-serraticornis,mpg,https://mothphotographersgroup.msstate.edu/species.php?hodges=10184
cucullia-similaris,mpg,https://mothphotographersgroup.msstate.edu/species.php?hodges=10195
cucullia-speyeri,mpg,https://mothphotographersgroup.msstate.edu/species.php?hodges=10190
cucullia-strigata,bugguide,https://bugguide.net/node/view/53358
cucullia-strigata,mpg,https://mothphotographersgroup.msstate.edu/species.php?hodges=10183
cycnia-oregonensis,bugguide,https://bugguide.net/node/view/24489
cycnia-oregonensis,mpg,https://mothphotographersgroup.msstate.edu/species.php?hodges=8231
cycnia-tenera,bugguide,https://bugguide.net/node/view/3063
cycnia-tenera,mpg,https://mothphotographersgroup.msstate.edu/species.php?hodges=8230
darapsa-choerilus,bamona,https://www.butterfliesandmoths.org/species/Darapsa-choerilus-(pholus)
darapsa-choerilus,bugguide,https://bugguide.net/node/view/3566
darapsa-choerilus,mpg,https://mothphotographersgroup.msstate.edu/species.php?hodges=7886
dargida-diffusa,bugguide,https://bugguide.net/node/view/26170
dargida-diffusa,mpg,https://mothphotographersgroup.msstate.edu/species.php?hodges=10431
dargida-procinctus,mpg,https://mothphotographersgroup.msstate.edu/species.php?hodges=10428
dasychira-grisefacta,bugguide,https://bugguide.net/node/view/70154
dasychira-grisefacta,mpg,https://mothphotographersgroup.msstate.edu/species.php?hodges=8306
dasychira-plagiata,mpg,https://mothphotographersgroup.msstate.edu/species.php?hodges=8304
dasychira-vagans,bugguide,https://bugguide.net/node/view/43242
dasychira-vagans,mpg,https://mothphotographersgroup.msstate.edu/species.php?hodges=8294
dasyfidonia-avuncularia,bamona,https://www.butterfliesandmoths.org/species/Dasyfidonia-avuncularia
dasyfidonia-avuncularia,bugguide,https://bugguide.net/node/view/57190
dasyfidonia-avuncularia,mpg,https://mothphotographersgroup.msstate.edu/species.php?hodges=6426
datana-californica,bugguide,https://bugguide.net/node/view/1650446
datana-californica,mpg,https://mothphotographersgroup.msstate.edu/species.php?hodges=7902.1
deilephila-elpenor,bugguide,https://bugguide.net/node/view/553254
deilephila-elpenor,mpg,https://mothphotographersgroup.msstate.edu/species.php?hodges=7894.1
deltote-bellicula,bugguide,https://bugguide.net/node/view/27287
deltote-bellicula,mpg,https://mothphotographersgroup.msstate.edu/species.php?hodges=9046
diachrysia-aereoides,bugguide,https://bugguide.net/node/view/39133
diachrysia-aereoides,mpg,https://mothphotographersgroup.msstate.edu/species.php?hodges=8896
diarsia-calgary,mpg,https://mothphotographersgroup.msstate.edu/species.php?hodges=10916
diarsia-dislocata,mpg,https://mothphotographersgroup.msstate.edu/species.php?hodges=10918
diarsia-esurialis,bugguide,https://bugguide.net/node/view/117938
diarsia-esurialis,mpg,https://mothphotographersgroup.msstate.edu/species.php?hodges=10920
diarsia-rosaria,bugguide,https://bugguide.net/node/view/143608
diarsia-rosaria,mpg,https://mothphotographersgroup.msstate.edu/species.php?hodges=10921
diarsia-rubifera,mpg,https://mothphotographersgroup.msstate.edu/species.php?hodges=10917
dichagyris-grotei,bugguide,https://bugguide.net/node/view/328983
dichagyris-grotei,mpg,https://mothphotographersgroup.msstate.edu/species.php?hodges=10869
dichagyris-variabilis,bugguide,https://bugguide.net/node/view/143548
dichagyris-variabilis,mpg,https://mothphotographersgroup.msstate.edu/species.php?hodges=10889
digrammia-burneyata,bugguide,https://bugguide.net/node/view/387707
digrammia-burneyata,mpg,https://mothphotographersgroup.msstate.edu/species.php?hodges=6376
digrammia-californiaria,bamona,https://www.butterfliesandmoths.org/species/Digrammia-californiaria
digrammia-californiaria,bugguide,https://bugguide.net/node/view/165450
digrammia-californiaria,mpg,https://mothphotographersgroup.msstate.edu/species.php?hodges=6380
digrammia-cinereola,bugguide,https://bugguide.net/node/view/383326
digrammia-cinereola,mpg,https://mothphotographersgroup.msstate.edu/species.php?hodges=6387.1
digrammia-curvata,bamona,https://www.butterfliesandmoths.org/species/Digrammia-curvata
digrammia-curvata,bugguide,https://bugguide.net/node/view/69566
digrammia-curvata,mpg,https://mothphotographersgroup.msstate.edu/species.php?hodges=6370
digrammia-decorata,bamona,https://www.butterfliesandmoths.org/species/Digrammia-decorata
digrammia-decorata,bugguide,https://bugguide.net/node/view/167954
digrammia-decorata,mpg,https://mothphotographersgroup.msstate.edu/species.php?hodges=6389
digrammia-delectata,bamona,https://www.butterfliesandmoths.org/species/Digrammia-delectata
digrammia-delectata,mpg,https://mothphotographersgroup.msstate.edu/species.php?hodges=6374
digrammia-denticulata,bamona,https://www.butterfliesandmoths.org/species/Digrammia-denticulata
digrammia-denticulata,bugguide,https://bugguide.net/node/view/226068
digrammia-denticulata,mpg,https://mothphotographersgroup.msstate.edu/species.php?hodges=6373
digrammia-excurvata,bamona,https://www.butterfliesandmoths.org/species/Digrammia-excurvata
digrammia-excurvata,bugguide,https://bugguide.net/node/view/346607
digrammia-excurvata,mpg,https://mothphotographersgroup.msstate.edu/species.php?hodges=6363
digrammia-extenuata,mpg,https://mothphotographersgroup.msstate.edu/species.php?hodges=6377.1
digrammia-irrorata,bamona,https://www.butterfliesandmoths.org/species/Digrammia-irrorata
digrammia-irrorata,bugguide,https://bugguide.net/node/view/45494
digrammia-irrorata,mpg,https://mothphotographersgroup.msstate.edu/species.php?hodges=6395
digrammia-modocata,mpg,https://mothphotographersgroup.msstate.edu/species.php?hodges=6368.1
digrammia-muscariata,bugguide,https://bugguide.net/node/view/113968
digrammia-muscariata,mpg,https://mothphotographersgroup.msstate.edu/species.php?hodges=6377
digrammia-napensis,bamona,https://www.butterfliesandmoths.org/species/Digrammia-pertinata
digrammia-napensis,mpg,https://mothphotographersgroup.msstate.edu/species.php?hodges=6365
digrammia-neptaria,bamona,https://www.butterfliesandmoths.org/species/Digrammia-neptaria
digrammia-neptaria,bugguide,https://bugguide.net/node/view/39643
digrammia-neptaria,mpg,https://mothphotographersgroup.msstate.edu/species.php?hodges=6396
digrammia-nubiculata,bamona,https://www.butterfliesandmoths.org/species/Digrammia-nubiculata
digrammia-nubiculata,bugguide,https://bugguide.net/node/view/602207
digrammia-nubiculata,mpg,https://mothphotographersgroup.msstate.edu/species.php?hodges=6371
digrammia-rippertaria,bamona,https://www.butterfliesandmoths.org/species/Digrammia-rippertaria
digrammia-rippertaria,bugguide,https://bugguide.net/node/view/557090
digrammia-rippertaria,mpg,https://mothphotographersgroup.msstate.edu/species.php?hodges=6394
digrammia-sexpunctata,bugguide,https://bugguide.net/node/view/383326
digrammia-sexpunctata,mpg,https://mothphotographersgroup.msstate.edu/species.php?hodges=6387.1
digrammia-subminiata,bamona,https://www.butterfliesandmoths.org/species/Digrammia-subminiata
digrammia-subminiata,bugguide,https://bugguide.net/node/view/26081
digrammia-subminiata,mpg,https://mothphotographersgroup.msstate.edu/species.php?hodges=6399
dodia-albertae,mpg,https://mothphotographersgroup.msstate.edu/large_map.php?hodges=8128
dodia-tarandus,mpg,https://mothphotographersgroup.msstate.edu/species.php?hodges=8128.3
dolocucullia-dentilinea,bugguide,https://bugguide.net/node/view/198830
dolocucullia-dentilinea,mpg,https://mothphotographersgroup.msstate.edu/species.php?hodges=10188
dolocucullia-poolei,bugguide,https://bugguide.net/node/view/1610585
dolocucullia-poolei,mpg,https://mothphotographersgroup.msstate.edu/species.php?hodges=10188.1
drasteria-adumbrata,bugguide,https://bugguide.net/node/view/50514
drasteria-adumbrata,mpg,https://mothphotographersgroup.msstate.edu/species.php?hodges=8636
drasteria-divergens,bugguide,https://bugguide.net/node/view/134003
drasteria-divergens,mpg,https://mothphotographersgroup.msstate.edu/species.php?hodges=8630
drasteria-edwardsii,bugguide,https://bugguide.net/node/view/138545
drasteria-edwardsii,mpg,https://mothphotographersgroup.msstate.edu/species.php?hodges=8627
drasteria-hastingsii,mpg,https://mothphotographersgroup.msstate.edu/species.php?hodges=8616.1
drasteria-howlandii,bugguide,https://bugguide.net/node/view/310310
drasteria-howlandii,mpg,https://mothphotographersgroup.msstate.edu/species.php?hodges=8639
drasteria-hudsonica,bugguide,https://bugguide.net/node/view/50011
drasteria-hudsonica,mpg,https://mothphotographersgroup.msstate.edu/species.php?hodges=8632
drasteria-inepta,bugguide,https://bugguide.net/node/view/147269
drasteria-inepta,mpg,https://mothphotographersgroup.msstate.edu/species.php?hodges=8622
drasteria-maculosa,mpg,https://mothphotographersgroup.msstate.edu/species.php?hodges=8634
drasteria-mirifica,bugguide,https://bugguide.net/node/view/122551
drasteria-mirifica,mpg,https://mothphotographersgroup.msstate.edu/species.php?hodges=8616
drasteria-ochracea,bugguide,https://bugguide.net/node/view/105200
drasteria-ochracea,mpg,https://mothphotographersgroup.msstate.edu/species.php?hodges=8626
drasteria-pallescens,bugguide,https://bugguide.net/node/view/51996
drasteria-pallescens,mpg,https://mothphotographersgroup.msstate.edu/species.php?hodges=8628
drasteria-parallela,bugguide,https://bugguide.net/node/view/937307
drasteria-parallela,mpg,https://mothphotographersgroup.msstate.edu/species.php?hodges=8630.3
drasteria-perplexa,bugguide,https://bugguide.net/node/view/52379
drasteria-perplexa,mpg,https://mothphotographersgroup.msstate.edu/species.php?hodges=8635
drasteria-petricola,bugguide,https://bugguide.net/node/view/129123
drasteria-petricola,mpg,https://mothphotographersgroup.msstate.edu/species.php?hodges=8631
drasteria-sabulosa,bugguide,https://bugguide.net/node/view/310309
drasteria-sabulosa,mpg,https://mothphotographersgroup.msstate.edu/species.php?hodges=8623
drasteria-scrupulosa,mpg,https://mothphotographersgroup.msstate.edu/species.php?hodges=8621
drasteria-stretchii,mpg,https://mothphotographersgroup.msstate.edu/species.php?hodges=8637
drepana-arcuata,bugguide,https://bugguide.net/node/view/421
drepana-arcuata,mpg,https://mothphotographersgroup.msstate.edu/species.php?hodges=6251
drepana-bilineata,bugguide,https://bugguide.net/node/view/42811
drepana-bilineata,mpg,https://mothphotographersgroup.msstate.edu/species.php?hodges=6252
drepanulatrix-carnearia,bamona,https://www.butterfliesandmoths.org/species/Drepanulatrix-carnearia
drepanulatrix-carnearia,bugguide,https://bugguide.net/node/view/66447
drepanulatrix-carnearia,mpg,https://mothphotographersgroup.msstate.edu/species.php?hodges=6688
drepanulatrix-foeminaria,bamona,https://www.butterfliesandmoths.org/species/Drepanulatrix-foeminaria
drepanulatrix-foeminaria,bugguide,https://bugguide.net/node/view/42067
drepanulatrix-foeminaria,mpg,https://mothphotographersgroup.msstate.edu/species.php?hodges=6686
drepanulatrix-quadraria,bamona,https://www.butterfliesandmoths.org/species/Drepanulatrix-quadraria
drepanulatrix-quadraria,bugguide,https://bugguide.net/node/view/492920
drepanulatrix-quadraria,mpg,https://mothphotographersgroup.msstate.edu/species.php?hodges=6685
drepanulatrix-secundaria,bamona,https://www.butterfliesandmoths.org/species/Drepanulatrix-secundaria
drepanulatrix-secundaria,bugguide,https://bugguide.net/node/view/83509
drepanulatrix-secundaria,mpg,https://mothphotographersgroup.msstate.edu/species.php?hodges=6690
drepanulatrix-unicalcararia,bamona,https://www.butterfliesandmoths.org/species/Drepanulatrix-unicalcararia
drepanulatrix-unicalcararia,bugguide,https://bugguide.net/node/view/83510
drepanulatrix-unicalcararia,mpg,https://mothphotographersgroup.msstate.edu/species.php?hodges=6682
dryotype-opina,bugguide,https://bugguide.net/node/view/503347
dryotype-opina,mpg,https://mothphotographersgroup.msstate.edu/species.php?hodges=9981
dysstroma-brunneata,bamona,https://www.butterfliesandmoths.org/species/Dysstroma-brunneata
dysstroma-brunneata,bugguide,https://bugguide.net/node/view/39309
dysstroma-brunneata,mpg,https://mothphotographersgroup.msstate.edu/species.php?hodges=7194
dysstroma-citrata,bamona,https://www.butterfliesandmoths.org/species/Dysstroma-citrata
dysstroma-citrata,bugguide,https://bugguide.net/node/view/11230
dysstroma-citrata,mpg,https://mothphotographersgroup.msstate.edu/species.php?hodges=7182
dysstroma-sobria,bamona,https://www.butterfliesandmoths.org/species/Dysstroma-sobria
dysstroma-sobria,bugguide,https://bugguide.net/node/view/43182
dysstroma-sobria,mpg,https://mothphotographersgroup.msstate.edu/species.php?hodges=7184
dysstroma-truncata,bamona,https://www.butterfliesandmoths.org/species/Dysstroma-truncata
dysstroma-truncata,bugguide,https://bugguide.net/node/view/41099
dysstroma-truncata,mpg,https://mothphotographersgroup.msstate.edu/species.php?hodges=7187
ecliptopera-silaceata,bamona,https://www.butterfliesandmoths.org/species/Ecliptopera-silaceata
ecliptopera-silaceata,bugguide,https://bugguide.net/node/view/135576
ecliptopera-silaceata,mpg,https://mothphotographersgroup.msstate.edu/species.php?hodges=7213
ectypia-clio,bugguide,https://bugguide.net/node/view/33836
ectypia-clio,mpg,https://mothphotographersgroup.msstate.edu/species.php?hodges=8249
egira-cognata,bugguide,https://bugguide.net/node/view/205636
egira-cognata,mpg,https://mothphotographersgroup.msstate.edu/species.php?hodges=10509
egira-crucialis,bugguide,https://bugguide.net/node/view/98450
egira-crucialis,mpg,https://mothphotographersgroup.msstate.edu/species.php?hodges=10508
egira-curialis,bugguide,https://bugguide.net/node/view/143592
egira-curialis,mpg,https://mothphotographersgroup.msstate.edu/species.php?hodges=10511
egira-dolosa,bugguide,https://bugguide.net/node/view/253329
egira-dolosa,mpg,https://mothphotographersgroup.msstate.edu/species.php?hodges=10513
egira-februalis,bugguide,https://bugguide.net/node/view/180044
egira-februalis,mpg,https://mothphotographersgroup.msstate.edu/species.php?hodges=10510
egira-hiemalis,bugguide,https://bugguide.net/node/view/98234
egira-hiemalis,mpg,https://mothphotographersgroup.msstate.edu/species.php?hodges=10505
egira-perlubens,bugguide,https://bugguide.net/node/view/49130
egira-perlubens,mpg,https://mothphotographersgroup.msstate.edu/species.php?hodges=10515
egira-rubrica,bugguide,https://bugguide.net/node/view/42682
egira-rubrica,mpg,https://mothphotographersgroup.msstate.edu/species.php?hodges=10514
egira-simplex,bugguide,https://bugguide.net/node/view/46121
egira-simplex,mpg,https://mothphotographersgroup.msstate.edu/species.php?hodges=10506
egira-vanduzeei,mpg,https://mothphotographersgroup.msstate.edu/species.php?hodges=10507
egira-variabilis,bugguide,https://bugguide.net/node/view/629139
egira-variabilis,mpg,https://mothphotographersgroup.msstate.edu/species.php?hodges=10504
elaphria-alapallida,bugguide,https://bugguide.net/node/view/24944
elaphria-alapallida,mpg,https://mothphotographersgroup.msstate.edu/species.php?hodges=9681.1
enargia-decolor,bugguide,https://bugguide.net/node/view/31200
enargia-decolor,mpg,https://mothphotographersgroup.msstate.edu/species.php?hodges=9549
enargia-fausta,bugguide,https://bugguide.net/node/view/585180
enargia-fausta,mpg,https://mothphotographersgroup.msstate.edu/species.php?hodges=9550.2
enargia-infumata,bugguide,https://bugguide.net/node/view/26474
enargia-infumata,mpg,https://mothphotographersgroup.msstate.edu/species.php?hodges=9550
ennomos-alniaria,bugguide,https://bugguide.net/node/view/144713
ennomos-alniaria,mpg,https://mothphotographersgroup.msstate.edu/species.php?hodges=6797.1
enypia-packardata,bamona,https://www.butterfliesandmoths.org/species/Enypia-packardata
enypia-packardata,bugguide,https://bugguide.net/node/view/42311
enypia-packardata,mpg,https://mothphotographersgroup.msstate.edu/species.php?hodges=7007
enypia-venata,bamona,https://www.butterfliesandmoths.org/species/Enypia-venata
enypia-venata,bugguide,https://bugguide.net/node/view/132523
enypia-venata,mpg,https://mothphotographersgroup.msstate.edu/species.php?hodges=7005
eosphoropteryx-thyatyroides,bugguide,https://bugguide.net/node/view/43241
eosphoropteryx-thyatyroides,mpg,https://mothphotographersgroup.msstate.edu/species.php?hodges=8905
epidemas-obscurus,mpg,https://mothphotographersgroup.msstate.edu/species.php?hodges=10003
epirrita-pulchraria,bugguide,https://bugguide.net/node/view/238257
epirrita-pulchraria,mpg,https://mothphotographersgroup.msstate.edu/species.php?hodges=7435
eremobina-claudens,bugguide,https://bugguide.net/node/view/225138
eremobina-claudens,mpg,https://mothphotographersgroup.msstate.edu/species.php?hodges=9396
eremobina-unicincta,mpg,https://mothphotographersgroup.msstate.edu/species.php?hodges=9399
erinnyis-ello,bugguide,https://bugguide.net/node/view/6570
erinnyis-ello,mpg,https://mothphotographersgroup.msstate.edu/species.php?hodges=7834
escaria-clauda,mpg,https://mothphotographersgroup.msstate.edu/species.php?hodges=9831
escaria-homogena,mpg,https://mothphotographersgroup.msstate.edu/large_map.php?hodges=9832
estigmene-acrea,bugguide,https://bugguide.net/node/view/3242
estigmene-acrea,mpg,https://mothphotographersgroup.msstate.edu/species.php?hodges=8131
eublemma-minima,bugguide,https://bugguide.net/node/view/499
eublemma-minima,mpg,https://mothphotographersgroup.msstate.edu/species.php?hodges=9076
euchalcia-albavitta,mpg,https://mothphotographersgroup.msstate.edu/species.php?hodges=8903
euchalcia-borealis,mpg,https://mothphotographersgroup.msstate.edu/species.php?hodges=8902.1
euchlaena-johnsonaria,bamona,https://www.butterfliesandmoths.org/species/Euchlaena-johnsonaria
euchlaena-johnsonaria,bugguide,https://bugguide.net/node/view/27566
euchlaena-johnsonaria,mpg,https://mothphotographersgroup.msstate.edu/species.php?hodges=6729
euchlaena-madusaria,bamona,https://www.butterfliesandmoths.org/species/Euchlaena-madusaria
euchlaena-madusaria,bugguide,https://bugguide.net/node/view/7662
euchlaena-madusaria,mpg,https://mothphotographersgroup.msstate.edu/species.php?hodges=6731
euchlaena-tigrinaria,bamona,https://www.butterfliesandmoths.org/species/Euchlaena-tigrinaria
euchlaena-tigrinaria,bugguide,https://bugguide.net/node/view/39424
euchlaena-tigrinaria,mpg,https://mothphotographersgroup.msstate.edu/species.php?hodges=6737
eucirroedia-pampina,bugguide,https://bugguide.net/node/view/26684
eucirroedia-pampina,mpg,https://mothphotographersgroup.msstate.edu/species.php?hodges=9952
euclidia-ardita,bugguide,https://bugguide.net/node/view/132879
euclidia-ardita,mpg,https://mothphotographersgroup.msstate.edu/species.php?hodges=8732
euclidia-cuspidea,bugguide,https://bugguide.net/node/view/7286
euclidia-cuspidea,mpg,https://mothphotographersgroup.msstate.edu/species.php?hodges=8731
eucoptocnemis-canescens,mpg,https://mothphotographersgroup.msstate.edu/species.php?hodges=10643.1
eudeilinia-herminiata,bugguide,https://bugguide.net/node/view/26582
eudeilinia-herminiata,mpg,https://mothphotographersgroup.msstate.edu/species.php?hodges=6253
eudryas-brevipennis,mpg,https://mothphotographersgroup.msstate.edu/species.php?hodges=9300
eueretagrotis-perattentus,bugguide,https://bugguide.net/node/view/22844
eueretagrotis-perattentus,mpg,https://www.mothphotographersgroup.msstate.edu/species.php?hodges=11008
eulithis-destinata,bamona,https://www.butterfliesandmoths.org/species/Eulithis-destinata
eulithis-destinata,bugguide,https://bugguide.net/node/view/350557
eulithis-destinata,mpg,https://mothphotographersgroup.msstate.edu/species.php?hodges=7204
eulithis-xylina,bamona,https://www.butterfliesandmoths.org/species/Eulithis-xylina
eulithis-xylina,bugguide,https://bugguide.net/node/view/43180
eulithis-xylina,mpg,https://mothphotographersgroup.msstate.edu/species.php?hodges=7207
eumacaria-madopata,bamona,https://www.butterfliesandmoths.org/species/Eumacaria-madopata
eumacaria-madopata,bugguide,https://bugguide.net/node/view/38894
eumacaria-madopata,mpg,https://mothphotographersgroup.msstate.edu/species.php?hodges=6272
eumorpha-achemon,bugguide,https://bugguide.net/node/view/20061
eumorpha-achemon,mpg,https://mothphotographersgroup.msstate.edu/species.php?hodges=7861
eupithecia-ravocostaliata,bamona,https://www.butterfliesandmoths.org/species/Eupithecia-ravocastaliata
eupithecia-ravocostaliata,bugguide,https://bugguide.net/node/view/13439
euplexia-benesimilis,bugguide,https://bugguide.net/node/view/49380
euplexia-benesimilis,mpg,https://mothphotographersgroup.msstate.edu/species.php?hodges=9545
euproctis-similis,mpg,https://mothphotographersgroup.msstate.edu/species.php?hodges=8321
euproserpinus-wiesti,mpg,https://mothphotographersgroup.msstate.edu/species.php?hodges=7882
eupsilia-devia,bugguide,https://bugguide.net/node/view/89205
eupsilia-devia,mpg,https://mothphotographersgroup.msstate.edu/species.php?hodges=9939
eupsilia-fringata,mpg,https://mothphotographersgroup.msstate.edu/species.php?hodges=9938
eupsilia-tristigmata,bugguide,https://bugguide.net/node/view/14445
eupsilia-tristigmata,mpg,https://mothphotographersgroup.msstate.edu/species.php?hodges=9935
eurois-astricta,mpg,https://mothphotographersgroup.msstate.edu/species.php?hodges=10930
eurois-nigra,bugguide,https://bugguide.net/node/view/389856
eurois-nigra,mpg,https://mothphotographersgroup.msstate.edu/species.php?hodges=10931
eurois-occulta,bugguide,https://bugguide.net/node/view/10709
eurois-occulta,mpg,https://mothphotographersgroup.msstate.edu/species.php?hodges=10929
euros-cervina,mpg,https://mothphotographersgroup.msstate.edu/species.php?hodges=9421
euros-osticollis,mpg,https://mothphotographersgroup.msstate.edu/species.php?hodges=9421.1
euthyatira-lorata,bugguide,https://bugguide.net/node/view/111139
euthyatira-lorata,mpg,https://mothphotographersgroup.msstate.edu/species.php?hodges=6239
euthyatira-pudens,bugguide,https://bugguide.net/node/view/14807
euthyatira-pudens,mpg,https://mothphotographersgroup.msstate.edu/species.php?hodges=6240
euthyatira-semicircularis,bugguide,https://bugguide.net/node/view/170834
euthyatira-semicircularis,mpg,https://mothphotographersgroup.msstate.edu/species.php?hodges=6241
eutricopis-nexilis,mpg,https://mothphotographersgroup.msstate.edu/species.php?hodges=11062
euxoa-aberrans,mpg,https://mothphotographersgroup.msstate.edu/species.php?hodges=10862
euxoa-absona,mpg,https://mothphotographersgroup.msstate.edu/species.php?hodges=10743.2
euxoa-adumbrata,bugguide,https://bugguide.net/node/view/136407
euxoa-adumbrata,mpg,https://mothphotographersgroup.msstate.edu/species.php?hodges=10730
euxoa-aequalis,mpg,https://mothphotographersgroup.msstate.edu/species.php?hodges=10776
euxoa-agema,mpg,https://mothphotographersgroup.msstate.edu/species.php?hodges=10832
euxoa-albipennis,bugguide,https://bugguide.net/node/view/359767
euxoa-albipennis,mpg,https://mothphotographersgroup.msstate.edu/species.php?hodges=10807
euxoa-altens,mpg,https://mothphotographersgroup.msstate.edu/species.php?hodges=10720
euxoa-annulipes,mpg,https://mothphotographersgroup.msstate.edu/species.php?hodges=10747
euxoa-apopsis,mpg,https://mothphotographersgroup.msstate.edu/species.php?hodges=10712.1
euxoa-atomaris,mpg,https://mothphotographersgroup.msstate.edu/species.php?hodges=10726
euxoa-atristrigata,mpg,https://mothphotographersgroup.msstate.edu/species.php?hodges=10768
euxoa-auripennis,mpg,https://mothphotographersgroup.msstate.edu/species.php?hodges=10852
euxoa-aurulenta,mpg,https://mothphotographersgroup.msstate.edu/species.php?hodges=10716
euxoa-auxiliaris,bugguide,https://bugguide.net/node/view/163533
euxoa-auxiliaris,mpg,https://mothphotographersgroup.msstate.edu/species.php?hodges=10731
euxoa-basalis,bugguide,https://bugguide.net/node/view/395395
euxoa-basalis,mpg,https://mothphotographersgroup.msstate.edu/species.php?hodges=10798
euxoa-bicollaris,mpg,https://mothphotographersgroup.msstate.edu/species.php?hodges=10788
euxoa-bifasciata,mpg,https://mothphotographersgroup.msstate.edu/species.php?hodges=10796
euxoa-biformata,mpg,https://mothphotographersgroup.msstate.edu/species.php?hodges=10736
euxoa-bochus,bugguide,https://bugguide.net/node/view/143544
euxoa-bochus,mpg,https://mothphotographersgroup.msstate.edu/species.php?hodges=10913
euxoa-brevipennis,mpg,https://mothphotographersgroup.msstate.edu/species.php?hodges=10824
euxoa-brunneigera,bugguide,https://bugguide.net/node/view/143541
euxoa-brunneigera,mpg,https://mothphotographersgroup.msstate.edu/species.php?hodges=10787
euxoa-campestris,mpg,https://mothphotographersgroup.msstate.edu/species.php?hodges=10756
euxoa-cana,mpg,https://mothphotographersgroup.msstate.edu/species.php?hodges=10762
euxoa-castanea,mpg,https://mothphotographersgroup.msstate.edu/species.php?hodges=10825.1
euxoa-catenula,bugguide,https://bugguide.net/node/view/540813
euxoa-catenula,mpg,https://mothphotographersgroup.msstate.edu/species.php?hodges=10809
euxoa-choris,bugguide,https://bugguide.net/node/view/615133
euxoa-choris,mpg,https://mothphotographersgroup.msstate.edu/species.php?hodges=10819
euxoa-cicatricosa,mpg,https://mothphotographersgroup.msstate.edu/species.php?hodges=10839
euxoa-cinereopallidus,mpg,https://mothphotographersgroup.msstate.edu/species.php?hodges=10770
euxoa-citricolor,mpg,https://mothphotographersgroup.msstate.edu/species.php?hodges=10841
euxoa-comosa,bugguide,https://bugguide.net/node/view/359768
euxoa-comosa,mpg,https://mothphotographersgroup.msstate.edu/species.php?hodges=10780
euxoa-cona,mpg,https://mothphotographersgroup.msstate.edu/species.php?hodges=10779
euxoa-costata,mpg,https://mothphotographersgroup.msstate.edu/species.php?hodges=10825
euxoa-cryptica,mpg,https://mothphotographersgroup.msstate.edu/species.php?hodges=10722
euxoa-dargo,bugguide,https://bugguide.net/node/view/516504
euxoa-dargo,mpg,https://mothphotographersgroup.msstate.edu/species.php?hodges=10836
euxoa-declarata,bugguide,https://bugguide.net/node/view/339763
euxoa-declarata,mpg,https://mothphotographersgroup.msstate.edu/species.php?hodges=10755
euxoa-difformis,bugguide,https://bugguide.net/node/view/498011
euxoa-difformis,mpg,https://mothphotographersgroup.msstate.edu/species.php?hodges=10845
euxoa-divergens,bugguide,https://bugguide.net/node/view/143527
euxoa-divergens,mpg,https://mothphotographersgroup.msstate.edu/species.php?hodges=10702
euxoa-dodi,mpg,https://mothphotographersgroup.msstate.edu/species.php?hodges=10849
euxoa-edictalis,mpg,https://mothphotographersgroup.msstate.edu/species.php?hodges=10704
euxoa-emma,mpg,https://mothphotographersgroup.msstate.edu/species.php?hodges=10747.1
euxoa-excogita,mpg,https://mothphotographersgroup.msstate.edu/species.php?hodges=10787.1
euxoa-extranea,mpg,https://mothphotographersgroup.msstate.edu/species.php?hodges=10708
euxoa-faulkneri,mpg,https://mothphotographersgroup.msstate.edu/species.php?hodges=10786.1
euxoa-flavicollis,mpg,https://mothphotographersgroup.msstate.edu/species.php?hodges=10864
euxoa-furtivus,mpg,https://mothphotographersgroup.msstate.edu/species.php?hodges=10826.1
euxoa-hardwicki,mpg,https://mothphotographersgroup.msstate.edu/species.php?hodges=10729.1
euxoa-henrietta,bugguide,https://bugguide.net/node/view/77651
euxoa-henrietta,mpg,https://mothphotographersgroup.msstate.edu/species.php?hodges=10806
euxoa-hollemani,mpg,https://mothphotographersgroup.msstate.edu/species.php?hodges=10820
euxoa-idahoensis,mpg,https://mothphotographersgroup.msstate.edu/species.php?hodges=10826
euxoa-infausta,bugguide,https://bugguide.net/node/view/143526
euxoa-infausta,mpg,https://mothphotographersgroup.msstate.edu/species.php?hodges=10785
euxoa-infracta,mpg,https://mothphotographersgroup.msstate.edu/species.php?hodges=10850
euxoa-intermontana,mpg,https://mothphotographersgroup.msstate.edu/species.php?hodges=10737
euxoa-intrita,mpg,https://mothphotographersgroup.msstate.edu/species.php?hodges=10749
euxoa-laetificans,mpg,https://mothphotographersgroup.msstate.edu/species.php?hodges=10829
euxoa-latro,mpg,https://mothphotographersgroup.msstate.edu/species.php?hodges=10848
euxoa-lewisi,bugguide,https://bugguide.net/node/view/143534
euxoa-lewisi,mpg,https://mothphotographersgroup.msstate.edu/species.php?hodges=10718
euxoa-lillooet,mpg,https://mothphotographersgroup.msstate.edu/species.php?hodges=10808
euxoa-lineifrons,mpg,https://mothphotographersgroup.msstate.edu/species.php?hodges=10784
euxoa-lucida,mpg,https://mothphotographersgroup.msstate.edu/species.php?hodges=10782
euxoa-macleani,mpg,https://mothphotographersgroup.msstate.edu/species.php?hodges=10712
euxoa-maimes,mpg,https://mothphotographersgroup.msstate.edu/species.php?hodges=10864.1
euxoa-manitobana,mpg,https://mothphotographersgroup.msstate.edu/species.php?hodges=10863
euxoa-medialis,bugguide,https://bugguide.net/node/view/447089
euxoa-medialis,mpg,https://mothphotographersgroup.msstate.edu/species.php?hodges=10813
euxoa-melura,mpg,https://mothphotographersgroup.msstate.edu/species.php?hodges=10835
euxoa-messoria,bugguide,https://bugguide.net/node/view/222787
euxoa-messoria,mpg,https://mothphotographersgroup.msstate.edu/species.php?hodges=10705
euxoa-mimallonis,bugguide,https://bugguide.net/node/view/285947
euxoa-mimallonis,mpg,https://mothphotographersgroup.msstate.edu/species.php?hodges=10738
euxoa-misturata,mpg,https://mothphotographersgroup.msstate.edu/species.php?hodges=10766
euxoa-mitis,mpg,https://mothphotographersgroup.msstate.edu/species.php?hodges=10774
euxoa-moerens,mpg,https://mothphotographersgroup.msstate.edu/species.php?hodges=10847
euxoa-munis,mpg,https://mothphotographersgroup.msstate.edu/species.php?hodges=10855
euxoa-murdocki,bugguide,https://bugguide.net/node/view/606282
euxoa-murdocki,mpg,https://mothphotographersgroup.msstate.edu/species.php?hodges=10846
euxoa-nevada,mpg,https://mothphotographersgroup.msstate.edu/species.php?hodges=10769
euxoa-nomas,mpg,https://mothphotographersgroup.msstate.edu/species.php?hodges=10866
euxoa-nostra,mpg,https://mothphotographersgroup.msstate.edu/species.php?hodges=10800
euxoa-obeliscoides,mpg,https://mothphotographersgroup.msstate.edu/species.php?hodges=10817
euxoa-oblongistigma,bugguide,https://bugguide.net/node/view/517225
euxoa-oblongistigma,mpg,https://mothphotographersgroup.msstate.edu/species.php?hodges=10834
euxoa-occidentalis,bugguide,https://bugguide.net/node/view/623845
euxoa-occidentalis,mpg,https://mothphotographersgroup.msstate.edu/species.php?hodges=10781.1
euxoa-ochrogaster,bugguide,https://bugguide.net/node/view/688807
euxoa-ochrogaster,mpg,https://mothphotographersgroup.msstate.edu/species.php?hodges=10801
euxoa-olivalis,bugguide,https://bugguide.net/node/view/485855
euxoa-olivalis,mpg,https://mothphotographersgroup.msstate.edu/species.php?hodges=10833
euxoa-olivia,bugguide,https://bugguide.net/node/view/485855
euxoa-olivia,mpg,https://mothphotographersgroup.msstate.edu/species.php?hodges=10741
euxoa-pallidimacula,mpg,https://mothphotographersgroup.msstate.edu/species.php?hodges=10794.1
euxoa-pallipennis,bugguide,https://bugguide.net/node/view/486751
euxoa-pallipennis,mpg,https://mothphotographersgroup.msstate.edu/species.php?hodges=10765
euxoa-perexcellens,bugguide,https://bugguide.net/node/view/143539
euxoa-perexcellens,mpg,https://mothphotographersgroup.msstate.edu/species.php?hodges=10816
euxoa-permixta,mpg,https://mothphotographersgroup.msstate.edu/species.php?hodges=10799
euxoa-perolivalis,mpg,https://mothphotographersgroup.msstate.edu/species.php?hodges=10860
euxoa-perpolita,mpg,https://mothphotographersgroup.msstate.edu/species.php?hodges=10865
euxoa-pestula,mpg,https://mothphotographersgroup.msstate.edu/species.php?hodges=10728
euxoa-plagigera,bugguide,https://bugguide.net/node/view/492466
euxoa-plagigera,mpg,https://mothphotographersgroup.msstate.edu/species.php?hodges=10804
euxoa-pleuritica,bugguide,https://bugguide.net/node/view/342267
euxoa-pleuritica,mpg,https://mothphotographersgroup.msstate.edu/species.php?hodges=10727
euxoa-pluralis,mpg,https://mothphotographersgroup.msstate.edu/species.php?hodges=10795
euxoa-punctigera,mpg,https://mothphotographersgroup.msstate.edu/species.php?hodges=10759
euxoa-quadridentata,bugguide,https://bugguide.net/node/view/492467
euxoa-quadridentata,mpg,https://mothphotographersgroup.msstate.edu/species.php?hodges=10830
euxoa-quebecensis,bugguide,https://bugguide.net/node/view/246015
euxoa-quebecensis,mpg,https://mothphotographersgroup.msstate.edu/species.php?hodges=10714
euxoa-recula,mpg,https://mothphotographersgroup.msstate.edu/species.php?hodges=10840
euxoa-ridingsiana,mpg,https://mothphotographersgroup.msstate.edu/species.php?hodges=10861
euxoa-rockburnei,bugguide,https://bugguide.net/node/view/615132
euxoa-rockburnei,mpg,https://mothphotographersgroup.msstate.edu/species.php?hodges=10757
euxoa-rufula,mpg,https://mothphotographersgroup.msstate.edu/species.php?hodges=10750
euxoa-satiens,mpg,https://mothphotographersgroup.msstate.edu/species.php?hodges=10792
euxoa-satis,bugguide,https://bugguide.net/node/view/143500
euxoa-satis,mpg,https://mothphotographersgroup.msstate.edu/species.php?hodges=10786
euxoa-scotogrammoides,mpg,https://mothphotographersgroup.msstate.edu/species.php?hodges=10746
euxoa-septentrionalis,bugguide,https://bugguide.net/node/view/143529
euxoa-septentrionalis,mpg,https://mothphotographersgroup.msstate.edu/species.php?hodges=10739
euxoa-servitus,bugguide,https://bugguide.net/node/view/44826
euxoa-servitus,mpg,https://mothphotographersgroup.msstate.edu/species.php?hodges=10854
euxoa-setonia,mpg,https://mothphotographersgroup.msstate.edu/species.php?hodges=10794
euxoa-shasta,mpg,https://mothphotographersgroup.msstate.edu/species.php?hodges=10735
euxoa-silens,bugguide,https://bugguide.net/node/view/145365
euxoa-silens,mpg,https://mothphotographersgroup.msstate.edu/species.php?hodges=10751
euxoa-simona,mpg,https://mothphotographersgroup.msstate.edu/species.php?hodges=10729
euxoa-simulata,mpg,https://mothphotographersgroup.msstate.edu/species.php?hodges=10754
euxoa-subandera,mpg,https://mothphotographersgroup.msstate.edu/species.php?hodges=10820.1
euxoa-taura,mpg,https://mothphotographersgroup.msstate.edu/species.php?hodges=10857
euxoa-terrenus,bugguide,https://bugguide.net/node/view/143532
euxoa-terrenus,mpg,https://mothphotographersgroup.msstate.edu/species.php?hodges=10742
euxoa-tessellata,bugguide,https://bugguide.net/node/view/63671
euxoa-tessellata,mpg,https://mothphotographersgroup.msstate.edu/species.php?hodges=10805
euxoa-tocoyae,mpg,https://mothphotographersgroup.msstate.edu/species.php?hodges=10745
euxoa-trifasciata,mpg,https://mothphotographersgroup.msstate.edu/species.php?hodges=10717
euxoa-tristicula,bugguide,https://bugguide.net/node/view/398630
euxoa-tristicula,mpg,https://mothphotographersgroup.msstate.edu/species.php?hodges=10723
euxoa-tronellus,mpg,https://mothphotographersgroup.msstate.edu/species.php?hodges=10842
euxoa-ustulata,mpg,https://mothphotographersgroup.msstate.edu/species.php?hodges=10814
euxoa-vallus,mpg,https://mothphotographersgroup.msstate.edu/species.php?hodges=10709
euxoa-vetusta,bugguide,https://bugguide.net/node/view/143535
euxoa-vetusta,mpg,https://mothphotographersgroup.msstate.edu/species.php?hodges=10724
euxoa-westermanni,mpg,https://mothphotographersgroup.msstate.edu/species.php?hodges=10707
euxoa-wilsoni,bugguide,https://bugguide.net/node/view/594320
euxoa-wilsoni,mpg,https://mothphotographersgroup.msstate.edu/species.php?hodges=10867
euxoa-xasta,mpg,https://mothphotographersgroup.msstate.edu/species.php?hodges=10821
feltia-herilis,bugguide,https://bugguide.net/node/view/7582
feltia-herilis,mpg,https://mothphotographersgroup.msstate.edu/species.php?hodges=10676
feltia-jaculifera,bugguide,https://bugguide.net/node/view/10464
feltia-jaculifera,mpg,https://mothphotographersgroup.msstate.edu/species.php?hodges=10670
feltia-mollis,bugguide,https://bugguide.net/node/view/473898
feltia-mollis,mpg,https://mothphotographersgroup.msstate.edu/species.php?hodges=10644
feltia-nigrita,mpg,https://mothphotographersgroup.msstate.edu/species.php?hodges=10698
feltia-subgothica,bugguide,https://bugguide.net/node/view/10466
feltia-subgothica,mpg,https://mothphotographersgroup.msstate.edu/species.php?hodges=10674
feralia-comstocki,bugguide,https://bugguide.net/node/view/5512
feralia-comstocki,mpg,https://mothphotographersgroup.msstate.edu/species.php?hodges=10008
feralia-deceptiva,bugguide,https://bugguide.net/node/view/45474
feralia-deceptiva,mpg,https://mothphotographersgroup.msstate.edu/species.php?hodges=10006
feralia-februalis,mpg,https://mothphotographersgroup.msstate.edu/species.php?hodges=10009
feralia-jocosa,bugguide,https://bugguide.net/node/view/15283
feralia-jocosa,mpg,https://mothphotographersgroup.msstate.edu/species.php?hodges=10005
fernaldella-fimetaria,bamona,https://www.butterfliesandmoths.org/species/Fernaldella-fimetaria
fernaldella-fimetaria,bugguide,https://bugguide.net/node/view/39269
fernaldella-fimetaria,mpg,https://mothphotographersgroup.msstate.edu/species.php?hodges=6420
fishia-connecta,bugguide,https://bugguide.net/node/view/624343
fishia-connecta,mpg,https://mothphotographersgroup.msstate.edu/species.php?hodges=9971
fishia-discors,bugguide,https://bugguide.net/node/view/365891
fishia-discors,mpg,https://mothphotographersgroup.msstate.edu/species.php?hodges=9970
fishia-illocata,bugguide,https://bugguide.net/node/view/10656
fishia-illocata,mpg,https://mothphotographersgroup.msstate.edu/species.php?hodges=9420
fishia-yosemitae,bugguide,https://bugguide.net/node/view/516431
fishia-yosemitae,mpg,https://mothphotographersgroup.msstate.edu/species.php?hodges=9972
furcula-cinereoides,bugguide,https://bugguide.net/node/view/1641435
furcula-cinereoides,mpg,https://mothphotographersgroup.msstate.edu/species.php?hodges=7937.1
furcula-gigans,bugguide,https://bugguide.net/node/view/1641457
furcula-gigans,mpg,https://mothphotographersgroup.msstate.edu/species.php?hodges=7939.1
furcula-modesta,bugguide,https://bugguide.net/node/view/13501
furcula-modesta,mpg,https://mothphotographersgroup.msstate.edu/species.php?hodges=7941
furcula-scolopendrina,bugguide,https://bugguide.net/node/view/83343
furcula-scolopendrina,mpg,https://mothphotographersgroup.msstate.edu/species.php?hodges=7940
galgula-partita,bugguide,https://bugguide.net/node/view/14433
galgula-partita,mpg,https://mothphotographersgroup.msstate.edu/species.php?hodges=9688
gluphisia-avimacula,bugguide,https://bugguide.net/node/view/38611
gluphisia-avimacula,mpg,https://mothphotographersgroup.msstate.edu/species.php?hodges=7933
gluphisia-septentrionis,bugguide,https://bugguide.net/node/view/15338
gluphisia-septentrionis,mpg,https://mothphotographersgroup.msstate.edu/species.php?hodges=7931
gluphisia-severa,bugguide,https://bugguide.net/node/view/113957
gluphisia-severa,mpg,https://mothphotographersgroup.msstate.edu/species.php?hodges=7935
gnophaela-latipennis,bugguide,https://bugguide.net/node/view/219973
gnophaela-latipennis,mpg,https://mothphotographersgroup.msstate.edu/species.php?hodges=8034
gnophaela-vermiculata,bugguide,https://bugguide.net/node/view/8448
gnophaela-vermiculata,mpg,https://mothphotographersgroup.msstate.edu/species.php?hodges=8037
graphiphora-augur,bugguide,https://bugguide.net/node/view/35906
graphiphora-augur,mpg,https://mothphotographersgroup.msstate.edu/species.php?hodges=10928
gynaephora-rossii,mpg,https://mothphotographersgroup.msstate.edu/species.php?hodges=8290
habrosyne-scripta,bugguide,https://bugguide.net/node/view/24734
habrosyne-scripta,mpg,https://mothphotographersgroup.msstate.edu/species.php?hodges=6235
hada-sutrina,bugguide,https://bugguide.net/node/view/29319
hada-sutrina,mpg,https://mothphotographersgroup.msstate.edu/species.php?hodges=10324
hadena-caelestis,bugguide,https://bugguide.net/node/view/549011
hadena-caelestis,mpg,https://mothphotographersgroup.msstate.edu/species.php?hodges=10322.1
hadena-capsularis,bugguide,https://bugguide.net/node/view/367348
hadena-capsularis,mpg,https://mothphotographersgroup.msstate.edu/species.php?hodges=10317
hadena-ectrapela,mpg,https://mothphotographersgroup.msstate.edu/species.php?hodges=10321
hadena-siskiyou,mpg,https://mothphotographersgroup.msstate.edu/species.php?hodges=10323.3
hadena-variolata,bugguide,https://bugguide.net/node/view/143587
hadena-variolata,mpg,https://mothphotographersgroup.msstate.edu/species.php?hodges=10326
hadenella-pergentilis,mpg,https://mothphotographersgroup.msstate.edu/species.php?hodges=10221
hecatera-dysodea,bugguide,https://bugguide.net/node/view/317066
hecatera-dysodea,mpg,https://mothphotographersgroup.msstate.edu/species.php?hodges=10270.1
helicoverpa-zea,bugguide,https://bugguide.net/node/view/5718
helicoverpa-zea,mpg,https://mothphotographersgroup.msstate.edu/species.php?hodges=11068
heliocheilus-paradoxus,bugguide,https://bugguide.net/node/view/287483
heliocheilus-paradoxus,mpg,https://mothphotographersgroup.msstate.edu/species.php?hodges=11074
heliolonche-modicella,bugguide,https://bugguide.net/node/view/625107
heliolonche-modicella,mpg,https://mothphotographersgroup.msstate.edu/species.php?hodges=11207
heliolonche-pictipennis,bugguide,https://bugguide.net/node/view/256811
heliolonche-pictipennis,mpg,https://mothphotographersgroup.msstate.edu/species.php?hodges=11210
heliothis-acesias,bugguide,https://bugguide.net/node/view/665575
heliothis-acesias,mpg,https://mothphotographersgroup.msstate.edu/species.php?hodges=11072.1
heliothis-belladonna,bugguide,https://bugguide.net/node/view/512425
heliothis-belladonna,mpg,https://mothphotographersgroup.msstate.edu/species.php?hodges=11080
heliothis-borealis,mpg,https://mothphotographersgroup.msstate.edu/species.php?hodges=11081
heliothis-ononis,bugguide,https://bugguide.net/node/view/225818
heliothis-ononis,mpg,https://mothphotographersgroup.msstate.edu/species.php?hodges=11077
heliothis-oregonica,bugguide,https://bugguide.net/node/view/344013
heliothis-oregonica,mpg,https://mothphotographersgroup.msstate.edu/species.php?hodges=11078
heliothis-phloxiphaga,bugguide,https://bugguide.net/node/view/35388
heliothis-phloxiphaga,mpg,https://mothphotographersgroup.msstate.edu/species.php?hodges=11072
heliothis-proruptus,mpg,https://mothphotographersgroup.msstate.edu/species.php?hodges=11079
heliothodes-diminutivus,bugguide,https://bugguide.net/node/view/113958
heliothodes-diminutivus,mpg,https://mothphotographersgroup.msstate.edu/species.php?hodges=11058
helotropha-reniformis,mpg,https://mothphotographersgroup.msstate.edu/species.php?hodges=9453
hemaris-diffinis,bugguide,https://bugguide.net/node/view/2639
hemaris-diffinis,mpg,https://mothphotographersgroup.msstate.edu/species.php?hodges=7855
hemaris-thetis,bugguide,https://bugguide.net/node/view/310563
hemaris-thetis,mpg,https://mothphotographersgroup.msstate.edu/species.php?hodges=7855.1
hemaris-thysbe,bugguide,https://bugguide.net/node/view/2638
hemaris-thysbe,mpg,https://mothphotographersgroup.msstate.edu/species.php?hodges=7853
hemeroplanis-historialis,bugguide,https://bugguide.net/node/view/135124
hemieuxoa-rudens,bugguide,https://bugguide.net/node/view/133402
hemieuxoa-rudens,mpg,https://mothphotographersgroup.msstate.edu/species.php?hodges=10914
hemileuca-eglanterina,bamona,https://www.butterfliesandmoths.org/species?l=3329
hemileuca-eglanterina,bugguide,https://bugguide.net/node/view/26104
hemileuca-eglanterina,mpg,https://mothphotographersgroup.msstate.edu/species.php?hodges=7744
hemileuca-hera,bamona,https://www.butterfliesandmoths.org/species?l=3328
hemileuca-hera,bugguide,https://bugguide.net/node/view/100806
hemileuca-hera,mpg,https://mothphotographersgroup.msstate.edu/species.php?hodges=7741
hemileuca-juno,bugguide,https://bugguide.net/node/view/89665
hemileuca-juno,mpg,https://mothphotographersgroup.msstate.edu/species.php?hodges=7735
hemileuca-nevadensis,bamona,https://www.butterfliesandmoths.org/species?l=3315
hemileuca-nevadensis,bugguide,https://bugguide.net/node/view/210843
hemileuca-nevadensis,mpg,https://mothphotographersgroup.msstate.edu/species.php?hodges=7731
hemileuca-nuttalli,bugguide,https://bugguide.net/node/view/268162
hemileuca-nuttalli,mpg,https://mothphotographersgroup.msstate.edu/species.php?hodges=7743
hemithea-aestivaria,bamona,https://www.butterfliesandmoths.org/species/Hemithea-aestivaria
hemithea-aestivaria,bugguide,https://bugguide.net/node/view/64255
hemithea-aestivaria,mpg,https://mothphotographersgroup.msstate.edu/species.php?hodges=7083
hesperumia-sulphuraria,bamona,https://www.butterfliesandmoths.org/species/Hesperumia-sulphuraria
hesperumia-sulphuraria,bugguide,https://bugguide.net/node/view/43256
hesperumia-sulphuraria,mpg,https://mothphotographersgroup.msstate.edu/species.php?hodges=6431
hillia-iris,bugguide,https://bugguide.net/node/view/402022
hillia-iris,mpg,https://mothphotographersgroup.msstate.edu/species.php?hodges=9967
hillia-maida,mpg,https://mothphotographersgroup.msstate.edu/species.php?hodges=9966
homoglaea-californica,bugguide,https://bugguide.net/node/view/241335
homoglaea-californica,mpg,https://mothphotographersgroup.msstate.edu/species.php?hodges=9880
homoglaea-carbonaria,bugguide,https://bugguide.net/node/view/628864
homoglaea-carbonaria,mpg,https://mothphotographersgroup.msstate.edu/species.php?hodges=9883
homoglaea-dives,mpg,https://mothphotographersgroup.msstate.edu/species.php?hodges=9882
homoglaea-hircina,bugguide,https://bugguide.net/node/view/101439
homoglaea-hircina,mpg,https://mothphotographersgroup.msstate.edu/species.php?hodges=9881
homorthodes-carneola,mpg,https://mothphotographersgroup.msstate.edu/species.php?hodges=10540
homorthodes-communis,bugguide,https://bugguide.net/node/view/104624
homorthodes-communis,mpg,https://mothphotographersgroup.msstate.edu/species.php?hodges=10533
homorthodes-discreta,mpg,https://mothphotographersgroup.msstate.edu/species.php?hodges=10535
homorthodes-fractura,bugguide,https://bugguide.net/node/view/204471
homorthodes-fractura,mpg,https://mothphotographersgroup.msstate.edu/species.php?hodges=10534
homorthodes-furfurata,bugguide,https://bugguide.net/node/view/143577
homorthodes-furfurata,mpg,https://mothphotographersgroup.msstate.edu/species.php?hodges=10532
homorthodes-hanhami,bugguide,https://bugguide.net/node/view/143576
homorthodes-hanhami,mpg,https://mothphotographersgroup.msstate.edu/species.php?hodges=10539
hyalophora-euryalus,bugguide,https://bugguide.net/node/view/42242
hyalophora-euryalus,mpg,https://mothphotographersgroup.msstate.edu/species.php?hodges=7770
hyalophora-gloveri,bugguide,https://bugguide.net/node/view/116365
hyalophora-gloveri,mpg,https://mothphotographersgroup.msstate.edu/species.php?hodges=7769
hydraecia-medialis,bugguide,https://bugguide.net/node/view/239215
hydraecia-medialis,mpg,https://mothphotographersgroup.msstate.edu/species.php?hodges=9510
hydraecia-obliqua,mpg,https://mothphotographersgroup.msstate.edu/species.php?hodges=9512
hydraecia-perobliqua,bugguide,https://bugguide.net/node/view/239223
hydraecia-perobliqua,mpg,https://mothphotographersgroup.msstate.edu/species.php?hodges=9515
hydria-undulata,bugguide,https://bugguide.net/node/view/35019
hydria-undulata,mpg,https://mothphotographersgroup.msstate.edu/species.php?hodges=7291
hydriomena-crokeri,bamona,https://www.butterfliesandmoths.org/species/Hydriomena-crokeri
hydriomena-crokeri,bugguide,https://bugguide.net/node/view/207726
hydriomena-crokeri,mpg,https://mothphotographersgroup.msstate.edu/species.php?hodges=7247
hydriomena-edenata,bamona,https://www.butterfliesandmoths.org/species/Hydriomena-edenata
hydriomena-edenata,bugguide,https://bugguide.net/node/view/51269
hydriomena-edenata,mpg,https://mothphotographersgroup.msstate.edu/species.php?hodges=7232
hydriomena-furcata,bamona,https://www.butterfliesandmoths.org/species/Hydriomena-furcata
hydriomena-furcata,bugguide,https://bugguide.net/node/view/141667
hydriomena-furcata,mpg,https://mothphotographersgroup.msstate.edu/species.php?hodges=7257h
hydriomena-perfracta,bugguide,https://bugguide.net/node/view/323863
hydriomena-perfracta,mpg,https://mothphotographersgroup.msstate.edu/species.php?hodges=7229
hydroeciodes-serrata,mpg,https://mothphotographersgroup.msstate.edu/species.php?hodges=10637
hyles-euphorbiae,bugguide,https://bugguide.net/node/view/26815
hyles-euphorbiae,mpg,https://mothphotographersgroup.msstate.edu/species.php?hodges=7892
hyles-gallii,bugguide,https://bugguide.net/node/view/31976
hyles-gallii,mpg,https://mothphotographersgroup.msstate.edu/species.php?hodges=7893
hyles-lineata,bugguide,https://bugguide.net/node/view/3071
hyles-lineata,mpg,https://mothphotographersgroup.msstate.edu/species.php?hodges=7894
hypena-abalienalis,bugguide,https://bugguide.net/node/view/4237
hypena-abalienalis,mpg,https://mothphotographersgroup.msstate.edu/species.php?hodges=8445
hypena-atomaria,bugguide,https://bugguide.net/node/view/14841
hypena-atomaria,mpg,https://mothphotographersgroup.msstate.edu/species.php?hodges=8450
hypena-bijugalis,bugguide,https://bugguide.net/node/view/4784
hypena-bijugalis,mpg,https://mothphotographersgroup.msstate.edu/species.php?hodges=8443
hypena-californica,bugguide,https://bugguide.net/node/view/95012
hypena-californica,mpg,https://mothphotographersgroup.msstate.edu/species.php?hodges=8462
hypena-decorata,bugguide,https://bugguide.net/node/view/511337
hypena-decorata,mpg,https://mothphotographersgroup.msstate.edu/species.php?hodges=8463
hypena-edictalis,bugguide,https://bugguide.net/node/view/325791
hypena-edictalis,mpg,https://mothphotographersgroup.msstate.edu/species.php?hodges=8452
hypena-humuli,bugguide,https://bugguide.net/node/view/38909
hypena-humuli,mpg,https://mothphotographersgroup.msstate.edu/species.php?hodges=8461
hypena-modestoides,bugguide,https://bugguide.net/node/view/609806
hypena-modestoides,mpg,https://mothphotographersgroup.msstate.edu/species.php?hodges=8464
hypena-palparia,bugguide,https://bugguide.net/node/view/48981
hypena-palparia,mpg,https://mothphotographersgroup.msstate.edu/species.php?hodges=8444
hypenodes-fractilinea,bugguide,https://bugguide.net/node/view/199241
hypenodes-fractilinea,mpg,https://mothphotographersgroup.msstate.edu/species.php?hodges=8421
hypenodes-sombrus,bugguide,https://bugguide.net/node/view/221548
hypenodes-sombrus,mpg,https://mothphotographersgroup.msstate.edu/species.php?hodges=8423
hypercompe-permaculata,bugguide,https://bugguide.net/node/view/128245
hypercompe-permaculata,mpg,https://mothphotographersgroup.msstate.edu/species.php?hodges=8144
hyphantria-cunea,bugguide,https://bugguide.net/node/view/453
hyphantria-cunea,mpg,https://mothphotographersgroup.msstate.edu/species.php?hodges=8140
hypocoena-basistriga,bugguide,https://bugguide.net/node/view/368693
hypocoena-basistriga,mpg,https://mothphotographersgroup.msstate.edu/species.php?hodges=9439
hypocoena-inquinata,mpg,https://mothphotographersgroup.msstate.edu/species.php?hodges=9437
hypocoena-rufostrigata,bugguide,https://bugguide.net/node/view/509628
hypocoena-rufostrigata,mpg,https://mothphotographersgroup.msstate.edu/species.php?hodges=9440
hypoprepia-inculta,mpg,https://mothphotographersgroup.msstate.edu/species.php?hodges=8092
hypoprepia-miniata,bugguide,https://bugguide.net/node/view/16273
hypoprepia-miniata,mpg,https://mothphotographersgroup.msstate.edu/species.php?hodges=8089
hyppa-brunneicrista,mpg,https://mothphotographersgroup.msstate.edu/species.php?hodges=9580
hyppa-contrasta,mpg,https://mothphotographersgroup.msstate.edu/species.php?hodges=9579
hyppa-indistincta,mpg,https://mothphotographersgroup.msstate.edu/species.php?hodges=9581
ianassa-pallida,bugguide,https://bugguide.net/node/view/143049
ianassa-pallida,mpg,https://mothphotographersgroup.msstate.edu/species.php?hodges=8014
idaea-dimidiata,bamona,https://www.butterfliesandmoths.org/species/Idaea-dimidiata
idaea-dimidiata,bugguide,https://bugguide.net/node/view/11355
idaea-dimidiata,mpg,https://mothphotographersgroup.msstate.edu/species.php?hodges=7126
idia-aemula,bugguide,https://bugguide.net/node/view/16245
idia-aemula,mpg,https://mothphotographersgroup.msstate.edu/species.php?hodges=8323
idia-americalis,bugguide,https://bugguide.net/node/view/16249
idia-americalis,mpg,https://mothphotographersgroup.msstate.edu/species.php?hodges=8322
idia-immaculalis,mpg,https://mothphotographersgroup.msstate.edu/species.php?hodges=8337
idia-lubricalis,bugguide,https://bugguide.net/node/view/4501
idia-lubricalis,mpg,https://mothphotographersgroup.msstate.edu/species.php?hodges=8334
idia-occidentalis,bugguide,https://bugguide.net/node/view/575391
idia-occidentalis,mpg,https://mothphotographersgroup.msstate.edu/species.php?hodges=8334.1
idia-suffusalis,mpg,https://mothphotographersgroup.msstate.edu/species.php?hodges=8325
ipimorpha-nanaimo,mpg,https://mothphotographersgroup.msstate.edu/species.php?hodges=9552
ipimorpha-pleonectusa,bugguide,https://bugguide.net/node/view/38145
ipimorpha-pleonectusa,mpg,https://mothphotographersgroup.msstate.edu/species.php?hodges=9555
ipimorpha-viridipallida,mpg,https://mothphotographersgroup.msstate.edu/species.php?hodges=9553
lacanobia-atlantica,mpg,https://mothphotographersgroup.msstate.edu/species.php?hodges=10297
lacanobia-grandis,bugguide,https://bugguide.net/node/view/23844
lacanobia-grandis,mpg,https://mothphotographersgroup.msstate.edu/species.php?hodges=10300
lacanobia-nevadae,bugguide,https://bugguide.net/node/view/23837
lacanobia-nevadae,mpg,https://mothphotographersgroup.msstate.edu/species.php?hodges=10296
lacanobia-radix,bugguide,https://bugguide.net/node/view/37865
lacanobia-radix,mpg,https://mothphotographersgroup.msstate.edu/species.php?hodges=10298
lacanobia-subjuncta,bugguide,https://bugguide.net/node/view/43460
lacanobia-subjuncta,mpg,https://mothphotographersgroup.msstate.edu/species.php?hodges=10299
lacinipolia-anguina,bugguide,https://bugguide.net/node/view/45333
lacinipolia-anguina,mpg,https://mothphotographersgroup.msstate.edu/species.php?hodges=10372
lacinipolia-bucketti,bugguide,https://bugguide.net/node/view/700576
lacinipolia-bucketti,mpg,https://mothphotographersgroup.msstate.edu/species.php?hodges=10406.1
lacinipolia-comis,bugguide,https://bugguide.net/node/view/143581
lacinipolia-comis,mpg,https://mothphotographersgroup.msstate.edu/species.php?hodges=10408
lacinipolia-cuneata,bugguide,https://bugguide.net/node/view/42883
lacinipolia-cuneata,mpg,https://mothphotographersgroup.msstate.edu/species.php?hodges=10371
lacinipolia-davena,bugguide,https://bugguide.net/node/view/118333
lacinipolia-davena,mpg,https://mothphotographersgroup.msstate.edu/species.php?hodges=10407
lacinipolia-longiclava,bugguide,https://bugguide.net/node/view/642219
lacinipolia-longiclava,mpg,https://mothphotographersgroup.msstate.edu/species.php?hodges=10374
lacinipolia-lorea,bugguide,https://bugguide.net/node/view/10813
lacinipolia-lorea,mpg,https://mothphotographersgroup.msstate.edu/species.php?hodges=10405
lacinipolia-lustralis,bugguide,https://bugguide.net/node/view/656067
lacinipolia-lustralis,mpg,https://mothphotographersgroup.msstate.edu/species.php?hodges=10370
lacinipolia-meditata,bugguide,https://bugguide.net/node/view/84078
lacinipolia-meditata,mpg,https://mothphotographersgroup.msstate.edu/species.php?hodges=10368
lacinipolia-olivacea,mpg,https://mothphotographersgroup.msstate.edu/species.php?hodges=10406
lacinipolia-patalis,bugguide,https://bugguide.net/node/view/117937
lacinipolia-patalis,mpg,https://mothphotographersgroup.msstate.edu/species.php?hodges=10423
lacinipolia-pensilis,bugguide,https://bugguide.net/node/view/143583
lacinipolia-pensilis,mpg,https://mothphotographersgroup.msstate.edu/species.php?hodges=10395
lacinipolia-quadrilineata,bugguide,https://bugguide.net/node/view/217506
lacinipolia-quadrilineata,mpg,https://mothphotographersgroup.msstate.edu/species.php?hodges=10422
lacinipolia-rectilinea,mpg,https://mothphotographersgroup.msstate.edu/species.php?hodges=10409
lacinipolia-renigera,bugguide,https://bugguide.net/node/view/10814
lacinipolia-renigera,mpg,https://mothphotographersgroup.msstate.edu/species.php?hodges=10397
lacinipolia-sareta,bugguide,https://bugguide.net/node/view/1225282/bgimage
lacinipolia-sareta,mpg,https://mothphotographersgroup.msstate.edu/species.php?hodges=10395.1
lacinipolia-stenotis,mpg,https://mothphotographersgroup.msstate.edu/species.php?hodges=10382
lacinipolia-stricta,bugguide,https://bugguide.net/node/view/76502
lacinipolia-stricta,mpg,https://mothphotographersgroup.msstate.edu/species.php?hodges=10398
lacinipolia-strigicollis,bugguide,https://bugguide.net/node/view/92973
lacinipolia-strigicollis,mpg,https://mothphotographersgroup.msstate.edu/species.php?hodges=10415
lasionycta-brunnea,mpg,https://mothphotographersgroup.msstate.edu/species.php?hodges=10346.1
lasionycta-caesia,mpg,https://mothphotographersgroup.msstate.edu/species.php?hodges=10346.2
lasionycta-carolynae,mpg,https://mothphotographersgroup.msstate.edu/species.php?hodges=10338.1
lasionycta-fergusoni,mpg,https://mothphotographersgroup.msstate.edu/species.php?hodges=10362.1
lasionycta-frigida,mpg,https://mothphotographersgroup.msstate.edu/species.php?hodges=10348.2
lasionycta-gelida,mpg,https://mothphotographersgroup.msstate.edu/species.php?hodges=10346.3
lasionycta-haida,mpg,https://mothphotographersgroup.msstate.edu/species.php?hodges=10360.1
lasionycta-illima,mpg,https://mothphotographersgroup.msstate.edu/species.php?hodges=10348.1
lasionycta-impingens,mpg,https://mothphotographersgroup.msstate.edu/species.php?hodges=10339
lasionycta-lagganata,mpg,https://mothphotographersgroup.msstate.edu/species.php?hodges=10338
lasionycta-leucocycla,mpg,https://mothphotographersgroup.msstate.edu/species.php?hodges=10336
lasionycta-luteola,mpg,https://mothphotographersgroup.msstate.edu/species.php?hodges=10342
lasionycta-macleani,mpg,https://mothphotographersgroup.msstate.edu/species.php?hodges=10345
lasionycta-mutilata,bugguide,https://bugguide.net/node/view/204443
lasionycta-mutilata,mpg,https://mothphotographersgroup.msstate.edu/species.php?hodges=10360
lasionycta-perplexa,bugguide,https://bugguide.net/node/view/314568
lasionycta-perplexa,mpg,https://mothphotographersgroup.msstate.edu/species.php?hodges=10352
lasionycta-perplexella,mpg,https://mothphotographersgroup.msstate.edu/species.php?hodges=10352.1
lasionycta-poca,mpg,https://mothphotographersgroup.msstate.edu/species.php?hodges=10348
lasionycta-promulsa,mpg,https://mothphotographersgroup.msstate.edu/species.php?hodges=10344
lasionycta-pulverea,mpg,https://mothphotographersgroup.msstate.edu/species.php?hodges=10345.1
lasionycta-quadrilunata,mpg,https://mothphotographersgroup.msstate.edu/species.php?hodges=10335
lasionycta-sasquatch,mpg,https://mothphotographersgroup.msstate.edu/species.php?hodges=10348.3
lasionycta-silacea,mpg,https://mothphotographersgroup.msstate.edu/species.php?hodges=10345.2
lasionycta-staudingeri,mpg,https://mothphotographersgroup.msstate.edu/species.php?hodges=10334
lasionycta-subfuscula,bugguide,https://bugguide.net/node/view/136918
lasionycta-subfuscula,mpg,https://mothphotographersgroup.msstate.edu/species.php?hodges=10358
lasionycta-taigata,mpg,https://mothphotographersgroup.msstate.edu/species.php?hodges=10339.4
lasionycta-uniformis,mpg,https://mothphotographersgroup.msstate.edu/species.php?hodges=10346
lateroligia-ophiogramma,bugguide,https://bugguide.net/node/view/24320
lateroligia-ophiogramma,mpg,https://mothphotographersgroup.msstate.edu/species.php?hodges=9385.1
leptarctia-californiae,bugguide,https://bugguide.net/node/view/48977
leptarctia-californiae,mpg,https://mothphotographersgroup.msstate.edu/species.php?hodges=8126
leucania-anteroclara,mpg,https://mothphotographersgroup.msstate.edu/checklist.php?plate=28E
leucania-commoides,bugguide,https://bugguide.net/node/view/10799
leucania-commoides,mpg,https://mothphotographersgroup.msstate.edu/species.php?hodges=10447
leucania-dia,bugguide,https://bugguide.net/node/view/434797
leucania-dia,mpg,https://mothphotographersgroup.msstate.edu/species.php?hodges=10449.1
leucania-farcta,bugguide,https://bugguide.net/node/view/68888
leucania-farcta,mpg,https://mothphotographersgroup.msstate.edu/species.php?hodges=10441
leucania-insueta,mpg,https://mothphotographersgroup.msstate.edu/species.php?hodges=10449
leucania-multilinea,mpg,https://mothphotographersgroup.msstate.edu/species.php?hodges=10446
leucania-oregona,mpg,https://mothphotographersgroup.msstate.edu/species.php?hodges=10441.1
leucobrephos-brephoides,bamona,https://www.butterfliesandmoths.org/species/Leucobrephos-brephoides
leucobrephos-brephoides,bugguide,https://bugguide.net/node/view/261467
leucobrephos-brephoides,mpg,https://mothphotographersgroup.msstate.edu/species.php?hodges=6257
leucoma-salicis,bugguide,https://bugguide.net/node/view/27833
leucoma-salicis,mpg,https://mothphotographersgroup.msstate.edu/species.php?hodges=8319
litholomia-napaea,bugguide,https://bugguide.net/node/view/15199
litholomia-napaea,mpg,https://mothphotographersgroup.msstate.edu/species.php?hodges=9884
lithomoia-germana,bugguide,https://bugguide.net/node/view/498792
lithomoia-germana,mpg,https://mothphotographersgroup.msstate.edu/species.php?hodges=9878
lithophane-amanda,mpg,https://mothphotographersgroup.msstate.edu/species.php?hodges=9891
lithophane-atara,mpg,https://mothphotographersgroup.msstate.edu/species.php?hodges=9924
lithophane-baileyi,mpg,https://mothphotographersgroup.msstate.edu/species.php?hodges=9902
lithophane-boogeri,mpg,https://mothphotographersgroup.msstate.edu/species.php?hodges=9898.1
lithophane-contenta,mpg,https://mothphotographersgroup.msstate.edu/species.php?hodges=9901
lithophane-dilatocula,bugguide,https://bugguide.net/node/view/45758
lithophane-dilatocula,mpg,https://mothphotographersgroup.msstate.edu/species.php?hodges=9923
lithophane-disposita,bugguide,https://bugguide.net/node/view/334161
lithophane-disposita,mpg,https://mothphotographersgroup.msstate.edu/species.php?hodges=9892
lithophane-fagina,bugguide,https://bugguide.net/node/view/15086
lithophane-fagina,mpg,https://mothphotographersgroup.msstate.edu/species.php?hodges=9917
lithophane-gausapata,mpg,https://mothphotographersgroup.msstate.edu/species.php?hodges=9896
lithophane-georgii,mpg,https://mothphotographersgroup.msstate.edu/species.php?hodges=9913
lithophane-innominata,bugguide,https://bugguide.net/node/view/82863
lithophane-innominata,mpg,https://mothphotographersgroup.msstate.edu/species.php?hodges=9888
lithophane-itata,mpg,https://mothphotographersgroup.msstate.edu/species.php?hodges=9920
lithophane-jeffreyi,mpg,https://mothphotographersgroup.msstate.edu/species.php?hodges=9924.2
lithophane-pertorrida,bugguide,https://bugguide.net/node/view/227340
lithophane-pertorrida,mpg,https://mothphotographersgroup.msstate.edu/species.php?hodges=9912
lithophane-petulca,bugguide,https://bugguide.net/node/view/13291
lithophane-petulca,mpg,https://mothphotographersgroup.msstate.edu/species.php?hodges=9889
lithophane-pexata,mpg,https://mothphotographersgroup.msstate.edu/species.php?hodges=9922
lithophane-ponderosa,bugguide,https://bugguide.net/node/view/618476
lithophane-ponderosa,mpg,https://mothphotographersgroup.msstate.edu/species.php?hodges=9924.1
lithophane-thaxteri,mpg,https://mothphotographersgroup.msstate.edu/species.php?hodges=9928
litocala-sexsignata,bugguide,https://bugguide.net/node/view/50250
litocala-sexsignata,mpg,https://mothphotographersgroup.msstate.edu/species.php?hodges=8597
lobophora-nivigerata,bamona,https://www.butterfliesandmoths.org/species/Lobophora-nivigerata
lobophora-nivigerata,bugguide,https://bugguide.net/node/view/13454
lobophora-nivigerata,mpg,https://mothphotographersgroup.msstate.edu/species.php?hodges=7640
lophocampa-argentata,bugguide,https://bugguide.net/node/view/43315
lophocampa-argentata,mpg,https://mothphotographersgroup.msstate.edu/species.php?hodges=8209
lophocampa-maculata,bugguide,https://bugguide.net/node/view/5241
lophocampa-maculata,mpg,https://mothphotographersgroup.msstate.edu/species.php?hodges=8214
lophocampa-roseata,bugguide,https://bugguide.net/node/view/247272
lophocampa-roseata,mpg,https://mothphotographersgroup.msstate.edu/species.php?hodges=8206
lycomorpha-pholus,bugguide,https://bugguide.net/node/view/7993
lycomorpha-pholus,mpg,https://mothphotographersgroup.msstate.edu/species.php?phylo=930201
lycophotia-phyllophora,mpg,https://mothphotographersgroup.msstate.edu/species.php?hodges=11010
lygephila-victoria,bugguide,https://bugguide.net/node/view/70164
lygephila-victoria,mpg,https://mothphotographersgroup.msstate.edu/species.php?hodges=8563
lymantria-dispar,bugguide,https://bugguide.net/node/view/8780
lymantria-dispar,mpg,https://mothphotographersgroup.msstate.edu/species.php?hodges=8318
macaria-adonis,bamona,https://www.butterfliesandmoths.org/species/Macaria-adonis
macaria-adonis,bugguide,https://bugguide.net/node/view/69577
macaria-adonis,mpg,https://mothphotographersgroup.msstate.edu/species.php?hodges=6338
macaria-aemulataria,bamona,https://www.butterfliesandmoths.org/species/Macaria-aemulataria
macaria-aemulataria,bugguide,https://bugguide.net/node/view/11558
macaria-aemulataria,mpg,https://mothphotographersgroup.msstate.edu/species.php?hodges=6326
macaria-marmorata,mpg,https://mothphotographersgroup.msstate.edu/species.php?hodges=6349
macaria-notata,bamona,https://www.butterfliesandmoths.org/species/Macaria-notata
macaria-notata,bugguide,https://bugguide.net/node/view/168987
macaria-notata,mpg,https://mothphotographersgroup.msstate.edu/species.php?hodges=6330
macaria-oweni,bamona,https://www.butterfliesandmoths.org/species/Macaria-oweni
macaria-oweni,bugguide,https://bugguide.net/node/view/247836
macaria-oweni,mpg,https://mothphotographersgroup.msstate.edu/species.php?hodges=6351
macaria-sexmaculata,bamona,https://www.butterfliesandmoths.org/species/Macaria-sexmaculata
macaria-sexmaculata,bugguide,https://bugguide.net/node/view/27700
macaria-sexmaculata,mpg,https://mothphotographersgroup.msstate.edu/species.php?hodges=6343
macaria-signaria,bamona,https://www.butterfliesandmoths.org/species/Macaria-signaria
macaria-signaria,bugguide,https://bugguide.net/node/view/11540
macaria-signaria,mpg,https://mothphotographersgroup.msstate.edu/species.php?hodges=6344
macaria-submarmorata,bamona,https://www.butterfliesandmoths.org/species/Macaria-submarmorata
macaria-submarmorata,mpg,https://mothphotographersgroup.msstate.edu/species.php?hodges=6350
macaria-unipunctaria,bugguide,https://bugguide.net/node/view/83437
macaria-unipunctaria,mpg,https://mothphotographersgroup.msstate.edu/species.php?hodges=6346
macronoctua-onusta,mpg,https://mothphotographersgroup.msstate.edu/species.php?hodges=9452
malacosoma-californicum,bugguide,https://bugguide.net/node/view/3824
malacosoma-constrictum,bugguide,https://bugguide.net/node/view/163464
malacosoma-disstria,bugguide,https://bugguide.net/node/view/560
malacosoma-disstria,mpg,https://mothphotographersgroup.msstate.edu/species.php?hodges=7698
mamestra-configurata,mpg,https://mothphotographersgroup.msstate.edu/species.php?hodges=10271
mamestra-curialis,bugguide,https://bugguide.net/node/view/1050244
mamestra-curialis,mpg,https://mothphotographersgroup.msstate.edu/species.php?hodges=10272
manduca-quinquemaculata,bugguide,https://bugguide.net/node/view/5011
manduca-quinquemaculata,mpg,https://mothphotographersgroup.msstate.edu/species.php?hodges=7776
manduca-sexta,bugguide,https://bugguide.net/node/view/3244
manduca-sexta,mpg,https://mothphotographersgroup.msstate.edu/species.php?hodges=7775
manulea-bicolor,bugguide,https://bugguide.net/node/view/40897
manulea-bicolor,mpg,https://mothphotographersgroup.msstate.edu/species.php?hodges=8043
marathyssa-inficita,bugguide,https://bugguide.net/node/view/7820
marathyssa-inficita,mpg,https://mothphotographersgroup.msstate.edu/species.php?hodges=8955
megalographa-biloba,bugguide,https://bugguide.net/node/view/28250
megalographa-biloba,mpg,https://mothphotographersgroup.msstate.edu/species.php?hodges=8907
meganola-minuscula,bugguide,https://bugguide.net/node/view/17422
meganola-minuscula,mpg,https://mothphotographersgroup.msstate.edu/species.php?hodges=8983
melanapamea-mixta,mpg,https://mothphotographersgroup.msstate.edu/species.php?hodges=9361
melanchra-adjuncta,bugguide,https://bugguide.net/node/view/18378
melanchra-adjuncta,mpg,https://mothphotographersgroup.msstate.edu/species.php?hodges=10292
melanchra-assimilis,bugguide,https://bugguide.net/node/view/29232
melanchra-assimilis,mpg,https://mothphotographersgroup.msstate.edu/species.php?hodges=10295
melanchra-picta,bugguide,https://bugguide.net/node/view/29233
melanchra-picta,mpg,https://mothphotographersgroup.msstate.edu/species.php?hodges=10293
melanchra-pulverulenta,bugguide,https://bugguide.net/node/view/482111
melanchra-pulverulenta,mpg,https://mothphotographersgroup.msstate.edu/species.php?hodges=10294
melipotis-indomita,bugguide,https://bugguide.net/node/view/92670
melipotis-indomita,mpg,https://mothphotographersgroup.msstate.edu/species.php?hodges=8600
melipotis-jucunda,bugguide,https://bugguide.net/node/view/23072
melipotis-jucunda,mpg,https://mothphotographersgroup.msstate.edu/species.php?hodges=8607
mesapamea-fractilinea,bugguide,https://bugguide.net/node/view/606869
mesapamea-fractilinea,mpg,https://mothphotographersgroup.msstate.edu/species.php?hodges=9406
mesogona-olivata,bugguide,https://bugguide.net/node/view/242757
mesogona-olivata,mpg,https://mothphotographersgroup.msstate.edu/species.php?hodges=9953
mesogona-rubra,mpg,https://mothphotographersgroup.msstate.edu/species.php?hodges=9953.1
mesogona-subcuprea,bugguide,https://bugguide.net/node/view/143820
mesogona-subcuprea,mpg,https://mothphotographersgroup.msstate.edu/species.php?hodges=9953.2
mesoleuca-gratulata,bamona,https://www.butterfliesandmoths.org/species/Mesoleuca-gratulata
mesoleuca-gratulata,bugguide,https://bugguide.net/node/view/13933
mesoleuca-gratulata,mpg,https://mothphotographersgroup.msstate.edu/species.php?hodges=7308
metalectra-bigallis,mpg,https://mothphotographersgroup.msstate.edu/species.php?hodges=8501
metanema-inatomaria,bamona,https://www.butterfliesandmoths.org/species/Metanema-inatomaria
metanema-inatomaria,bugguide,https://bugguide.net/node/view/22601
metanema-inatomaria,mpg,https://mothphotographersgroup.msstate.edu/species.php?hodges=6819
microhelia-angelica,bugguide,https://bugguide.net/node/view/113960
microhelia-angelica,mpg,https://mothphotographersgroup.msstate.edu/species.php?hodges=11056
mniotype-ducta,mpg,https://mothphotographersgroup.msstate.edu/species.php?hodges=9987
mniotype-pallescens,mpg,https://mothphotographersgroup.msstate.edu/species.php?hodges=9983
mniotype-tenera,mpg,https://mothphotographersgroup.msstate.edu/species.php?hodges=9988
mycterophora-inexplicata,bugguide,https://bugguide.net/node/view/622630
mycterophora-inexplicata,mpg,https://mothphotographersgroup.msstate.edu/species.php?hodges=8413
mycterophora-longipalpata,bugguide,https://bugguide.net/node/view/74724
mycterophora-longipalpata,mpg,https://mothphotographersgroup.msstate.edu/species.php?hodges=8415
mycterophora-monticola,mpg,https://mothphotographersgroup.msstate.edu/species.php?hodges=8414
mycterophora-rubricans,bugguide,https://bugguide.net/node/view/494506
mycterophora-rubricans,mpg,https://mothphotographersgroup.msstate.edu/species.php?hodges=8417
mythimna-oxygala,bugguide,https://bugguide.net/node/view/10810
mythimna-oxygala,mpg,https://mothphotographersgroup.msstate.edu/species.php?hodges=10436
mythimna-unipuncta,bugguide,https://bugguide.net/node/view/10901
mythimna-unipuncta,mpg,https://mothphotographersgroup.msstate.edu/species.php?hodges=10438
mythimna-yuconensis,mpg,https://mothphotographersgroup.msstate.edu/species.php?hodges=10437
nadata-gibbosa,bugguide,https://bugguide.net/node/view/425
nadata-gibbosa,mpg,https://mothphotographersgroup.msstate.edu/species.php?hodges=7915
nadata-oregonensis,bugguide,https://bugguide.net/node/view/77507
nadata-oregonensis,mpg,https://mothphotographersgroup.msstate.edu/species.php?hodges=7916
nedra-hoeffleri,mpg,https://mothphotographersgroup.msstate.edu/species.php?hodges=9585
nedra-stewarti,mpg,https://mothphotographersgroup.msstate.edu/species.php?hodges=9583
neleucania-praegracilis,mpg,https://mothphotographersgroup.msstate.edu/species.php?hodges=10613
nematocampa-resistaria,bamona,https://www.butterfliesandmoths.org/species/Nematocampa-resistaria
nematocampa-resistaria,bugguide,https://bugguide.net/node/view/3977
nematocampa-resistaria,mpg,https://mothphotographersgroup.msstate.edu/species.php?hodges=7010
nemoria-darwiniata,bamona,https://www.butterfliesandmoths.org/species/Nemoria-darwiniata
nemoria-darwiniata,bugguide,https://bugguide.net/node/view/42928
nemoria-darwiniata,mpg,https://mothphotographersgroup.msstate.edu/species.php?hodges=7035
neoalcis-californiaria,bamona,https://www.butterfliesandmoths.org/species/Neoalcis-californiaria
neoalcis-californiaria,bugguide,https://bugguide.net/node/view/9696
neoalcis-californiaria,mpg,https://mothphotographersgroup.msstate.edu/species.php?hodges=6435
neogrotella-spaldingi,mpg,https://mothphotographersgroup.msstate.edu/species.php?hodges=11232
neoligia-albirena,mpg,https://mothphotographersgroup.msstate.edu/species.php?hodges=9413.4
neoligia-invenusta,mpg,https://mothphotographersgroup.msstate.edu/species.php?hodges=9413.2
neoligia-lancea,mpg,https://mothphotographersgroup.msstate.edu/species.php?hodges=9413.5
neoligia-lillooet,mpg,https://mothphotographersgroup.msstate.edu/species.php?hodges=9413.6
neoligia-subjuncta,bugguide,https://bugguide.net/node/view/413005
neoligia-subjuncta,mpg,https://mothphotographersgroup.msstate.edu/species.php?hodges=9412
neoligia-tonsa,bugguide,https://bugguide.net/node/view/582899
neoligia-tonsa,mpg,https://mothphotographersgroup.msstate.edu/species.php?hodges=9413
nephelodes-demaculata,mpg,https://mothphotographersgroup.msstate.edu/species.php?hodges=10525
nephelodes-minians,mpg,https://mothphotographersgroup.msstate.edu/species.php?hodges=10524
nepytia-phantasmaria,bamona,https://www.butterfliesandmoths.org/species/Nepytia-phantasmaria
nepytia-phantasmaria,bugguide,https://bugguide.net/node/view/88329
nepytia-phantasmaria,mpg,https://mothphotographersgroup.msstate.edu/species.php?hodges=6907
nepytia-umbrosaria,bamona,https://www.butterfliesandmoths.org/species/Nepytia-umbrosaria
nepytia-umbrosaria,bugguide,https://bugguide.net/node/view/43175
nepytia-umbrosaria,mpg,https://mothphotographersgroup.msstate.edu/species.php?hodges=6899
noctua-comes,bugguide,https://bugguide.net/node/view/9843
noctua-comes,mpg,https://mothphotographersgroup.msstate.edu/species.php?hodges=11003.2
noctua-pronuba,bugguide,https://bugguide.net/node/view/9821
noctua-pronuba,mpg,https://mothphotographersgroup.msstate.edu/species.php?hodges=11003.1
nola-cilicoides,bugguide,https://bugguide.net/node/view/21719
nola-cilicoides,mpg,https://mothphotographersgroup.msstate.edu/species.php?hodges=8990
nola-minna,bugguide,https://bugguide.net/node/view/48885
nola-minna,mpg,https://mothphotographersgroup.msstate.edu/species.php?hodges=8993
notodonta-manitou,bugguide,https://bugguide.net/node/view/1649782
notodonta-manitou,mpg,https://mothphotographersgroup.msstate.edu/species.php?hodges=7926.1
notodonta-ochreata,bugguide,https://bugguide.net/node/view/1649783
notodonta-ochreata,mpg,https://mothphotographersgroup.msstate.edu/species.php?hodges=7926.2
notodonta-pacifica,bugguide,https://bugguide.net/node/view/268169
notodonta-pacifica,mpg,https://mothphotographersgroup.msstate.edu/species.php?hodges=7927
notodonta-torva,bugguide,https://bugguide.net/node/view/344971
notodonta-torva,mpg,https://mothphotographersgroup.msstate.edu/species.php?hodges=7928
nudorthodes-texana,mpg,https://mothphotographersgroup.msstate.edu/species.php?hodges=10560
nycteola-cinereana,bugguide,https://bugguide.net/node/view/43245
nycteola-cinereana,mpg,https://mothphotographersgroup.msstate.edu/species.php?hodges=8977
nycteola-columbiana,mpg,https://mothphotographersgroup.msstate.edu/species.php?hodges=8976
nycteola-frigidana,bugguide,https://bugguide.net/node/view/113955
nycteola-frigidana,mpg,https://mothphotographersgroup.msstate.edu/species.php?hodges=8975
ochropleura-implecta,mpg,https://mothphotographersgroup.msstate.edu/species.php?hodges=10891
oedemasia-salicis,bugguide,https://bugguide.net/node/view/2099738
oedemasia-salicis,mpg,https://mothphotographersgroup.msstate.edu/species.php?hodges=8010.1
oedemasia-semirufescens,bugguide,https://bugguide.net/node/view/11752
oedemasia-semirufescens,mpg,https://mothphotographersgroup.msstate.edu/species.php?hodges=8012
oligia-divesta,mpg,https://mothphotographersgroup.msstate.edu/species.php?hodges=9559
oligia-obtusa,bugguide,https://bugguide.net/node/view/722021
oligia-obtusa,mpg,https://mothphotographersgroup.msstate.edu/species.php?hodges=9418
oligia-rampartensis,bugguide,https://bugguide.net/node/view/203770
oligia-rampartensis,mpg,https://mothphotographersgroup.msstate.edu/species.php?hodges=9414.1
oligia-tusa,bugguide,https://bugguide.net/node/view/235822
oligia-tusa,mpg,https://mothphotographersgroup.msstate.edu/species.php?hodges=9405
oligia-violacea,bugguide,https://bugguide.net/node/view/69567
oligia-violacea,mpg,https://mothphotographersgroup.msstate.edu/species.php?hodges=9414
oreta-rosea,bugguide,https://bugguide.net/node/view/3668
oreta-rosea,mpg,https://mothphotographersgroup.msstate.edu/species.php?hodges=6255
orgyia-antiqua,bugguide,https://bugguide.net/node/view/28152
orgyia-antiqua,mpg,https://mothphotographersgroup.msstate.edu/species.php?hodges=8308
orgyia-cana,mpg,https://mothphotographersgroup.msstate.edu/species.php?hodges=8311
orgyia-pseudotsugata,bugguide,https://bugguide.net/node/view/29616
orgyia-pseudotsugata,mpg,https://mothphotographersgroup.msstate.edu/species.php?hodges=8312
orgyia-vetusta,bugguide,https://bugguide.net/node/view/18317
orgyia-vetusta,mpg,https://mothphotographersgroup.msstate.edu/species.php?hodges=8309
orthodes-detracta,bugguide,https://bugguide.net/node/view/45121
orthodes-detracta,mpg,https://mothphotographersgroup.msstate.edu/species.php?hodges=10288
orthodes-goodelli,mpg,https://mothphotographersgroup.msstate.edu/species.php?hodges=10289
orthodes-noverca,mpg,https://mothphotographersgroup.msstate.edu/species.php?hodges=10282
orthodes-obscura,bugguide,https://bugguide.net/node/view/492481
orthodes-obscura,mpg,https://mothphotographersgroup.msstate.edu/species.php?hodges=10290
orthosia-arthrolita,bugguide,https://bugguide.net/node/view/241334
orthosia-arthrolita,mpg,https://mothphotographersgroup.msstate.edu/species.php?hodges=10489
orthosia-behrensiana,bugguide,https://bugguide.net/node/view/252114
orthosia-behrensiana,mpg,https://mothphotographersgroup.msstate.edu/species.php?hodges=10485
orthosia-ferrigera,bugguide,https://bugguide.net/node/view/675806
orthosia-ferrigera,mpg,https://mothphotographersgroup.msstate.edu/species.php?hodges=10482
orthosia-hibisci,bugguide,https://bugguide.net/node/view/4865
orthosia-hibisci,mpg,https://mothphotographersgroup.msstate.edu/species.php?hodges=10495
orthosia-mys,bugguide,https://bugguide.net/node/view/262576
orthosia-mys,mpg,https://mothphotographersgroup.msstate.edu/species.php?hodges=10481
orthosia-pacifica,bugguide,https://bugguide.net/node/view/626851
orthosia-pacifica,mpg,https://mothphotographersgroup.msstate.edu/species.php?hodges=10494
orthosia-praeses,bugguide,https://bugguide.net/node/view/46118
orthosia-praeses,mpg,https://mothphotographersgroup.msstate.edu/species.php?hodges=10480
orthosia-pulchella,bugguide,https://bugguide.net/node/view/415420
orthosia-pulchella,mpg,https://mothphotographersgroup.msstate.edu/species.php?hodges=10478
orthosia-revicta,bugguide,https://bugguide.net/node/view/15298
orthosia-revicta,mpg,https://mothphotographersgroup.msstate.edu/species.php?hodges=10490
orthosia-segregata,bugguide,https://bugguide.net/node/view/634069
orthosia-segregata,mpg,https://mothphotographersgroup.msstate.edu/species.php?hodges=10493
orthosia-terminata,bugguide,https://bugguide.net/node/view/605518
orthosia-terminata,mpg,https://mothphotographersgroup.msstate.edu/species.php?hodges=10484
orthosia-transparens,mpg,https://mothphotographersgroup.msstate.edu/species.php?hodges=10479
pachysphinx-modesta,bugguide,https://bugguide.net/node/view/19817
pachysphinx-modesta,mpg,https://mothphotographersgroup.msstate.edu/species.php?hodges=7828
pachysphinx-occidentalis,bugguide,https://bugguide.net/node/view/19818
pachysphinx-occidentalis,mpg,https://mothphotographersgroup.msstate.edu/species.php?hodges=7829
palthis-angulalis,bugguide,https://bugguide.net/node/view/515
palthis-angulalis,mpg,https://mothphotographersgroup.msstate.edu/species.php?hodges=8397
panthea-acronyctoides,bugguide,https://bugguide.net/node/view/24924
panthea-acronyctoides,mpg,https://mothphotographersgroup.msstate.edu/species.php?hodges=9177
panthea-furcilla,bugguide,https://bugguide.net/node/view/3691
panthea-furcilla,mpg,https://mothphotographersgroup.msstate.edu/species.php?hodges=9182
panthea-gigantea,bugguide,https://bugguide.net/node/view/143802
panthea-gigantea,mpg,https://mothphotographersgroup.msstate.edu/species.php?hodges=9181
panthea-virginarius,bugguide,https://bugguide.net/node/view/42585
panthea-virginarius,mpg,https://mothphotographersgroup.msstate.edu/species.php?hodges=9178
paonias-excaecatus,bugguide,https://bugguide.net/node/view/4481
paonias-excaecatus,mpg,https://mothphotographersgroup.msstate.edu/species.php?hodges=7824
paonias-myops,bugguide,https://bugguide.net/node/view/3713
paonias-myops,mpg,https://mothphotographersgroup.msstate.edu/species.php?hodges=7825
papaipema-harrisii,bugguide,https://bugguide.net/node/view/468181
papaipema-harrisii,mpg,https://mothphotographersgroup.msstate.edu/species.php?hodges=9472
papaipema-insulidens,mpg,https://mothphotographersgroup.msstate.edu/species.php?hodges=9488
papaipema-limata,mpg,https://mothphotographersgroup.msstate.edu/species.php?hodges=9485.1
papaipema-sauzalitae,bugguide,https://bugguide.net/node/view/705315
papaipema-sauzalitae,mpg,https://mothphotographersgroup.msstate.edu/species.php?hodges=9474
papaipema-unimoda,bugguide,https://bugguide.net/node/view/33049
papaipema-unimoda,mpg,https://mothphotographersgroup.msstate.edu/species.php?hodges=9509
papestra-biren,mpg,https://mothphotographersgroup.msstate.edu/species.php?hodges=10311
papestra-brenda,mpg,https://mothphotographersgroup.msstate.edu/species.php?hodges=10313
papestra-cristifera,bugguide,https://bugguide.net/node/view/117942
papestra-cristifera,mpg,https://mothphotographersgroup.msstate.edu/species.php?hodges=10312
papestra-invalida,bugguide,https://bugguide.net/node/view/433467
papestra-invalida,mpg,https://mothphotographersgroup.msstate.edu/species.php?hodges=10314
papestra-quadrata,bugguide,https://bugguide.net/node/view/117943
papestra-quadrata,mpg,https://mothphotographersgroup.msstate.edu/species.php?hodges=10310
parabagrotis-cupidissima,bugguide,https://bugguide.net/node/view/143603
parabagrotis-cupidissima,mpg,https://mothphotographersgroup.msstate.edu/species.php?hodges=11047.3
parabagrotis-exsertistigma,bugguide,https://bugguide.net/node/view/143598
parabagrotis-exsertistigma,mpg,https://mothphotographersgroup.msstate.edu/species.php?hodges=11047
parabagrotis-formalis,bugguide,https://bugguide.net/node/view/134837
parabagrotis-formalis,mpg,https://mothphotographersgroup.msstate.edu/species.php?hodges=11047.1
parabagrotis-insularis,bugguide,https://bugguide.net/node/view/143597
parabagrotis-insularis,mpg,https://mothphotographersgroup.msstate.edu/species.php?hodges=11047.2
parabagrotis-sulinaris,mpg,https://mothphotographersgroup.msstate.edu/species.php?hodges=11048
paradiarsia-littoralis,bugguide,https://bugguide.net/node/view/372327
paradiarsia-littoralis,mpg,https://mothphotographersgroup.msstate.edu/species.php?hodges=10992
paraseptis-adnixa,bugguide,https://bugguide.net/node/view/117581
paraseptis-adnixa,mpg,https://mothphotographersgroup.msstate.edu/species.php?hodges=9533
parastichtis-suspecta,bugguide,https://bugguide.net/node/view/245954
parastichtis-suspecta,mpg,https://mothphotographersgroup.msstate.edu/species.php?hodges=9431
peridroma-saucia,bugguide,https://bugguide.net/node/view/10726
peridroma-saucia,mpg,https://mothphotographersgroup.msstate.edu/species.php?hodges=10915
perigonica-angulata,bugguide,https://bugguide.net/node/view/480881
perigonica-angulata,mpg,https://mothphotographersgroup.msstate.edu/species.php?hodges=10468
perigonica-pectinata,mpg,https://mothphotographersgroup.msstate.edu/species.php?hodges=10469
perigonica-tertia,bugguide,https://bugguide.net/node/view/206225
perigonica-tertia,mpg,https://mothphotographersgroup.msstate.edu/species.php?hodges=10464
perizoma-costiguttata,bamona,https://www.butterfliesandmoths.org/species/Perizoma-costiguttata
perizoma-costiguttata,bugguide,https://bugguide.net/node/view/170836
perizoma-costiguttata,mpg,https://mothphotographersgroup.msstate.edu/species.php?hodges=7325
perizoma-curvilinea,bamona,https://www.butterfliesandmoths.org/species/Perizoma-cervilinea
perizoma-curvilinea,bugguide,https://bugguide.net/node/view/106409
perizoma-curvilinea,mpg,https://mothphotographersgroup.msstate.edu/species.php?hodges=7324
pero-behrensaria,bamona,https://www.butterfliesandmoths.org/species/Pero-behrensaria
pero-behrensaria,bugguide,https://bugguide.net/node/view/209341
pero-behrensaria,mpg,https://mothphotographersgroup.msstate.edu/species.php?hodges=6760
pero-mizon,bamona,https://www.butterfliesandmoths.org/species/Pero-mizon
pero-mizon,bugguide,https://bugguide.net/node/view/70137
pero-mizon,mpg,https://mothphotographersgroup.msstate.edu/species.php?hodges=6757
phaeoura-mexicanaria,bamona,https://www.butterfliesandmoths.org/species/Phaeoura-mexicanaria
phaeoura-mexicanaria,bugguide,https://bugguide.net/node/view/160288
phaeoura-mexicanaria,mpg,https://mothphotographersgroup.msstate.edu/species.php?hodges=6766
phalaenophana-pyramusalis,bugguide,https://bugguide.net/node/view/17063
phalaenophana-pyramusalis,mpg,https://mothphotographersgroup.msstate.edu/species.php?hodges=8338
phalaenostola-hanhami,bugguide,https://bugguide.net/node/view/119987
phalaenostola-hanhami,mpg,https://mothphotographersgroup.msstate.edu/species.php?hodges=8365
phalaenostola-metonalis,bugguide,https://bugguide.net/node/view/38018
phalaenostola-metonalis,mpg,https://mothphotographersgroup.msstate.edu/species.php?hodges=8362
pheosidea-elegans,bugguide,https://bugguide.net/node/view/26213
pheosidea-elegans,mpg,https://mothphotographersgroup.msstate.edu/species.php?hodges=7924
phigalia-plumogeraria,bugguide,https://bugguide.net/node/view/44387
phigalia-plumogeraria,mpg,https://mothphotographersgroup.msstate.edu/species.php?hodges=6661
phlogophora-periculosa,bugguide,https://bugguide.net/node/view/387
phlogophora-periculosa,mpg,https://mothphotographersgroup.msstate.edu/species.php?hodges=9547
phobolosia-anfracta,bugguide,https://bugguide.net/node/view/310302
phobolosia-anfracta,mpg,https://mothphotographersgroup.msstate.edu/species.php?hodges=8439
photedes-defecta,bugguide,https://bugguide.net/node/view/690161
photedes-defecta,mpg,https://mothphotographersgroup.msstate.edu/species.php?hodges=9443
photedes-didonea,mpg,https://mothphotographersgroup.msstate.edu/species.php?hodges=9432
photedes-inops,mpg,https://mothphotographersgroup.msstate.edu/species.php?hodges=9435
phragmatobia-assimilans,bugguide,https://bugguide.net/node/view/41932
phragmatobia-assimilans,mpg,https://mothphotographersgroup.msstate.edu/species.php?hodges=8158
phragmatobia-fuliginosa,bugguide,https://bugguide.net/node/view/41933
phragmatobia-fuliginosa,mpg,https://mothphotographersgroup.msstate.edu/species.php?hodges=8156
phryganidia-californica,bugguide,https://bugguide.net/node/view/83364
phryganidia-californica,mpg,https://mothphotographersgroup.msstate.edu/species.php?hodges=8031
phyllodesma-americana,bugguide,https://bugguide.net/node/view/20258
phyllodesma-americana,mpg,https://mothphotographersgroup.msstate.edu/species.php?hodges=7687
phyllodesma-coturnix,bugguide,https://bugguide.net/node/view/20257
phyllodesma-coturnix,mpg,https://mothphotographersgroup.msstate.edu/species.php?hodges=7688
plagiomimicus-dimidiata,bugguide,https://bugguide.net/node/view/461981
plagiomimicus-dimidiata,mpg,https://mothphotographersgroup.msstate.edu/species.php?hodges=9745
plagiomimicus-expallidus,bugguide,https://bugguide.net/node/view/609926
plagiomimicus-expallidus,mpg,https://mothphotographersgroup.msstate.edu/species.php?hodges=9752
plagiomimicus-spumosum,bugguide,https://bugguide.net/node/view/89784
plagiomimicus-spumosum,mpg,https://mothphotographersgroup.msstate.edu/species.php?hodges=9748
plagiomimicus-yakama,bugguide,https://bugguide.net/node/view/322891
plagiomimicus-yakama,mpg,https://mothphotographersgroup.msstate.edu/species.php?hodges=9755
plagodis-phlogosaria,bamona,https://www.butterfliesandmoths.org/species/Plagodis-phlogosaria
plagodis-phlogosaria,bugguide,https://bugguide.net/node/view/13793
plagodis-phlogosaria,mpg,https://mothphotographersgroup.msstate.edu/species.php?hodges=6842
plataea-diva,mpg,https://mothphotographersgroup.msstate.edu/species.php?hodges=6925
plataea-trilinearia,bamona,https://www.butterfliesandmoths.org/species/Plataea-trilinearia
plataea-trilinearia,bugguide,https://bugguide.net/node/view/129514
plataea-trilinearia,mpg,https://mothphotographersgroup.msstate.edu/species.php?hodges=6926
platypolia-anceps,mpg,https://mothphotographersgroup.msstate.edu/species.php?hodges=9976
platypolia-contadina,bugguide,https://bugguide.net/node/view/85965
platypolia-contadina,mpg,https://mothphotographersgroup.msstate.edu/species.php?hodges=9977
platypolia-loda,bugguide,https://bugguide.net/node/view/535675
platypolia-loda,mpg,https://mothphotographersgroup.msstate.edu/species.php?hodges=9978
platypolia-mactata,mpg,https://mothphotographersgroup.msstate.edu/species.php?hodges=9419
pleromella-opter,bugguide,https://bugguide.net/node/view/386807
pleromella-opter,mpg,https://mothphotographersgroup.msstate.edu/species.php?hodges=10026
pleromelloida-bonuscula,bugguide,https://bugguide.net/node/view/138992
pleromelloida-bonuscula,mpg,https://mothphotographersgroup.msstate.edu/species.php?hodges=10029
pleromelloida-cinerea,bugguide,https://bugguide.net/node/view/88075
pleromelloida-cinerea,mpg,https://mothphotographersgroup.msstate.edu/species.php?hodges=10031
pleromelloida-conserta,bugguide,https://bugguide.net/node/view/60011
plusia-nichollae,bugguide,https://bugguide.net/node/view/143803
plusia-nichollae,mpg,https://mothphotographersgroup.msstate.edu/species.php?hodges=8951
plusia-putnami,bugguide,https://bugguide.net/node/view/148682
plusia-putnami,mpg,https://mothphotographersgroup.msstate.edu/species.php?hodges=8950
plusia-venusta,bugguide,https://bugguide.net/node/view/42771
plusia-venusta,mpg,https://mothphotographersgroup.msstate.edu/species.php?hodges=8953
polia-discalis,mpg,https://mothphotographersgroup.msstate.edu/species.php?hodges=10273
polia-imbrifera,mpg,https://mothphotographersgroup.msstate.edu/species.php?hodges=10276
polia-nimbosa,bugguide,https://bugguide.net/node/view/43594
polia-nimbosa,mpg,https://mothphotographersgroup.msstate.edu/species.php?hodges=10275
polia-nugatis,bugguide,https://bugguide.net/node/view/354838
polia-nugatis,mpg,https://mothphotographersgroup.msstate.edu/species.php?hodges=10281
polia-piniae,mpg,https://mothphotographersgroup.msstate.edu/species.php?hodges=10274
polia-propodea,mpg,https://mothphotographersgroup.msstate.edu/species.php?hodges=10277.1
polia-purpurissata,bugguide,https://bugguide.net/node/view/35721
polia-purpurissata,mpg,https://mothphotographersgroup.msstate.edu/species.php?hodges=10280
polia-richardsoni,mpg,https://mothphotographersgroup.msstate.edu/species.php?hodges=10279
polia-rogenhoferi,mpg,https://mothphotographersgroup.msstate.edu/species.php?hodges=10277
polychrysia-esmeralda,bugguide,https://bugguide.net/node/view/238867
polychrysia-esmeralda,mpg,https://mothphotographersgroup.msstate.edu/species.php?hodges=8901
polychrysia-morigera,mpg,https://mothphotographersgroup.msstate.edu/species.php?hodges=8902
ponometia-binocula,bugguide,https://bugguide.net/node/view/418903
ponometia-binocula,mpg,https://mothphotographersgroup.msstate.edu/species.php?hodges=9089
ponometia-candefacta,bugguide,https://bugguide.net/node/view/43823
ponometia-candefacta,mpg,https://mothphotographersgroup.msstate.edu/species.php?hodges=9090
ponometia-elegantula,bugguide,https://bugguide.net/node/view/398492
ponometia-elegantula,mpg,https://mothphotographersgroup.msstate.edu/species.php?hodges=9109
ponometia-fumata,mpg,https://mothphotographersgroup.msstate.edu/species.php?hodges=9101.2
ponometia-nigra,mpg,https://mothphotographersgroup.msstate.edu/species.php?hodges=9101.1
ponometia-semiflava,bugguide,https://bugguide.net/node/view/48299
ponometia-semiflava,mpg,https://mothphotographersgroup.msstate.edu/species.php?hodges=9085
ponometia-sutrix,bugguide,https://bugguide.net/node/view/367350
ponometia-sutrix,mpg,https://mothphotographersgroup.msstate.edu/species.php?hodges=9119
ponometia-tortricina,mpg,https://mothphotographersgroup.msstate.edu/species.php?hodges=9101
prognorisma-substrigata,mpg,https://mothphotographersgroup.msstate.edu/species.php?hodges=10948
pronoctua-craboi,mpg,https://mothphotographersgroup.msstate.edu/species.php?hodges=11050.2
pronoctua-peabodyae,mpg,https://mothphotographersgroup.msstate.edu/species.php?hodges=11050.1
pronoctua-pyrophiloides,mpg,https://mothphotographersgroup.msstate.edu/species.php?hodges=11050
pronoctua-typica,mpg,https://mothphotographersgroup.msstate.edu/species.php?hodges=11049
properigea-albimacula,bugguide,https://bugguide.net/node/view/143427
properigea-albimacula,mpg,https://mothphotographersgroup.msstate.edu/species.php?hodges=9588
properigea-niveirena,bugguide,https://bugguide.net/node/view/143823
properigea-niveirena,mpg,https://mothphotographersgroup.msstate.edu/species.php?hodges=9596
proserpinus-clarkiae,bugguide,https://bugguide.net/node/view/65845
proserpinus-clarkiae,mpg,https://mothphotographersgroup.msstate.edu/species.php?hodges=7876
proserpinus-flavofasciata,bugguide,https://bugguide.net/node/view/15829
proserpinus-flavofasciata,mpg,https://mothphotographersgroup.msstate.edu/species.php?hodges=7877
proserpinus-lucidus,bamona,https://www.butterfliesandmoths.org/species/Proserpinus-lucidus
proserpinus-lucidus,mpg,https://mothphotographersgroup.msstate.edu/species.php?hodges=7876
protitame-subalbaria,bamona,https://www.butterfliesandmoths.org/species/Protitame-subalbaria
protitame-subalbaria,bugguide,https://bugguide.net/node/view/68894
protitame-subalbaria,mpg,https://mothphotographersgroup.msstate.edu/species.php?hodges=6266
protitame-virginalis,bamona,https://www.butterfliesandmoths.org/species/Protitame-virginalis
protitame-virginalis,bugguide,https://bugguide.net/node/view/94800
protitame-virginalis,mpg,https://mothphotographersgroup.msstate.edu/species.php?hodges=6270
protodeltote-albidula,bugguide,https://bugguide.net/node/view/10846
protodeltote-albidula,mpg,https://mothphotographersgroup.msstate.edu/species.php?hodges=9048
protogygia-album,mpg,https://mothphotographersgroup.msstate.edu/species.php?hodges=10692
protogygia-arena,mpg,https://mothphotographersgroup.msstate.edu/species.php?hodges=10900.1
protogygia-comstocki,mpg,https://mothphotographersgroup.msstate.edu/species.php?hodges=10895
protogygia-enalaga,mpg,https://mothphotographersgroup.msstate.edu/species.php?hodges=10893
protogygia-lagena,mpg,https://mothphotographersgroup.msstate.edu/species.php?hodges=10892
protogygia-milleri,bugguide,https://bugguide.net/node/view/607360
protogygia-milleri,mpg,https://mothphotographersgroup.msstate.edu/species.php?hodges=10898
protogygia-postera,mpg,https://mothphotographersgroup.msstate.edu/species.php?hodges=10892.1
protolampra-rufipectus,bugguide,https://bugguide.net/node/view/144284
protolampra-rufipectus,mpg,https://mothphotographersgroup.msstate.edu/species.php?hodges=11004
protoperigea-anotha,bugguide,https://bugguide.net/node/view/204910
protoperigea-anotha,mpg,https://mothphotographersgroup.msstate.edu/species.php?hodges=9642
protoperigea-calientensis,mpg,https://mothphotographersgroup.msstate.edu/species.php?hodges=9643.4
protoperigea-posticata,bugguide,https://bugguide.net/node/view/492489
protoperigea-posticata,mpg,https://mothphotographersgroup.msstate.edu/species.php?hodges=9643
protoperigea-umbricata,mpg,https://mothphotographersgroup.msstate.edu/species.php?hodges=9643.1
trichopolia-alfkenii,bugguide,https://bugguide.net/node/view/446782
trichopolia-alfkenii,mpg,https://mothphotographersgroup.msstate.edu/species.php?hodges=10559
trichopolia-curtica,bugguide,https://bugguide.net/node/view/143585
trichopolia-curtica,mpg,https://mothphotographersgroup.msstate.edu/species.php?hodges=10546
trichopolia-eureka,mpg,https://mothphotographersgroup.msstate.edu/species.php?hodges=10549
trichopolia-incincta,mpg,https://mothphotographersgroup.msstate.edu/species.php?hodges=10552
trichopolia-oviduca,bugguide,https://bugguide.net/node/view/38978
trichopolia-oviduca,mpg,https://mothphotographersgroup.msstate.edu/species.php?hodges=10563
trichopolia-rufula,bugguide,https://bugguide.net/node/view/160167
trichopolia-rufula,mpg,https://mothphotographersgroup.msstate.edu/species.php?hodges=10557
protoschinia-nuchalis,bugguide,https://bugguide.net/node/view/326378
protoschinia-nuchalis,mpg,https://mothphotographersgroup.msstate.edu/species.php?hodges=11082
proxenus-mindara,bugguide,https://bugguide.net/node/view/489408
proxenus-mindara,mpg,https://mothphotographersgroup.msstate.edu/species.php?hodges=9648
proxenus-miranda,bugguide,https://bugguide.net/node/view/21028
proxenus-miranda,mpg,https://mothphotographersgroup.msstate.edu/species.php?hodges=9647
psammopolia-arietis,bugguide,https://bugguide.net/node/view/199220
psammopolia-arietis,mpg,https://mothphotographersgroup.msstate.edu/species.php?hodges=10364
psammopolia-wyatti,bugguide,https://bugguide.net/node/view/204431
psammopolia-wyatti,mpg,https://mothphotographersgroup.msstate.edu/species.php?hodges=10365
pseudanarta-caeca,mpg,https://mothphotographersgroup.msstate.edu/species.php?hodges=9604
pseudanarta-crocea,bugguide,https://bugguide.net/node/view/463226
pseudanarta-crocea,mpg,https://mothphotographersgroup.msstate.edu/species.php?hodges=9605
pseudanarta-flava,bugguide,https://bugguide.net/node/view/572142
pseudanarta-flava,mpg,https://mothphotographersgroup.msstate.edu/species.php?hodges=9606
pseudanarta-singula,bugguide,https://bugguide.net/node/view/336198
pseudanarta-singula,mpg,https://mothphotographersgroup.msstate.edu/species.php?hodges=9607
pseudeva-palligera,bugguide,https://bugguide.net/node/view/83441
pseudeva-palligera,mpg,https://mothphotographersgroup.msstate.edu/species.php?hodges=8900
pseudeva-purpurigera,mpg,https://mothphotographersgroup.msstate.edu/species.php?hodges=8899
pseudobryomima-muscosa,bugguide,https://bugguide.net/node/view/76989
pseudobryomima-muscosa,mpg,https://mothphotographersgroup.msstate.edu/species.php?hodges=9599
pseudocopivaleria-sonoma,mpg,https://mothphotographersgroup.msstate.edu/species.php?hodges=10017
pseudohemihyalea-edwardsii,bugguide,https://bugguide.net/node/view/34896
pseudohemihyalea-edwardsii,mpg,https://mothphotographersgroup.msstate.edu/species.php?hodges=8222
pseudohermonassa-flavotincta,bugguide,https://bugguide.net/node/view/569506
pseudohermonassa-flavotincta,mpg,https://mothphotographersgroup.msstate.edu/species.php?hodges=10952
pseudohermonassa-tenuicula,bugguide,https://bugguide.net/node/view/105123
pseudohermonassa-tenuicula,mpg,https://mothphotographersgroup.msstate.edu/species.php?hodges=10951
pseudorthodes-irrorata,bugguide,https://bugguide.net/node/view/143584
pseudorthodes-irrorata,mpg,https://mothphotographersgroup.msstate.edu/species.php?hodges=10582
pseudorthodes-puerilis,mpg,https://mothphotographersgroup.msstate.edu/species.php?hodges=10583
pseudothyatira-cymatophoroides,bugguide,https://bugguide.net/node/view/24740
pseudothyatira-cymatophoroides,mpg,https://mothphotographersgroup.msstate.edu/species.php?hodges=6237
pyrrharctia-isabella,bugguide,https://bugguide.net/node/view/539
pyrrharctia-isabella,mpg,https://mothphotographersgroup.msstate.edu/species.php?hodges=8129
pyrrhia-cilisca,bugguide,https://bugguide.net/node/view/39769
pyrrhia-cilisca,mpg,https://mothphotographersgroup.msstate.edu/species.php?hodges=11063
pyrrhia-exprimens,bugguide,https://bugguide.net/node/view/41853
pyrrhia-exprimens,mpg,https://mothphotographersgroup.msstate.edu/species.php?hodges=11064
rachiplusia-ou,bugguide,https://bugguide.net/node/view/11593
rachiplusia-ou,mpg,https://mothphotographersgroup.msstate.edu/species.php?hodges=8895
raphia-frater,bugguide,https://bugguide.net/node/view/24504
raphia-frater,mpg,https://mothphotographersgroup.msstate.edu/species.php?hodges=9193
resapamea-diluvius,mpg,https://mothphotographersgroup.msstate.edu/species.php?hodges=9391.1
resapamea-enargia,mpg,https://mothphotographersgroup.msstate.edu/species.php?hodges=9389
resapamea-innota,mpg,https://mothphotographersgroup.msstate.edu/species.php?hodges=9387
resapamea-passer,mpg,https://mothphotographersgroup.msstate.edu/species.php?hodges=9391
resapamea-venosa,mpg,https://mothphotographersgroup.msstate.edu/species.php?hodges=9388
rhabdorthodes-pattersoni,mpg,https://mothphotographersgroup.msstate.edu/species.php?hodges=10566.5
rheumaptera-hastata,bamona,https://www.butterfliesandmoths.org/species/Rheumaptera-hastata
rheumaptera-hastata,bugguide,https://bugguide.net/node/view/20181
rheumaptera-hastata,mpg,https://mothphotographersgroup.msstate.edu/species.php?hodges=7293
rhizagrotis-albalis,mpg,https://mothphotographersgroup.msstate.edu/species.php?hodges=9576
rhizagrotis-cloanthoides,mpg,https://mothphotographersgroup.msstate.edu/species.php?hodges=9575
rhizagrotis-modesta,mpg,https://mothphotographersgroup.msstate.edu/species.php?hodges=9838
rhizagrotis-stylata,mpg,https://mothphotographersgroup.msstate.edu/species.php?hodges=10176
rhyacia-clemens,bugguide,https://bugguide.net/node/view/143606
rhyacia-clemens,mpg,https://mothphotographersgroup.msstate.edu/species.php?hodges=10925.1
richia-parentalis,bugguide,https://bugguide.net/node/view/336326
richia-parentalis,mpg,https://mothphotographersgroup.msstate.edu/species.php?hodges=10882
rivula-propinqualis,bugguide,https://bugguide.net/node/view/549
rivula-propinqualis,mpg,https://mothphotographersgroup.msstate.edu/species.php?hodges=8404
schinia-acutilinea,bugguide,https://bugguide.net/node/view/228870
schinia-acutilinea,mpg,https://mothphotographersgroup.msstate.edu/species.php?hodges=11150.1
schinia-albafascia,bugguide,https://bugguide.net/node/view/129520
schinia-albafascia,mpg,https://mothphotographersgroup.msstate.edu/species.php?hodges=11181
schinia-arcigera,bugguide,https://bugguide.net/node/view/5814
schinia-arcigera,mpg,https://mothphotographersgroup.msstate.edu/species.php?hodges=11128
schinia-argentifascia,bugguide,https://bugguide.net/node/view/165258
schinia-argentifascia,mpg,https://mothphotographersgroup.msstate.edu/species.php?hodges=11180
schinia-aurantiaca,mpg,https://mothphotographersgroup.msstate.edu/species.php?hodges=11089
schinia-biundulata,mpg,https://mothphotographersgroup.msstate.edu/species.php?hodges=11157
schinia-crotchii,mpg,https://mothphotographersgroup.msstate.edu/species.php?hodges=11134.1
schinia-cumatilis,bugguide,https://bugguide.net/node/view/553491
schinia-cumatilis,mpg,https://mothphotographersgroup.msstate.edu/large_map.php?hodges=11192
schinia-deserticola,mpg,https://mothphotographersgroup.msstate.edu/species.php?hodges=11134.2
schinia-edwardsii,mpg,https://mothphotographersgroup.msstate.edu/species.php?hodges=11133
schinia-florida,bugguide,https://bugguide.net/node/view/5928
schinia-florida,mpg,https://mothphotographersgroup.msstate.edu/species.php?hodges=11164
schinia-gaurae,bugguide,https://bugguide.net/node/view/26702
schinia-gaurae,mpg,https://mothphotographersgroup.msstate.edu/species.php?hodges=11168
schinia-honesta,bugguide,https://bugguide.net/node/view/650575
schinia-honesta,mpg,https://mothphotographersgroup.msstate.edu/species.php?hodges=11102
schinia-illustra,mpg,https://mothphotographersgroup.msstate.edu/species.php?hodges=11170
schinia-intermontana,mpg,https://mothphotographersgroup.msstate.edu/species.php?hodges=11083.2
schinia-jaguarina,bugguide,https://bugguide.net/node/view/343655
schinia-jaguarina,mpg,https://mothphotographersgroup.msstate.edu/species.php?hodges=11132
schinia-luxa,bugguide,https://bugguide.net/node/view/172423
schinia-luxa,mpg,https://mothphotographersgroup.msstate.edu/species.php?hodges=11203
schinia-lynda,mpg,https://mothphotographersgroup.msstate.edu/species.php?hodges=11163.1
schinia-meadi,bugguide,https://bugguide.net/node/view/343656
schinia-meadi,mpg,https://mothphotographersgroup.msstate.edu/species.php?hodges=11175
schinia-mortua,bugguide,https://bugguide.net/node/view/369759
schinia-mortua,mpg,https://mothphotographersgroup.msstate.edu/species.php?hodges=11131
schinia-oleagina,bugguide,https://bugguide.net/node/view/564690
schinia-oleagina,mpg,https://mothphotographersgroup.msstate.edu/species.php?hodges=11148
schinia-perminuta,bugguide,https://bugguide.net/node/view/82744
schinia-perminuta,mpg,https://mothphotographersgroup.msstate.edu/species.php?hodges=11091
schinia-persimilis,bugguide,https://bugguide.net/node/view/549320
schinia-persimilis,mpg,https://mothphotographersgroup.msstate.edu/species.php?hodges=11103
schinia-rivulosa,bugguide,https://bugguide.net/node/view/3744
schinia-rivulosa,mpg,https://mothphotographersgroup.msstate.edu/species.php?hodges=11135
schinia-sexplagiata,mpg,https://mothphotographersgroup.msstate.edu/species.php?hodges=11151
schinia-suetus,bugguide,https://bugguide.net/node/view/113961
schinia-suetus,mpg,https://mothphotographersgroup.msstate.edu/species.php?hodges=11088
schinia-tertia,bugguide,https://bugguide.net/node/view/144967
schinia-tertia,mpg,https://mothphotographersgroup.msstate.edu/species.php?hodges=11179
schinia-unimacula,bugguide,https://bugguide.net/node/view/145736
schinia-unimacula,mpg,https://mothphotographersgroup.msstate.edu/species.php?hodges=11188
schinia-vacciniae,mpg,https://mothphotographersgroup.msstate.edu/species.php?hodges=11087
schinia-villosa,mpg,https://mothphotographersgroup.msstate.edu/species.php?hodges=11083
schinia-walsinghami,bugguide,https://bugguide.net/node/view/383325
schinia-walsinghami,mpg,https://mothphotographersgroup.msstate.edu/species.php?hodges=11184
schizura-ipomaeae,bugguide,https://bugguide.net/node/view/28016
schizura-ipomaeae,mpg,https://mothphotographersgroup.msstate.edu/species.php?hodges=8005
scoliopteryx-libatrix,bugguide,https://bugguide.net/node/view/9243
scoliopteryx-libatrix,mpg,https://mothphotographersgroup.msstate.edu/species.php?hodges=8555
scotogramma-fervida,mpg,https://mothphotographersgroup.msstate.edu/species.php?hodges=10239
scotogramma-harnardi,bugguide,https://bugguide.net/node/view/812235
scotogramma-harnardi,mpg,https://mothphotographersgroup.msstate.edu/species.php?hodges=10242
scotogramma-orida,mpg,https://mothphotographersgroup.msstate.edu/species.php?hodges=10248
scotogramma-ptilodonta,mpg,https://mothphotographersgroup.msstate.edu/species.php?hodges=10244
scotogramma-stretchii,mpg,https://mothphotographersgroup.msstate.edu/species.php?hodges=10241
scotogramma-submarina,mpg,https://mothphotographersgroup.msstate.edu/species.php?hodges=10238
scotogramma-yakima,mpg,https://mothphotographersgroup.msstate.edu/species.php?hodges=10247
selicanis-cinereola,bugguide,https://bugguide.net/node/view/51903
selicanis-cinereola,mpg,https://mothphotographersgroup.msstate.edu/species.php?hodges=9430
setagrotis-pallidicollis,bugguide,https://bugguide.net/node/view/220951
setagrotis-pallidicollis,mpg,https://mothphotographersgroup.msstate.edu/species.php?hodges=10975
setagrotis-radiola,mpg,https://mothphotographersgroup.msstate.edu/species.php?hodges=10976
setagrotis-vocalis,bugguide,https://bugguide.net/node/view/492983
setagrotis-vocalis,mpg,https://mothphotographersgroup.msstate.edu/species.php?hodges=10975.1
sicya-macularia,bamona,https://www.butterfliesandmoths.org/species/Sicya-macularia
sicya-macularia,bugguide,https://bugguide.net/node/view/26032
sicya-macularia,mpg,https://mothphotographersgroup.msstate.edu/species.php?hodges=6912
sicya-morsicaria,bamona,https://www.butterfliesandmoths.org/species/Sicya-morsicaria
sicya-morsicaria,bugguide,https://bugguide.net/node/view/167500
sicya-morsicaria,mpg,https://mothphotographersgroup.msstate.edu/species.php?hodges=6915
sideridis-fuscolutea,mpg,https://mothphotographersgroup.msstate.edu/species.php?hodges=10256
sideridis-maryx,bugguide,https://bugguide.net/node/view/25273
sideridis-maryx,mpg,https://mothphotographersgroup.msstate.edu/species.php?hodges=10268
sideridis-rosea,bugguide,https://bugguide.net/node/view/42010
sideridis-rosea,mpg,https://mothphotographersgroup.msstate.edu/species.php?hodges=10265
sideridis-uscripta,mpg,https://mothphotographersgroup.msstate.edu/species.php?hodges=10261
smerinthus-cerisyi,bugguide,https://bugguide.net/node/view/24880
smerinthus-cerisyi,mpg,https://mothphotographersgroup.msstate.edu/species.php?hodges=7822
smerinthus-jamaicensis,bugguide,https://bugguide.net/node/view/3707
smerinthus-jamaicensis,mpg,https://mothphotographersgroup.msstate.edu/species.php?hodges=7821
somatolophia-ectrapelaria,mpg,https://mothphotographersgroup.msstate.edu/species.php?hodges=6945
spaelotis-bicava,mpg,https://mothphotographersgroup.msstate.edu/species.php?hodges=10926.1
spaelotis-clandestina,bugguide,https://bugguide.net/node/view/76793
spaelotis-clandestina,mpg,https://mothphotographersgroup.msstate.edu/species.php?hodges=10926
spaelotis-havilae,mpg,https://mothphotographersgroup.msstate.edu/species.php?hodges=10927
spaelotis-unicava,mpg,https://mothphotographersgroup.msstate.edu/species.php?hodges=10926.2
spaelotis-velicava,mpg,https://mothphotographersgroup.msstate.edu/species.php?hodges=10927.1
spargaloma-sexpunctata,bugguide,https://bugguide.net/node/view/29497
spargaloma-sexpunctata,mpg,https://mothphotographersgroup.msstate.edu/species.php?hodges=8479
spargania-luctuata,bugguide,https://bugguide.net/node/view/501029
spargania-luctuata,mpg,https://mothphotographersgroup.msstate.edu/species.php?hodges=7313
sphinx-chersis,bugguide,https://bugguide.net/node/view/13870
sphinx-chersis,mpg,https://mothphotographersgroup.msstate.edu/species.php?hodges=7802
sphinx-dollii,bugguide,https://bugguide.net/node/view/95680
sphinx-dollii,mpg,https://mothphotographersgroup.msstate.edu/species.php?hodges=7813
sphinx-drupiferarum,bugguide,https://bugguide.net/node/view/40782
sphinx-drupiferarum,mpg,https://mothphotographersgroup.msstate.edu/species.php?hodges=7812
sphinx-luscitiosa,bugguide,https://bugguide.net/node/view/24902
sphinx-luscitiosa,mpg,https://mothphotographersgroup.msstate.edu/species.php?hodges=7811
sphinx-perelegans,bugguide,https://bugguide.net/node/view/46942
sphinx-perelegans,mpg,https://mothphotographersgroup.msstate.edu/species.php?hodges=7805
sphinx-poecila,bugguide,https://bugguide.net/node/view/41976
sphinx-poecila,mpg,https://mothphotographersgroup.msstate.edu/species.php?hodges=7810.1
sphinx-sequoiae,bugguide,https://bugguide.net/node/view/293259
sphinx-sequoiae,mpg,https://mothphotographersgroup.msstate.edu/species.php?hodges=7814
sphinx-vashti,bugguide,https://bugguide.net/node/view/117924
sphinx-vashti,mpg,https://mothphotographersgroup.msstate.edu/species.php?hodges=7803
spilosoma-congrua,bugguide,https://bugguide.net/node/view/3409
spilosoma-congrua,mpg,https://mothphotographersgroup.msstate.edu/species.php?hodges=8134
spilosoma-pteridis,bugguide,https://bugguide.net/node/view/42304
spilosoma-pteridis,mpg,https://mothphotographersgroup.msstate.edu/species.php?hodges=8139
spilosoma-vagans,bugguide,https://bugguide.net/node/view/113956
spilosoma-vagans,mpg,https://mothphotographersgroup.msstate.edu/species.php?hodges=8138
spilosoma-vestalis,bugguide,https://bugguide.net/node/view/42155
spilosoma-vestalis,mpg,https://mothphotographersgroup.msstate.edu/species.php?hodges=8135
spilosoma-virginica,bugguide,https://bugguide.net/node/view/498
spilosoma-virginica,mpg,https://mothphotographersgroup.msstate.edu/species.php?hodges=8137
spiramater-lutra,bugguide,https://bugguide.net/node/view/30229
spiramater-lutra,mpg,https://mothphotographersgroup.msstate.edu/species.php?hodges=10301
spodoptera-exigua,bugguide,https://bugguide.net/node/view/81674
spodoptera-exigua,mpg,https://mothphotographersgroup.msstate.edu/species.php?hodges=9665
spodoptera-praefica,bugguide,https://bugguide.net/node/view/78952
spodoptera-praefica,mpg,https://mothphotographersgroup.msstate.edu/species.php?hodges=9667
stamnoctenis-pearsalli,bugguide,https://bugguide.net/node/view/489538
stamnoctenis-pearsalli,mpg,https://mothphotographersgroup.msstate.edu/species.php?hodges=7357
stamnodes-topazata,bamona,https://www.butterfliesandmoths.org/species/Stamnodes-topazata
stamnodes-topazata,bugguide,https://bugguide.net/node/view/164489
stamnodes-topazata,mpg,https://mothphotographersgroup.msstate.edu/species.php?hodges=7349
stiria-rugifrons,mpg,https://mothphotographersgroup.msstate.edu/species.php?hodges=9785
stretchia-muricina,bugguide,https://bugguide.net/node/view/134890
stretchia-muricina,mpg,https://mothphotographersgroup.msstate.edu/species.php?hodges=10473
stretchia-pictipennis,bugguide,https://bugguide.net/node/view/605487
stretchia-pictipennis,mpg,https://mothphotographersgroup.msstate.edu/species.php?hodges=10472
stretchia-plusiaeformis,mpg,https://mothphotographersgroup.msstate.edu/species.php?hodges=10471
stretchia-prima,mpg,https://mothphotographersgroup.msstate.edu/species.php?hodges=10476
striacosta-albicosta,bugguide,https://bugguide.net/node/view/164685
striacosta-albicosta,mpg,https://mothphotographersgroup.msstate.edu/species.php?hodges=10878
stylopoda-groteana,mpg,https://mothphotographersgroup.msstate.edu/species.php?hodges=10165
sunira-bicolorago,bugguide,https://bugguide.net/node/view/31779
sunira-bicolorago,mpg,https://mothphotographersgroup.msstate.edu/species.php?hodges=9957
sunira-decipiens,bugguide,https://bugguide.net/node/view/365632
sunira-decipiens,mpg,https://mothphotographersgroup.msstate.edu/species.php?hodges=9958
sunira-verberata,bugguide,https://bugguide.net/node/view/244675
sunira-verberata,mpg,https://mothphotographersgroup.msstate.edu/species.php?hodges=9960
sutyna-privata,bugguide,https://bugguide.net/node/view/92609
sutyna-privata,mpg,https://mothphotographersgroup.msstate.edu/species.php?hodges=9989
sympistis-acheron,mpg,https://mothphotographersgroup.msstate.edu/species.php?hodges=10077.1
sympistis-albifasciata,mpg,https://mothphotographersgroup.msstate.edu/species.php?hodges=10076
sympistis-anweileri,mpg,https://mothphotographersgroup.msstate.edu/species.php?hodges=10055.1
sympistis-apep,mpg,https://mothphotographersgroup.msstate.edu/species.php?hodges=10164.1
sympistis-astrigata,bugguide,https://bugguide.net/node/view/907037/bgpage
sympistis-astrigata,mpg,https://mothphotographersgroup.msstate.edu/species.php?hodges=10134
sympistis-aterrima,mpg,https://mothphotographersgroup.msstate.edu/species.php?hodges=10164
sympistis-augustus,mpg,https://mothphotographersgroup.msstate.edu/species.php?hodges=10096
sympistis-badistriga,bugguide,https://bugguide.net/node/view/10626
sympistis-badistriga,mpg,https://mothphotographersgroup.msstate.edu/species.php?hodges=10059
sympistis-barnesii,bugguide,https://bugguide.net/node/view/268159
sympistis-barnesii,mpg,https://mothphotographersgroup.msstate.edu/species.php?hodges=10121
sympistis-californiae,mpg,https://mothphotographersgroup.msstate.edu/species.php?hodges=10058
sympistis-chalybdis,mpg,https://mothphotographersgroup.msstate.edu/species.php?hodges=10123.1
sympistis-chandleri,mpg,https://mothphotographersgroup.msstate.edu/species.php?hodges=10140
sympistis-cherti,mpg,https://mothphotographersgroup.msstate.edu/species.php?hodges=10118.3
sympistis-cibalis,mpg,https://mothphotographersgroup.msstate.edu/species.php?hodges=10124
sympistis-columbia,mpg,https://mothphotographersgroup.msstate.edu/species.php?hodges=10118
sympistis-coprocolor,mpg,https://mothphotographersgroup.msstate.edu/species.php?hodges=10085.1
sympistis-corusca,mpg,https://mothphotographersgroup.msstate.edu/species.php?hodges=10074
sympistis-definita,mpg,https://mothphotographersgroup.msstate.edu/species.php?hodges=10151.1
sympistis-dentata,mpg,https://mothphotographersgroup.msstate.edu/species.php?hodges=10055
sympistis-dinalda,bugguide,https://bugguide.net/node/view/386950
sympistis-dinalda,mpg,https://mothphotographersgroup.msstate.edu/species.php?hodges=10066.1
sympistis-dunbari,mpg,https://mothphotographersgroup.msstate.edu/species.php?hodges=10151
sympistis-extremis,mpg,https://mothphotographersgroup.msstate.edu/species.php?hodges=10113.5
sympistis-fifia,bugguide,https://bugguide.net/node/view/610767
sympistis-fifia,mpg,https://mothphotographersgroup.msstate.edu/species.php?hodges=10066
sympistis-figurata,mpg,https://mothphotographersgroup.msstate.edu/species.php?hodges=10130
sympistis-fortis,mpg,https://mothphotographersgroup.msstate.edu/species.php?hodges=10068
sympistis-funebris,bugguide,https://bugguide.net/node/view/310070
sympistis-funebris,mpg,https://mothphotographersgroup.msstate.edu/species.php?hodges=10162
sympistis-glennyi,mpg,https://mothphotographersgroup.msstate.edu/species.php?hodges=10083
sympistis-goedeni,mpg,https://mothphotographersgroup.msstate.edu/species.php?hodges=10095.2
sympistis-greyi,bugguide,https://bugguide.net/node/view/245951
sympistis-greyi,mpg,https://mothphotographersgroup.msstate.edu/species.php?hodges=10131.1
sympistis-hathor,mpg,https://mothphotographersgroup.msstate.edu/species.php?hodges=10104.5
sympistis-hayesi,mpg,https://mothphotographersgroup.msstate.edu/species.php?hodges=10072
sympistis-heliophila,mpg,https://mothphotographersgroup.msstate.edu/species.php?hodges=10156
sympistis-incubus,mpg,https://mothphotographersgroup.msstate.edu/species.php?hodges=10093.1
sympistis-iricolor,mpg,https://mothphotographersgroup.msstate.edu/species.php?hodges=10092
sympistis-lacticollis,mpg,https://mothphotographersgroup.msstate.edu/species.php?hodges=10126
sympistis-lapponica,mpg,https://mothphotographersgroup.msstate.edu/species.php?hodges=10157
sympistis-major,mpg,https://mothphotographersgroup.msstate.edu/species.php?hodges=10135.4
sympistis-meadiana,mpg,https://mothphotographersgroup.msstate.edu/species.php?hodges=10098
sympistis-mirificalis,mpg,https://mothphotographersgroup.msstate.edu/species.php?hodges=10069
sympistis-occata,bugguide,https://bugguide.net/node/view/486565
sympistis-occata,mpg,https://mothphotographersgroup.msstate.edu/species.php?hodges=10101
sympistis-orbicularis,mpg,https://mothphotographersgroup.msstate.edu/species.php?hodges=10040
sympistis-pallida,mpg,https://mothphotographersgroup.msstate.edu/species.php?hodges=10118.1
sympistis-pallidior,mpg,https://mothphotographersgroup.msstate.edu/species.php?hodges=10130.2
sympistis-parvacana,mpg,https://mothphotographersgroup.msstate.edu/species.php?hodges=10081.1
sympistis-parvanigra,bugguide,https://bugguide.net/node/view/143799
sympistis-parvanigra,mpg,https://mothphotographersgroup.msstate.edu/species.php?hodges=10081
sympistis-perscripta,bugguide,https://bugguide.net/node/view/104158
sympistis-perscripta,mpg,https://mothphotographersgroup.msstate.edu/species.php?hodges=10154
sympistis-poliochroa,bugguide,https://bugguide.net/node/view/484139
sympistis-poliochroa,mpg,https://mothphotographersgroup.msstate.edu/species.php?hodges=10094.4
sympistis-pudorata,mpg,https://mothphotographersgroup.msstate.edu/species.php?hodges=10079
sympistis-punctilinea,mpg,https://mothphotographersgroup.msstate.edu/species.php?hodges=10119
sympistis-ragani,mpg,https://mothphotographersgroup.msstate.edu/species.php?hodges=10132
sympistis-sagittata,mpg,https://mothphotographersgroup.msstate.edu/species.php?hodges=10142
sympistis-sandaraca,mpg,https://mothphotographersgroup.msstate.edu/species.php?hodges=10078
sympistis-satanella,mpg,https://mothphotographersgroup.msstate.edu/species.php?hodges=10122.1
sympistis-saxatilis,mpg,https://mothphotographersgroup.msstate.edu/species.php?hodges=10042.2
sympistis-semicollaris,bugguide,https://bugguide.net/node/view/144280
sympistis-semicollaris,mpg,https://mothphotographersgroup.msstate.edu/species.php?hodges=10133
sympistis-sesmu,mpg,https://mothphotographersgroup.msstate.edu/species.php?hodges=10093.4
sympistis-seth,mpg,https://mothphotographersgroup.msstate.edu/species.php?hodges=10093.3
sympistis-shirleyae,mpg,https://mothphotographersgroup.msstate.edu/species.php?hodges=10142.1
sympistis-simplex,mpg,https://mothphotographersgroup.msstate.edu/species.php?hodges=10095
sympistis-sobek,mpg,https://mothphotographersgroup.msstate.edu/species.php?hodges=10104.1
sympistis-sokar,mpg,https://mothphotographersgroup.msstate.edu/species.php?hodges=10113.2
sympistis-stabilis,bugguide,https://bugguide.net/node/view/515756
sympistis-stabilis,mpg,https://mothphotographersgroup.msstate.edu/species.php?hodges=10062
sympistis-tartarea,mpg,https://mothphotographersgroup.msstate.edu/species.php?hodges=10082.1
sympistis-tenuifascia,bugguide,https://bugguide.net/node/view/708022
sympistis-tenuifascia,mpg,https://mothphotographersgroup.msstate.edu/species.php?hodges=10080
sympistis-umbrifascia,bugguide,https://bugguide.net/node/view/143800
sympistis-umbrifascia,mpg,https://mothphotographersgroup.msstate.edu/species.php?hodges=10122
sympistis-utahensis,mpg,https://mothphotographersgroup.msstate.edu/species.php?hodges=10146
sympistis-wilsoni,mpg,https://mothphotographersgroup.msstate.edu/species.php?hodges=10158
sympistis-youngi,bugguide,https://bugguide.net/node/view/245873
sympistis-youngi,mpg,https://mothphotographersgroup.msstate.edu/species.php?hodges=10116
sympistis-zetterstedtii,mpg,https://mothphotographersgroup.msstate.edu/species.php?hodges=10159
syngrapha-abstrusa,bugguide,https://bugguide.net/node/view/70369
syngrapha-abstrusa,mpg,https://mothphotographersgroup.msstate.edu/species.php?hodges=8940
syngrapha-alias,bugguide,https://bugguide.net/node/view/143807
syngrapha-alias,mpg,https://mothphotographersgroup.msstate.edu/species.php?hodges=8939
syngrapha-alticola,mpg,https://mothphotographersgroup.msstate.edu/species.php?hodges=8947
syngrapha-angulidens,bugguide,https://bugguide.net/node/view/143806
syngrapha-angulidens,mpg,https://mothphotographersgroup.msstate.edu/species.php?hodges=8943
syngrapha-borea,mpg,https://mothphotographersgroup.msstate.edu/species.php?hodges=8934
syngrapha-celsa,bugguide,https://bugguide.net/node/view/143804
syngrapha-celsa,mpg,https://mothphotographersgroup.msstate.edu/species.php?hodges=8944
syngrapha-diasema,mpg,https://mothphotographersgroup.msstate.edu/species.php?hodges=8935
syngrapha-epigaea,bugguide,https://bugguide.net/node/view/45118
syngrapha-epigaea,mpg,https://mothphotographersgroup.msstate.edu/species.php?hodges=8927
syngrapha-ignea,bugguide,https://bugguide.net/node/view/310858
syngrapha-ignea,mpg,https://mothphotographersgroup.msstate.edu/species.php?hodges=8949
syngrapha-interrogationis,mpg,https://mothphotographersgroup.msstate.edu/species.php?hodges=8937
syngrapha-microgamma,bugguide,https://bugguide.net/node/view/99216
syngrapha-octoscripta,bugguide,https://bugguide.net/node/view/174090
syngrapha-octoscripta,mpg,https://mothphotographersgroup.msstate.edu/species.php?hodges=8926
syngrapha-orophila,bugguide,https://bugguide.net/node/view/68500
syngrapha-orophila,mpg,https://mothphotographersgroup.msstate.edu/species.php?hodges=8930
syngrapha-parilis,mpg,https://mothphotographersgroup.msstate.edu/species.php?hodges=8948
syngrapha-rectangula,bugguide,https://bugguide.net/node/view/43301
syngrapha-rectangula,mpg,https://mothphotographersgroup.msstate.edu/species.php?hodges=8942
syngrapha-surena,mpg,https://mothphotographersgroup.msstate.edu/species.php?hodges=8938
syngrapha-viridisigma,bugguide,https://bugguide.net/node/view/45119
syngrapha-viridisigma,mpg,https://mothphotographersgroup.msstate.edu/species.php?hodges=8929
tarache-acerba,mpg,https://mothphotographersgroup.msstate.edu/species.php?hodges=10269.1
tarache-areli,bugguide,https://bugguide.net/node/view/133226
tarache-areli,mpg,https://mothphotographersgroup.msstate.edu/species.php?hodges=9159
tarache-arida,mpg,https://mothphotographersgroup.msstate.edu/species.php?hodges=9150
tarache-augustipennis,bugguide,https://bugguide.net/node/view/130338
tarache-augustipennis,mpg,https://mothphotographersgroup.msstate.edu/species.php?hodges=9111
tarache-flavipennis,bugguide,https://bugguide.net/node/view/336743
tarache-flavipennis,mpg,https://mothphotographersgroup.msstate.edu/species.php?hodges=9140
tarache-knowltoni,bugguide,https://bugguide.net/node/view/592064
tarache-knowltoni,mpg,https://mothphotographersgroup.msstate.edu/species.php?hodges=9139
tarache-major,bugguide,https://bugguide.net/node/view/583055
tarache-major,mpg,https://mothphotographersgroup.msstate.edu/species.php?hodges=9152
tarache-toddi,mpg,https://mothphotographersgroup.msstate.edu/species.php?hodges=9159.1
tesagrotis-amia,mpg,https://mothphotographersgroup.msstate.edu/species.php?hodges=10978.2
tesagrotis-atrifrons,mpg,https://mothphotographersgroup.msstate.edu/species.php?hodges=10977
tesagrotis-corrodera,bugguide,https://bugguide.net/node/view/587000
tesagrotis-corrodera,mpg,https://mothphotographersgroup.msstate.edu/species.php?hodges=10978.1
tesagrotis-piscipellis,mpg,https://mothphotographersgroup.msstate.edu/species.php?hodges=10978
tetanolita-palligera,bugguide,https://bugguide.net/node/view/214099
tetanolita-palligera,mpg,https://mothphotographersgroup.msstate.edu/species.php?hodges=8367
tetracis-cervinaria,bamona,https://www.butterfliesandmoths.org/species/Tetracis-cervinaria
tetracis-cervinaria,bugguide,https://bugguide.net/node/view/41963
tetracis-cervinaria,mpg,https://mothphotographersgroup.msstate.edu/species.php?hodges=6956
tetracis-formosa,bamona,https://www.butterfliesandmoths.org/species/Tetracis-formosa
tetracis-formosa,bugguide,https://bugguide.net/node/view/166169
tetracis-formosa,mpg,https://mothphotographersgroup.msstate.edu/species.php?hodges=6958
tetracis-jubararia,bamona,https://www.butterfliesandmoths.org/species/Tetracis-jubararia
tetracis-jubararia,bugguide,https://bugguide.net/node/view/166170
tetracis-jubararia,mpg,https://mothphotographersgroup.msstate.edu/species.php?hodges=6954
tetracis-pallidata,mpg,https://mothphotographersgroup.msstate.edu/species.php?hodges=6960.1
tetracis-pallulata,bamona,https://www.butterfliesandmoths.org/species/Tetracis-pallulata
tetracis-pallulata,bugguide,https://bugguide.net/node/view/77068
tetracis-pallulata,mpg,https://mothphotographersgroup.msstate.edu/species.php?hodges=6955
tholera-americana,bugguide,https://bugguide.net/node/view/492473
tholera-americana,mpg,https://mothphotographersgroup.msstate.edu/species.php?hodges=10523
tolype-distincta,bugguide,https://bugguide.net/node/view/70151
tolype-distincta,mpg,https://mothphotographersgroup.msstate.edu/species.php?hodges=7677
tolype-laricis,bugguide,https://bugguide.net/node/view/39776
tolype-laricis,mpg,https://mothphotographersgroup.msstate.edu/species.php?hodges=7673
trichocerapoda-oblita,mpg,https://mothphotographersgroup.msstate.edu/species.php?hodges=10427
trichocerapoda-strigata,mpg,https://mothphotographersgroup.msstate.edu/species.php?hodges=10426
trichodezia-albovittata,bamona,https://www.butterfliesandmoths.org/species/Trichodezia-albovittata
trichodezia-albovittata,bugguide,https://bugguide.net/node/view/6821
trichodezia-albovittata,mpg,https://mothphotographersgroup.msstate.edu/species.php?hodges=7430
tricholita-chipeta,bugguide,https://bugguide.net/node/view/440180
tricholita-chipeta,mpg,https://mothphotographersgroup.msstate.edu/species.php?hodges=10631
trichoplusia-ni,bugguide,https://bugguide.net/node/view/24124
trichoplusia-ni,mpg,https://mothphotographersgroup.msstate.edu/species.php?hodges=8887
trichordestra-dodii,mpg,https://mothphotographersgroup.msstate.edu/species.php?hodges=10305
trichordestra-lilacina,bugguide,https://bugguide.net/node/view/30245
trichordestra-lilacina,mpg,https://mothphotographersgroup.msstate.edu/species.php?hodges=10307
trichordestra-liquida,bugguide,https://bugguide.net/node/view/143588
trichordestra-liquida,mpg,https://mothphotographersgroup.msstate.edu/species.php?hodges=10308
trichordestra-tacoma,bugguide,https://bugguide.net/node/view/156715
trichordestra-tacoma,mpg,https://mothphotographersgroup.msstate.edu/species.php?hodges=10303
tridepia-nova,mpg,https://mothphotographersgroup.msstate.edu/species.php?hodges=10253
triocnemis-saporis,bugguide,https://bugguide.net/node/view/625229
triocnemis-saporis,mpg,https://mothphotographersgroup.msstate.edu/species.php?hodges=10174
triphosa-haesitata,bamona,https://www.butterfliesandmoths.org/species/Triphosa-haesitata
triphosa-haesitata,bugguide,https://bugguide.net/node/view/15272
triphosa-haesitata,mpg,https://mothphotographersgroup.msstate.edu/species.php?hodges=7285
tristyla-alboplagiata,mpg,https://mothphotographersgroup.msstate.edu/species.php?hodges=10053
trudestra-hadeniformis,mpg,https://mothphotographersgroup.msstate.edu/species.php?hodges=10237
tyria-jacobaeae,bugguide,https://bugguide.net/node/view/3823
tyria-jacobaeae,mpg,https://mothphotographersgroup.msstate.edu/species.php?hodges=8113
tyta-luctuosa,mpg,https://mothphotographersgroup.msstate.edu/species.php?hodges=9063.1
ufeus-hulstii,mpg,https://mothphotographersgroup.msstate.edu/species.php?hodges=11052.1
ufeus-satyricus,mpg,https://mothphotographersgroup.msstate.edu/species.php?hodges=11051
ulolonche-dilecta,bugguide,https://bugguide.net/node/view/379803
ulolonche-dilecta,mpg,https://mothphotographersgroup.msstate.edu/species.php?hodges=10572
ulolonche-disticha,bugguide,https://bugguide.net/node/view/136807
ulolonche-disticha,mpg,https://mothphotographersgroup.msstate.edu/species.php?hodges=10573
ulolonche-orbiculata,bugguide,https://bugguide.net/node/view/130144
ulolonche-orbiculata,mpg,https://mothphotographersgroup.msstate.edu/species.php?hodges=10574
venusia-pearsalli,bugguide,https://bugguide.net/node/view/278082
venusia-pearsalli,mpg,https://mothphotographersgroup.msstate.edu/species.php?hodges=7429
virbia-ferruginosa,bugguide,https://bugguide.net/node/view/287918
virbia-ferruginosa,mpg,https://mothphotographersgroup.msstate.edu/species.php?hodges=8123
viridiseptis-marina,bugguide,https://bugguide.net/node/view/626296
viridiseptis-marina,mpg,https://mothphotographersgroup.msstate.edu/species.php?hodges=9403
xanthia-tatago,bugguide,https://bugguide.net/node/view/42285
xanthia-tatago,mpg,https://mothphotographersgroup.msstate.edu/species.php?hodges=9965
xestia-atrata,mpg,https://mothphotographersgroup.msstate.edu/species.php?hodges=10957
xestia-bryanti,mpg,https://mothphotographersgroup.msstate.edu/species.php?hodges=10986
xestia-c-nigrum,bugguide,https://bugguide.net/node/view/77652
xestia-c-nigrum,mpg,https://mothphotographersgroup.msstate.edu/species.php?hodges=10942
xestia-cinerascens,bugguide,https://bugguide.net/node/view/610200
xestia-cinerascens,mpg,https://mothphotographersgroup.msstate.edu/species.php?hodges=10949
xestia-fabulosa,mpg,https://mothphotographersgroup.msstate.edu/species.php?hodges=10958
xestia-finatimis,mpg,https://mothphotographersgroup.msstate.edu/species.php?hodges=10972.1
xestia-homogena,bugguide,https://bugguide.net/node/view/368402
xestia-homogena,mpg,https://mothphotographersgroup.msstate.edu/species.php?hodges=10964
xestia-imperita,bugguide,https://bugguide.net/node/view/501035
xestia-imperita,mpg,https://mothphotographersgroup.msstate.edu/species.php?hodges=10965
xestia-infimatis,bugguide,https://bugguide.net/node/view/143615
xestia-infimatis,mpg,https://mothphotographersgroup.msstate.edu/species.php?hodges=10972
xestia-intermedia,mpg,https://mothphotographersgroup.msstate.edu/species.php?hodges=10969.1
xestia-lupa,mpg,https://mothphotographersgroup.msstate.edu/species.php?hodges=10963
xestia-lyngei,mpg,https://mothphotographersgroup.msstate.edu/species.php?hodges=10986.1
xestia-maculata,mpg,https://mothphotographersgroup.msstate.edu/species.php?hodges=10981
xestia-mixta,bugguide,https://bugguide.net/node/view/516748
xestia-mixta,mpg,https://mothphotographersgroup.msstate.edu/species.php?hodges=10959.1
xestia-mustelina,bugguide,https://bugguide.net/node/view/143617
xestia-mustelina,mpg,https://mothphotographersgroup.msstate.edu/species.php?hodges=10971
xestia-normanianus,bugguide,https://bugguide.net/node/view/37187
xestia-normanianus,mpg,https://mothphotographersgroup.msstate.edu/species.php?hodges=10943
xestia-oblata,bugguide,https://bugguide.net/node/view/39468
xestia-oblata,mpg,https://mothphotographersgroup.msstate.edu/species.php?hodges=10947
xestia-okakensis,bugguide,https://bugguide.net/node/view/516947
xestia-okakensis,mpg,https://mothphotographersgroup.msstate.edu/species.php?hodges=10939
xestia-perquiritata,bugguide,https://bugguide.net/node/view/221544
xestia-perquiritata,mpg,https://mothphotographersgroup.msstate.edu/species.php?hodges=10962
xestia-plebeia,bugguide,https://bugguide.net/node/view/171292
xestia-plebeia,mpg,https://mothphotographersgroup.msstate.edu/species.php?hodges=11011
xestia-praevia,mpg,https://mothphotographersgroup.msstate.edu/species.php?hodges=10968.1
xestia-smithii,bugguide,https://bugguide.net/node/view/29859
xestia-smithii,mpg,https://mothphotographersgroup.msstate.edu/species.php?hodges=10944
xestia-speciosa,mpg,https://mothphotographersgroup.msstate.edu/species.php?hodges=10959
xestia-tecta,mpg,https://mothphotographersgroup.msstate.edu/species.php?hodges=10936
xestia-ursae,bugguide,https://bugguide.net/node/view/514860
xestia-ursae,mpg,https://mothphotographersgroup.msstate.edu/species.php?hodges=10966.1
xestia-vernilis,mpg,https://mothphotographersgroup.msstate.edu/species.php?hodges=10973
xestia-verniloides,mpg,https://mothphotographersgroup.msstate.edu/species.php?hodges=10973.1
xylena-brucei,bugguide,https://bugguide.net/node/view/413851
xylena-brucei,mpg,https://mothphotographersgroup.msstate.edu/species.php?hodges=9877
xylena-cineritia,bugguide,https://bugguide.net/node/view/45040
xylena-cineritia,mpg,https://mothphotographersgroup.msstate.edu/species.php?hodges=9876
xylena-curvimacula,bugguide,https://bugguide.net/node/view/14367
xylena-curvimacula,mpg,https://mothphotographersgroup.msstate.edu/species.php?hodges=9874
xylena-nupera,bugguide,https://bugguide.net/node/view/481910
xylena-nupera,mpg,https://mothphotographersgroup.msstate.edu/species.php?hodges=9873
xylena-thoracica,bugguide,https://bugguide.net/node/view/481911
xylena-thoracica,mpg,https://mothphotographersgroup.msstate.edu/species.php?hodges=9875
xylomoia-chagnoni,bugguide,https://bugguide.net/node/view/664054
xylomoia-chagnoni,mpg,https://mothphotographersgroup.msstate.edu/species.php?hodges=9433
xylomoia-indirecta,bugguide,https://bugguide.net/node/view/138035
xylomoia-indirecta,mpg,https://mothphotographersgroup.msstate.edu/species.php?hodges=9401
xylotype-arcadia,bugguide,https://bugguide.net/node/view/10848
xylotype-arcadia,mpg,https://mothphotographersgroup.msstate.edu/species.php?hodges=9980
zale-duplicata,bugguide,https://bugguide.net/node/view/37727
zale-duplicata,mpg,https://mothphotographersgroup.msstate.edu/species.php?hodges=8703
zale-lunata,bugguide,https://bugguide.net/node/view/4197
zale-lunata,mpg,https://mothphotographersgroup.msstate.edu/species.php?hodges=8689
zale-minerea,bugguide,https://bugguide.net/node/view/32763
zale-minerea,mpg,https://mothphotographersgroup.msstate.edu/species.php?hodges=8697
zale-rubi,bugguide,https://bugguide.net/node/view/614870
zale-rubi,mpg,https://mothphotographersgroup.msstate.edu/large_map.php?hodges=8711
zale-termina,bugguide,https://bugguide.net/node/view/593378
zale-termina,mpg,https://mothphotographersgroup.msstate.edu/species.php?hodges=8712
zanclognatha-jacchusalis,bugguide,https://bugguide.net/node/view/349863
zanclognatha-jacchusalis,mpg,https://mothphotographersgroup.msstate.edu/species.php?hodges=8354
zosteropoda-hirtipes,bugguide,https://bugguide.net/node/view/43312
zosteropoda-hirtipes,mpg,https://mothphotographersgroup.msstate.edu/species.php?hodges=10607
zotheca-tranquilla,mpg,https://mothphotographersgroup.msstate.edu/species.php?hodges=9816
